path,bytes,extension,category
artifacts\benchmark_runs\language\__pycache__\diagnose_76m_scaling_behavior_20260616.cpython-313.pyc,12786,.pyc,other
artifacts\benchmark_runs\language\__pycache__\lr_schedule_probe_trainer_20260616.cpython-313.pyc,3340,.pyc,other
artifacts\benchmark_runs\language\__pycache__\objective_loss_sweep_2080_20260614.cpython-313.pyc,40688,.pyc,other
artifacts\benchmark_runs\language\__pycache__\plot_research_curves_20260614.cpython-313.pyc,40916,.pyc,other
artifacts\benchmark_runs\language\__pycache__\sample_longseq_checkpoint.cpython-313.pyc,9928,.pyc,heavy_artifact
artifacts\benchmark_runs\language\__pycache__\sample_old_80m_same_prompts.cpython-313.pyc,9153,.pyc,other
artifacts\benchmark_runs\language\__pycache__\standalone_longseq_anchor_fresh_continue.cpython-313.pyc,33203,.pyc,other
artifacts\benchmark_runs\language\__pycache__\standalone_longseq_anchor_train.cpython-313.pyc,79036,.pyc,other
artifacts\benchmark_runs\language\architecture_breakthrough_20260617\baseline_10m_50m_factor_recall_seed13\checkpoint.pt,120125922,.pt,heavy_artifact
artifacts\benchmark_runs\language\architecture_breakthrough_20260617\baseline_10m_50m_factor_recall_seed13\checkpoint.step4922_tokens50007520.pt,120131282,.pt,heavy_artifact
artifacts\benchmark_runs\language\architecture_breakthrough_20260617\baseline_10m_50m_factor_recall_seed13\result.json,3219,.json,result_or_document
artifacts\benchmark_runs\language\architecture_breakthrough_20260617\baseline_10m_50m_factor_recall_seed13\run.log,6068,.log,result_or_document
artifacts\benchmark_runs\language\architecture_breakthrough_20260617\baseline_10m_50m_factor_recall_seed13\state.json,681,.json,result_or_document
artifacts\benchmark_runs\language\architecture_breakthrough_20260617\round1_agents.csv,425,.csv,result_or_document
artifacts\benchmark_runs\language\architecture_status_20260710\agent_tasks.csv,2031,.csv,result_or_document
artifacts\benchmark_runs\language\checkpoint_transfer_20260615\checkpoint_2xb_from_3080.pt,916641906,.pt,heavy_artifact
artifacts\benchmark_runs\language\checkpoint_transfer_20260615\upload_server.err.log,72,.log,heavy_artifact
artifacts\benchmark_runs\language\checkpoint_transfer_20260615\upload_server.out.log,136,.log,heavy_artifact
artifacts\benchmark_runs\language\checkpoint_transfer_20260615\upload_server.pid,7,.pid,heavy_artifact
artifacts\benchmark_runs\language\checkpoint_transfer_20260615\upload_token.txt,34,.txt,heavy_artifact
artifacts\benchmark_runs\language\compare_80m_160m_loss_20260603\160m_3080_hub_logs.txt,23071,.txt,result_or_document
artifacts\benchmark_runs\language\compare_80m_160m_loss_20260603\20260603-134457-2c1802.logs.txt,5790,.txt,result_or_document
artifacts\benchmark_runs\language\compare_80m_160m_loss_20260603\20260603-181136-f3f589.logs.txt,23159,.txt,result_or_document
artifacts\benchmark_runs\language\compare_80m_160m_loss_20260603\full_loss_80m_2b_vs_160m_overlay.png,71454,.png,other
artifacts\benchmark_runs\language\compare_80m_160m_loss_20260603\full_loss_80m_2b_vs_160m_side_by_side.png,88605,.png,other
artifacts\benchmark_runs\language\compare_80m_160m_loss_20260603\full_loss_80m_vs_160m.csv,2016,.csv,result_or_document
artifacts\benchmark_runs\language\diagnose_76m_scaling_behavior_20260616.py,9487,.py,source_or_command
artifacts\benchmark_runs\language\diagnostics_20260616_transfer\76m_5b_diagnostics.json,12763,.json,result_or_document
artifacts\benchmark_runs\language\diagnostics_20260616_transfer\76m_5b_diagnostics.md,9309,.md,result_or_document
artifacts\benchmark_runs\language\file_server_8790.err.log,3167,.log,result_or_document
artifacts\benchmark_runs\language\file_server_8790.log,0,.log,result_or_document
artifacts\benchmark_runs\language\file_server_8790.out.log,0,.log,result_or_document
artifacts\benchmark_runs\language\file_server_8790.pid,7,.pid,other
artifacts\benchmark_runs\language\h100_wave10_350m_fullvocab_20260616\.gitignore,85,,other
artifacts\benchmark_runs\language\h100_wave10_350m_fullvocab_20260616\README.md,2271,.md,result_or_document
artifacts\benchmark_runs\language\h100_wave10_350m_fullvocab_20260616\configs\wave10_350m_h100_fullvocab.json,1787,.json,result_or_document
artifacts\benchmark_runs\language\h100_wave10_350m_fullvocab_20260616\h100_wave10_fullvocab_train.py,24658,.py,source_or_command
artifacts\benchmark_runs\language\h100_wave10_350m_fullvocab_20260616\launch_h100_smoke.sh,1330,.sh,source_or_command
artifacts\benchmark_runs\language\h100_wave10_350m_fullvocab_20260616\launch_h100_wave10_350m_fullvocab.sh,1608,.sh,source_or_command
artifacts\benchmark_runs\language\h100_wave10_350m_fullvocab_20260616\plot_h100_metrics.py,2747,.py,source_or_command
artifacts\benchmark_runs\language\h100_wave10_350m_fullvocab_20260616\runpod_setup\current_screen_20260616.png,6344830,.png,other
artifacts\benchmark_runs\language\h100_wave10_350m_fullvocab_20260616\runpod_setup\runpod_content.png,69418,.png,other
artifacts\benchmark_runs\language\h100_wave10_350m_fullvocab_20260616\runpod_setup\runpod_crop.png,1080883,.png,other
artifacts\benchmark_runs\language\h100_wave10_350m_fullvocab_20260616\runpod_setup\screen_initial.png,6316850,.png,other
artifacts\benchmark_runs\language\h100_wave10_350m_fullvocab_20260616\runs\local_cpu_smoke\loss_full_vocab.png,38764,.png,other
artifacts\benchmark_runs\language\h100_wave10_350m_fullvocab_20260616\runs\local_cpu_smoke\metrics.csv,807,.csv,result_or_document
artifacts\benchmark_runs\language\h100_wave10_350m_fullvocab_20260616\runs\local_cpu_smoke\metrics.jsonl,1701,.jsonl,result_or_document
artifacts\benchmark_runs\language\h100_wave10_350m_fullvocab_20260616\runs\local_cpu_smoke\result.json,3523,.json,result_or_document
artifacts\benchmark_runs\language\h100_wave10_350m_fullvocab_20260616\runs\local_cpu_smoke\run_meta.json,1824,.json,result_or_document
artifacts\benchmark_runs\language\h100_wave10_350m_fullvocab_20260616\runs\local_cpu_smoke\state.json,696,.json,result_or_document
artifacts\benchmark_runs\language\h100_wave10_350m_fullvocab_20260616\runs\local_cpu_smoke\throughput.png,57210,.png,other
artifacts\benchmark_runs\language\h100_wave10_350m_fullvocab_20260616\runs\tiny_cache.pt,4138,.pt,heavy_artifact
artifacts\benchmark_runs\language\language_1p5xparams_moredata_20260327.json,17760,.json,result_or_document
artifacts\benchmark_runs\language\language_candidate_dynamic_token_basis_seed13.json,4287,.json,result_or_document
artifacts\benchmark_runs\language\language_candidate_learned_compressor_smoke.json,7193,.json,result_or_document
artifacts\benchmark_runs\language\language_candidate_local_global_memory_cheap.json,4076,.json,result_or_document
artifacts\benchmark_runs\language\language_candidate_slot_memory_cheap.json,4215,.json,result_or_document
artifacts\benchmark_runs\language\language_chunk8_token_partial_vs_partial_fair_20260328.json,2367,.json,result_or_document
artifacts\benchmark_runs\language\language_chunked_token_sweep_20260328.json,3753,.json,result_or_document
artifacts\benchmark_runs\language\language_compute_efficiency_matrix_20260328.json,22759,.json,result_or_document
artifacts\benchmark_runs\language\language_fastlearn_compare_lowdata_20260327.json,5434,.json,result_or_document
artifacts\benchmark_runs\language\language_fastlearn_compare_lowdata_v2_20260327.json,5451,.json,result_or_document
artifacts\benchmark_runs\language\language_fastlearn_compare_lowdata_v3_20260327.json,5476,.json,result_or_document
artifacts\benchmark_runs\language\language_fastlearn_compare_medium_20260327.json,7864,.json,result_or_document
artifacts\benchmark_runs\language\language_fastlearn_compare_small_20260327.json,6428,.json,result_or_document
artifacts\benchmark_runs\language\language_fastlearn_compare_small_v2_20260327.json,6424,.json,result_or_document
artifacts\benchmark_runs\language\language_fastlearn_compare_small_v3_20260327.json,6446,.json,result_or_document
artifacts\benchmark_runs\language\language_fastlearn_compare_ultralow_v2_20260327.json,4965,.json,result_or_document
artifacts\benchmark_runs\language\language_fastlearn_compare_ultralow_v3_20260327.json,4992,.json,result_or_document
artifacts\benchmark_runs\language\language_fastlearn_scaling_gpt2_20260327.json,3741,.json,result_or_document
artifacts\benchmark_runs\language\language_fastlearn_scaling_gpt2_fullseq_20260327.json,1788,.json,result_or_document
artifacts\benchmark_runs\language\language_fastlearn_scaling_gpt2_fullseq_train8_20260327.json,1785,.json,result_or_document
artifacts\benchmark_runs\language\language_fastlearn_scaling_gpt2icl_20260327.json,3744,.json,result_or_document
artifacts\benchmark_runs\language\language_fastlearn_scaling_gpt2icl_baseline_seqmetrics_20260327.json,5149,.json,result_or_document
artifacts\benchmark_runs\language\language_fastlearn_scaling_gpt2icl_fullseq_train8_20260327.json,1787,.json,result_or_document
artifacts\benchmark_runs\language\language_fastlearn_scaling_gpt2icl_hybrid_20260327.json,5145,.json,result_or_document
artifacts\benchmark_runs\language\language_fastlearn_sequence_curriculum_probe_20260327.json,11014,.json,result_or_document
artifacts\benchmark_runs\language\language_fastlearn_sequence_objective_large_20260327.json,7566,.json,result_or_document
artifacts\benchmark_runs\language\language_fastlearn_sequence_objective_probe_20260327.json,12521,.json,result_or_document
artifacts\benchmark_runs\language\language_gpu_compact_candidates_hold2seed_20260328.json,30386,.json,result_or_document
artifacts\benchmark_runs\language\language_gpu_compact_candidates_hold_20260328.json,12573,.json,result_or_document
artifacts\benchmark_runs\language\language_gpu_compact_candidates_hold_v2_20260328.json,17358,.json,result_or_document
artifacts\benchmark_runs\language\language_gpu_compact_candidates_medium_20260328.json,17527,.json,result_or_document
artifacts\benchmark_runs\language\language_gpu_compact_candidates_medium_v2_20260328.json,24268,.json,result_or_document
artifacts\benchmark_runs\language\language_gpu_compact_candidates_small_20260328.json,10404,.json,result_or_document
artifacts\benchmark_runs\language\language_gpu_compact_candidates_small_v2_20260328.json,14304,.json,result_or_document
artifacts\benchmark_runs\language\language_gpu_compact_microprofile_20260328.json,215,.json,result_or_document
artifacts\benchmark_runs\language\language_gpu_densevalue_microprofile_20260328.json,225,.json,result_or_document
artifacts\benchmark_runs\language\language_gpu_targeted_hold_20260328.json,13448,.json,result_or_document
artifacts\benchmark_runs\language\language_gpu_targeted_medium_20260328.json,10831,.json,result_or_document
artifacts\benchmark_runs\language\language_gpu_targeted_microprofile_20260328.json,333,.json,result_or_document
artifacts\benchmark_runs\language\language_gpu_targeted_small_20260328.json,16241,.json,result_or_document
artifacts\benchmark_runs\language\language_hrm_text_component_probe_synthetic_20260602.json,6200,.json,result_or_document
artifacts\benchmark_runs\language\language_longseq_anchor16_100m_loss_curve_20260602.png,101325,.png,other
artifacts\benchmark_runs\language\language_longseq_anchor16_100m_loss_curve_points_20260602.csv,1319,.csv,result_or_document
artifacts\benchmark_runs\language\language_longseq_anchor16_100m_scaling_20m_40m_20260602.csv,586,.csv,result_or_document
artifacts\benchmark_runs\language\language_longseq_anchor16_100m_scaling_20m_40m_20260602.json,1740,.json,result_or_document
artifacts\benchmark_runs\language\language_longseq_anchor16_100m_scaling_20m_40m_20260602.png,51836,.png,other
artifacts\benchmark_runs\language\language_longseq_anchor16_100m_seq10160_seed13_20260602.json,3611,.json,result_or_document
artifacts\benchmark_runs\language\language_longseq_anchor16_160m_cosine_speed_probe_20260603.json,4132,.json,result_or_document
artifacts\benchmark_runs\language\language_longseq_anchor16_20m_40m_train_loss_over_tokens_20260602.csv,13875,.csv,result_or_document
artifacts\benchmark_runs\language\language_longseq_anchor16_20m_40m_train_loss_over_tokens_20260602.png,124579,.png,other
artifacts\benchmark_runs\language\language_longseq_anchor16_40m_100m_300m_600m_train_loss_20260602.csv,80829,.csv,result_or_document
artifacts\benchmark_runs\language\language_longseq_anchor16_40m_100m_300m_600m_training_curve_20260602.png,246145,.png,other
artifacts\benchmark_runs\language\language_longseq_anchor16_40m_100m_300m_600m_val_points_20260602.csv,276,.csv,result_or_document
artifacts\benchmark_runs\language\language_longseq_anchor16_40m_100m_seq10160_seed13_20260602.json,3793,.json,result_or_document
artifacts\benchmark_runs\language\language_longseq_anchor16_40m_300m_seq10160_seed13_20260602.json,3848,.json,result_or_document
artifacts\benchmark_runs\language\language_longseq_anchor16_40m_600m_samples_20260602.txt,1864,.txt,result_or_document
artifacts\benchmark_runs\language\language_longseq_anchor16_40m_600m_seq10160_seed13_20260602.json,4023,.json,result_or_document
artifacts\benchmark_runs\language\language_longseq_anchor16_80m_2b_lr1e3_seq10160_seed13_20260603.json,7495,.json,result_or_document
artifacts\benchmark_runs\language\language_longseq_conv_mixer_0layer_20m_screen_finewebedu_seq635_24steps_20260602.json,4362,.json,result_or_document
artifacts\benchmark_runs\language\language_longseq_conv_mixer_1layer_20m_confirm_finewebedu_seq635_96steps_20260602.json,5047,.json,result_or_document
artifacts\benchmark_runs\language\language_longseq_conv_mixer_1layer_20m_screen_finewebedu_seq635_24steps_20260602.json,4361,.json,result_or_document
artifacts\benchmark_runs\language\language_longseq_conv_mixer_1layer_k31_sampled16384_full4_finewebedu_seq635_96steps_20260602.json,3523,.json,result_or_document
artifacts\benchmark_runs\language\language_longseq_conv_mixer_1layer_k3_sampled16384_full4_finewebedu_seq635_96steps_20260602.json,3524,.json,result_or_document
artifacts\benchmark_runs\language\language_longseq_conv_mixer_20m_confirm_finewebedu_seq635_96steps_20260602.json,6728,.json,result_or_document
artifacts\benchmark_runs\language\language_longseq_conv_mixer_20m_screen_finewebedu_seq635_24steps_20260602.json,5710,.json,result_or_document
artifacts\benchmark_runs\language\language_longseq_conv_mixer_2layer_20m_confirm_finewebedu_seq635_96steps_20260602.json,5048,.json,result_or_document
artifacts\benchmark_runs\language\language_longseq_conv_mixer_2layer_20m_screen_finewebedu_seq635_24steps_20260602.json,4365,.json,result_or_document
artifacts\benchmark_runs\language\language_longseq_conv_mixer_sampled_vocab16384_full2_confirm_finewebedu_seq635_96steps_20260602.json,6796,.json,result_or_document
artifacts\benchmark_runs\language\language_longseq_conv_mixer_sampled_vocab16384_full4_confirm_finewebedu_seq635_96steps_20260602.json,6794,.json,result_or_document
artifacts\benchmark_runs\language\language_longseq_conv_mixer_sampled_vocab16384_full8_confirm_finewebedu_seq635_96steps_20260602.json,6794,.json,result_or_document
artifacts\benchmark_runs\language\language_longseq_conv_mixer_sampled_vocab8192_full2_confirm_finewebedu_seq635_96steps_20260602.json,6794,.json,result_or_document
artifacts\benchmark_runs\language\language_longseq_conv_mixer_sampled_vocab_full2_confirm_finewebedu_seq635_96steps_20260602.json,6788,.json,result_or_document
artifacts\benchmark_runs\language\language_longseq_conv_mixer_sampled_vocab_full2_screen_finewebedu_seq635_24steps_20260602.json,5776,.json,result_or_document
artifacts\benchmark_runs\language\language_longseq_conv_mixer_sampled_vocab_full4_confirm_finewebedu_seq635_96steps_20260602.json,6793,.json,result_or_document
artifacts\benchmark_runs\language\language_longseq_conv_mixer_sampled_vocab_screen_finewebedu_seq635_24steps_20260602.json,7164,.json,result_or_document
artifacts\benchmark_runs\language\language_longseq_detached_replay_probe_finewebedu_seq635_20m_20260602.json,3935,.json,result_or_document
artifacts\benchmark_runs\language\language_longseq_factorized_20m_probe_finewebedu_seq635_96steps_20260602.json,4838,.json,result_or_document
artifacts\benchmark_runs\language\language_longseq_factorized_20m_rank96_probe_finewebedu_seq635_96steps_20260602.json,4848,.json,result_or_document
artifacts\benchmark_runs\language\language_longseq_factorized_heads_20m_probe_finewebedu_seq635_20260602.json,5482,.json,result_or_document
artifacts\benchmark_runs\language\language_longseq_factorized_heads_probe_finewebedu_seq635_20m_20260602.json,5349,.json,result_or_document
artifacts\benchmark_runs\language\language_longseq_hierarchical_softmax256_probe_finewebedu_seq635_20m_20260602.json,4031,.json,result_or_document
artifacts\benchmark_runs\language\language_longseq_no_replay_20m_confirm_finewebedu_seq635_96steps_20260602.json,6636,.json,result_or_document
artifacts\benchmark_runs\language\language_longseq_no_replay_20m_screen_finewebedu_seq635_24steps_20260602.json,5609,.json,result_or_document
artifacts\benchmark_runs\language\language_longseq_replay_probe_finewebedu_seq635_20m_20260602.json,5114,.json,result_or_document
artifacts\benchmark_runs\language\language_longseq_sampled_vocab16384_probe_finewebedu_seq635_20m_20260602.json,3957,.json,result_or_document
artifacts\benchmark_runs\language\language_longseq_sampled_vocab4096_full4_probe_finewebedu_seq635_20m_20260602.json,4012,.json,result_or_document
artifacts\benchmark_runs\language\language_longseq_sampled_vocab_probe_finewebedu_seq635_20m_20260602.json,3954,.json,result_or_document
artifacts\benchmark_runs\language\language_longseq_seq10160_conv_sampled16384_full4_micro_finewebedu_12steps_val8_20260602.json,5845,.json,result_or_document
artifacts\benchmark_runs\language\language_longseq_seq10160_sampled16384_anchor16_clean_seed13_val32_20260602.json,5016,.json,result_or_document
artifacts\benchmark_runs\language\language_longseq_seq10160_sampled16384_anchor16_clean_seed13_val8_20260602.json,4989,.json,result_or_document
artifacts\benchmark_runs\language\language_longseq_seq10160_sampled16384_full4_confirm_finewebedu_18steps_val8_20260602.json,4513,.json,result_or_document
artifacts\benchmark_runs\language\language_longseq_seq10160_sampled_validation_seed17_20260602.json,4768,.json,result_or_document
artifacts\benchmark_runs\language\language_longseq_seq1270_conv_sampled16384_full2_confirm_finewebedu_96steps_20260602.json,6878,.json,result_or_document
artifacts\benchmark_runs\language\language_longseq_seq1270_conv_sampled16384_full4_confirm_finewebedu_96steps_20260602.json,6879,.json,result_or_document
artifacts\benchmark_runs\language\language_longseq_seq1270_conv_sampled16384_full4_screen_finewebedu_24steps_20260602.json,5836,.json,result_or_document
artifacts\benchmark_runs\language\language_longseq_seq2540_conv_sampled16384_full4_confirm_finewebedu_96steps_20260602.json,6862,.json,result_or_document
artifacts\benchmark_runs\language\language_longseq_seq2540_conv_sampled16384_full4_screen_finewebedu_24steps_20260602.json,5847,.json,result_or_document
artifacts\benchmark_runs\language\language_longseq_seq2540_sampled16384_anchor16_clean_seed13_val64_20260602.json,4990,.json,result_or_document
artifacts\benchmark_runs\language\language_longseq_seq5080_conv_sampled16384_full4_screen_finewebedu_24steps_20260602.json,5856,.json,result_or_document
artifacts\benchmark_runs\language\language_longseq_seq5080_sampled16384_anchor_stride16_clean_seed17_20260602.json,4938,.json,result_or_document
artifacts\benchmark_runs\language\language_longseq_seq5080_sampled16384_anchor_stride16_losscheck_polluted_seed17_20260602.json,4695,.json,result_or_document
artifacts\benchmark_runs\language\language_longseq_seq5080_sampled16384_anchor_stride8_losscheck_polluted_seed17_20260602.json,4689,.json,result_or_document
artifacts\benchmark_runs\language\language_longseq_seq5080_sampled16384_every_step_fullval_seed17_20260602.json,4618,.json,result_or_document
artifacts\benchmark_runs\language\language_longseq_seq5080_sampled16384_full4_finalonly_finewebedu_24steps_val64_seed17_20260602.json,4189,.json,result_or_document
artifacts\benchmark_runs\language\language_nano_style_compare_fineweb5m_seed13_20260327.json,4432,.json,result_or_document
artifacts\benchmark_runs\language\language_nano_style_compare_fineweb5m_seed29_20260327.json,4440,.json,result_or_document
artifacts\benchmark_runs\language\language_nanochat_actual_compare_1p5x_moredata_20260327.json,21494,.json,result_or_document
artifacts\benchmark_runs\language\language_nanochat_actual_recipe_sweep_20260327.json,77093,.json,result_or_document
artifacts\benchmark_runs\language\language_nanochat_challenger_recipe_only_20260327.json,18884,.json,result_or_document
artifacts\benchmark_runs\language\language_partial_untied_100m_batch16_quick_vram_speed_20260602.json,767,.json,result_or_document
artifacts\benchmark_runs\language\language_partial_untied_100m_seq635_quick_vram_speed_20260602.json,765,.json,result_or_document
artifacts\benchmark_runs\language\language_partial_untied_50m_20260328.json,4028,.json,result_or_document
artifacts\benchmark_runs\language\language_partial_untied_50m_batch_sweep_20260602.json,1072,.json,result_or_document
artifacts\benchmark_runs\language\language_partial_untied_50m_quick_vram_speed_20260602.json,753,.json,result_or_document
artifacts\benchmark_runs\language\language_partial_untied_muon_probe_synthetic_20260602.json,4791,.json,result_or_document
artifacts\benchmark_runs\language\language_partial_untied_muon_probe_synthetic_lr0.5_20260602.json,4791,.json,result_or_document
artifacts\benchmark_runs\language\language_partial_untied_muon_probe_synthetic_lr2.0_20260602.json,4794,.json,result_or_document
artifacts\benchmark_runs\language\language_realtext_fused_adamw_dummy_20260327.json,8009,.json,result_or_document
artifacts\benchmark_runs\language\language_realtext_microbench_assoc_doubledata_20260327.json,2912,.json,result_or_document
artifacts\benchmark_runs\language\language_realtext_microbench_both_256steps_with_samples_20260327.json,6709,.json,result_or_document
artifacts\benchmark_runs\language\language_realtext_microbench_both_scaled2xparams_5xdata_20260327.json,7580,.json,result_or_document
artifacts\benchmark_runs\language\language_realtext_microbench_wikitext2_64steps_20260327.json,3838,.json,result_or_document
artifacts\benchmark_runs\language\language_realtext_microbench_wikitext2_64steps_lr1e3_20260327.json,3840,.json,result_or_document
artifacts\benchmark_runs\language\language_realtext_microbench_wikitext2_64steps_seed29_20260327.json,3838,.json,result_or_document
artifacts\benchmark_runs\language\language_realtext_smallopt_matrix_20260327.json,2743,.json,result_or_document
artifacts\benchmark_runs\language\language_realtext_speed_matrix_dummy_20260327.json,8587,.json,result_or_document
artifacts\benchmark_runs\language\language_realtext_speed_matrix_dummy_variants_20260327.json,16027,.json,result_or_document
artifacts\benchmark_runs\language\language_realtext_speed_matrix_finewebcache_20260327.json,16076,.json,result_or_document
artifacts\benchmark_runs\language\language_realtext_speed_matrix_finewebcache_64steps_20260327.json,11804,.json,result_or_document
artifacts\benchmark_runs\language\language_realtext_speed_probe_dummy_20260327.json,895,.json,result_or_document
artifacts\benchmark_runs\language\language_realtext_speed_probe_dummy_seeded_20260327.json,2300,.json,result_or_document
artifacts\benchmark_runs\language\language_recurrent_ab_factorized_cheap_20260328.json,2501,.json,result_or_document
artifacts\benchmark_runs\language\language_recurrent_ab_gated_cheap_20260328.json,2498,.json,result_or_document
artifacts\benchmark_runs\language\language_recurrent_ab_partial_cheap_20260328.json,2490,.json,result_or_document
artifacts\benchmark_runs\language\language_recurrent_ab_refined_cheap_20260328.json,2489,.json,result_or_document
artifacts\benchmark_runs\language\language_recurrent_hold_compare_long_20260328.json,3491,.json,result_or_document
artifacts\benchmark_runs\language\language_recurrent_hold_compare_long_bestcfg_20260328.json,3560,.json,result_or_document
artifacts\benchmark_runs\language\language_recurrent_memory_rewrites_cheap_20260328.json,9685,.json,result_or_document
artifacts\benchmark_runs\language\language_recurrent_memory_rewrites_hybrid_cheap_20260328.json,11536,.json,result_or_document
artifacts\benchmark_runs\language\language_recurrent_memory_rewrites_tokenmemory_cheap_20260328.json,13430,.json,result_or_document
artifacts\benchmark_runs\language\language_recurrent_nano_tricks_20260327.json,32784,.json,result_or_document
artifacts\benchmark_runs\language\language_recurrent_nano_tricks_combo_probe_20260327.json,15948,.json,result_or_document
artifacts\benchmark_runs\language\language_recurrent_nano_tricks_fair_20260327.json,34656,.json,result_or_document
artifacts\benchmark_runs\language\language_recurrent_partial_vs_champion_2xparams_2xdata_20260328.json,8707,.json,result_or_document
artifacts\benchmark_runs\language\language_recurrent_partial_vs_champion_fair_20260328.json,7904,.json,result_or_document
artifacts\benchmark_runs\language\language_recurrent_partial_vs_champion_long_20260328.json,7741,.json,result_or_document
artifacts\benchmark_runs\language\language_recurrent_seq_sweep_20260328.json,2897,.json,result_or_document
artifacts\benchmark_runs\language\language_throughput_candidates_confirm_64steps_20260327.json,14108,.json,result_or_document
artifacts\benchmark_runs\language\language_throughput_candidates_seed13_20260327.json,6442,.json,result_or_document
artifacts\benchmark_runs\language\language_throughput_candidates_seed29_20260327.json,6449,.json,result_or_document
artifacts\benchmark_runs\language\language_tripledata_candidates_vs_gpt_20260327.json,14235,.json,result_or_document
artifacts\benchmark_runs\language\local_arch_split_20260603\cache\finewebedu_train162816_val10176_seq635_gpt2.pt,693936,.pt,heavy_artifact
artifacts\benchmark_runs\language\local_arch_split_20260603\variant_results\seq635_steps48_val16_batch8_eval24_init1_seed13\partial_untied.state.json,342,.json,result_or_document
artifacts\benchmark_runs\language\local_arch_split_20260603_conv2\cache\finewebedu_train162816_val10176_seq635_gpt2.pt,693936,.pt,heavy_artifact
artifacts\benchmark_runs\language\local_arch_split_20260603_conv2\local_anchor16_conv2.json,4348,.json,result_or_document
artifacts\benchmark_runs\language\local_arch_split_20260603_conv2\variant_results\seq635_steps48_val16_batch8_eval24_init1_seed13\causal_conv_mixer_sampled_vocab_anchor16.json,3596,.json,result_or_document
artifacts\benchmark_runs\language\local_arch_split_20260603_conv2\variant_results\seq635_steps48_val16_batch8_eval24_init1_seed13\causal_conv_mixer_sampled_vocab_anchor16.state.json,608,.json,result_or_document
artifacts\benchmark_runs\language\local_arch_split_20260603_convonly\cache\finewebedu_train162816_val10176_seq635_gpt2.pt,693936,.pt,heavy_artifact
artifacts\benchmark_runs\language\local_arch_split_20260603_convonly\local_anchor8_anchor16.json,5961,.json,result_or_document
artifacts\benchmark_runs\language\local_arch_split_20260603_convonly\variant_results\seq635_steps48_val16_batch8_eval24_init1_seed13\causal_conv_mixer_sampled_vocab_anchor16.json,3643,.json,result_or_document
artifacts\benchmark_runs\language\local_arch_split_20260603_convonly\variant_results\seq635_steps48_val16_batch8_eval24_init1_seed13\causal_conv_mixer_sampled_vocab_anchor16.state.json,609,.json,result_or_document
artifacts\benchmark_runs\language\local_arch_split_20260603_convonly\variant_results\seq635_steps48_val16_batch8_eval24_init1_seed13\causal_conv_mixer_sampled_vocab_anchor8.json,3646,.json,result_or_document
artifacts\benchmark_runs\language\local_arch_split_20260603_convonly\variant_results\seq635_steps48_val16_batch8_eval24_init1_seed13\causal_conv_mixer_sampled_vocab_anchor8.state.json,608,.json,result_or_document
artifacts\benchmark_runs\language\longseq_anchor16_100m_20260602\cache\finewebedu_train100014723_val325152_seq10160_gpt2.pt,401361492,.pt,heavy_artifact
artifacts\benchmark_runs\language\longseq_anchor16_100m_20260602\variant_results\seq10160_steps9843_val32_batch1_eval999999_init0_seed13\causal_conv_mixer_sampled_vocab_anchor16.checkpoint.pt,240574890,.pt,heavy_artifact
artifacts\benchmark_runs\language\longseq_anchor16_100m_20260602\variant_results\seq10160_steps9843_val32_batch1_eval999999_init0_seed13\causal_conv_mixer_sampled_vocab_anchor16.json,2887,.json,result_or_document
artifacts\benchmark_runs\language\longseq_anchor16_100m_20260602\variant_results\seq10160_steps9843_val32_batch1_eval999999_init0_seed13\causal_conv_mixer_sampled_vocab_anchor16.state.json,753,.json,result_or_document
artifacts\benchmark_runs\language\longseq_anchor16_160m_2b_20260603\logs\train.pid,5,.pid,other
artifacts\benchmark_runs\language\longseq_anchor16_160m_2b_20260603\logs\train_stderr.log,0,.log,result_or_document
artifacts\benchmark_runs\language\longseq_anchor16_160m_2b_20260603\logs\train_stdout.log,26984,.log,result_or_document
artifacts\benchmark_runs\language\longseq_anchor16_160m_2b_20260603\variant_results\seq10160_steps196851_val32_batch1_eval9843_init1_seed13\causal_conv_mixer_sampled_vocab_anchor16.checkpoint.pt,1920392106,.pt,heavy_artifact
artifacts\benchmark_runs\language\longseq_anchor16_160m_2b_20260603\variant_results\seq10160_steps196851_val32_batch1_eval9843_init1_seed13\causal_conv_mixer_sampled_vocab_anchor16.state.json,353,.json,result_or_document
artifacts\benchmark_runs\language\longseq_anchor16_160m_2b_lr4e4_20260603\logs\train.pid,7,.pid,other
artifacts\benchmark_runs\language\longseq_anchor16_160m_2b_lr4e4_20260603\logs\train_stderr.log,3866,.log,result_or_document
artifacts\benchmark_runs\language\longseq_anchor16_160m_2b_lr4e4_20260603\logs\train_stdout.log,0,.log,result_or_document
artifacts\benchmark_runs\language\longseq_anchor16_160m_2b_lr4e4_retry2_20260603\logs\train.pid,7,.pid,other
artifacts\benchmark_runs\language\longseq_anchor16_160m_2b_lr4e4_retry2_20260603\logs\train_stderr.log,0,.log,result_or_document
artifacts\benchmark_runs\language\longseq_anchor16_160m_2b_lr4e4_retry2_20260603\logs\train_stdout.log,16168,.log,result_or_document
artifacts\benchmark_runs\language\longseq_anchor16_160m_2b_lr4e4_retry2_20260603\variant_results\seq10160_steps196851_val32_batch1_eval9843_init1_seed13\causal_conv_mixer_sampled_vocab_anchor16.checkpoint.pt,1920247978,.pt,heavy_artifact
artifacts\benchmark_runs\language\longseq_anchor16_160m_2b_lr4e4_retry2_20260603\variant_results\seq10160_steps196851_val32_batch1_eval9843_init1_seed13\causal_conv_mixer_sampled_vocab_anchor16.state.json,374,.json,result_or_document
artifacts\benchmark_runs\language\longseq_anchor16_160m_5b_fresh_after2b_20260604_samples_loss\__pycache__\make_loss_plot.cpython-313.pyc,8822,.pyc,other
artifacts\benchmark_runs\language\longseq_anchor16_160m_5b_fresh_after2b_20260604_samples_loss\loss_curve_160m_5b.png,152598,.png,other
artifacts\benchmark_runs\language\longseq_anchor16_160m_5b_fresh_after2b_20260604_samples_loss\loss_history_160m_5b.csv,3925,.csv,result_or_document
artifacts\benchmark_runs\language\longseq_anchor16_160m_5b_fresh_after2b_20260604_samples_loss\loss_history_160m_5b.json,7758,.json,result_or_document
artifacts\benchmark_runs\language\longseq_anchor16_160m_5b_fresh_after2b_20260604_samples_loss\make_loss_plot.py,4776,.py,source_or_command
artifacts\benchmark_runs\language\longseq_anchor16_160m_5b_fresh_after2b_20260604_samples_loss\samples_160m_5b.txt,2802,.txt,result_or_document
artifacts\benchmark_runs\language\longseq_anchor16_160m_5b_fresh_after2b_20260604_samples_loss\samples_160m_5b_more_1000_20260605.txt,752074,.txt,result_or_document
artifacts\benchmark_runs\language\longseq_anchor16_160m_5b_fresh_after2b_20260604_samples_loss\samples_160m_5b_more_120_20260605_after_patch.txt,72777,.txt,result_or_document
artifacts\benchmark_runs\language\longseq_anchor16_160m_5b_fresh_after2b_20260604_samples_loss\samples_160m_5b_more_24.txt,19828,.txt,result_or_document
artifacts\benchmark_runs\language\longseq_anchor16_160m_5b_fresh_after2b_20260604_samples_loss\samples_160m_5b_more_400_20260605.txt,271688,.txt,result_or_document
artifacts\benchmark_runs\language\longseq_anchor16_160m_5b_fresh_after2b_20260604_samples_loss\samples_160m_5b_more_40_20260604.txt,27951,.txt,result_or_document
artifacts\benchmark_runs\language\longseq_anchor16_160m_cosine_speed_probe_20260603\variant_results\seq10160_steps120_val1_batch1_eval999999_init0_seed13\causal_conv_mixer_sampled_vocab_anchor16.json,3376,.json,result_or_document
artifacts\benchmark_runs\language\longseq_anchor16_160m_cosine_speed_probe_20260603\variant_results\seq10160_steps120_val1_batch1_eval999999_init0_seed13\causal_conv_mixer_sampled_vocab_anchor16.state.json,630,.json,result_or_document
artifacts\benchmark_runs\language\longseq_anchor16_20m_40m_80m_train_loss_compare_20260603.png,272217,.png,other
artifacts\benchmark_runs\language\longseq_anchor16_20m_40m_80m_val_compare_20260603_side.png,112099,.png,other
artifacts\benchmark_runs\language\longseq_anchor16_40m_100m_20260602\logs\chunked_resume2_stderr.log,0,.log,result_or_document
artifacts\benchmark_runs\language\longseq_anchor16_40m_100m_20260602\logs\chunked_resume2_stdout.log,10540,.log,result_or_document
artifacts\benchmark_runs\language\longseq_anchor16_40m_100m_20260602\logs\chunked_resume_stderr.log,1828,.log,result_or_document
artifacts\benchmark_runs\language\longseq_anchor16_40m_100m_20260602\logs\chunked_resume_stdout.log,1653,.log,result_or_document
artifacts\benchmark_runs\language\longseq_anchor16_40m_100m_20260602\logs\resume_stderr.log,0,.log,result_or_document
artifacts\benchmark_runs\language\longseq_anchor16_40m_100m_20260602\logs\resume_stdout.log,855,.log,result_or_document
artifacts\benchmark_runs\language\longseq_anchor16_40m_100m_20260602\variant_results\seq10160_steps9843_val32_batch1_eval999999_init0_seed13\causal_conv_mixer_sampled_vocab_anchor16.checkpoint.pt,481359210,.pt,heavy_artifact
artifacts\benchmark_runs\language\longseq_anchor16_40m_100m_20260602\variant_results\seq10160_steps9843_val32_batch1_eval999999_init0_seed13\causal_conv_mixer_sampled_vocab_anchor16.json,3065,.json,result_or_document
artifacts\benchmark_runs\language\longseq_anchor16_40m_100m_20260602\variant_results\seq10160_steps9843_val32_batch1_eval999999_init0_seed13\causal_conv_mixer_sampled_vocab_anchor16.state.json,759,.json,result_or_document
artifacts\benchmark_runs\language\longseq_anchor16_40m_300m_20260602\cache\finewebedu_train300044169_val325152_seq10160_gpt2.pt,1201479316,.pt,heavy_artifact
artifacts\benchmark_runs\language\longseq_anchor16_40m_300m_20260602\logs\continue_200m_cpu_cache_stderr.log,0,.log,result_or_document
artifacts\benchmark_runs\language\longseq_anchor16_40m_300m_20260602\logs\continue_200m_cpu_cache_stdout.log,21859,.log,result_or_document
artifacts\benchmark_runs\language\longseq_anchor16_40m_300m_20260602\logs\continue_200m_stderr.log,139,.log,result_or_document
artifacts\benchmark_runs\language\longseq_anchor16_40m_300m_20260602\logs\continue_200m_stdout.log,7575,.log,result_or_document
artifacts\benchmark_runs\language\longseq_anchor16_40m_300m_20260602\variant_results\seq10160_steps29529_val32_batch1_eval999999_init0_seed13\causal_conv_mixer_sampled_vocab_anchor16.checkpoint.pt,481595626,.pt,heavy_artifact
artifacts\benchmark_runs\language\longseq_anchor16_40m_300m_20260602\variant_results\seq10160_steps29529_val32_batch1_eval999999_init0_seed13\causal_conv_mixer_sampled_vocab_anchor16.json,3103,.json,result_or_document
artifacts\benchmark_runs\language\longseq_anchor16_40m_300m_20260602\variant_results\seq10160_steps29529_val32_batch1_eval999999_init0_seed13\causal_conv_mixer_sampled_vocab_anchor16.state.json,765,.json,result_or_document
artifacts\benchmark_runs\language\longseq_anchor16_40m_600m_20260602\cache\finewebedu_train600088338_val325152_seq10160_gpt2.pt,2401655956,.pt,heavy_artifact
artifacts\benchmark_runs\language\longseq_anchor16_40m_600m_20260602\logs\continue_300m_cpu_cache_stderr.log,1575,.log,result_or_document
artifacts\benchmark_runs\language\longseq_anchor16_40m_600m_20260602\logs\continue_300m_cpu_cache_stdout.log,12049,.log,result_or_document
artifacts\benchmark_runs\language\longseq_anchor16_40m_600m_20260602\logs\continue_300m_view_cpu_stderr.log,0,.log,result_or_document
artifacts\benchmark_runs\language\longseq_anchor16_40m_600m_20260602\logs\continue_300m_view_cpu_stdout.log,31198,.log,result_or_document
artifacts\benchmark_runs\language\longseq_anchor16_40m_600m_20260602\variant_results\seq10160_steps59058_val32_batch1_eval999999_init0_seed13\causal_conv_mixer_sampled_vocab_anchor16.checkpoint.pt,481950250,.pt,heavy_artifact
artifacts\benchmark_runs\language\longseq_anchor16_40m_600m_20260602\variant_results\seq10160_steps59058_val32_batch1_eval999999_init0_seed13\causal_conv_mixer_sampled_vocab_anchor16.json,3266,.json,result_or_document
artifacts\benchmark_runs\language\longseq_anchor16_40m_600m_20260602\variant_results\seq10160_steps59058_val32_batch1_eval999999_init0_seed13\causal_conv_mixer_sampled_vocab_anchor16.state.json,764,.json,result_or_document
artifacts\benchmark_runs\language\longseq_anchor16_80m_2b_20260603\cache\finewebedu_train2000203011_val325152_seq10160_gpt2.pt,8002114906,.pt,heavy_artifact
artifacts\benchmark_runs\language\longseq_anchor16_80m_2b_20260603\logs\train.pid,5,.pid,other
artifacts\benchmark_runs\language\longseq_anchor16_80m_2b_20260603\logs\train_stderr.log,3329,.log,result_or_document
artifacts\benchmark_runs\language\longseq_anchor16_80m_2b_20260603\logs\train_stderr_restart.log,0,.log,result_or_document
artifacts\benchmark_runs\language\longseq_anchor16_80m_2b_20260603\logs\train_stdout.log,41051,.log,result_or_document
artifacts\benchmark_runs\language\longseq_anchor16_80m_2b_20260603\logs\train_stdout_restart.log,16252,.log,result_or_document
artifacts\benchmark_runs\language\longseq_anchor16_80m_2b_20260603\variant_results\seq10160_steps196851_val32_batch1_eval9843_init1_seed13\causal_conv_mixer_sampled_vocab_anchor16.checkpoint.pt,960246954,.pt,heavy_artifact
artifacts\benchmark_runs\language\longseq_anchor16_80m_2b_20260603\variant_results\seq10160_steps196851_val32_batch1_eval9843_init1_seed13\causal_conv_mixer_sampled_vocab_anchor16.state.json,340,.json,result_or_document
artifacts\benchmark_runs\language\longseq_anchor16_80m_2b_lr1e3_20260603\logs\train.pid,5,.pid,other
artifacts\benchmark_runs\language\longseq_anchor16_80m_2b_lr1e3_20260603\logs\train_stderr.log,0,.log,result_or_document
artifacts\benchmark_runs\language\longseq_anchor16_80m_2b_lr1e3_20260603\logs\train_stdout.log,189306,.log,result_or_document
artifacts\benchmark_runs\language\longseq_anchor16_80m_2b_lr1e3_20260603\samples_same_prompts_count16_20260605.txt,11374,.txt,result_or_document
artifacts\benchmark_runs\language\longseq_anchor16_80m_2b_lr1e3_20260603\variant_results\seq10160_steps196851_val32_batch1_eval9843_init1_seed13\causal_conv_mixer_sampled_vocab_anchor16.checkpoint.pt,962394858,.pt,heavy_artifact
artifacts\benchmark_runs\language\longseq_anchor16_80m_2b_lr1e3_20260603\variant_results\seq10160_steps196851_val32_batch1_eval9843_init1_seed13\causal_conv_mixer_sampled_vocab_anchor16.checkpoint.step118116_tokens1200058560.pt,961453970,.pt,heavy_artifact
artifacts\benchmark_runs\language\longseq_anchor16_80m_2b_lr1e3_20260603\variant_results\seq10160_steps196851_val32_batch1_eval9843_init1_seed13\causal_conv_mixer_sampled_vocab_anchor16.checkpoint.step177174_tokens1800087840.pt,962163218,.pt,heavy_artifact
artifacts\benchmark_runs\language\longseq_anchor16_80m_2b_lr1e3_20260603\variant_results\seq10160_steps196851_val32_batch1_eval9843_init1_seed13\causal_conv_mixer_sampled_vocab_anchor16.checkpoint.step59058_tokens600029280.pt,960744550,.pt,heavy_artifact
artifacts\benchmark_runs\language\longseq_anchor16_80m_2b_lr1e3_20260603\variant_results\seq10160_steps196851_val32_batch1_eval9843_init1_seed13\causal_conv_mixer_sampled_vocab_anchor16.json,6458,.json,result_or_document
artifacts\benchmark_runs\language\longseq_anchor16_80m_2b_lr1e3_20260603\variant_results\seq10160_steps196851_val32_batch1_eval9843_init1_seed13\causal_conv_mixer_sampled_vocab_anchor16.state.json,835,.json,result_or_document
artifacts\benchmark_runs\language\longseq_anchor16_80m_3b_lr1e3_continue_20260603\logs\loop_.log,0,.log,result_or_document
artifacts\benchmark_runs\language\longseq_anchor16_80m_3b_lr1e3_continue_20260603\logs\restart_20260603_145255_stderr.log,0,.log,result_or_document
artifacts\benchmark_runs\language\longseq_anchor16_80m_3b_lr1e3_continue_20260603\logs\restart_20260603_145255_stdout.log,3374,.log,result_or_document
artifacts\benchmark_runs\language\longseq_anchor16_80m_3b_lr1e3_continue_20260603\logs\resume_loop_20260603_150705.log,1169,.log,result_or_document
artifacts\benchmark_runs\language\longseq_anchor16_80m_3b_lr1e3_continue_20260603\logs\train_stderr.log,0,.log,result_or_document
artifacts\benchmark_runs\language\longseq_anchor16_80m_3b_lr1e3_continue_20260603\logs\train_stdout.log,36806,.log,result_or_document
artifacts\benchmark_runs\language\longseq_anchor16_80m_3b_lr1e3_continue_20260603\train.pid,7,.pid,other
artifacts\benchmark_runs\language\longseq_anchor16_80m_3b_lr1e3_continue_20260603\variant_results\seq10160_steps295276_val32_batch1_eval9843_init1_seed13\anchor16_2p174b_resume.pt,962637162,.pt,heavy_artifact
artifacts\benchmark_runs\language\longseq_anchor16_80m_3b_lr1e3_continue_20260603\variant_results\seq10160_steps295276_val32_batch1_eval9843_init1_seed13\anchor16_2p205b_resume.pt,962637162,.pt,heavy_artifact
artifacts\benchmark_runs\language\longseq_anchor16_80m_3b_lr1e3_continue_20260603\variant_results\seq10160_steps295276_val32_batch1_eval9843_init1_seed13\causal_conv_mixer_sampled_vocab_anchor16.checkpoint.pt,962637162,.pt,heavy_artifact
artifacts\benchmark_runs\language\longseq_anchor16_80m_3b_lr1e3_continue_20260603\variant_results\seq10160_steps295276_val32_batch1_eval9843_init1_seed13\causal_conv_mixer_sampled_vocab_anchor16.state.json,433,.json,result_or_document
artifacts\benchmark_runs\language\longseq_anchor16_80m_3b_lr1e3_continue_20260603\variant_results\seq10160_steps295276_val32_batch1_eval9843_init1_seed13\causal_conv_mixer_sampled_vocab_anchor16.state.json.seeded_from_2b.json,835,.json,result_or_document
artifacts\benchmark_runs\language\longseq_anchor16_80m_fresh1b_after2b_20260603\cache\fresh_after2b_plus_valskip_train1000106586_val325152_seq10160_gpt2.pt,4001729466,.pt,heavy_artifact
artifacts\benchmark_runs\language\longseq_anchor16_80m_fresh1b_after2b_20260603\fresh_after2b.stderr.log,181,.log,result_or_document
artifacts\benchmark_runs\language\longseq_anchor16_80m_fresh1b_after2b_20260603\fresh_after2b.stdout.log,2937,.log,result_or_document
artifacts\benchmark_runs\language\longseq_anchor16_80m_fresh1b_after2b_20260603\fresh_after2b_e_drive.stderr.log,1969,.log,result_or_document
artifacts\benchmark_runs\language\longseq_anchor16_80m_fresh1b_after2b_20260603\fresh_after2b_e_drive.stdout.log,223987,.log,result_or_document
artifacts\benchmark_runs\language\longseq_anchor16_80m_fresh1b_after2b_20260603\fresh_after2b_restartable.stderr.log,785,.log,result_or_document
artifacts\benchmark_runs\language\longseq_anchor16_80m_fresh1b_after2b_20260603\fresh_after2b_restartable.stdout.log,11085,.log,result_or_document
artifacts\benchmark_runs\language\longseq_anchor16_80m_fresh1b_after2b_20260603\language_longseq_anchor16_80m_fresh1b_after2b_seq10160_seed13_20260603.json,11048,.json,result_or_document
artifacts\benchmark_runs\language\longseq_anchor16_80m_fresh1b_after2b_20260603\logs\fresh1b_pipeline_stderr.log,181,.log,result_or_document
artifacts\benchmark_runs\language\longseq_anchor16_80m_fresh1b_after2b_20260603\logs\fresh1b_pipeline_stdout.log,15598,.log,result_or_document
artifacts\benchmark_runs\language\longseq_anchor16_80m_fresh1b_after2b_20260603\variant_results\seq10160_steps315426_val32_batch1_eval9843_init1_seed13\causal_conv_mixer_sampled_vocab_anchor16.checkpoint.pt,963819498,.pt,heavy_artifact
artifacts\benchmark_runs\language\longseq_anchor16_80m_fresh1b_after2b_20260603\variant_results\seq10160_steps315426_val32_batch1_eval9843_init1_seed13\causal_conv_mixer_sampled_vocab_anchor16.json,9769,.json,result_or_document
artifacts\benchmark_runs\language\longseq_anchor16_80m_fresh1b_after2b_20260603\variant_results\seq10160_steps315426_val32_batch1_eval9843_init1_seed13\causal_conv_mixer_sampled_vocab_anchor16.state.json,911,.json,result_or_document
artifacts\benchmark_runs\language\longseq_replay_probe_20260602\cache\finewebedu_train1300608_val162576_seq10160_gpt2.pt,5854728,.pt,heavy_artifact
artifacts\benchmark_runs\language\longseq_replay_probe_20260602\cache\finewebedu_train1300608_val81288_seq10160_gpt2.pt,5529602,.pt,heavy_artifact
artifacts\benchmark_runs\language\longseq_replay_probe_20260602\cache\finewebedu_train1300992_val162624_seq2540_gpt2.pt,5856450,.pt,heavy_artifact
artifacts\benchmark_runs\language\longseq_replay_probe_20260602\cache\finewebedu_train2601216_val325152_seq10160_gpt2.pt,11707464,.pt,heavy_artifact
artifacts\benchmark_runs\language\longseq_replay_probe_20260602\cache\finewebedu_train2601472_val325184_seq5080_gpt2.pt,11708610,.pt,heavy_artifact
artifacts\benchmark_runs\language\longseq_replay_probe_20260602\cache\finewebedu_train325632_val40704_seq635_gpt2.pt,1467312,.pt,heavy_artifact
artifacts\benchmark_runs\language\longseq_replay_probe_20260602\cache\finewebedu_train650752_val81344_seq1270_gpt2.pt,2930358,.pt,heavy_artifact
artifacts\benchmark_runs\language\longseq_replay_probe_20260602\variant_results\seq10160_steps18_val8_batch1_eval999_init0_evalsampled_vocab_seed17\causal_conv_mixer_sampled_vocab.checkpoint.pt,240455780,.pt,heavy_artifact
artifacts\benchmark_runs\language\longseq_replay_probe_20260602\variant_results\seq10160_steps18_val8_batch1_eval999_init0_evalsampled_vocab_seed17\causal_conv_mixer_sampled_vocab.json,2782,.json,result_or_document
artifacts\benchmark_runs\language\longseq_replay_probe_20260602\variant_results\seq10160_steps18_val8_batch1_eval999_init0_evalsampled_vocab_seed17\causal_conv_mixer_sampled_vocab.state.json,748,.json,result_or_document
artifacts\benchmark_runs\language\longseq_replay_probe_20260602\variant_results\seq10160_steps18_val8_batch1_eval999_init0_evalsampled_vocab_seed17\partial_untied.checkpoint.pt,239425904,.pt,heavy_artifact
artifacts\benchmark_runs\language\longseq_replay_probe_20260602\variant_results\seq10160_steps18_val8_batch1_eval999_init0_evalsampled_vocab_seed17\partial_untied.json,2728,.json,result_or_document
artifacts\benchmark_runs\language\longseq_replay_probe_20260602\variant_results\seq10160_steps18_val8_batch1_eval999_init0_evalsampled_vocab_seed17\partial_untied.state.json,696,.json,result_or_document
artifacts\benchmark_runs\language\longseq_replay_probe_20260602\variant_results\seq10160_steps18_val8_batch1_eval999_init0_seed17\causal_conv_mixer_sampled_vocab.state.json,334,.json,result_or_document
artifacts\benchmark_runs\language\longseq_replay_probe_20260602\variant_results\seq10160_steps18_val8_batch1_eval999_init0_seed17\causal_conv_mixer_sampled_vocab_full4.state.json,300,.json,result_or_document
artifacts\benchmark_runs\language\longseq_replay_probe_20260602\variant_results\seq10160_steps18_val8_batch1_eval999_init0_seed17\partial_untied.state.json,200,.json,result_or_document
artifacts\benchmark_runs\language\longseq_replay_probe_20260602\variant_results\seq5080_steps24_val64_batch1_eval999_init0_seed17\causal_conv_mixer_sampled_vocab.checkpoint.pt,240455844,.pt,heavy_artifact
artifacts\benchmark_runs\language\longseq_replay_probe_20260602\variant_results\seq5080_steps24_val64_batch1_eval999_init0_seed17\causal_conv_mixer_sampled_vocab.json,2757,.json,result_or_document
artifacts\benchmark_runs\language\longseq_replay_probe_20260602\variant_results\seq5080_steps24_val64_batch1_eval999_init0_seed17\causal_conv_mixer_sampled_vocab.state.json,704,.json,result_or_document
artifacts\benchmark_runs\language\longseq_replay_probe_20260602\variant_results\seq5080_steps24_val64_batch1_eval999_init0_seed17\causal_conv_mixer_sampled_vocab_anchor.checkpoint.pt,240456702,.pt,heavy_artifact
artifacts\benchmark_runs\language\longseq_replay_probe_20260602\variant_results\seq5080_steps24_val64_batch1_eval999_init0_seed17\causal_conv_mixer_sampled_vocab_anchor.json,2818,.json,result_or_document
artifacts\benchmark_runs\language\longseq_replay_probe_20260602\variant_results\seq5080_steps24_val64_batch1_eval999_init0_seed17\causal_conv_mixer_sampled_vocab_anchor.state.json,724,.json,result_or_document
artifacts\benchmark_runs\language\longseq_replay_probe_20260602\variant_results\seq5080_steps24_val64_batch1_eval999_init0_seed17\causal_conv_mixer_sampled_vocab_anchor16.checkpoint.pt,240456938,.pt,heavy_artifact
artifacts\benchmark_runs\language\longseq_replay_probe_20260602\variant_results\seq5080_steps24_val64_batch1_eval999_init0_seed17\causal_conv_mixer_sampled_vocab_anchor16.json,2824,.json,result_or_document
artifacts\benchmark_runs\language\longseq_replay_probe_20260602\variant_results\seq5080_steps24_val64_batch1_eval999_init0_seed17\causal_conv_mixer_sampled_vocab_anchor16.state.json,732,.json,result_or_document
artifacts\benchmark_runs\language\longseq_replay_probe_20260602\variant_results\seq5080_steps24_val64_batch1_eval999_init0_seed17\causal_conv_mixer_sampled_vocab_full4.json,2545,.json,result_or_document
artifacts\benchmark_runs\language\longseq_replay_probe_20260602\variant_results\seq5080_steps24_val64_batch1_eval999_init0_seed17\causal_conv_mixer_sampled_vocab_full4.state.json,473,.json,result_or_document
artifacts\benchmark_runs\language\longseq_replay_probe_20260602\variant_results\seq5080_steps24_val64_batch1_eval999_init0_seed17\partial_untied.json,2487,.json,result_or_document
artifacts\benchmark_runs\language\longseq_replay_probe_20260602\variant_results\seq5080_steps24_val64_batch1_eval999_init0_seed17\partial_untied.state.json,426,.json,result_or_document
artifacts\benchmark_runs\language\longseq_replay_probe_20260602_anchor16_clean\variant_results\seq5080_steps24_val64_batch1_eval999_init0_seed17\causal_conv_mixer_sampled_vocab_anchor16.checkpoint.pt,240456938,.pt,heavy_artifact
artifacts\benchmark_runs\language\longseq_replay_probe_20260602_anchor16_clean\variant_results\seq5080_steps24_val64_batch1_eval999_init0_seed17\causal_conv_mixer_sampled_vocab_anchor16.json,2961,.json,result_or_document
artifacts\benchmark_runs\language\longseq_replay_probe_20260602_anchor16_clean\variant_results\seq5080_steps24_val64_batch1_eval999_init0_seed17\causal_conv_mixer_sampled_vocab_anchor16.state.json,762,.json,result_or_document
artifacts\benchmark_runs\language\longseq_replay_probe_20260602_anchor16_clean\variant_results\seq5080_steps24_val64_batch1_eval999_init0_seed17\partial_untied.checkpoint.pt,239425840,.pt,heavy_artifact
artifacts\benchmark_runs\language\longseq_replay_probe_20260602_anchor16_clean\variant_results\seq5080_steps24_val64_batch1_eval999_init0_seed17\partial_untied.json,2891,.json,result_or_document
artifacts\benchmark_runs\language\longseq_replay_probe_20260602_anchor16_clean\variant_results\seq5080_steps24_val64_batch1_eval999_init0_seed17\partial_untied.state.json,681,.json,result_or_document
artifacts\benchmark_runs\language\longseq_replay_probe_20260602_anchor16_seq10160_clean\variant_results\seq10160_steps18_val8_batch1_eval999_init0_seed13\causal_conv_mixer_sampled_vocab_anchor16.checkpoint.pt,240456874,.pt,heavy_artifact
artifacts\benchmark_runs\language\longseq_replay_probe_20260602_anchor16_seq10160_clean\variant_results\seq10160_steps18_val8_batch1_eval999_init0_seed13\causal_conv_mixer_sampled_vocab_anchor16.json,3011,.json,result_or_document
artifacts\benchmark_runs\language\longseq_replay_probe_20260602_anchor16_seq10160_clean\variant_results\seq10160_steps18_val8_batch1_eval999_init0_seed13\causal_conv_mixer_sampled_vocab_anchor16.state.json,779,.json,result_or_document
artifacts\benchmark_runs\language\longseq_replay_probe_20260602_anchor16_seq10160_clean\variant_results\seq10160_steps18_val8_batch1_eval999_init0_seed13\partial_untied.checkpoint.pt,239425840,.pt,heavy_artifact
artifacts\benchmark_runs\language\longseq_replay_probe_20260602_anchor16_seq10160_clean\variant_results\seq10160_steps18_val8_batch1_eval999_init0_seed13\partial_untied.json,2938,.json,result_or_document
artifacts\benchmark_runs\language\longseq_replay_probe_20260602_anchor16_seq10160_clean\variant_results\seq10160_steps18_val8_batch1_eval999_init0_seed13\partial_untied.state.json,697,.json,result_or_document
artifacts\benchmark_runs\language\longseq_replay_probe_20260602_anchor16_seq10160_val32_clean\variant_results\seq10160_steps18_val32_batch1_eval999_init0_seed13\causal_conv_mixer_sampled_vocab_anchor16.checkpoint.pt,240456874,.pt,heavy_artifact
artifacts\benchmark_runs\language\longseq_replay_probe_20260602_anchor16_seq10160_val32_clean\variant_results\seq10160_steps18_val32_batch1_eval999_init0_seed13\causal_conv_mixer_sampled_vocab_anchor16.json,3020,.json,result_or_document
artifacts\benchmark_runs\language\longseq_replay_probe_20260602_anchor16_seq10160_val32_clean\variant_results\seq10160_steps18_val32_batch1_eval999_init0_seed13\causal_conv_mixer_sampled_vocab_anchor16.state.json,794,.json,result_or_document
artifacts\benchmark_runs\language\longseq_replay_probe_20260602_anchor16_seq10160_val32_clean\variant_results\seq10160_steps18_val32_batch1_eval999_init0_seed13\partial_untied.checkpoint.pt,239425840,.pt,heavy_artifact
artifacts\benchmark_runs\language\longseq_replay_probe_20260602_anchor16_seq10160_val32_clean\variant_results\seq10160_steps18_val32_batch1_eval999_init0_seed13\partial_untied.json,2953,.json,result_or_document
artifacts\benchmark_runs\language\longseq_replay_probe_20260602_anchor16_seq10160_val32_clean\variant_results\seq10160_steps18_val32_batch1_eval999_init0_seed13\partial_untied.state.json,715,.json,result_or_document
artifacts\benchmark_runs\language\longseq_replay_probe_20260602_anchor16_seq2540_clean\variant_results\seq2540_steps24_val64_batch1_eval999_init0_seed13\causal_conv_mixer_sampled_vocab_anchor16.checkpoint.pt,240456938,.pt,heavy_artifact
artifacts\benchmark_runs\language\longseq_replay_probe_20260602_anchor16_seq2540_clean\variant_results\seq2540_steps24_val64_batch1_eval999_init0_seed13\causal_conv_mixer_sampled_vocab_anchor16.json,3005,.json,result_or_document
artifacts\benchmark_runs\language\longseq_replay_probe_20260602_anchor16_seq2540_clean\variant_results\seq2540_steps24_val64_batch1_eval999_init0_seed13\causal_conv_mixer_sampled_vocab_anchor16.state.json,773,.json,result_or_document
artifacts\benchmark_runs\language\longseq_replay_probe_20260602_anchor16_seq2540_clean\variant_results\seq2540_steps24_val64_batch1_eval999_init0_seed13\partial_untied.checkpoint.pt,239425840,.pt,heavy_artifact
artifacts\benchmark_runs\language\longseq_replay_probe_20260602_anchor16_seq2540_clean\variant_results\seq2540_steps24_val64_batch1_eval999_init0_seed13\partial_untied.json,2942,.json,result_or_document
artifacts\benchmark_runs\language\longseq_replay_probe_20260602_anchor16_seq2540_clean\variant_results\seq2540_steps24_val64_batch1_eval999_init0_seed13\partial_untied.state.json,698,.json,result_or_document
artifacts\benchmark_runs\language\longseq_scaling_goal_progress_20260603.csv,150049,.csv,result_or_document
artifacts\benchmark_runs\language\longseq_scaling_goal_watcher_20260603.log,182054,.log,result_or_document
artifacts\benchmark_runs\language\longseq_scaling_goal_watcher_20260603.pid,7,.pid,other
artifacts\benchmark_runs\language\longseq_scaling_goal_watcher_20260603.state.json,1029,.json,result_or_document
artifacts\benchmark_runs\language\longseq_scaling_goal_watcher_20260603.stderr.log,344,.log,result_or_document
artifacts\benchmark_runs\language\longseq_scaling_goal_watcher_20260603.stderr2.log,344,.log,result_or_document
artifacts\benchmark_runs\language\longseq_scaling_goal_watcher_20260603.stderr3.log,0,.log,result_or_document
artifacts\benchmark_runs\language\longseq_scaling_goal_watcher_20260603.stderr4.log,0,.log,result_or_document
artifacts\benchmark_runs\language\longseq_scaling_goal_watcher_20260603.stderr5.log,0,.log,result_or_document
artifacts\benchmark_runs\language\longseq_scaling_goal_watcher_20260603.stdout.log,3440,.log,result_or_document
artifacts\benchmark_runs\language\longseq_scaling_goal_watcher_20260603.stdout2.log,1236,.log,result_or_document
artifacts\benchmark_runs\language\longseq_scaling_goal_watcher_20260603.stdout3.log,3141,.log,result_or_document
artifacts\benchmark_runs\language\longseq_scaling_goal_watcher_20260603.stdout4.log,980,.log,result_or_document
artifacts\benchmark_runs\language\longseq_scaling_goal_watcher_20260603.stdout5.log,173257,.log,result_or_document
artifacts\benchmark_runs\language\lr_probe_20260616_100m_results.csv,1436,.csv,result_or_document
artifacts\benchmark_runs\language\lr_probe_20260616_100m_summary.md,4264,.md,result_or_document
artifacts\benchmark_runs\language\lr_probe_20260616_100m_val_loss.png,115686,.png,other
artifacts\benchmark_runs\language\lr_schedule_probe_trainer_20260616.py,2325,.py,source_or_command
artifacts\benchmark_runs\language\lz_sketch_search_20260615\3080_all_short_loss_speed_20260615.png,120771,.png,other
artifacts\benchmark_runs\language\lz_sketch_search_20260615\3080_all_short_summary_from_hub_20260615.csv,1517,.csv,result_or_document
artifacts\benchmark_runs\language\lz_sketch_search_20260615\3080_all_short_summary_from_hub_20260615.json,4165,.json,result_or_document
artifacts\benchmark_runs\language\lz_sketch_search_20260615\3080_all_short_summary_from_hub_20260615.md,1470,.md,result_or_document
artifacts\benchmark_runs\language\lz_sketch_search_20260615\__pycache__\lz_sketch_runner.cpython-313.pyc,42572,.pyc,other
artifacts\benchmark_runs\language\lz_sketch_search_20260615\local_cpu_smoke\smoke_baseline\result.json,1915,.json,result_or_document
artifacts\benchmark_runs\language\lz_sketch_search_20260615\local_cpu_smoke\smoke_baseline\state.json,1941,.json,result_or_document
artifacts\benchmark_runs\language\lz_sketch_search_20260615\local_cpu_smoke\smoke_lz_o0_1_2_4\result.json,1963,.json,result_or_document
artifacts\benchmark_runs\language\lz_sketch_search_20260615\local_cpu_smoke\smoke_lz_o0_1_2_4\state.json,1989,.json,result_or_document
artifacts\benchmark_runs\language\lz_sketch_search_20260615\local_cpu_smoke\summary.csv,451,.csv,result_or_document
artifacts\benchmark_runs\language\lz_sketch_search_20260615\local_cpu_smoke\summary.json,1678,.json,result_or_document
artifacts\benchmark_runs\language\lz_sketch_search_20260615\lz_sketch_runner.py,29190,.py,source_or_command
artifacts\benchmark_runs\language\neuron_design_agents_20260605\agent_rows.csv,2256,.csv,result_or_document
artifacts\benchmark_runs\language\neuron_search_20260605\agent01_memory_coupling\__pycache__\standalone_longseq_anchor_train_memory_coupling.cpython-313.pyc,89863,.pyc,other
artifacts\benchmark_runs\language\neuron_search_20260605\agent01_memory_coupling\agent01_result.json,3711,.json,result_or_document
artifacts\benchmark_runs\language\neuron_search_20260605\agent01_memory_coupling\baseline\screen64_seed13.log,1828,.log,result_or_document
artifacts\benchmark_runs\language\neuron_search_20260605\agent01_memory_coupling\baseline\screen64_seed13\checkpoint.pt,183071726,.pt,heavy_artifact
artifacts\benchmark_runs\language\neuron_search_20260605\agent01_memory_coupling\baseline\screen64_seed13\result.json,2029,.json,result_or_document
artifacts\benchmark_runs\language\neuron_search_20260605\agent01_memory_coupling\baseline\screen64_seed13\state.json,671,.json,result_or_document
artifacts\benchmark_runs\language\neuron_search_20260605\agent01_memory_coupling\candidate_v1\screen64_seed13.log,1820,.log,result_or_document
artifacts\benchmark_runs\language\neuron_search_20260605\agent01_memory_coupling\candidate_v1\screen64_seed13\checkpoint.pt,183163822,.pt,heavy_artifact
artifacts\benchmark_runs\language\neuron_search_20260605\agent01_memory_coupling\candidate_v1\screen64_seed13\result.json,2050,.json,result_or_document
artifacts\benchmark_runs\language\neuron_search_20260605\agent01_memory_coupling\candidate_v1\screen64_seed13\state.json,673,.json,result_or_document
artifacts\benchmark_runs\language\neuron_search_20260605\agent01_memory_coupling\candidate_v2\screen64_seed13.log,1824,.log,result_or_document
artifacts\benchmark_runs\language\neuron_search_20260605\agent01_memory_coupling\candidate_v2\screen64_seed13\checkpoint.pt,183077742,.pt,heavy_artifact
artifacts\benchmark_runs\language\neuron_search_20260605\agent01_memory_coupling\candidate_v2\screen64_seed13\result.json,2043,.json,result_or_document
artifacts\benchmark_runs\language\neuron_search_20260605\agent01_memory_coupling\candidate_v2\screen64_seed13\state.json,674,.json,result_or_document
artifacts\benchmark_runs\language\neuron_search_20260605\agent01_memory_coupling\commands_used.txt,6733,.txt,result_or_document
artifacts\benchmark_runs\language\neuron_search_20260605\agent01_memory_coupling\round2\__pycache__\agent01_memory_coupling_trainer.cpython-313.pyc,83645,.pyc,other
artifacts\benchmark_runs\language\neuron_search_20260605\agent01_memory_coupling\round2\__pycache__\smoke_param_test.cpython-313.pyc,4916,.pyc,other
artifacts\benchmark_runs\language\neuron_search_20260605\agent01_memory_coupling\round2\agent01_memory_coupling_trainer.py,55218,.py,source_or_command
artifacts\benchmark_runs\language\neuron_search_20260605\agent01_memory_coupling\round2\baseline_screen.log,1550,.log,result_or_document
artifacts\benchmark_runs\language\neuron_search_20260605\agent01_memory_coupling\round2\baseline_screen\checkpoint.pt,89076078,.pt,heavy_artifact
artifacts\benchmark_runs\language\neuron_search_20260605\agent01_memory_coupling\round2\baseline_screen\result.json,1760,.json,result_or_document
artifacts\benchmark_runs\language\neuron_search_20260605\agent01_memory_coupling\round2\baseline_screen\state.json,413,.json,result_or_document
artifacts\benchmark_runs\language\neuron_search_20260605\agent01_memory_coupling\round2\candidate_screen.log,1556,.log,result_or_document
artifacts\benchmark_runs\language\neuron_search_20260605\agent01_memory_coupling\round2\candidate_screen\checkpoint.pt,89155614,.pt,heavy_artifact
artifacts\benchmark_runs\language\neuron_search_20260605\agent01_memory_coupling\round2\candidate_screen\result.json,1763,.json,result_or_document
artifacts\benchmark_runs\language\neuron_search_20260605\agent01_memory_coupling\round2\candidate_screen\state.json,416,.json,result_or_document
artifacts\benchmark_runs\language\neuron_search_20260605\agent01_memory_coupling\round2\commands.txt,1754,.txt,result_or_document
artifacts\benchmark_runs\language\neuron_search_20260605\agent01_memory_coupling\round2\smoke_param_test.json,515,.json,result_or_document
artifacts\benchmark_runs\language\neuron_search_20260605\agent01_memory_coupling\round2\smoke_param_test.log,1036,.log,result_or_document
artifacts\benchmark_runs\language\neuron_search_20260605\agent01_memory_coupling\round2\smoke_param_test.py,2402,.py,source_or_command
artifacts\benchmark_runs\language\neuron_search_20260605\agent01_memory_coupling\round2\writeup.md,1790,.md,result_or_document
artifacts\benchmark_runs\language\neuron_search_20260605\agent01_memory_coupling\standalone_longseq_anchor_train_memory_coupling.py,58899,.py,source_or_command
artifacts\benchmark_runs\language\neuron_search_20260605\agent01_memory_coupling\tests\__pycache__\smoke_grad_param.cpython-313.pyc,6484,.pyc,other
artifacts\benchmark_runs\language\neuron_search_20260605\agent01_memory_coupling\tests\py_compile.log,0,.log,result_or_document
artifacts\benchmark_runs\language\neuron_search_20260605\agent01_memory_coupling\tests\py_compile_after_sequence_length.log,0,.log,result_or_document
artifacts\benchmark_runs\language\neuron_search_20260605\agent01_memory_coupling\tests\py_compile_after_v2.log,0,.log,result_or_document
artifacts\benchmark_runs\language\neuron_search_20260605\agent01_memory_coupling\tests\smoke_grad_param.log,1930,.log,result_or_document
artifacts\benchmark_runs\language\neuron_search_20260605\agent01_memory_coupling\tests\smoke_grad_param.py,3787,.py,source_or_command
artifacts\benchmark_runs\language\neuron_search_20260605\agent01_memory_coupling\tests\smoke_grad_param_after_v2.log,2612,.log,result_or_document
artifacts\benchmark_runs\language\neuron_search_20260605\agent01_memory_coupling\tests\smoke_grad_param_result.json,1639,.json,result_or_document
artifacts\benchmark_runs\language\neuron_search_20260605\agent01_memory_coupling\writeup.md,4212,.md,result_or_document
artifacts\benchmark_runs\language\neuron_search_20260605\agent02_conv_conditioned\__pycache__\smoke_grad_params.cpython-313.pyc,6877,.pyc,other
artifacts\benchmark_runs\language\neuron_search_20260605\agent02_conv_conditioned\__pycache__\standalone_longseq_anchor_train_conv_conditioned.cpython-313.pyc,88077,.pyc,other
artifacts\benchmark_runs\language\neuron_search_20260605\agent02_conv_conditioned\baseline\checkpoint.pt,183071662,.pt,heavy_artifact
artifacts\benchmark_runs\language\neuron_search_20260605\agent02_conv_conditioned\baseline\result.json,1973,.json,result_or_document
artifacts\benchmark_runs\language\neuron_search_20260605\agent02_conv_conditioned\baseline\screen.log,1744,.log,result_or_document
artifacts\benchmark_runs\language\neuron_search_20260605\agent02_conv_conditioned\baseline\state.json,615,.json,result_or_document
artifacts\benchmark_runs\language\neuron_search_20260605\agent02_conv_conditioned\candidate_v1\checkpoint.pt,183852910,.pt,heavy_artifact
artifacts\benchmark_runs\language\neuron_search_20260605\agent02_conv_conditioned\candidate_v1\result.json,2004,.json,result_or_document
artifacts\benchmark_runs\language\neuron_search_20260605\agent02_conv_conditioned\candidate_v1\screen.log,1760,.log,result_or_document
artifacts\benchmark_runs\language\neuron_search_20260605\agent02_conv_conditioned\candidate_v1\state.json,627,.json,result_or_document
artifacts\benchmark_runs\language\neuron_search_20260605\agent02_conv_conditioned\candidate_v2\checkpoint.pt,183548782,.pt,heavy_artifact
artifacts\benchmark_runs\language\neuron_search_20260605\agent02_conv_conditioned\candidate_v2\result.json,2013,.json,result_or_document
artifacts\benchmark_runs\language\neuron_search_20260605\agent02_conv_conditioned\candidate_v2\screen.log,1780,.log,result_or_document
artifacts\benchmark_runs\language\neuron_search_20260605\agent02_conv_conditioned\candidate_v2\state.json,637,.json,result_or_document
artifacts\benchmark_runs\language\neuron_search_20260605\agent02_conv_conditioned\commands.md,5361,.md,result_or_document
artifacts\benchmark_runs\language\neuron_search_20260605\agent02_conv_conditioned\round2\__pycache__\agent02_conv_conditioned_trainer.cpython-313.pyc,82464,.pyc,other
artifacts\benchmark_runs\language\neuron_search_20260605\agent02_conv_conditioned\round2\agent02_conv_conditioned_trainer.py,54455,.py,source_or_command
artifacts\benchmark_runs\language\neuron_search_20260605\agent02_conv_conditioned\round2\baseline_screen.log,1820,.log,result_or_document
artifacts\benchmark_runs\language\neuron_search_20260605\agent02_conv_conditioned\round2\baseline_screen\checkpoint.pt,89076206,.pt,heavy_artifact
artifacts\benchmark_runs\language\neuron_search_20260605\agent02_conv_conditioned\round2\baseline_screen\result.json,2021,.json,result_or_document
artifacts\benchmark_runs\language\neuron_search_20260605\agent02_conv_conditioned\round2\baseline_screen\state.json,674,.json,result_or_document
artifacts\benchmark_runs\language\neuron_search_20260605\agent02_conv_conditioned\round2\candidate_screen.log,1802,.log,result_or_document
artifacts\benchmark_runs\language\neuron_search_20260605\agent02_conv_conditioned\round2\candidate_screen\checkpoint.pt,89523150,.pt,heavy_artifact
artifacts\benchmark_runs\language\neuron_search_20260605\agent02_conv_conditioned\round2\candidate_screen\result.json,2014,.json,result_or_document
artifacts\benchmark_runs\language\neuron_search_20260605\agent02_conv_conditioned\round2\candidate_screen\state.json,665,.json,result_or_document
artifacts\benchmark_runs\language\neuron_search_20260605\agent02_conv_conditioned\round2\commands.txt,1990,.txt,result_or_document
artifacts\benchmark_runs\language\neuron_search_20260605\agent02_conv_conditioned\round2\commands_extra.txt,432,.txt,result_or_document
artifacts\benchmark_runs\language\neuron_search_20260605\agent02_conv_conditioned\round2\gradient_param_check.json,205,.json,result_or_document
artifacts\benchmark_runs\language\neuron_search_20260605\agent02_conv_conditioned\round2\writeup.md,1926,.md,result_or_document
artifacts\benchmark_runs\language\neuron_search_20260605\agent02_conv_conditioned\smoke_grad_params.json,1552,.json,result_or_document
artifacts\benchmark_runs\language\neuron_search_20260605\agent02_conv_conditioned\smoke_grad_params.log,2618,.log,result_or_document
artifacts\benchmark_runs\language\neuron_search_20260605\agent02_conv_conditioned\smoke_grad_params.py,4438,.py,source_or_command
artifacts\benchmark_runs\language\neuron_search_20260605\agent02_conv_conditioned\standalone_longseq_anchor_train_conv_conditioned.py,58082,.py,source_or_command
artifacts\benchmark_runs\language\neuron_search_20260605\agent02_conv_conditioned\writeup.md,3694,.md,result_or_document
artifacts\benchmark_runs\language\neuron_search_20260605\agent03_adaptive_basis\__pycache__\adaptive_basis_train.cpython-313.pyc,88073,.pyc,other
artifacts\benchmark_runs\language\neuron_search_20260605\agent03_adaptive_basis\__pycache__\smoke_grad_params.cpython-313.pyc,8311,.pyc,other
artifacts\benchmark_runs\language\neuron_search_20260605\agent03_adaptive_basis\adaptive_basis_train.py,57983,.py,source_or_command
artifacts\benchmark_runs\language\neuron_search_20260605\agent03_adaptive_basis\agent03_result.json,6748,.json,result_or_document
artifacts\benchmark_runs\language\neuron_search_20260605\agent03_adaptive_basis\baseline\checkpoint.pt,183071726,.pt,heavy_artifact
artifacts\benchmark_runs\language\neuron_search_20260605\agent03_adaptive_basis\baseline\result.json,1989,.json,result_or_document
artifacts\benchmark_runs\language\neuron_search_20260605\agent03_adaptive_basis\baseline\run.log,1780,.log,result_or_document
artifacts\benchmark_runs\language\neuron_search_20260605\agent03_adaptive_basis\baseline\state.json,632,.json,result_or_document
artifacts\benchmark_runs\language\neuron_search_20260605\agent03_adaptive_basis\candidate_v1\checkpoint.pt,183202414,.pt,heavy_artifact
artifacts\benchmark_runs\language\neuron_search_20260605\agent03_adaptive_basis\candidate_v1\result.json,2000,.json,result_or_document
artifacts\benchmark_runs\language\neuron_search_20260605\agent03_adaptive_basis\candidate_v1\run.log,1766,.log,result_or_document
artifacts\benchmark_runs\language\neuron_search_20260605\agent03_adaptive_basis\candidate_v1\state.json,628,.json,result_or_document
artifacts\benchmark_runs\language\neuron_search_20260605\agent03_adaptive_basis\candidate_v2\checkpoint.pt,183150126,.pt,heavy_artifact
artifacts\benchmark_runs\language\neuron_search_20260605\agent03_adaptive_basis\candidate_v2\result.json,2010,.json,result_or_document
artifacts\benchmark_runs\language\neuron_search_20260605\agent03_adaptive_basis\candidate_v2\run.log,1778,.log,result_or_document
artifacts\benchmark_runs\language\neuron_search_20260605\agent03_adaptive_basis\candidate_v2\state.json,633,.json,result_or_document
artifacts\benchmark_runs\language\neuron_search_20260605\agent03_adaptive_basis\commands.md,4690,.md,result_or_document
artifacts\benchmark_runs\language\neuron_search_20260605\agent03_adaptive_basis\smoke_grad_params.json,1449,.json,result_or_document
artifacts\benchmark_runs\language\neuron_search_20260605\agent03_adaptive_basis\smoke_grad_params.py,6273,.py,source_or_command
artifacts\benchmark_runs\language\neuron_search_20260605\agent03_adaptive_basis\writeup.md,3030,.md,result_or_document
artifacts\benchmark_runs\language\neuron_search_20260605\agent04_rank_competition\WRITEUP.md,3394,.md,result_or_document
artifacts\benchmark_runs\language\neuron_search_20260605\agent04_rank_competition\__pycache__\rank_competition_train.cpython-313.pyc,88170,.pyc,other
artifacts\benchmark_runs\language\neuron_search_20260605\agent04_rank_competition\__pycache__\run_smoke_grad.cpython-313.pyc,6812,.pyc,other
artifacts\benchmark_runs\language\neuron_search_20260605\agent04_rank_competition\agent04_result_summary.json,1683,.json,result_or_document
artifacts\benchmark_runs\language\neuron_search_20260605\agent04_rank_competition\baseline\checkpoint.pt,183071662,.pt,heavy_artifact
artifacts\benchmark_runs\language\neuron_search_20260605\agent04_rank_competition\baseline\result.json,1974,.json,result_or_document
artifacts\benchmark_runs\language\neuron_search_20260605\agent04_rank_competition\baseline\state.json,618,.json,result_or_document
artifacts\benchmark_runs\language\neuron_search_20260605\agent04_rank_competition\baseline\train.log,1746,.log,result_or_document
artifacts\benchmark_runs\language\neuron_search_20260605\agent04_rank_competition\candidate_v1\checkpoint.pt,183076014,.pt,heavy_artifact
artifacts\benchmark_runs\language\neuron_search_20260605\agent04_rank_competition\candidate_v1\result.json,1997,.json,result_or_document
artifacts\benchmark_runs\language\neuron_search_20260605\agent04_rank_competition\candidate_v1\state.json,637,.json,result_or_document
artifacts\benchmark_runs\language\neuron_search_20260605\agent04_rank_competition\candidate_v1\train.log,1774,.log,result_or_document
artifacts\benchmark_runs\language\neuron_search_20260605\agent04_rank_competition\candidate_v2\checkpoint.pt,183076078,.pt,heavy_artifact
artifacts\benchmark_runs\language\neuron_search_20260605\agent04_rank_competition\candidate_v2\result.json,2020,.json,result_or_document
artifacts\benchmark_runs\language\neuron_search_20260605\agent04_rank_competition\candidate_v2\state.json,639,.json,result_or_document
artifacts\benchmark_runs\language\neuron_search_20260605\agent04_rank_competition\candidate_v2\train.log,1786,.log,result_or_document
artifacts\benchmark_runs\language\neuron_search_20260605\agent04_rank_competition\commands_used.txt,4357,.txt,result_or_document
artifacts\benchmark_runs\language\neuron_search_20260605\agent04_rank_competition\rank_competition_train.py,58766,.py,source_or_command
artifacts\benchmark_runs\language\neuron_search_20260605\agent04_rank_competition\run_smoke_grad.py,4705,.py,source_or_command
artifacts\benchmark_runs\language\neuron_search_20260605\agent04_rank_competition\tests\py_compile.log,0,.log,result_or_document
artifacts\benchmark_runs\language\neuron_search_20260605\agent04_rank_competition\tests\smoke_grad.log,1560,.log,result_or_document
artifacts\benchmark_runs\language\neuron_search_20260605\agent04_rank_competition\tests\smoke_grad_result.json,978,.json,result_or_document
artifacts\benchmark_runs\language\neuron_search_20260605\agent_matrix.csv,2098,.csv,result_or_document
artifacts\benchmark_runs\language\neuron_search_20260605\manual_self\__pycache__\aggregate_manual_results.cpython-313.pyc,25774,.pyc,other
artifacts\benchmark_runs\language\neuron_search_20260605\manual_self\__pycache__\build_real_finewebedu_cache.cpython-313.pyc,5028,.pyc,other
artifacts\benchmark_runs\language\neuron_search_20260605\manual_self\__pycache__\manual_neuron_search.cpython-313.pyc,185050,.pyc,other
artifacts\benchmark_runs\language\neuron_search_20260605\manual_self\aggregate_manual_results.py,23081,.py,source_or_command
artifacts\benchmark_runs\language\neuron_search_20260605\manual_self\aggregate_results_20260605.csv,59506,.csv,result_or_document
artifacts\benchmark_runs\language\neuron_search_20260605\manual_self\aggregate_results_20260605.json,109876,.json,result_or_document
artifacts\benchmark_runs\language\neuron_search_20260605\manual_self\aggregate_results_20260605_current.csv,334724,.csv,result_or_document
artifacts\benchmark_runs\language\neuron_search_20260605\manual_self\aggregate_results_20260605_current.json,767897,.json,result_or_document
artifacts\benchmark_runs\language\neuron_search_20260605\manual_self\build_real_finewebedu_cache.py,3183,.py,source_or_command
artifacts\benchmark_runs\language\neuron_search_20260605\manual_self\commands.txt,39798,.txt,result_or_document
artifacts\benchmark_runs\language\neuron_search_20260605\manual_self\design_notes.json,43320,.json,result_or_document
artifacts\benchmark_runs\language\neuron_search_20260605\manual_self\grad_and_params.json,618,.json,result_or_document
artifacts\benchmark_runs\language\neuron_search_20260605\manual_self\loss_delta_1024_key_variants.png,177782,.png,other
artifacts\benchmark_runs\language\neuron_search_20260605\manual_self\manual_neuron_search.py,133489,.py,source_or_command
artifacts\benchmark_runs\language\neuron_search_20260605\manual_self\ranked_results_1024_seed13.json,398,.json,result_or_document
artifacts\benchmark_runs\language\neuron_search_20260605\manual_self\ranked_results_1024_seed17.json,400,.json,result_or_document
artifacts\benchmark_runs\language\neuron_search_20260605\manual_self\ranked_results_1024_seed29.json,397,.json,result_or_document
artifacts\benchmark_runs\language\neuron_search_20260605\manual_self\ranked_results_12.json,3065,.json,result_or_document
artifacts\benchmark_runs\language\neuron_search_20260605\manual_self\ranked_results_256.json,1166,.json,result_or_document
artifacts\benchmark_runs\language\neuron_search_20260605\manual_self\ranked_results_256_seed13.json,1576,.json,result_or_document
artifacts\benchmark_runs\language\neuron_search_20260605\manual_self\ranked_results_256_seed17.json,1570,.json,result_or_document
artifacts\benchmark_runs\language\neuron_search_20260605\manual_self\ranked_results_256_seed29.json,1574,.json,result_or_document
artifacts\benchmark_runs\language\neuron_search_20260605\manual_self\ranked_results_64.json,2312,.json,result_or_document
artifacts\benchmark_runs\language\neuron_search_20260605\manual_self\real_cache_finewebedu_sample_seq10160_train192_val8_gpt2.meta.json,467,.json,result_or_document
artifacts\benchmark_runs\language\neuron_search_20260605\manual_self\real_cache_finewebedu_sample_seq10160_train192_val8_gpt2.pt,16259281,.pt,heavy_artifact
artifacts\benchmark_runs\language\neuron_search_20260605\manual_self\real_cache_finewebedu_sample_seq255_train768_val64_gpt2.meta.json,462,.json,result_or_document
artifacts\benchmark_runs\language\neuron_search_20260605\manual_self\real_cache_finewebedu_sample_seq255_train768_val64_gpt2.pt,1705612,.pt,heavy_artifact
artifacts\benchmark_runs\language\neuron_search_20260605\manual_self\screen_1024_seed13_real_blend1024_baseline\checkpoint.pt,59272946,.pt,heavy_artifact
artifacts\benchmark_runs\language\neuron_search_20260605\manual_self\screen_1024_seed13_real_blend1024_baseline\result.json,2078,.json,result_or_document
artifacts\benchmark_runs\language\neuron_search_20260605\manual_self\screen_1024_seed13_real_blend1024_baseline\state.json,697,.json,result_or_document
artifacts\benchmark_runs\language\neuron_search_20260605\manual_self\screen_1024_seed13_real_blend1024_phase_residual_blend_neuron\checkpoint.pt,59275650,.pt,heavy_artifact
artifacts\benchmark_runs\language\neuron_search_20260605\manual_self\screen_1024_seed13_real_blend1024_phase_residual_blend_neuron\result.json,2130,.json,result_or_document
artifacts\benchmark_runs\language\neuron_search_20260605\manual_self\screen_1024_seed13_real_blend1024_phase_residual_blend_neuron\state.json,752,.json,result_or_document
artifacts\benchmark_runs\language\neuron_search_20260605\manual_self\screen_1024_seed13_real_half1024_baseline\checkpoint.pt,59272946,.pt,heavy_artifact
artifacts\benchmark_runs\language\neuron_search_20260605\manual_self\screen_1024_seed13_real_half1024_baseline\result.json,2077,.json,result_or_document
artifacts\benchmark_runs\language\neuron_search_20260605\manual_self\screen_1024_seed13_real_half1024_baseline\state.json,694,.json,result_or_document
artifacts\benchmark_runs\language\neuron_search_20260605\manual_self\screen_1024_seed13_real_half1024_phase_residual_blend_half_neuron\checkpoint.pt,59275650,.pt,heavy_artifact
artifacts\benchmark_runs\language\neuron_search_20260605\manual_self\screen_1024_seed13_real_half1024_phase_residual_blend_half_neuron\result.json,2147,.json,result_or_document
artifacts\benchmark_runs\language\neuron_search_20260605\manual_self\screen_1024_seed13_real_half1024_phase_residual_blend_half_neuron\state.json,764,.json,result_or_document
artifacts\benchmark_runs\language\neuron_search_20260605\manual_self\screen_1024_seed13_real_seq10160_40m_1024_baseline\checkpoint.pt,485322226,.pt,heavy_artifact
artifacts\benchmark_runs\language\neuron_search_20260605\manual_self\screen_1024_seed13_real_seq10160_40m_1024_baseline\result.json,2114,.json,result_or_document
artifacts\benchmark_runs\language\neuron_search_20260605\manual_self\screen_1024_seed13_real_seq10160_40m_1024_baseline\state.json,720,.json,result_or_document
artifacts\benchmark_runs\language\neuron_search_20260605\manual_self\screen_1024_seed13_real_seq10160_40m_1024_memory_square_scalar_gain_neuron\checkpoint.pt,485328626,.pt,heavy_artifact
artifacts\benchmark_runs\language\neuron_search_20260605\manual_self\screen_1024_seed13_real_seq10160_40m_1024_memory_square_scalar_gain_neuron\result.json,2193,.json,result_or_document
artifacts\benchmark_runs\language\neuron_search_20260605\manual_self\screen_1024_seed13_real_seq10160_40m_1024_memory_square_scalar_gain_neuron\state.json,795,.json,result_or_document
artifacts\benchmark_runs\language\neuron_search_20260605\manual_self\screen_1024_seed13_real_seq10160_40m_1024_phase_residual_blend_centered_neuron\checkpoint.pt,485349202,.pt,heavy_artifact
artifacts\benchmark_runs\language\neuron_search_20260605\manual_self\screen_1024_seed13_real_seq10160_40m_1024_phase_residual_blend_centered_neuron\result.json,2206,.json,result_or_document
artifacts\benchmark_runs\language\neuron_search_20260605\manual_self\screen_1024_seed13_real_seq10160_40m_1024_phase_residual_blend_centered_neuron\state.json,807,.json,result_or_document
artifacts\benchmark_runs\language\neuron_search_20260605\manual_self\screen_1024_seed13_real_seq10160_40m_1024_phase_residual_blend_half_neuron\checkpoint.pt,485349202,.pt,heavy_artifact
artifacts\benchmark_runs\language\neuron_search_20260605\manual_self\screen_1024_seed13_real_seq10160_40m_1024_phase_residual_blend_half_neuron\result.json,2191,.json,result_or_document
artifacts\benchmark_runs\language\neuron_search_20260605\manual_self\screen_1024_seed13_real_seq10160_40m_1024_phase_residual_blend_half_neuron\state.json,794,.json,result_or_document
artifacts\benchmark_runs\language\neuron_search_20260605\manual_self\screen_1024_seed13_real_seq10160_40m_1024_phase_residual_blend_normed_neuron\checkpoint.pt,485349202,.pt,heavy_artifact
artifacts\benchmark_runs\language\neuron_search_20260605\manual_self\screen_1024_seed13_real_seq10160_40m_1024_phase_residual_blend_normed_neuron\result.json,2188,.json,result_or_document
artifacts\benchmark_runs\language\neuron_search_20260605\manual_self\screen_1024_seed13_real_seq10160_40m_1024_phase_residual_blend_normed_neuron\state.json,790,.json,result_or_document
artifacts\benchmark_runs\language\neuron_search_20260605\manual_self\screen_1024_seed13_real_seq10160_40m_1024_phase_residual_conv_energy_gate_neuron\checkpoint.pt,485351474,.pt,heavy_artifact
artifacts\benchmark_runs\language\neuron_search_20260605\manual_self\screen_1024_seed13_real_seq10160_40m_1024_phase_residual_conv_energy_gate_neuron\result.json,2215,.json,result_or_document
artifacts\benchmark_runs\language\neuron_search_20260605\manual_self\screen_1024_seed13_real_seq10160_40m_1024_phase_residual_conv_energy_gate_neuron\state.json,812,.json,result_or_document
artifacts\benchmark_runs\language\neuron_search_20260605\manual_self\screen_1024_seed13_real_seq10160_40m_1024_phase_residual_memory_bounded_gate_neuron\checkpoint.pt,486951570,.pt,heavy_artifact
artifacts\benchmark_runs\language\neuron_search_20260605\manual_self\screen_1024_seed13_real_seq10160_40m_1024_phase_residual_memory_bounded_gate_neuron\result.json,2227,.json,result_or_document
artifacts\benchmark_runs\language\neuron_search_20260605\manual_self\screen_1024_seed13_real_seq10160_40m_1024_phase_residual_memory_bounded_gate_neuron\state.json,821,.json,result_or_document
artifacts\benchmark_runs\language\neuron_search_20260605\manual_self\screen_1024_seed13_real_seq10160_40m_1024_phase_residual_memory_centered_gate_neuron\checkpoint.pt,486951570,.pt,heavy_artifact
artifacts\benchmark_runs\language\neuron_search_20260605\manual_self\screen_1024_seed13_real_seq10160_40m_1024_phase_residual_memory_centered_gate_neuron\result.json,2229,.json,result_or_document
artifacts\benchmark_runs\language\neuron_search_20260605\manual_self\screen_1024_seed13_real_seq10160_40m_1024_phase_residual_memory_centered_gate_neuron\state.json,823,.json,result_or_document
artifacts\benchmark_runs\language\neuron_search_20260605\manual_self\screen_1024_seed13_real_seq10160_40m_1024_phase_residual_memory_delta_gate_neuron\checkpoint.pt,486951570,.pt,heavy_artifact
artifacts\benchmark_runs\language\neuron_search_20260605\manual_self\screen_1024_seed13_real_seq10160_40m_1024_phase_residual_memory_delta_gate_neuron\result.json,2218,.json,result_or_document
artifacts\benchmark_runs\language\neuron_search_20260605\manual_self\screen_1024_seed13_real_seq10160_40m_1024_phase_residual_memory_delta_gate_neuron\state.json,814,.json,result_or_document
artifacts\benchmark_runs\language\neuron_search_20260605\manual_self\screen_1024_seed13_real_seq10160_40m_1024_phase_residual_memory_gate_neuron\checkpoint.pt,486951506,.pt,heavy_artifact
artifacts\benchmark_runs\language\neuron_search_20260605\manual_self\screen_1024_seed13_real_seq10160_40m_1024_phase_residual_memory_gate_neuron\result.json,2193,.json,result_or_document
artifacts\benchmark_runs\language\neuron_search_20260605\manual_self\screen_1024_seed13_real_seq10160_40m_1024_phase_residual_memory_gate_neuron\state.json,795,.json,result_or_document
artifacts\benchmark_runs\language\neuron_search_20260605\manual_self\screen_1024_seed13_real_seq10160_40m_1024_phase_residual_memory_rms_gate_neuron\checkpoint.pt,486951570,.pt,heavy_artifact
artifacts\benchmark_runs\language\neuron_search_20260605\manual_self\screen_1024_seed13_real_seq10160_40m_1024_phase_residual_memory_rms_gate_neuron\result.json,2208,.json,result_or_document
artifacts\benchmark_runs\language\neuron_search_20260605\manual_self\screen_1024_seed13_real_seq10160_40m_1024_phase_residual_memory_rms_gate_neuron\state.json,808,.json,result_or_document
artifacts\benchmark_runs\language\neuron_search_20260605\manual_self\screen_1024_seed13_real_seq10160_40m_1024_phase_residual_memory_scalar_centered_gate_neuron\checkpoint.pt,485355666,.pt,heavy_artifact
artifacts\benchmark_runs\language\neuron_search_20260605\manual_self\screen_1024_seed13_real_seq10160_40m_1024_phase_residual_memory_scalar_centered_gate_neuron\result.json,2254,.json,result_or_document
artifacts\benchmark_runs\language\neuron_search_20260605\manual_self\screen_1024_seed13_real_seq10160_40m_1024_phase_residual_memory_scalar_centered_gate_neuron\state.json,843,.json,result_or_document
artifacts\benchmark_runs\language\neuron_search_20260605\manual_self\screen_1024_seed13_real_seq10160_40m_1024_phase_residual_memory_scalar_gate_neuron\checkpoint.pt,485355602,.pt,heavy_artifact
artifacts\benchmark_runs\language\neuron_search_20260605\manual_self\screen_1024_seed13_real_seq10160_40m_1024_phase_residual_memory_scalar_gate_neuron\result.json,2222,.json,result_or_document
artifacts\benchmark_runs\language\neuron_search_20260605\manual_self\screen_1024_seed13_real_seq10160_40m_1024_phase_residual_memory_scalar_gate_neuron\state.json,818,.json,result_or_document
artifacts\benchmark_runs\language\neuron_search_20260605\manual_self\screen_1024_seed13_real_seq10160_40m_1024_phase_residual_memory_small_gate_neuron\checkpoint.pt,486951570,.pt,heavy_artifact
artifacts\benchmark_runs\language\neuron_search_20260605\manual_self\screen_1024_seed13_real_seq10160_40m_1024_phase_residual_memory_small_gate_neuron\result.json,2217,.json,result_or_document
artifacts\benchmark_runs\language\neuron_search_20260605\manual_self\screen_1024_seed13_real_seq10160_40m_1024_phase_residual_memory_small_gate_neuron\state.json,814,.json,result_or_document
artifacts\benchmark_runs\language\neuron_search_20260605\manual_self\screen_1024_seed13_real_seq10160_40m_1024_phase_residual_memory_tiny_gate_neuron\checkpoint.pt,486951570,.pt,heavy_artifact
artifacts\benchmark_runs\language\neuron_search_20260605\manual_self\screen_1024_seed13_real_seq10160_40m_1024_phase_residual_memory_tiny_gate_neuron\result.json,2211,.json,result_or_document
artifacts\benchmark_runs\language\neuron_search_20260605\manual_self\screen_1024_seed13_real_seq10160_40m_1024_phase_residual_memory_tiny_gate_neuron\state.json,808,.json,result_or_document
artifacts\benchmark_runs\language\neuron_search_20260605\manual_self\screen_1024_seed13_real_seq10160_40m_1024_phase_residual_memory_zero_mean_gate_neuron\checkpoint.pt,486951570,.pt,heavy_artifact
artifacts\benchmark_runs\language\neuron_search_20260605\manual_self\screen_1024_seed13_real_seq10160_40m_1024_phase_residual_memory_zero_mean_gate_neuron\result.json,2234,.json,result_or_document
artifacts\benchmark_runs\language\neuron_search_20260605\manual_self\screen_1024_seed13_real_seq10160_40m_1024_phase_residual_memory_zero_mean_gate_neuron\state.json,827,.json,result_or_document
artifacts\benchmark_runs\language\neuron_search_20260605\manual_self\screen_1024_seed13_real_seq10160_40m_1024_rank_competition_memory_centered_gate_neuron\checkpoint.pt,486953842,.pt,heavy_artifact
artifacts\benchmark_runs\language\neuron_search_20260605\manual_self\screen_1024_seed13_real_seq10160_40m_1024_rank_competition_memory_centered_gate_neuron\result.json,2238,.json,result_or_document
artifacts\benchmark_runs\language\neuron_search_20260605\manual_self\screen_1024_seed13_real_seq10160_40m_1024_rank_competition_memory_centered_gate_neuron\state.json,830,.json,result_or_document
artifacts\benchmark_runs\language\neuron_search_20260605\manual_self\screen_1024_seed13_real_seq10160_40m_1024_rank_competition_memory_suppressed_centered_gate_neuron\checkpoint.pt,486953842,.pt,heavy_artifact
artifacts\benchmark_runs\language\neuron_search_20260605\manual_self\screen_1024_seed13_real_seq10160_40m_1024_rank_competition_memory_suppressed_centered_gate_neuron\result.json,2283,.json,result_or_document
artifacts\benchmark_runs\language\neuron_search_20260605\manual_self\screen_1024_seed13_real_seq10160_40m_1024_rank_competition_memory_suppressed_centered_gate_neuron\state.json,863,.json,result_or_document
artifacts\benchmark_runs\language\neuron_search_20260605\manual_self\screen_1024_seed13_real_seq10160_40m_1024_rank_competition_neuron\checkpoint.pt,485324498,.pt,heavy_artifact
artifacts\benchmark_runs\language\neuron_search_20260605\manual_self\screen_1024_seed13_real_seq10160_40m_1024_rank_competition_neuron\result.json,2154,.json,result_or_document
artifacts\benchmark_runs\language\neuron_search_20260605\manual_self\screen_1024_seed13_real_seq10160_40m_1024_rank_competition_neuron\state.json,767,.json,result_or_document
artifacts\benchmark_runs\language\neuron_search_20260605\manual_self\screen_1024_seed13_real_seq10160_40m_1024_ranked_results.json,7217,.json,result_or_document
artifacts\benchmark_runs\language\neuron_search_20260605\manual_self\screen_1024_seed13_real_seq10160_40m_1024_screen_results.json,36809,.json,result_or_document
artifacts\benchmark_runs\language\neuron_search_20260605\manual_self\screen_1024_seed13_real_seq10160_40m_1024_verify_val8_v4_baseline\checkpoint.pt,485322226,.pt,heavy_artifact
artifacts\benchmark_runs\language\neuron_search_20260605\manual_self\screen_1024_seed13_real_seq10160_40m_1024_verify_val8_v4_baseline\result.json,2160,.json,result_or_document
artifacts\benchmark_runs\language\neuron_search_20260605\manual_self\screen_1024_seed13_real_seq10160_40m_1024_verify_val8_v4_baseline\state.json,765,.json,result_or_document
artifacts\benchmark_runs\language\neuron_search_20260605\manual_self\screen_1024_seed13_real_seq10160_40m_1024_verify_val8_v4_phase_residual_memory_bounded_gate_neuron\checkpoint.pt,486951570,.pt,heavy_artifact
artifacts\benchmark_runs\language\neuron_search_20260605\manual_self\screen_1024_seed13_real_seq10160_40m_1024_verify_val8_v4_phase_residual_memory_bounded_gate_neuron\result.json,2271,.json,result_or_document
artifacts\benchmark_runs\language\neuron_search_20260605\manual_self\screen_1024_seed13_real_seq10160_40m_1024_verify_val8_v4_phase_residual_memory_bounded_gate_neuron\state.json,866,.json,result_or_document
artifacts\benchmark_runs\language\neuron_search_20260605\manual_self\screen_1024_seed13_real_seq10160_40m_1024_verify_val8_v4_phase_residual_memory_gate_neuron\checkpoint.pt,486951570,.pt,heavy_artifact
artifacts\benchmark_runs\language\neuron_search_20260605\manual_self\screen_1024_seed13_real_seq10160_40m_1024_verify_val8_v4_phase_residual_memory_gate_neuron\result.json,2240,.json,result_or_document
artifacts\benchmark_runs\language\neuron_search_20260605\manual_self\screen_1024_seed13_real_seq10160_40m_1024_verify_val8_v4_phase_residual_memory_gate_neuron\state.json,842,.json,result_or_document
artifacts\benchmark_runs\language\neuron_search_20260605\manual_self\screen_1024_seed13_real_seq10160_40m_1024_verify_val8_v4_phase_residual_memory_rms_gate_neuron\checkpoint.pt,486951570,.pt,heavy_artifact
artifacts\benchmark_runs\language\neuron_search_20260605\manual_self\screen_1024_seed13_real_seq10160_40m_1024_verify_val8_v4_phase_residual_memory_rms_gate_neuron\result.json,2254,.json,result_or_document
artifacts\benchmark_runs\language\neuron_search_20260605\manual_self\screen_1024_seed13_real_seq10160_40m_1024_verify_val8_v4_phase_residual_memory_rms_gate_neuron\state.json,853,.json,result_or_document
artifacts\benchmark_runs\language\neuron_search_20260605\manual_self\screen_1024_seed13_real_seq10160_40m_1024_verify_val8_v4_ranked_results.json,1207,.json,result_or_document
artifacts\benchmark_runs\language\neuron_search_20260605\manual_self\screen_1024_seed13_real_seq10160_40m_1024_verify_val8_v4_screen_results.json,8034,.json,result_or_document
artifacts\benchmark_runs\language\neuron_search_20260605\manual_self\screen_1024_seed13_real_seq10160_val8_rankcost_1024_v1_baseline\checkpoint.pt,485322226,.pt,heavy_artifact
artifacts\benchmark_runs\language\neuron_search_20260605\manual_self\screen_1024_seed13_real_seq10160_val8_rankcost_1024_v1_baseline\result.json,2154,.json,result_or_document
artifacts\benchmark_runs\language\neuron_search_20260605\manual_self\screen_1024_seed13_real_seq10160_val8_rankcost_1024_v1_baseline\state.json,759,.json,result_or_document
artifacts\benchmark_runs\language\neuron_search_20260605\manual_self\screen_1024_seed13_real_seq10160_val8_rankcost_1024_v1_rank_competition_centered_residual_neuron\checkpoint.pt,485351474,.pt,heavy_artifact
artifacts\benchmark_runs\language\neuron_search_20260605\manual_self\screen_1024_seed13_real_seq10160_val8_rankcost_1024_v1_rank_competition_centered_residual_neuron\result.json,2263,.json,result_or_document
artifacts\benchmark_runs\language\neuron_search_20260605\manual_self\screen_1024_seed13_real_seq10160_val8_rankcost_1024_v1_rank_competition_centered_residual_neuron\state.json,858,.json,result_or_document
artifacts\benchmark_runs\language\neuron_search_20260605\manual_self\screen_1024_seed13_real_seq10160_val8_rankcost_1024_v1_rank_competition_memory_scalar_centered_gate_neuron\checkpoint.pt,485357938,.pt,heavy_artifact
artifacts\benchmark_runs\language\neuron_search_20260605\manual_self\screen_1024_seed13_real_seq10160_val8_rankcost_1024_v1_rank_competition_memory_scalar_centered_gate_neuron\result.json,2306,.json,result_or_document
artifacts\benchmark_runs\language\neuron_search_20260605\manual_self\screen_1024_seed13_real_seq10160_val8_rankcost_1024_v1_rank_competition_memory_scalar_centered_gate_neuron\state.json,890,.json,result_or_document
artifacts\benchmark_runs\language\neuron_search_20260605\manual_self\screen_1024_seed13_real_seq10160_val8_rankcost_1024_v1_ranked_results.json,821,.json,result_or_document
artifacts\benchmark_runs\language\neuron_search_20260605\manual_self\screen_1024_seed13_real_seq10160_val8_rankcost_1024_v1_screen_results.json,6095,.json,result_or_document
artifacts\benchmark_runs\language\neuron_search_20260605\manual_self\screen_1024_seed17_real_blend1024_baseline\checkpoint.pt,59272946,.pt,heavy_artifact
artifacts\benchmark_runs\language\neuron_search_20260605\manual_self\screen_1024_seed17_real_blend1024_baseline\result.json,2080,.json,result_or_document
artifacts\benchmark_runs\language\neuron_search_20260605\manual_self\screen_1024_seed17_real_blend1024_baseline\state.json,696,.json,result_or_document
artifacts\benchmark_runs\language\neuron_search_20260605\manual_self\screen_1024_seed17_real_blend1024_phase_residual_blend_neuron\checkpoint.pt,59275650,.pt,heavy_artifact
artifacts\benchmark_runs\language\neuron_search_20260605\manual_self\screen_1024_seed17_real_blend1024_phase_residual_blend_neuron\result.json,2131,.json,result_or_document
artifacts\benchmark_runs\language\neuron_search_20260605\manual_self\screen_1024_seed17_real_blend1024_phase_residual_blend_neuron\state.json,752,.json,result_or_document
artifacts\benchmark_runs\language\neuron_search_20260605\manual_self\screen_1024_seed17_real_half1024_baseline\checkpoint.pt,59272946,.pt,heavy_artifact
artifacts\benchmark_runs\language\neuron_search_20260605\manual_self\screen_1024_seed17_real_half1024_baseline\result.json,2078,.json,result_or_document
artifacts\benchmark_runs\language\neuron_search_20260605\manual_self\screen_1024_seed17_real_half1024_baseline\state.json,694,.json,result_or_document
artifacts\benchmark_runs\language\neuron_search_20260605\manual_self\screen_1024_seed17_real_half1024_phase_residual_blend_half_neuron\checkpoint.pt,59275650,.pt,heavy_artifact
artifacts\benchmark_runs\language\neuron_search_20260605\manual_self\screen_1024_seed17_real_half1024_phase_residual_blend_half_neuron\result.json,2150,.json,result_or_document
artifacts\benchmark_runs\language\neuron_search_20260605\manual_self\screen_1024_seed17_real_half1024_phase_residual_blend_half_neuron\state.json,765,.json,result_or_document
artifacts\benchmark_runs\language\neuron_search_20260605\manual_self\screen_1024_seed17_real_seq10160_40m_1024_baseline\checkpoint.pt,485322226,.pt,heavy_artifact
artifacts\benchmark_runs\language\neuron_search_20260605\manual_self\screen_1024_seed17_real_seq10160_40m_1024_baseline\result.json,2118,.json,result_or_document
artifacts\benchmark_runs\language\neuron_search_20260605\manual_self\screen_1024_seed17_real_seq10160_40m_1024_baseline\state.json,722,.json,result_or_document
artifacts\benchmark_runs\language\neuron_search_20260605\manual_self\screen_1024_seed17_real_seq10160_40m_1024_phase_residual_blend_centered_neuron\checkpoint.pt,485349202,.pt,heavy_artifact
artifacts\benchmark_runs\language\neuron_search_20260605\manual_self\screen_1024_seed17_real_seq10160_40m_1024_phase_residual_blend_centered_neuron\result.json,2205,.json,result_or_document
artifacts\benchmark_runs\language\neuron_search_20260605\manual_self\screen_1024_seed17_real_seq10160_40m_1024_phase_residual_blend_centered_neuron\state.json,806,.json,result_or_document
artifacts\benchmark_runs\language\neuron_search_20260605\manual_self\screen_1024_seed17_real_seq10160_40m_1024_phase_residual_blend_half_neuron\checkpoint.pt,485349202,.pt,heavy_artifact
artifacts\benchmark_runs\language\neuron_search_20260605\manual_self\screen_1024_seed17_real_seq10160_40m_1024_phase_residual_blend_half_neuron\result.json,2189,.json,result_or_document
artifacts\benchmark_runs\language\neuron_search_20260605\manual_self\screen_1024_seed17_real_seq10160_40m_1024_phase_residual_blend_half_neuron\state.json,794,.json,result_or_document
artifacts\benchmark_runs\language\neuron_search_20260605\manual_self\screen_1024_seed17_real_seq10160_40m_1024_phase_residual_blend_normed_neuron\checkpoint.pt,485349202,.pt,heavy_artifact
artifacts\benchmark_runs\language\neuron_search_20260605\manual_self\screen_1024_seed17_real_seq10160_40m_1024_phase_residual_blend_normed_neuron\result.json,2193,.json,result_or_document
artifacts\benchmark_runs\language\neuron_search_20260605\manual_self\screen_1024_seed17_real_seq10160_40m_1024_phase_residual_blend_normed_neuron\state.json,795,.json,result_or_document
artifacts\benchmark_runs\language\neuron_search_20260605\manual_self\screen_1024_seed17_real_seq10160_40m_1024_phase_residual_conv_energy_gate_neuron\checkpoint.pt,485351474,.pt,heavy_artifact
artifacts\benchmark_runs\language\neuron_search_20260605\manual_self\screen_1024_seed17_real_seq10160_40m_1024_phase_residual_conv_energy_gate_neuron\result.json,2208,.json,result_or_document
artifacts\benchmark_runs\language\neuron_search_20260605\manual_self\screen_1024_seed17_real_seq10160_40m_1024_phase_residual_conv_energy_gate_neuron\state.json,806,.json,result_or_document
artifacts\benchmark_runs\language\neuron_search_20260605\manual_self\screen_1024_seed17_real_seq10160_40m_1024_phase_residual_memory_centered_gate_neuron\checkpoint.pt,486951570,.pt,heavy_artifact
artifacts\benchmark_runs\language\neuron_search_20260605\manual_self\screen_1024_seed17_real_seq10160_40m_1024_phase_residual_memory_centered_gate_neuron\result.json,2223,.json,result_or_document
artifacts\benchmark_runs\language\neuron_search_20260605\manual_self\screen_1024_seed17_real_seq10160_40m_1024_phase_residual_memory_centered_gate_neuron\state.json,820,.json,result_or_document
artifacts\benchmark_runs\language\neuron_search_20260605\manual_self\screen_1024_seed17_real_seq10160_40m_1024_phase_residual_memory_gate_neuron\checkpoint.pt,486951506,.pt,heavy_artifact
artifacts\benchmark_runs\language\neuron_search_20260605\manual_self\screen_1024_seed17_real_seq10160_40m_1024_phase_residual_memory_gate_neuron\result.json,2192,.json,result_or_document
artifacts\benchmark_runs\language\neuron_search_20260605\manual_self\screen_1024_seed17_real_seq10160_40m_1024_phase_residual_memory_gate_neuron\state.json,795,.json,result_or_document
artifacts\benchmark_runs\language\neuron_search_20260605\manual_self\screen_1024_seed17_real_seq10160_40m_1024_phase_residual_memory_scalar_centered_gate_neuron\checkpoint.pt,485355666,.pt,heavy_artifact
artifacts\benchmark_runs\language\neuron_search_20260605\manual_self\screen_1024_seed17_real_seq10160_40m_1024_phase_residual_memory_scalar_centered_gate_neuron\result.json,2261,.json,result_or_document
artifacts\benchmark_runs\language\neuron_search_20260605\manual_self\screen_1024_seed17_real_seq10160_40m_1024_phase_residual_memory_scalar_centered_gate_neuron\state.json,846,.json,result_or_document
artifacts\benchmark_runs\language\neuron_search_20260605\manual_self\screen_1024_seed17_real_seq10160_40m_1024_phase_residual_memory_scalar_gate_neuron\checkpoint.pt,485355602,.pt,heavy_artifact
artifacts\benchmark_runs\language\neuron_search_20260605\manual_self\screen_1024_seed17_real_seq10160_40m_1024_phase_residual_memory_scalar_gate_neuron\result.json,2222,.json,result_or_document
artifacts\benchmark_runs\language\neuron_search_20260605\manual_self\screen_1024_seed17_real_seq10160_40m_1024_phase_residual_memory_scalar_gate_neuron\state.json,817,.json,result_or_document
artifacts\benchmark_runs\language\neuron_search_20260605\manual_self\screen_1024_seed17_real_seq10160_40m_1024_rank_competition_memory_centered_gate_neuron\checkpoint.pt,486953842,.pt,heavy_artifact
artifacts\benchmark_runs\language\neuron_search_20260605\manual_self\screen_1024_seed17_real_seq10160_40m_1024_rank_competition_memory_centered_gate_neuron\result.json,2239,.json,result_or_document
artifacts\benchmark_runs\language\neuron_search_20260605\manual_self\screen_1024_seed17_real_seq10160_40m_1024_rank_competition_memory_centered_gate_neuron\state.json,830,.json,result_or_document
artifacts\benchmark_runs\language\neuron_search_20260605\manual_self\screen_1024_seed17_real_seq10160_40m_1024_rank_competition_memory_suppressed_centered_gate_neuron\checkpoint.pt,486953842,.pt,heavy_artifact
artifacts\benchmark_runs\language\neuron_search_20260605\manual_self\screen_1024_seed17_real_seq10160_40m_1024_rank_competition_memory_suppressed_centered_gate_neuron\result.json,2283,.json,result_or_document
artifacts\benchmark_runs\language\neuron_search_20260605\manual_self\screen_1024_seed17_real_seq10160_40m_1024_rank_competition_memory_suppressed_centered_gate_neuron\state.json,863,.json,result_or_document
artifacts\benchmark_runs\language\neuron_search_20260605\manual_self\screen_1024_seed17_real_seq10160_40m_1024_rank_competition_neuron\checkpoint.pt,485324498,.pt,heavy_artifact
artifacts\benchmark_runs\language\neuron_search_20260605\manual_self\screen_1024_seed17_real_seq10160_40m_1024_rank_competition_neuron\result.json,2156,.json,result_or_document
artifacts\benchmark_runs\language\neuron_search_20260605\manual_self\screen_1024_seed17_real_seq10160_40m_1024_rank_competition_neuron\state.json,767,.json,result_or_document
artifacts\benchmark_runs\language\neuron_search_20260605\manual_self\screen_1024_seed17_real_seq10160_40m_1024_ranked_results.json,4418,.json,result_or_document
artifacts\benchmark_runs\language\neuron_search_20260605\manual_self\screen_1024_seed17_real_seq10160_40m_1024_screen_results.json,22873,.json,result_or_document
artifacts\benchmark_runs\language\neuron_search_20260605\manual_self\screen_1024_seed17_real_seq10160_val8_rankcost_1024_v1_baseline\checkpoint.pt,485322226,.pt,heavy_artifact
artifacts\benchmark_runs\language\neuron_search_20260605\manual_self\screen_1024_seed17_real_seq10160_val8_rankcost_1024_v1_baseline\result.json,2156,.json,result_or_document
artifacts\benchmark_runs\language\neuron_search_20260605\manual_self\screen_1024_seed17_real_seq10160_val8_rankcost_1024_v1_baseline\state.json,760,.json,result_or_document
artifacts\benchmark_runs\language\neuron_search_20260605\manual_self\screen_1024_seed17_real_seq10160_val8_rankcost_1024_v1_rank_competition_centered_residual_neuron\checkpoint.pt,485351474,.pt,heavy_artifact
artifacts\benchmark_runs\language\neuron_search_20260605\manual_self\screen_1024_seed17_real_seq10160_val8_rankcost_1024_v1_rank_competition_centered_residual_neuron\result.json,2258,.json,result_or_document
artifacts\benchmark_runs\language\neuron_search_20260605\manual_self\screen_1024_seed17_real_seq10160_val8_rankcost_1024_v1_rank_competition_centered_residual_neuron\state.json,852,.json,result_or_document
artifacts\benchmark_runs\language\neuron_search_20260605\manual_self\screen_1024_seed17_real_seq10160_val8_rankcost_1024_v1_rank_competition_memory_scalar_centered_gate_neuron\checkpoint.pt,485357938,.pt,heavy_artifact
artifacts\benchmark_runs\language\neuron_search_20260605\manual_self\screen_1024_seed17_real_seq10160_val8_rankcost_1024_v1_rank_competition_memory_scalar_centered_gate_neuron\result.json,2305,.json,result_or_document
artifacts\benchmark_runs\language\neuron_search_20260605\manual_self\screen_1024_seed17_real_seq10160_val8_rankcost_1024_v1_rank_competition_memory_scalar_centered_gate_neuron\state.json,890,.json,result_or_document
artifacts\benchmark_runs\language\neuron_search_20260605\manual_self\screen_1024_seed17_real_seq10160_val8_rankcost_1024_v1_ranked_results.json,823,.json,result_or_document
artifacts\benchmark_runs\language\neuron_search_20260605\manual_self\screen_1024_seed17_real_seq10160_val8_rankcost_1024_v1_screen_results.json,6088,.json,result_or_document
artifacts\benchmark_runs\language\neuron_search_20260605\manual_self\screen_1024_seed29_real_blend1024_baseline\checkpoint.pt,59272946,.pt,heavy_artifact
artifacts\benchmark_runs\language\neuron_search_20260605\manual_self\screen_1024_seed29_real_blend1024_baseline\result.json,2078,.json,result_or_document
artifacts\benchmark_runs\language\neuron_search_20260605\manual_self\screen_1024_seed29_real_blend1024_baseline\state.json,696,.json,result_or_document
artifacts\benchmark_runs\language\neuron_search_20260605\manual_self\screen_1024_seed29_real_blend1024_phase_residual_blend_neuron\checkpoint.pt,59275650,.pt,heavy_artifact
artifacts\benchmark_runs\language\neuron_search_20260605\manual_self\screen_1024_seed29_real_blend1024_phase_residual_blend_neuron\result.json,2131,.json,result_or_document
artifacts\benchmark_runs\language\neuron_search_20260605\manual_self\screen_1024_seed29_real_blend1024_phase_residual_blend_neuron\state.json,752,.json,result_or_document
artifacts\benchmark_runs\language\neuron_search_20260605\manual_self\screen_1024_seed29_real_half1024_baseline\checkpoint.pt,59272946,.pt,heavy_artifact
artifacts\benchmark_runs\language\neuron_search_20260605\manual_self\screen_1024_seed29_real_half1024_baseline\result.json,2077,.json,result_or_document
artifacts\benchmark_runs\language\neuron_search_20260605\manual_self\screen_1024_seed29_real_half1024_baseline\state.json,693,.json,result_or_document
artifacts\benchmark_runs\language\neuron_search_20260605\manual_self\screen_1024_seed29_real_half1024_phase_residual_blend_half_neuron\checkpoint.pt,59275650,.pt,heavy_artifact
artifacts\benchmark_runs\language\neuron_search_20260605\manual_self\screen_1024_seed29_real_half1024_phase_residual_blend_half_neuron\result.json,2149,.json,result_or_document
artifacts\benchmark_runs\language\neuron_search_20260605\manual_self\screen_1024_seed29_real_half1024_phase_residual_blend_half_neuron\state.json,764,.json,result_or_document
artifacts\benchmark_runs\language\neuron_search_20260605\manual_self\screen_1024_seed29_real_seq10160_40m_1024_baseline\checkpoint.pt,485322226,.pt,heavy_artifact
artifacts\benchmark_runs\language\neuron_search_20260605\manual_self\screen_1024_seed29_real_seq10160_40m_1024_baseline\result.json,2115,.json,result_or_document
artifacts\benchmark_runs\language\neuron_search_20260605\manual_self\screen_1024_seed29_real_seq10160_40m_1024_baseline\state.json,722,.json,result_or_document
artifacts\benchmark_runs\language\neuron_search_20260605\manual_self\screen_1024_seed29_real_seq10160_40m_1024_memory_square_scalar_gain_neuron\checkpoint.pt,485328626,.pt,heavy_artifact
artifacts\benchmark_runs\language\neuron_search_20260605\manual_self\screen_1024_seed29_real_seq10160_40m_1024_memory_square_scalar_gain_neuron\result.json,2187,.json,result_or_document
artifacts\benchmark_runs\language\neuron_search_20260605\manual_self\screen_1024_seed29_real_seq10160_40m_1024_memory_square_scalar_gain_neuron\state.json,793,.json,result_or_document
artifacts\benchmark_runs\language\neuron_search_20260605\manual_self\screen_1024_seed29_real_seq10160_40m_1024_phase_residual_blend_centered_neuron\checkpoint.pt,485349202,.pt,heavy_artifact
artifacts\benchmark_runs\language\neuron_search_20260605\manual_self\screen_1024_seed29_real_seq10160_40m_1024_phase_residual_blend_centered_neuron\result.json,2205,.json,result_or_document
artifacts\benchmark_runs\language\neuron_search_20260605\manual_self\screen_1024_seed29_real_seq10160_40m_1024_phase_residual_blend_centered_neuron\state.json,806,.json,result_or_document
artifacts\benchmark_runs\language\neuron_search_20260605\manual_self\screen_1024_seed29_real_seq10160_40m_1024_phase_residual_blend_half_neuron\checkpoint.pt,485349202,.pt,heavy_artifact
artifacts\benchmark_runs\language\neuron_search_20260605\manual_self\screen_1024_seed29_real_seq10160_40m_1024_phase_residual_blend_half_neuron\result.json,2188,.json,result_or_document
artifacts\benchmark_runs\language\neuron_search_20260605\manual_self\screen_1024_seed29_real_seq10160_40m_1024_phase_residual_blend_half_neuron\state.json,793,.json,result_or_document
artifacts\benchmark_runs\language\neuron_search_20260605\manual_self\screen_1024_seed29_real_seq10160_40m_1024_phase_residual_blend_normed_neuron\checkpoint.pt,485349202,.pt,heavy_artifact
artifacts\benchmark_runs\language\neuron_search_20260605\manual_self\screen_1024_seed29_real_seq10160_40m_1024_phase_residual_blend_normed_neuron\result.json,2194,.json,result_or_document
artifacts\benchmark_runs\language\neuron_search_20260605\manual_self\screen_1024_seed29_real_seq10160_40m_1024_phase_residual_blend_normed_neuron\state.json,796,.json,result_or_document
artifacts\benchmark_runs\language\neuron_search_20260605\manual_self\screen_1024_seed29_real_seq10160_40m_1024_phase_residual_conv_energy_gate_neuron\checkpoint.pt,485351474,.pt,heavy_artifact
artifacts\benchmark_runs\language\neuron_search_20260605\manual_self\screen_1024_seed29_real_seq10160_40m_1024_phase_residual_conv_energy_gate_neuron\result.json,2203,.json,result_or_document
artifacts\benchmark_runs\language\neuron_search_20260605\manual_self\screen_1024_seed29_real_seq10160_40m_1024_phase_residual_conv_energy_gate_neuron\state.json,802,.json,result_or_document
artifacts\benchmark_runs\language\neuron_search_20260605\manual_self\screen_1024_seed29_real_seq10160_40m_1024_phase_residual_memory_centered_gate_neuron\checkpoint.pt,486951570,.pt,heavy_artifact
artifacts\benchmark_runs\language\neuron_search_20260605\manual_self\screen_1024_seed29_real_seq10160_40m_1024_phase_residual_memory_centered_gate_neuron\result.json,2224,.json,result_or_document
artifacts\benchmark_runs\language\neuron_search_20260605\manual_self\screen_1024_seed29_real_seq10160_40m_1024_phase_residual_memory_centered_gate_neuron\state.json,822,.json,result_or_document
artifacts\benchmark_runs\language\neuron_search_20260605\manual_self\screen_1024_seed29_real_seq10160_40m_1024_phase_residual_memory_gate_neuron\checkpoint.pt,486951506,.pt,heavy_artifact
artifacts\benchmark_runs\language\neuron_search_20260605\manual_self\screen_1024_seed29_real_seq10160_40m_1024_phase_residual_memory_gate_neuron\result.json,2189,.json,result_or_document
artifacts\benchmark_runs\language\neuron_search_20260605\manual_self\screen_1024_seed29_real_seq10160_40m_1024_phase_residual_memory_gate_neuron\state.json,795,.json,result_or_document
artifacts\benchmark_runs\language\neuron_search_20260605\manual_self\screen_1024_seed29_real_seq10160_40m_1024_phase_residual_memory_scalar_centered_gate_neuron\checkpoint.pt,485355666,.pt,heavy_artifact
artifacts\benchmark_runs\language\neuron_search_20260605\manual_self\screen_1024_seed29_real_seq10160_40m_1024_phase_residual_memory_scalar_centered_gate_neuron\result.json,2257,.json,result_or_document
artifacts\benchmark_runs\language\neuron_search_20260605\manual_self\screen_1024_seed29_real_seq10160_40m_1024_phase_residual_memory_scalar_centered_gate_neuron\state.json,845,.json,result_or_document
artifacts\benchmark_runs\language\neuron_search_20260605\manual_self\screen_1024_seed29_real_seq10160_40m_1024_phase_residual_memory_scalar_gate_neuron\checkpoint.pt,485355602,.pt,heavy_artifact
artifacts\benchmark_runs\language\neuron_search_20260605\manual_self\screen_1024_seed29_real_seq10160_40m_1024_phase_residual_memory_scalar_gate_neuron\result.json,2219,.json,result_or_document
artifacts\benchmark_runs\language\neuron_search_20260605\manual_self\screen_1024_seed29_real_seq10160_40m_1024_phase_residual_memory_scalar_gate_neuron\state.json,817,.json,result_or_document
artifacts\benchmark_runs\language\neuron_search_20260605\manual_self\screen_1024_seed29_real_seq10160_40m_1024_rank_competition_memory_centered_gate_neuron\checkpoint.pt,486953842,.pt,heavy_artifact
artifacts\benchmark_runs\language\neuron_search_20260605\manual_self\screen_1024_seed29_real_seq10160_40m_1024_rank_competition_memory_centered_gate_neuron\result.json,2239,.json,result_or_document
artifacts\benchmark_runs\language\neuron_search_20260605\manual_self\screen_1024_seed29_real_seq10160_40m_1024_rank_competition_memory_centered_gate_neuron\state.json,831,.json,result_or_document
artifacts\benchmark_runs\language\neuron_search_20260605\manual_self\screen_1024_seed29_real_seq10160_40m_1024_rank_competition_memory_suppressed_centered_gate_neuron\checkpoint.pt,486953842,.pt,heavy_artifact
artifacts\benchmark_runs\language\neuron_search_20260605\manual_self\screen_1024_seed29_real_seq10160_40m_1024_rank_competition_memory_suppressed_centered_gate_neuron\result.json,2279,.json,result_or_document
artifacts\benchmark_runs\language\neuron_search_20260605\manual_self\screen_1024_seed29_real_seq10160_40m_1024_rank_competition_memory_suppressed_centered_gate_neuron\state.json,862,.json,result_or_document
artifacts\benchmark_runs\language\neuron_search_20260605\manual_self\screen_1024_seed29_real_seq10160_40m_1024_rank_competition_neuron\checkpoint.pt,485324498,.pt,heavy_artifact
artifacts\benchmark_runs\language\neuron_search_20260605\manual_self\screen_1024_seed29_real_seq10160_40m_1024_rank_competition_neuron\result.json,2152,.json,result_or_document
artifacts\benchmark_runs\language\neuron_search_20260605\manual_self\screen_1024_seed29_real_seq10160_40m_1024_rank_competition_neuron\state.json,766,.json,result_or_document
artifacts\benchmark_runs\language\neuron_search_20260605\manual_self\screen_1024_seed29_real_seq10160_40m_1024_ranked_results.json,4814,.json,result_or_document
artifacts\benchmark_runs\language\neuron_search_20260605\manual_self\screen_1024_seed29_real_seq10160_40m_1024_screen_results.json,24816,.json,result_or_document
artifacts\benchmark_runs\language\neuron_search_20260605\manual_self\screen_1024_seed29_real_seq10160_val8_rankcost_1024_v1_baseline\checkpoint.pt,485322226,.pt,heavy_artifact
artifacts\benchmark_runs\language\neuron_search_20260605\manual_self\screen_1024_seed29_real_seq10160_val8_rankcost_1024_v1_baseline\result.json,2155,.json,result_or_document
artifacts\benchmark_runs\language\neuron_search_20260605\manual_self\screen_1024_seed29_real_seq10160_val8_rankcost_1024_v1_baseline\state.json,761,.json,result_or_document
artifacts\benchmark_runs\language\neuron_search_20260605\manual_self\screen_1024_seed29_real_seq10160_val8_rankcost_1024_v1_rank_competition_centered_residual_neuron\checkpoint.pt,485351474,.pt,heavy_artifact
artifacts\benchmark_runs\language\neuron_search_20260605\manual_self\screen_1024_seed29_real_seq10160_val8_rankcost_1024_v1_rank_competition_centered_residual_neuron\result.json,2260,.json,result_or_document
artifacts\benchmark_runs\language\neuron_search_20260605\manual_self\screen_1024_seed29_real_seq10160_val8_rankcost_1024_v1_rank_competition_centered_residual_neuron\state.json,858,.json,result_or_document
artifacts\benchmark_runs\language\neuron_search_20260605\manual_self\screen_1024_seed29_real_seq10160_val8_rankcost_1024_v1_rank_competition_memory_scalar_centered_gate_neuron\checkpoint.pt,485357938,.pt,heavy_artifact
artifacts\benchmark_runs\language\neuron_search_20260605\manual_self\screen_1024_seed29_real_seq10160_val8_rankcost_1024_v1_rank_competition_memory_scalar_centered_gate_neuron\result.json,2305,.json,result_or_document
artifacts\benchmark_runs\language\neuron_search_20260605\manual_self\screen_1024_seed29_real_seq10160_val8_rankcost_1024_v1_rank_competition_memory_scalar_centered_gate_neuron\state.json,891,.json,result_or_document
artifacts\benchmark_runs\language\neuron_search_20260605\manual_self\screen_1024_seed29_real_seq10160_val8_rankcost_1024_v1_ranked_results.json,824,.json,result_or_document
artifacts\benchmark_runs\language\neuron_search_20260605\manual_self\screen_1024_seed29_real_seq10160_val8_rankcost_1024_v1_screen_results.json,6094,.json,result_or_document
artifacts\benchmark_runs\language\neuron_search_20260605\manual_self\screen_1024_seed31_real_seq10160_40m_1024_extra_baseline\checkpoint.pt,485322226,.pt,heavy_artifact
artifacts\benchmark_runs\language\neuron_search_20260605\manual_self\screen_1024_seed31_real_seq10160_40m_1024_extra_baseline\result.json,2135,.json,result_or_document
artifacts\benchmark_runs\language\neuron_search_20260605\manual_self\screen_1024_seed31_real_seq10160_40m_1024_extra_baseline\state.json,740,.json,result_or_document
artifacts\benchmark_runs\language\neuron_search_20260605\manual_self\screen_1024_seed31_real_seq10160_40m_1024_extra_phase_residual_memory_centered_gate_neuron\checkpoint.pt,486951570,.pt,heavy_artifact
artifacts\benchmark_runs\language\neuron_search_20260605\manual_self\screen_1024_seed31_real_seq10160_40m_1024_extra_phase_residual_memory_centered_gate_neuron\result.json,2245,.json,result_or_document
artifacts\benchmark_runs\language\neuron_search_20260605\manual_self\screen_1024_seed31_real_seq10160_40m_1024_extra_phase_residual_memory_centered_gate_neuron\state.json,839,.json,result_or_document
artifacts\benchmark_runs\language\neuron_search_20260605\manual_self\screen_1024_seed31_real_seq10160_40m_1024_extra_phase_residual_memory_gate_neuron\checkpoint.pt,486951570,.pt,heavy_artifact
artifacts\benchmark_runs\language\neuron_search_20260605\manual_self\screen_1024_seed31_real_seq10160_40m_1024_extra_phase_residual_memory_gate_neuron\result.json,2212,.json,result_or_document
artifacts\benchmark_runs\language\neuron_search_20260605\manual_self\screen_1024_seed31_real_seq10160_40m_1024_extra_phase_residual_memory_gate_neuron\state.json,815,.json,result_or_document
artifacts\benchmark_runs\language\neuron_search_20260605\manual_self\screen_1024_seed31_real_seq10160_40m_1024_extra_phase_residual_memory_small_gate_neuron\checkpoint.pt,486951570,.pt,heavy_artifact
artifacts\benchmark_runs\language\neuron_search_20260605\manual_self\screen_1024_seed31_real_seq10160_40m_1024_extra_phase_residual_memory_small_gate_neuron\result.json,2234,.json,result_or_document
artifacts\benchmark_runs\language\neuron_search_20260605\manual_self\screen_1024_seed31_real_seq10160_40m_1024_extra_phase_residual_memory_small_gate_neuron\state.json,831,.json,result_or_document
artifacts\benchmark_runs\language\neuron_search_20260605\manual_self\screen_1024_seed31_real_seq10160_40m_1024_extra_phase_residual_memory_tiny_gate_neuron\checkpoint.pt,486951570,.pt,heavy_artifact
artifacts\benchmark_runs\language\neuron_search_20260605\manual_self\screen_1024_seed31_real_seq10160_40m_1024_extra_phase_residual_memory_tiny_gate_neuron\result.json,2231,.json,result_or_document
artifacts\benchmark_runs\language\neuron_search_20260605\manual_self\screen_1024_seed31_real_seq10160_40m_1024_extra_phase_residual_memory_tiny_gate_neuron\state.json,829,.json,result_or_document
artifacts\benchmark_runs\language\neuron_search_20260605\manual_self\screen_1024_seed31_real_seq10160_40m_1024_extra_phase_residual_memory_zero_mean_gate_neuron\checkpoint.pt,486951570,.pt,heavy_artifact
artifacts\benchmark_runs\language\neuron_search_20260605\manual_self\screen_1024_seed31_real_seq10160_40m_1024_extra_phase_residual_memory_zero_mean_gate_neuron\result.json,2250,.json,result_or_document
artifacts\benchmark_runs\language\neuron_search_20260605\manual_self\screen_1024_seed31_real_seq10160_40m_1024_extra_phase_residual_memory_zero_mean_gate_neuron\state.json,843,.json,result_or_document
artifacts\benchmark_runs\language\neuron_search_20260605\manual_self\screen_1024_seed31_real_seq10160_40m_1024_extra_ranked_results.json,2015,.json,result_or_document
artifacts\benchmark_runs\language\neuron_search_20260605\manual_self\screen_1024_seed31_real_seq10160_40m_1024_extra_screen_results.json,11065,.json,result_or_document
artifacts\benchmark_runs\language\neuron_search_20260605\manual_self\screen_1024_seed31_real_seq10160_val8_fullhybrid_extra_1024_v1_baseline\checkpoint.pt,485322290,.pt,heavy_artifact
artifacts\benchmark_runs\language\neuron_search_20260605\manual_self\screen_1024_seed31_real_seq10160_val8_fullhybrid_extra_1024_v1_baseline\result.json,2179,.json,result_or_document
artifacts\benchmark_runs\language\neuron_search_20260605\manual_self\screen_1024_seed31_real_seq10160_val8_fullhybrid_extra_1024_v1_baseline\state.json,784,.json,result_or_document
artifacts\benchmark_runs\language\neuron_search_20260605\manual_self\screen_1024_seed31_real_seq10160_val8_fullhybrid_extra_1024_v1_rank_competition_memory_centered_gate_neuron\checkpoint.pt,486953842,.pt,heavy_artifact
artifacts\benchmark_runs\language\neuron_search_20260605\manual_self\screen_1024_seed31_real_seq10160_val8_fullhybrid_extra_1024_v1_rank_competition_memory_centered_gate_neuron\result.json,2299,.json,result_or_document
artifacts\benchmark_runs\language\neuron_search_20260605\manual_self\screen_1024_seed31_real_seq10160_val8_fullhybrid_extra_1024_v1_rank_competition_memory_centered_gate_neuron\state.json,893,.json,result_or_document
artifacts\benchmark_runs\language\neuron_search_20260605\manual_self\screen_1024_seed31_real_seq10160_val8_fullhybrid_extra_1024_v1_ranked_results.json,411,.json,result_or_document
artifacts\benchmark_runs\language\neuron_search_20260605\manual_self\screen_1024_seed31_real_seq10160_val8_fullhybrid_extra_1024_v1_screen_results.json,4051,.json,result_or_document
artifacts\benchmark_runs\language\neuron_search_20260605\manual_self\screen_1024_seed31_real_seq10160_val8_seed31_competition_masks_1024_v1_baseline\checkpoint.pt,485322290,.pt,heavy_artifact
artifacts\benchmark_runs\language\neuron_search_20260605\manual_self\screen_1024_seed31_real_seq10160_val8_seed31_competition_masks_1024_v1_baseline\result.json,2202,.json,result_or_document
artifacts\benchmark_runs\language\neuron_search_20260605\manual_self\screen_1024_seed31_real_seq10160_val8_seed31_competition_masks_1024_v1_baseline\state.json,808,.json,result_or_document
artifacts\benchmark_runs\language\neuron_search_20260605\manual_self\screen_1024_seed31_real_seq10160_val8_seed31_competition_masks_1024_v1_rank_competition_memory_suppressed_centered_gate_neuron\checkpoint.pt,486953906,.pt,heavy_artifact
artifacts\benchmark_runs\language\neuron_search_20260605\manual_self\screen_1024_seed31_real_seq10160_val8_seed31_competition_masks_1024_v1_rank_competition_memory_suppressed_centered_gate_neuron\result.json,2367,.json,result_or_document
artifacts\benchmark_runs\language\neuron_search_20260605\manual_self\screen_1024_seed31_real_seq10160_val8_seed31_competition_masks_1024_v1_rank_competition_memory_suppressed_centered_gate_neuron\state.json,949,.json,result_or_document
artifacts\benchmark_runs\language\neuron_search_20260605\manual_self\screen_1024_seed31_real_seq10160_val8_seed31_competition_masks_1024_v1_rank_competition_memory_uncertainty_centered_gate_neuron\checkpoint.pt,486953906,.pt,heavy_artifact
artifacts\benchmark_runs\language\neuron_search_20260605\manual_self\screen_1024_seed31_real_seq10160_val8_seed31_competition_masks_1024_v1_rank_competition_memory_uncertainty_centered_gate_neuron\result.json,2373,.json,result_or_document
artifacts\benchmark_runs\language\neuron_search_20260605\manual_self\screen_1024_seed31_real_seq10160_val8_seed31_competition_masks_1024_v1_rank_competition_memory_uncertainty_centered_gate_neuron\state.json,953,.json,result_or_document
artifacts\benchmark_runs\language\neuron_search_20260605\manual_self\screen_1024_seed31_real_seq10160_val8_seed31_competition_masks_1024_v1_rank_competition_memory_within_group_centered_gate_neuron\checkpoint.pt,486953906,.pt,heavy_artifact
artifacts\benchmark_runs\language\neuron_search_20260605\manual_self\screen_1024_seed31_real_seq10160_val8_seed31_competition_masks_1024_v1_rank_competition_memory_within_group_centered_gate_neuron\result.json,2373,.json,result_or_document
artifacts\benchmark_runs\language\neuron_search_20260605\manual_self\screen_1024_seed31_real_seq10160_val8_seed31_competition_masks_1024_v1_rank_competition_memory_within_group_centered_gate_neuron\state.json,954,.json,result_or_document
artifacts\benchmark_runs\language\neuron_search_20260605\manual_self\screen_1024_seed31_real_seq10160_val8_seed31_competition_masks_1024_v1_ranked_results.json,1265,.json,result_or_document
artifacts\benchmark_runs\language\neuron_search_20260605\manual_self\screen_1024_seed31_real_seq10160_val8_seed31_competition_masks_1024_v1_screen_results.json,8658,.json,result_or_document
artifacts\benchmark_runs\language\neuron_search_20260605\manual_self\screen_1024_seed31_real_seq10160_val8_seed31_hidden_drop_endpoint_1024_v1_baseline\checkpoint.pt,485322290,.pt,heavy_artifact
artifacts\benchmark_runs\language\neuron_search_20260605\manual_self\screen_1024_seed31_real_seq10160_val8_seed31_hidden_drop_endpoint_1024_v1_baseline\result.json,2212,.json,result_or_document
artifacts\benchmark_runs\language\neuron_search_20260605\manual_self\screen_1024_seed31_real_seq10160_val8_seed31_hidden_drop_endpoint_1024_v1_baseline\state.json,818,.json,result_or_document
artifacts\benchmark_runs\language\neuron_search_20260605\manual_self\screen_1024_seed31_real_seq10160_val8_seed31_hidden_drop_endpoint_1024_v1_hidden_drop_extreme_square_neuron\checkpoint.pt,485322354,.pt,heavy_artifact
artifacts\benchmark_runs\language\neuron_search_20260605\manual_self\screen_1024_seed31_real_seq10160_val8_seed31_hidden_drop_endpoint_1024_v1_hidden_drop_extreme_square_neuron\result.json,2287,.json,result_or_document
artifacts\benchmark_runs\language\neuron_search_20260605\manual_self\screen_1024_seed31_real_seq10160_val8_seed31_hidden_drop_endpoint_1024_v1_hidden_drop_extreme_square_neuron\state.json,890,.json,result_or_document
artifacts\benchmark_runs\language\neuron_search_20260605\manual_self\screen_1024_seed31_real_seq10160_val8_seed31_hidden_drop_endpoint_1024_v1_hidden_drop_ultra_square_neuron\checkpoint.pt,485322354,.pt,heavy_artifact
artifacts\benchmark_runs\language\neuron_search_20260605\manual_self\screen_1024_seed31_real_seq10160_val8_seed31_hidden_drop_endpoint_1024_v1_hidden_drop_ultra_square_neuron\result.json,2281,.json,result_or_document
artifacts\benchmark_runs\language\neuron_search_20260605\manual_self\screen_1024_seed31_real_seq10160_val8_seed31_hidden_drop_endpoint_1024_v1_hidden_drop_ultra_square_neuron\state.json,887,.json,result_or_document
artifacts\benchmark_runs\language\neuron_search_20260605\manual_self\screen_1024_seed31_real_seq10160_val8_seed31_hidden_drop_endpoint_1024_v1_ranked_results.json,786,.json,result_or_document
artifacts\benchmark_runs\language\neuron_search_20260605\manual_self\screen_1024_seed31_real_seq10160_val8_seed31_hidden_drop_endpoint_1024_v1_screen_results.json,6128,.json,result_or_document
artifacts\benchmark_runs\language\neuron_search_20260605\manual_self\screen_1024_seed31_real_seq10160_val8_seed31_hidden_drop_p25_p30_1024_v1_baseline\checkpoint.pt,485322290,.pt,heavy_artifact
artifacts\benchmark_runs\language\neuron_search_20260605\manual_self\screen_1024_seed31_real_seq10160_val8_seed31_hidden_drop_p25_p30_1024_v1_baseline\result.json,2208,.json,result_or_document
artifacts\benchmark_runs\language\neuron_search_20260605\manual_self\screen_1024_seed31_real_seq10160_val8_seed31_hidden_drop_p25_p30_1024_v1_baseline\state.json,815,.json,result_or_document
artifacts\benchmark_runs\language\neuron_search_20260605\manual_self\screen_1024_seed31_real_seq10160_val8_seed31_hidden_drop_p25_p30_1024_v1_hidden_drop_p25_square_neuron\checkpoint.pt,485322354,.pt,heavy_artifact
artifacts\benchmark_runs\language\neuron_search_20260605\manual_self\screen_1024_seed31_real_seq10160_val8_seed31_hidden_drop_p25_p30_1024_v1_hidden_drop_p25_square_neuron\result.json,2271,.json,result_or_document
artifacts\benchmark_runs\language\neuron_search_20260605\manual_self\screen_1024_seed31_real_seq10160_val8_seed31_hidden_drop_p25_p30_1024_v1_hidden_drop_p25_square_neuron\state.json,878,.json,result_or_document
artifacts\benchmark_runs\language\neuron_search_20260605\manual_self\screen_1024_seed31_real_seq10160_val8_seed31_hidden_drop_p25_p30_1024_v1_hidden_drop_p30_square_neuron\checkpoint.pt,485322354,.pt,heavy_artifact
artifacts\benchmark_runs\language\neuron_search_20260605\manual_self\screen_1024_seed31_real_seq10160_val8_seed31_hidden_drop_p25_p30_1024_v1_hidden_drop_p30_square_neuron\result.json,2265,.json,result_or_document
artifacts\benchmark_runs\language\neuron_search_20260605\manual_self\screen_1024_seed31_real_seq10160_val8_seed31_hidden_drop_p25_p30_1024_v1_hidden_drop_p30_square_neuron\state.json,875,.json,result_or_document
artifacts\benchmark_runs\language\neuron_search_20260605\manual_self\screen_1024_seed31_real_seq10160_val8_seed31_hidden_drop_p25_p30_1024_v1_ranked_results.json,781,.json,result_or_document
artifacts\benchmark_runs\language\neuron_search_20260605\manual_self\screen_1024_seed31_real_seq10160_val8_seed31_hidden_drop_p25_p30_1024_v1_screen_results.json,6073,.json,result_or_document
artifacts\benchmark_runs\language\neuron_search_20260605\manual_self\screen_1024_seed31_real_seq10160_val8_seed31_hidden_drop_p35_p40_1024_v1_baseline\checkpoint.pt,485322290,.pt,heavy_artifact
artifacts\benchmark_runs\language\neuron_search_20260605\manual_self\screen_1024_seed31_real_seq10160_val8_seed31_hidden_drop_p35_p40_1024_v1_baseline\result.json,2210,.json,result_or_document
artifacts\benchmark_runs\language\neuron_search_20260605\manual_self\screen_1024_seed31_real_seq10160_val8_seed31_hidden_drop_p35_p40_1024_v1_baseline\state.json,815,.json,result_or_document
artifacts\benchmark_runs\language\neuron_search_20260605\manual_self\screen_1024_seed31_real_seq10160_val8_seed31_hidden_drop_p35_p40_1024_v1_hidden_drop_p35_square_neuron\checkpoint.pt,485322354,.pt,heavy_artifact
artifacts\benchmark_runs\language\neuron_search_20260605\manual_self\screen_1024_seed31_real_seq10160_val8_seed31_hidden_drop_p35_p40_1024_v1_hidden_drop_p35_square_neuron\result.json,2271,.json,result_or_document
artifacts\benchmark_runs\language\neuron_search_20260605\manual_self\screen_1024_seed31_real_seq10160_val8_seed31_hidden_drop_p35_p40_1024_v1_hidden_drop_p35_square_neuron\state.json,878,.json,result_or_document
artifacts\benchmark_runs\language\neuron_search_20260605\manual_self\screen_1024_seed31_real_seq10160_val8_seed31_hidden_drop_p35_p40_1024_v1_hidden_drop_p40_square_neuron\checkpoint.pt,485322354,.pt,heavy_artifact
artifacts\benchmark_runs\language\neuron_search_20260605\manual_self\screen_1024_seed31_real_seq10160_val8_seed31_hidden_drop_p35_p40_1024_v1_hidden_drop_p40_square_neuron\result.json,2269,.json,result_or_document
artifacts\benchmark_runs\language\neuron_search_20260605\manual_self\screen_1024_seed31_real_seq10160_val8_seed31_hidden_drop_p35_p40_1024_v1_hidden_drop_p40_square_neuron\state.json,876,.json,result_or_document
artifacts\benchmark_runs\language\neuron_search_20260605\manual_self\screen_1024_seed31_real_seq10160_val8_seed31_hidden_drop_p35_p40_1024_v1_ranked_results.json,783,.json,result_or_document
artifacts\benchmark_runs\language\neuron_search_20260605\manual_self\screen_1024_seed31_real_seq10160_val8_seed31_hidden_drop_p35_p40_1024_v1_screen_results.json,6075,.json,result_or_document
artifacts\benchmark_runs\language\neuron_search_20260605\manual_self\screen_1024_seed31_real_seq10160_val8_seed31_hidden_drop_strength_1024_v1_baseline\checkpoint.pt,485322290,.pt,heavy_artifact
artifacts\benchmark_runs\language\neuron_search_20260605\manual_self\screen_1024_seed31_real_seq10160_val8_seed31_hidden_drop_strength_1024_v1_baseline\result.json,2213,.json,result_or_document
artifacts\benchmark_runs\language\neuron_search_20260605\manual_self\screen_1024_seed31_real_seq10160_val8_seed31_hidden_drop_strength_1024_v1_baseline\state.json,818,.json,result_or_document
artifacts\benchmark_runs\language\neuron_search_20260605\manual_self\screen_1024_seed31_real_seq10160_val8_seed31_hidden_drop_strength_1024_v1_hidden_drop_high_square_neuron\checkpoint.pt,485322354,.pt,heavy_artifact
artifacts\benchmark_runs\language\neuron_search_20260605\manual_self\screen_1024_seed31_real_seq10160_val8_seed31_hidden_drop_strength_1024_v1_hidden_drop_high_square_neuron\result.json,2278,.json,result_or_document
artifacts\benchmark_runs\language\neuron_search_20260605\manual_self\screen_1024_seed31_real_seq10160_val8_seed31_hidden_drop_strength_1024_v1_hidden_drop_high_square_neuron\state.json,883,.json,result_or_document
artifacts\benchmark_runs\language\neuron_search_20260605\manual_self\screen_1024_seed31_real_seq10160_val8_seed31_hidden_drop_strength_1024_v1_hidden_drop_mid_square_neuron\checkpoint.pt,485322354,.pt,heavy_artifact
artifacts\benchmark_runs\language\neuron_search_20260605\manual_self\screen_1024_seed31_real_seq10160_val8_seed31_hidden_drop_strength_1024_v1_hidden_drop_mid_square_neuron\result.json,2272,.json,result_or_document
artifacts\benchmark_runs\language\neuron_search_20260605\manual_self\screen_1024_seed31_real_seq10160_val8_seed31_hidden_drop_strength_1024_v1_hidden_drop_mid_square_neuron\state.json,880,.json,result_or_document
artifacts\benchmark_runs\language\neuron_search_20260605\manual_self\screen_1024_seed31_real_seq10160_val8_seed31_hidden_drop_strength_1024_v1_memory_energy_drop_square_neuron\checkpoint.pt,485322354,.pt,heavy_artifact
artifacts\benchmark_runs\language\neuron_search_20260605\manual_self\screen_1024_seed31_real_seq10160_val8_seed31_hidden_drop_strength_1024_v1_memory_energy_drop_square_neuron\result.json,2282,.json,result_or_document
artifacts\benchmark_runs\language\neuron_search_20260605\manual_self\screen_1024_seed31_real_seq10160_val8_seed31_hidden_drop_strength_1024_v1_memory_energy_drop_square_neuron\state.json,886,.json,result_or_document
artifacts\benchmark_runs\language\neuron_search_20260605\manual_self\screen_1024_seed31_real_seq10160_val8_seed31_hidden_drop_strength_1024_v1_ranked_results.json,1174,.json,result_or_document
artifacts\benchmark_runs\language\neuron_search_20260605\manual_self\screen_1024_seed31_real_seq10160_val8_seed31_hidden_drop_strength_1024_v1_screen_results.json,8164,.json,result_or_document
artifacts\benchmark_runs\language\neuron_search_20260605\manual_self\screen_1024_seed31_real_seq10160_val8_seed31_hidden_regularizer_1024_v1_baseline\checkpoint.pt,485322290,.pt,heavy_artifact
artifacts\benchmark_runs\language\neuron_search_20260605\manual_self\screen_1024_seed31_real_seq10160_val8_seed31_hidden_regularizer_1024_v1_baseline\result.json,2207,.json,result_or_document
artifacts\benchmark_runs\language\neuron_search_20260605\manual_self\screen_1024_seed31_real_seq10160_val8_seed31_hidden_regularizer_1024_v1_baseline\state.json,812,.json,result_or_document
artifacts\benchmark_runs\language\neuron_search_20260605\manual_self\screen_1024_seed31_real_seq10160_val8_seed31_hidden_regularizer_1024_v1_channel_drop_square_neuron\checkpoint.pt,485322290,.pt,heavy_artifact
artifacts\benchmark_runs\language\neuron_search_20260605\manual_self\screen_1024_seed31_real_seq10160_val8_seed31_hidden_regularizer_1024_v1_channel_drop_square_neuron\result.json,2254,.json,result_or_document
artifacts\benchmark_runs\language\neuron_search_20260605\manual_self\screen_1024_seed31_real_seq10160_val8_seed31_hidden_regularizer_1024_v1_channel_drop_square_neuron\state.json,865,.json,result_or_document
artifacts\benchmark_runs\language\neuron_search_20260605\manual_self\screen_1024_seed31_real_seq10160_val8_seed31_hidden_regularizer_1024_v1_hidden_drop_low_square_neuron\checkpoint.pt,485322354,.pt,heavy_artifact
artifacts\benchmark_runs\language\neuron_search_20260605\manual_self\screen_1024_seed31_real_seq10160_val8_seed31_hidden_regularizer_1024_v1_hidden_drop_low_square_neuron\result.json,2261,.json,result_or_document
artifacts\benchmark_runs\language\neuron_search_20260605\manual_self\screen_1024_seed31_real_seq10160_val8_seed31_hidden_regularizer_1024_v1_hidden_drop_low_square_neuron\state.json,871,.json,result_or_document
artifacts\benchmark_runs\language\neuron_search_20260605\manual_self\screen_1024_seed31_real_seq10160_val8_seed31_hidden_regularizer_1024_v1_hidden_drop_square_neuron\checkpoint.pt,485322290,.pt,heavy_artifact
artifacts\benchmark_runs\language\neuron_search_20260605\manual_self\screen_1024_seed31_real_seq10160_val8_seed31_hidden_regularizer_1024_v1_hidden_drop_square_neuron\result.json,2252,.json,result_or_document
artifacts\benchmark_runs\language\neuron_search_20260605\manual_self\screen_1024_seed31_real_seq10160_val8_seed31_hidden_regularizer_1024_v1_hidden_drop_square_neuron\state.json,863,.json,result_or_document
artifacts\benchmark_runs\language\neuron_search_20260605\manual_self\screen_1024_seed31_real_seq10160_val8_seed31_hidden_regularizer_1024_v1_rank_competition_fixed_feather_channel_drop_neuron\checkpoint.pt,485323002,.pt,heavy_artifact
artifacts\benchmark_runs\language\neuron_search_20260605\manual_self\screen_1024_seed31_real_seq10160_val8_seed31_hidden_regularizer_1024_v1_rank_competition_fixed_feather_channel_drop_neuron\result.json,2350,.json,result_or_document
artifacts\benchmark_runs\language\neuron_search_20260605\manual_self\screen_1024_seed31_real_seq10160_val8_seed31_hidden_regularizer_1024_v1_rank_competition_fixed_feather_channel_drop_neuron\state.json,936,.json,result_or_document
artifacts\benchmark_runs\language\neuron_search_20260605\manual_self\screen_1024_seed31_real_seq10160_val8_seed31_hidden_regularizer_1024_v1_rank_competition_fixed_feather_hidden_drop_neuron\checkpoint.pt,485323002,.pt,heavy_artifact
artifacts\benchmark_runs\language\neuron_search_20260605\manual_self\screen_1024_seed31_real_seq10160_val8_seed31_hidden_regularizer_1024_v1_rank_competition_fixed_feather_hidden_drop_neuron\result.json,2347,.json,result_or_document
artifacts\benchmark_runs\language\neuron_search_20260605\manual_self\screen_1024_seed31_real_seq10160_val8_seed31_hidden_regularizer_1024_v1_rank_competition_fixed_feather_hidden_drop_neuron\state.json,934,.json,result_or_document
artifacts\benchmark_runs\language\neuron_search_20260605\manual_self\screen_1024_seed31_real_seq10160_val8_seed31_hidden_regularizer_1024_v1_ranked_results.json,1978,.json,result_or_document
artifacts\benchmark_runs\language\neuron_search_20260605\manual_self\screen_1024_seed31_real_seq10160_val8_seed31_hidden_regularizer_1024_v1_screen_results.json,12430,.json,result_or_document
artifacts\benchmark_runs\language\neuron_search_20260605\manual_self\screen_1024_seed31_real_seq10160_val8_seed31_rank_pressure_1024_v1_baseline\checkpoint.pt,485322290,.pt,heavy_artifact
artifacts\benchmark_runs\language\neuron_search_20260605\manual_self\screen_1024_seed31_real_seq10160_val8_seed31_rank_pressure_1024_v1_baseline\result.json,2192,.json,result_or_document
artifacts\benchmark_runs\language\neuron_search_20260605\manual_self\screen_1024_seed31_real_seq10160_val8_seed31_rank_pressure_1024_v1_baseline\state.json,797,.json,result_or_document
artifacts\benchmark_runs\language\neuron_search_20260605\manual_self\screen_1024_seed31_real_seq10160_val8_seed31_rank_pressure_1024_v1_rank_competition_mild_centered_residual_neuron\checkpoint.pt,485351538,.pt,heavy_artifact
artifacts\benchmark_runs\language\neuron_search_20260605\manual_self\screen_1024_seed31_real_seq10160_val8_seed31_rank_pressure_1024_v1_rank_competition_mild_centered_residual_neuron\result.json,2317,.json,result_or_document
artifacts\benchmark_runs\language\neuron_search_20260605\manual_self\screen_1024_seed31_real_seq10160_val8_seed31_rank_pressure_1024_v1_rank_competition_mild_centered_residual_neuron\state.json,910,.json,result_or_document
artifacts\benchmark_runs\language\neuron_search_20260605\manual_self\screen_1024_seed31_real_seq10160_val8_seed31_rank_pressure_1024_v1_rank_competition_mild_neuron\checkpoint.pt,485324562,.pt,heavy_artifact
artifacts\benchmark_runs\language\neuron_search_20260605\manual_self\screen_1024_seed31_real_seq10160_val8_seed31_rank_pressure_1024_v1_rank_competition_mild_neuron\result.json,2249,.json,result_or_document
artifacts\benchmark_runs\language\neuron_search_20260605\manual_self\screen_1024_seed31_real_seq10160_val8_seed31_rank_pressure_1024_v1_rank_competition_mild_neuron\state.json,857,.json,result_or_document
artifacts\benchmark_runs\language\neuron_search_20260605\manual_self\screen_1024_seed31_real_seq10160_val8_seed31_rank_pressure_1024_v1_rank_competition_soft_centered_residual_neuron\checkpoint.pt,485351538,.pt,heavy_artifact
artifacts\benchmark_runs\language\neuron_search_20260605\manual_self\screen_1024_seed31_real_seq10160_val8_seed31_rank_pressure_1024_v1_rank_competition_soft_centered_residual_neuron\result.json,2318,.json,result_or_document
artifacts\benchmark_runs\language\neuron_search_20260605\manual_self\screen_1024_seed31_real_seq10160_val8_seed31_rank_pressure_1024_v1_rank_competition_soft_centered_residual_neuron\state.json,909,.json,result_or_document
artifacts\benchmark_runs\language\neuron_search_20260605\manual_self\screen_1024_seed31_real_seq10160_val8_seed31_rank_pressure_1024_v1_rank_competition_soft_neuron\checkpoint.pt,485324562,.pt,heavy_artifact
artifacts\benchmark_runs\language\neuron_search_20260605\manual_self\screen_1024_seed31_real_seq10160_val8_seed31_rank_pressure_1024_v1_rank_competition_soft_neuron\result.json,2240,.json,result_or_document
artifacts\benchmark_runs\language\neuron_search_20260605\manual_self\screen_1024_seed31_real_seq10160_val8_seed31_rank_pressure_1024_v1_rank_competition_soft_neuron\state.json,849,.json,result_or_document
artifacts\benchmark_runs\language\neuron_search_20260605\manual_self\screen_1024_seed31_real_seq10160_val8_seed31_rank_pressure_1024_v1_ranked_results.json,1597,.json,result_or_document
artifacts\benchmark_runs\language\neuron_search_20260605\manual_self\screen_1024_seed31_real_seq10160_val8_seed31_rank_pressure_1024_v1_screen_results.json,10269,.json,result_or_document
artifacts\benchmark_runs\language\neuron_search_20260605\manual_self\screen_1024_seed31_real_seq10160_val8_seed31_rank_pressure_fixed_1024_v1_baseline\checkpoint.pt,485322290,.pt,heavy_artifact
artifacts\benchmark_runs\language\neuron_search_20260605\manual_self\screen_1024_seed31_real_seq10160_val8_seed31_rank_pressure_fixed_1024_v1_baseline\result.json,2210,.json,result_or_document
artifacts\benchmark_runs\language\neuron_search_20260605\manual_self\screen_1024_seed31_real_seq10160_val8_seed31_rank_pressure_fixed_1024_v1_baseline\state.json,815,.json,result_or_document
artifacts\benchmark_runs\language\neuron_search_20260605\manual_self\screen_1024_seed31_real_seq10160_val8_seed31_rank_pressure_fixed_1024_v1_rank_competition_fixed_dust_neuron\checkpoint.pt,485322938,.pt,heavy_artifact
artifacts\benchmark_runs\language\neuron_search_20260605\manual_self\screen_1024_seed31_real_seq10160_val8_seed31_rank_pressure_fixed_1024_v1_rank_competition_fixed_dust_neuron\result.json,2289,.json,result_or_document
artifacts\benchmark_runs\language\neuron_search_20260605\manual_self\screen_1024_seed31_real_seq10160_val8_seed31_rank_pressure_fixed_1024_v1_rank_competition_fixed_dust_neuron\state.json,891,.json,result_or_document
artifacts\benchmark_runs\language\neuron_search_20260605\manual_self\screen_1024_seed31_real_seq10160_val8_seed31_rank_pressure_fixed_1024_v1_rank_competition_fixed_feather_neuron\checkpoint.pt,485322938,.pt,heavy_artifact
artifacts\benchmark_runs\language\neuron_search_20260605\manual_self\screen_1024_seed31_real_seq10160_val8_seed31_rank_pressure_fixed_1024_v1_rank_competition_fixed_feather_neuron\result.json,2301,.json,result_or_document
artifacts\benchmark_runs\language\neuron_search_20260605\manual_self\screen_1024_seed31_real_seq10160_val8_seed31_rank_pressure_fixed_1024_v1_rank_competition_fixed_feather_neuron\state.json,902,.json,result_or_document
artifacts\benchmark_runs\language\neuron_search_20260605\manual_self\screen_1024_seed31_real_seq10160_val8_seed31_rank_pressure_fixed_1024_v1_rank_competition_fixed_trace_neuron\checkpoint.pt,485322938,.pt,heavy_artifact
artifacts\benchmark_runs\language\neuron_search_20260605\manual_self\screen_1024_seed31_real_seq10160_val8_seed31_rank_pressure_fixed_1024_v1_rank_competition_fixed_trace_neuron\result.json,2292,.json,result_or_document
artifacts\benchmark_runs\language\neuron_search_20260605\manual_self\screen_1024_seed31_real_seq10160_val8_seed31_rank_pressure_fixed_1024_v1_rank_competition_fixed_trace_neuron\state.json,895,.json,result_or_document
artifacts\benchmark_runs\language\neuron_search_20260605\manual_self\screen_1024_seed31_real_seq10160_val8_seed31_rank_pressure_fixed_1024_v1_ranked_results.json,1192,.json,result_or_document
artifacts\benchmark_runs\language\neuron_search_20260605\manual_self\screen_1024_seed31_real_seq10160_val8_seed31_rank_pressure_fixed_1024_v1_screen_results.json,8257,.json,result_or_document
artifacts\benchmark_runs\language\neuron_search_20260605\manual_self\screen_1024_seed31_real_seq10160_val8_seed31_rank_pressure_ultrasoft_1024_v1_baseline\checkpoint.pt,485322290,.pt,heavy_artifact
artifacts\benchmark_runs\language\neuron_search_20260605\manual_self\screen_1024_seed31_real_seq10160_val8_seed31_rank_pressure_ultrasoft_1024_v1_baseline\result.json,2221,.json,result_or_document
artifacts\benchmark_runs\language\neuron_search_20260605\manual_self\screen_1024_seed31_real_seq10160_val8_seed31_rank_pressure_ultrasoft_1024_v1_baseline\state.json,827,.json,result_or_document
artifacts\benchmark_runs\language\neuron_search_20260605\manual_self\screen_1024_seed31_real_seq10160_val8_seed31_rank_pressure_ultrasoft_1024_v1_rank_competition_feather_neuron\checkpoint.pt,485324562,.pt,heavy_artifact
artifacts\benchmark_runs\language\neuron_search_20260605\manual_self\screen_1024_seed31_real_seq10160_val8_seed31_rank_pressure_ultrasoft_1024_v1_rank_competition_feather_neuron\result.json,2283,.json,result_or_document
artifacts\benchmark_runs\language\neuron_search_20260605\manual_self\screen_1024_seed31_real_seq10160_val8_seed31_rank_pressure_ultrasoft_1024_v1_rank_competition_feather_neuron\state.json,888,.json,result_or_document
artifacts\benchmark_runs\language\neuron_search_20260605\manual_self\screen_1024_seed31_real_seq10160_val8_seed31_rank_pressure_ultrasoft_1024_v1_rank_competition_ultrasoft_neuron\checkpoint.pt,485324626,.pt,heavy_artifact
artifacts\benchmark_runs\language\neuron_search_20260605\manual_self\screen_1024_seed31_real_seq10160_val8_seed31_rank_pressure_ultrasoft_1024_v1_rank_competition_ultrasoft_neuron\result.json,2301,.json,result_or_document
artifacts\benchmark_runs\language\neuron_search_20260605\manual_self\screen_1024_seed31_real_seq10160_val8_seed31_rank_pressure_ultrasoft_1024_v1_rank_competition_ultrasoft_neuron\state.json,903,.json,result_or_document
artifacts\benchmark_runs\language\neuron_search_20260605\manual_self\screen_1024_seed31_real_seq10160_val8_seed31_rank_pressure_ultrasoft_1024_v1_ranked_results.json,791,.json,result_or_document
artifacts\benchmark_runs\language\neuron_search_20260605\manual_self\screen_1024_seed31_real_seq10160_val8_seed31_rank_pressure_ultrasoft_1024_v1_screen_results.json,6159,.json,result_or_document
artifacts\benchmark_runs\language\neuron_search_20260605\manual_self\screen_1024_seed31_real_seq10160_val8_seed31_regularized_1024_v1_baseline\checkpoint.pt,485322290,.pt,heavy_artifact
artifacts\benchmark_runs\language\neuron_search_20260605\manual_self\screen_1024_seed31_real_seq10160_val8_seed31_regularized_1024_v1_baseline\result.json,2185,.json,result_or_document
artifacts\benchmark_runs\language\neuron_search_20260605\manual_self\screen_1024_seed31_real_seq10160_val8_seed31_regularized_1024_v1_baseline\state.json,790,.json,result_or_document
artifacts\benchmark_runs\language\neuron_search_20260605\manual_self\screen_1024_seed31_real_seq10160_val8_seed31_regularized_1024_v1_rank_competition_memory_normed_centered_gate_neuron\checkpoint.pt,486953906,.pt,heavy_artifact
artifacts\benchmark_runs\language\neuron_search_20260605\manual_self\screen_1024_seed31_real_seq10160_val8_seed31_regularized_1024_v1_rank_competition_memory_normed_centered_gate_neuron\result.json,2333,.json,result_or_document
artifacts\benchmark_runs\language\neuron_search_20260605\manual_self\screen_1024_seed31_real_seq10160_val8_seed31_regularized_1024_v1_rank_competition_memory_normed_centered_gate_neuron\state.json,918,.json,result_or_document
artifacts\benchmark_runs\language\neuron_search_20260605\manual_self\screen_1024_seed31_real_seq10160_val8_seed31_regularized_1024_v1_rank_competition_memory_small_centered_gate_neuron\checkpoint.pt,486953906,.pt,heavy_artifact
artifacts\benchmark_runs\language\neuron_search_20260605\manual_self\screen_1024_seed31_real_seq10160_val8_seed31_regularized_1024_v1_rank_competition_memory_small_centered_gate_neuron\result.json,2330,.json,result_or_document
artifacts\benchmark_runs\language\neuron_search_20260605\manual_self\screen_1024_seed31_real_seq10160_val8_seed31_regularized_1024_v1_rank_competition_memory_small_centered_gate_neuron\state.json,917,.json,result_or_document
artifacts\benchmark_runs\language\neuron_search_20260605\manual_self\screen_1024_seed31_real_seq10160_val8_seed31_regularized_1024_v1_ranked_results.json,832,.json,result_or_document
artifacts\benchmark_runs\language\neuron_search_20260605\manual_self\screen_1024_seed31_real_seq10160_val8_seed31_regularized_1024_v1_screen_results.json,6279,.json,result_or_document
artifacts\benchmark_runs\language\neuron_search_20260605\manual_self\screen_1024_seed31_real_seq10160_val8_seed31_suppressed_guarded_1024_v1_baseline\checkpoint.pt,485322290,.pt,heavy_artifact
artifacts\benchmark_runs\language\neuron_search_20260605\manual_self\screen_1024_seed31_real_seq10160_val8_seed31_suppressed_guarded_1024_v1_baseline\result.json,2207,.json,result_or_document
artifacts\benchmark_runs\language\neuron_search_20260605\manual_self\screen_1024_seed31_real_seq10160_val8_seed31_suppressed_guarded_1024_v1_baseline\state.json,812,.json,result_or_document
artifacts\benchmark_runs\language\neuron_search_20260605\manual_self\screen_1024_seed31_real_seq10160_val8_seed31_suppressed_guarded_1024_v1_rank_competition_memory_suppressed_aux_head_centered_gate_neuron\checkpoint.pt,499541618,.pt,heavy_artifact
artifacts\benchmark_runs\language\neuron_search_20260605\manual_self\screen_1024_seed31_real_seq10160_val8_seed31_suppressed_guarded_1024_v1_rank_competition_memory_suppressed_aux_head_centered_gate_neuron\result.json,2406,.json,result_or_document
artifacts\benchmark_runs\language\neuron_search_20260605\manual_self\screen_1024_seed31_real_seq10160_val8_seed31_suppressed_guarded_1024_v1_rank_competition_memory_suppressed_aux_head_centered_gate_neuron\state.json,977,.json,result_or_document
artifacts\benchmark_runs\language\neuron_search_20260605\manual_self\screen_1024_seed31_real_seq10160_val8_seed31_suppressed_guarded_1024_v1_rank_competition_memory_suppressed_energy_matched_centered_gate_neuron\checkpoint.pt,486953970,.pt,heavy_artifact
artifacts\benchmark_runs\language\neuron_search_20260605\manual_self\screen_1024_seed31_real_seq10160_val8_seed31_suppressed_guarded_1024_v1_rank_competition_memory_suppressed_energy_matched_centered_gate_neuron\result.json,2431,.json,result_or_document
artifacts\benchmark_runs\language\neuron_search_20260605\manual_self\screen_1024_seed31_real_seq10160_val8_seed31_suppressed_guarded_1024_v1_rank_competition_memory_suppressed_energy_matched_centered_gate_neuron\state.json,998,.json,result_or_document
artifacts\benchmark_runs\language\neuron_search_20260605\manual_self\screen_1024_seed31_real_seq10160_val8_seed31_suppressed_guarded_1024_v1_rank_competition_memory_suppressed_stopgrad_mask_centered_gate_neuron\checkpoint.pt,486953970,.pt,heavy_artifact
artifacts\benchmark_runs\language\neuron_search_20260605\manual_self\screen_1024_seed31_real_seq10160_val8_seed31_suppressed_guarded_1024_v1_rank_competition_memory_suppressed_stopgrad_mask_centered_gate_neuron\result.json,2427,.json,result_or_document
artifacts\benchmark_runs\language\neuron_search_20260605\manual_self\screen_1024_seed31_real_seq10160_val8_seed31_suppressed_guarded_1024_v1_rank_competition_memory_suppressed_stopgrad_mask_centered_gate_neuron\state.json,994,.json,result_or_document
artifacts\benchmark_runs\language\neuron_search_20260605\manual_self\screen_1024_seed31_real_seq10160_val8_seed31_suppressed_guarded_1024_v1_ranked_results.json,1300,.json,result_or_document
artifacts\benchmark_runs\language\neuron_search_20260605\manual_self\screen_1024_seed31_real_seq10160_val8_seed31_suppressed_guarded_1024_v1_screen_results.json,8919,.json,result_or_document
artifacts\benchmark_runs\language\neuron_search_20260605\manual_self\screen_1024_seed31_real_seq10160_val8_seed31_suppressed_stable_1024_v1_baseline\checkpoint.pt,485322290,.pt,heavy_artifact
artifacts\benchmark_runs\language\neuron_search_20260605\manual_self\screen_1024_seed31_real_seq10160_val8_seed31_suppressed_stable_1024_v1_baseline\result.json,2203,.json,result_or_document
artifacts\benchmark_runs\language\neuron_search_20260605\manual_self\screen_1024_seed31_real_seq10160_val8_seed31_suppressed_stable_1024_v1_baseline\state.json,808,.json,result_or_document
artifacts\benchmark_runs\language\neuron_search_20260605\manual_self\screen_1024_seed31_real_seq10160_val8_seed31_suppressed_stable_1024_v1_rank_competition_memory_suppressed_bounded_centered_gate_neuron\checkpoint.pt,486953906,.pt,heavy_artifact
artifacts\benchmark_runs\language\neuron_search_20260605\manual_self\screen_1024_seed31_real_seq10160_val8_seed31_suppressed_stable_1024_v1_rank_competition_memory_suppressed_bounded_centered_gate_neuron\result.json,2398,.json,result_or_document
artifacts\benchmark_runs\language\neuron_search_20260605\manual_self\screen_1024_seed31_real_seq10160_val8_seed31_suppressed_stable_1024_v1_rank_competition_memory_suppressed_bounded_centered_gate_neuron\state.json,972,.json,result_or_document
artifacts\benchmark_runs\language\neuron_search_20260605\manual_self\screen_1024_seed31_real_seq10160_val8_seed31_suppressed_stable_1024_v1_rank_competition_memory_suppressed_bounded_small_centered_gate_neuron\checkpoint.pt,486953970,.pt,heavy_artifact
artifacts\benchmark_runs\language\neuron_search_20260605\manual_self\screen_1024_seed31_real_seq10160_val8_seed31_suppressed_stable_1024_v1_rank_competition_memory_suppressed_bounded_small_centered_gate_neuron\result.json,2423,.json,result_or_document
artifacts\benchmark_runs\language\neuron_search_20260605\manual_self\screen_1024_seed31_real_seq10160_val8_seed31_suppressed_stable_1024_v1_rank_competition_memory_suppressed_bounded_small_centered_gate_neuron\state.json,991,.json,result_or_document
artifacts\benchmark_runs\language\neuron_search_20260605\manual_self\screen_1024_seed31_real_seq10160_val8_seed31_suppressed_stable_1024_v1_rank_competition_memory_suppressed_normed_centered_gate_neuron\checkpoint.pt,486953906,.pt,heavy_artifact
artifacts\benchmark_runs\language\neuron_search_20260605\manual_self\screen_1024_seed31_real_seq10160_val8_seed31_suppressed_stable_1024_v1_rank_competition_memory_suppressed_normed_centered_gate_neuron\result.json,2393,.json,result_or_document
artifacts\benchmark_runs\language\neuron_search_20260605\manual_self\screen_1024_seed31_real_seq10160_val8_seed31_suppressed_stable_1024_v1_rank_competition_memory_suppressed_normed_centered_gate_neuron\state.json,969,.json,result_or_document
artifacts\benchmark_runs\language\neuron_search_20260605\manual_self\screen_1024_seed31_real_seq10160_val8_seed31_suppressed_stable_1024_v1_rank_competition_memory_suppressed_small_centered_gate_neuron\checkpoint.pt,486953906,.pt,heavy_artifact
artifacts\benchmark_runs\language\neuron_search_20260605\manual_self\screen_1024_seed31_real_seq10160_val8_seed31_suppressed_stable_1024_v1_rank_competition_memory_suppressed_small_centered_gate_neuron\result.json,2390,.json,result_or_document
artifacts\benchmark_runs\language\neuron_search_20260605\manual_self\screen_1024_seed31_real_seq10160_val8_seed31_suppressed_stable_1024_v1_rank_competition_memory_suppressed_small_centered_gate_neuron\state.json,967,.json,result_or_document
artifacts\benchmark_runs\language\neuron_search_20260605\manual_self\screen_1024_seed31_real_seq10160_val8_seed31_suppressed_stable_1024_v1_ranked_results.json,1715,.json,result_or_document
artifacts\benchmark_runs\language\neuron_search_20260605\manual_self\screen_1024_seed31_real_seq10160_val8_seed31_suppressed_stable_1024_v1_screen_results.json,11101,.json,result_or_document
artifacts\benchmark_runs\language\neuron_search_20260605\manual_self\screen_1024_seed43_real_seq10160_40m_1024_extra_baseline\checkpoint.pt,485322226,.pt,heavy_artifact
artifacts\benchmark_runs\language\neuron_search_20260605\manual_self\screen_1024_seed43_real_seq10160_40m_1024_extra_baseline\result.json,2134,.json,result_or_document
artifacts\benchmark_runs\language\neuron_search_20260605\manual_self\screen_1024_seed43_real_seq10160_40m_1024_extra_baseline\state.json,739,.json,result_or_document
artifacts\benchmark_runs\language\neuron_search_20260605\manual_self\screen_1024_seed43_real_seq10160_40m_1024_extra_phase_residual_memory_centered_gate_neuron\checkpoint.pt,486951570,.pt,heavy_artifact
artifacts\benchmark_runs\language\neuron_search_20260605\manual_self\screen_1024_seed43_real_seq10160_40m_1024_extra_phase_residual_memory_centered_gate_neuron\result.json,2244,.json,result_or_document
artifacts\benchmark_runs\language\neuron_search_20260605\manual_self\screen_1024_seed43_real_seq10160_40m_1024_extra_phase_residual_memory_centered_gate_neuron\state.json,840,.json,result_or_document
artifacts\benchmark_runs\language\neuron_search_20260605\manual_self\screen_1024_seed43_real_seq10160_40m_1024_extra_phase_residual_memory_gate_neuron\checkpoint.pt,486951570,.pt,heavy_artifact
artifacts\benchmark_runs\language\neuron_search_20260605\manual_self\screen_1024_seed43_real_seq10160_40m_1024_extra_phase_residual_memory_gate_neuron\result.json,2212,.json,result_or_document
artifacts\benchmark_runs\language\neuron_search_20260605\manual_self\screen_1024_seed43_real_seq10160_40m_1024_extra_phase_residual_memory_gate_neuron\state.json,815,.json,result_or_document
artifacts\benchmark_runs\language\neuron_search_20260605\manual_self\screen_1024_seed43_real_seq10160_40m_1024_extra_ranked_results.json,806,.json,result_or_document
artifacts\benchmark_runs\language\neuron_search_20260605\manual_self\screen_1024_seed43_real_seq10160_40m_1024_extra_screen_results.json,5892,.json,result_or_document
artifacts\benchmark_runs\language\neuron_search_20260605\manual_self\screen_1024_seed43_real_seq10160_val8_fullhybrid_extra_1024_v1_baseline\checkpoint.pt,485322290,.pt,heavy_artifact
artifacts\benchmark_runs\language\neuron_search_20260605\manual_self\screen_1024_seed43_real_seq10160_val8_fullhybrid_extra_1024_v1_baseline\result.json,2178,.json,result_or_document
artifacts\benchmark_runs\language\neuron_search_20260605\manual_self\screen_1024_seed43_real_seq10160_val8_fullhybrid_extra_1024_v1_baseline\state.json,783,.json,result_or_document
artifacts\benchmark_runs\language\neuron_search_20260605\manual_self\screen_1024_seed43_real_seq10160_val8_fullhybrid_extra_1024_v1_rank_competition_memory_centered_gate_neuron\checkpoint.pt,486953842,.pt,heavy_artifact
artifacts\benchmark_runs\language\neuron_search_20260605\manual_self\screen_1024_seed43_real_seq10160_val8_fullhybrid_extra_1024_v1_rank_competition_memory_centered_gate_neuron\result.json,2302,.json,result_or_document
artifacts\benchmark_runs\language\neuron_search_20260605\manual_self\screen_1024_seed43_real_seq10160_val8_fullhybrid_extra_1024_v1_rank_competition_memory_centered_gate_neuron\state.json,893,.json,result_or_document
artifacts\benchmark_runs\language\neuron_search_20260605\manual_self\screen_1024_seed43_real_seq10160_val8_fullhybrid_extra_1024_v1_rank_competition_memory_suppressed_centered_gate_neuron\checkpoint.pt,486953906,.pt,heavy_artifact
artifacts\benchmark_runs\language\neuron_search_20260605\manual_self\screen_1024_seed43_real_seq10160_val8_fullhybrid_extra_1024_v1_rank_competition_memory_suppressed_centered_gate_neuron\result.json,2344,.json,result_or_document
artifacts\benchmark_runs\language\neuron_search_20260605\manual_self\screen_1024_seed43_real_seq10160_val8_fullhybrid_extra_1024_v1_rank_competition_memory_suppressed_centered_gate_neuron\state.json,926,.json,result_or_document
artifacts\benchmark_runs\language\neuron_search_20260605\manual_self\screen_1024_seed43_real_seq10160_val8_fullhybrid_extra_1024_v1_ranked_results.json,833,.json,result_or_document
artifacts\benchmark_runs\language\neuron_search_20260605\manual_self\screen_1024_seed43_real_seq10160_val8_fullhybrid_extra_1024_v1_screen_results.json,5322,.json,result_or_document
artifacts\benchmark_runs\language\neuron_search_20260605\manual_self\screen_128_seed13_real_seq10160_40m_adaptive_basis_neuron\checkpoint.pt,485355890,.pt,heavy_artifact
artifacts\benchmark_runs\language\neuron_search_20260605\manual_self\screen_128_seed13_real_seq10160_40m_adaptive_basis_neuron\result.json,2120,.json,result_or_document
artifacts\benchmark_runs\language\neuron_search_20260605\manual_self\screen_128_seed13_real_seq10160_40m_adaptive_basis_neuron\state.json,740,.json,result_or_document
artifacts\benchmark_runs\language\neuron_search_20260605\manual_self\screen_128_seed13_real_seq10160_40m_baseline\checkpoint.pt,485314162,.pt,heavy_artifact
artifacts\benchmark_runs\language\neuron_search_20260605\manual_self\screen_128_seed13_real_seq10160_40m_baseline\result.json,2088,.json,result_or_document
artifacts\benchmark_runs\language\neuron_search_20260605\manual_self\screen_128_seed13_real_seq10160_40m_baseline\state.json,699,.json,result_or_document
artifacts\benchmark_runs\language\neuron_search_20260605\manual_self\screen_128_seed13_real_seq10160_40m_bottleneck_aware_neuron\checkpoint.pt,500290866,.pt,heavy_artifact
artifacts\benchmark_runs\language\neuron_search_20260605\manual_self\screen_128_seed13_real_seq10160_40m_bottleneck_aware_neuron\result.json,2123,.json,result_or_document
artifacts\benchmark_runs\language\neuron_search_20260605\manual_self\screen_128_seed13_real_seq10160_40m_bottleneck_aware_neuron\state.json,742,.json,result_or_document
artifacts\benchmark_runs\language\neuron_search_20260605\manual_self\screen_128_seed13_real_seq10160_40m_conv_disagreement_neuron\checkpoint.pt,485314162,.pt,heavy_artifact
artifacts\benchmark_runs\language\neuron_search_20260605\manual_self\screen_128_seed13_real_seq10160_40m_conv_disagreement_neuron\result.json,2131,.json,result_or_document
artifacts\benchmark_runs\language\neuron_search_20260605\manual_self\screen_128_seed13_real_seq10160_40m_conv_disagreement_neuron\state.json,748,.json,result_or_document
artifacts\benchmark_runs\language\neuron_search_20260605\manual_self\screen_128_seed13_real_seq10160_40m_mem_threshold_neuron\checkpoint.pt,488518770,.pt,heavy_artifact
artifacts\benchmark_runs\language\neuron_search_20260605\manual_self\screen_128_seed13_real_seq10160_40m_mem_threshold_neuron\result.json,2115,.json,result_or_document
artifacts\benchmark_runs\language\neuron_search_20260605\manual_self\screen_128_seed13_real_seq10160_40m_mem_threshold_neuron\state.json,736,.json,result_or_document
artifacts\benchmark_runs\language\neuron_search_20260605\manual_self\screen_128_seed13_real_seq10160_40m_memory_square_centered_gain_neuron\checkpoint.pt,486916466,.pt,heavy_artifact
artifacts\benchmark_runs\language\neuron_search_20260605\manual_self\screen_128_seed13_real_seq10160_40m_memory_square_centered_gain_neuron\result.json,2171,.json,result_or_document
artifacts\benchmark_runs\language\neuron_search_20260605\manual_self\screen_128_seed13_real_seq10160_40m_memory_square_centered_gain_neuron\state.json,778,.json,result_or_document
artifacts\benchmark_runs\language\neuron_search_20260605\manual_self\screen_128_seed13_real_seq10160_40m_memory_square_conv_agreement_gain_neuron\checkpoint.pt,485318370,.pt,heavy_artifact
artifacts\benchmark_runs\language\neuron_search_20260605\manual_self\screen_128_seed13_real_seq10160_40m_memory_square_conv_agreement_gain_neuron\result.json,2195,.json,result_or_document
artifacts\benchmark_runs\language\neuron_search_20260605\manual_self\screen_128_seed13_real_seq10160_40m_memory_square_conv_agreement_gain_neuron\state.json,797,.json,result_or_document
artifacts\benchmark_runs\language\neuron_search_20260605\manual_self\screen_128_seed13_real_seq10160_40m_memory_square_gain_neuron\checkpoint.pt,486916466,.pt,heavy_artifact
artifacts\benchmark_runs\language\neuron_search_20260605\manual_self\screen_128_seed13_real_seq10160_40m_memory_square_gain_neuron\result.json,2137,.json,result_or_document
artifacts\benchmark_runs\language\neuron_search_20260605\manual_self\screen_128_seed13_real_seq10160_40m_memory_square_gain_neuron\state.json,753,.json,result_or_document
artifacts\benchmark_runs\language\neuron_search_20260605\manual_self\screen_128_seed13_real_seq10160_40m_memory_square_novelty_gain_neuron\checkpoint.pt,486916466,.pt,heavy_artifact
artifacts\benchmark_runs\language\neuron_search_20260605\manual_self\screen_128_seed13_real_seq10160_40m_memory_square_novelty_gain_neuron\result.json,2165,.json,result_or_document
artifacts\benchmark_runs\language\neuron_search_20260605\manual_self\screen_128_seed13_real_seq10160_40m_memory_square_novelty_gain_neuron\state.json,773,.json,result_or_document
artifacts\benchmark_runs\language\neuron_search_20260605\manual_self\screen_128_seed13_real_seq10160_40m_memory_square_scalar_gain_neuron\checkpoint.pt,485320562,.pt,heavy_artifact
artifacts\benchmark_runs\language\neuron_search_20260605\manual_self\screen_128_seed13_real_seq10160_40m_memory_square_scalar_gain_neuron\result.json,2164,.json,result_or_document
artifacts\benchmark_runs\language\neuron_search_20260605\manual_self\screen_128_seed13_real_seq10160_40m_memory_square_scalar_gain_neuron\state.json,773,.json,result_or_document
artifacts\benchmark_runs\language\neuron_search_20260605\manual_self\screen_128_seed13_real_seq10160_40m_memory_square_small_gain_neuron\checkpoint.pt,486916466,.pt,heavy_artifact
artifacts\benchmark_runs\language\neuron_search_20260605\manual_self\screen_128_seed13_real_seq10160_40m_memory_square_small_gain_neuron\result.json,2159,.json,result_or_document
artifacts\benchmark_runs\language\neuron_search_20260605\manual_self\screen_128_seed13_real_seq10160_40m_memory_square_small_gain_neuron\state.json,769,.json,result_or_document
artifacts\benchmark_runs\language\neuron_search_20260605\manual_self\screen_128_seed13_real_seq10160_40m_phase_residual_blend_centered_neuron\checkpoint.pt,485341138,.pt,heavy_artifact
artifacts\benchmark_runs\language\neuron_search_20260605\manual_self\screen_128_seed13_real_seq10160_40m_phase_residual_blend_centered_neuron\result.json,2180,.json,result_or_document
artifacts\benchmark_runs\language\neuron_search_20260605\manual_self\screen_128_seed13_real_seq10160_40m_phase_residual_blend_centered_neuron\state.json,785,.json,result_or_document
artifacts\benchmark_runs\language\neuron_search_20260605\manual_self\screen_128_seed13_real_seq10160_40m_phase_residual_blend_half_neuron\checkpoint.pt,485341138,.pt,heavy_artifact
artifacts\benchmark_runs\language\neuron_search_20260605\manual_self\screen_128_seed13_real_seq10160_40m_phase_residual_blend_half_neuron\result.json,2161,.json,result_or_document
artifacts\benchmark_runs\language\neuron_search_20260605\manual_self\screen_128_seed13_real_seq10160_40m_phase_residual_blend_half_neuron\state.json,772,.json,result_or_document
artifacts\benchmark_runs\language\neuron_search_20260605\manual_self\screen_128_seed13_real_seq10160_40m_phase_residual_blend_large_neuron\checkpoint.pt,485341138,.pt,heavy_artifact
artifacts\benchmark_runs\language\neuron_search_20260605\manual_self\screen_128_seed13_real_seq10160_40m_phase_residual_blend_large_neuron\result.json,2167,.json,result_or_document
artifacts\benchmark_runs\language\neuron_search_20260605\manual_self\screen_128_seed13_real_seq10160_40m_phase_residual_blend_large_neuron\state.json,776,.json,result_or_document
artifacts\benchmark_runs\language\neuron_search_20260605\manual_self\screen_128_seed13_real_seq10160_40m_phase_residual_blend_neuron\checkpoint.pt,485341074,.pt,heavy_artifact
artifacts\benchmark_runs\language\neuron_search_20260605\manual_self\screen_128_seed13_real_seq10160_40m_phase_residual_blend_neuron\result.json,2144,.json,result_or_document
artifacts\benchmark_runs\language\neuron_search_20260605\manual_self\screen_128_seed13_real_seq10160_40m_phase_residual_blend_neuron\state.json,758,.json,result_or_document
artifacts\benchmark_runs\language\neuron_search_20260605\manual_self\screen_128_seed13_real_seq10160_40m_phase_residual_blend_normed_neuron\checkpoint.pt,485341138,.pt,heavy_artifact
artifacts\benchmark_runs\language\neuron_search_20260605\manual_self\screen_128_seed13_real_seq10160_40m_phase_residual_blend_normed_neuron\result.json,2174,.json,result_or_document
artifacts\benchmark_runs\language\neuron_search_20260605\manual_self\screen_128_seed13_real_seq10160_40m_phase_residual_blend_normed_neuron\state.json,780,.json,result_or_document
artifacts\benchmark_runs\language\neuron_search_20260605\manual_self\screen_128_seed13_real_seq10160_40m_phase_residual_blend_quarter_neuron\checkpoint.pt,485341138,.pt,heavy_artifact
artifacts\benchmark_runs\language\neuron_search_20260605\manual_self\screen_128_seed13_real_seq10160_40m_phase_residual_blend_quarter_neuron\result.json,2176,.json,result_or_document
artifacts\benchmark_runs\language\neuron_search_20260605\manual_self\screen_128_seed13_real_seq10160_40m_phase_residual_blend_quarter_neuron\state.json,782,.json,result_or_document
artifacts\benchmark_runs\language\neuron_search_20260605\manual_self\screen_128_seed13_real_seq10160_40m_phase_residual_blend_tiny_neuron\checkpoint.pt,485341138,.pt,heavy_artifact
artifacts\benchmark_runs\language\neuron_search_20260605\manual_self\screen_128_seed13_real_seq10160_40m_phase_residual_blend_tiny_neuron\result.json,2166,.json,result_or_document
artifacts\benchmark_runs\language\neuron_search_20260605\manual_self\screen_128_seed13_real_seq10160_40m_phase_residual_blend_tiny_neuron\state.json,774,.json,result_or_document
artifacts\benchmark_runs\language\neuron_search_20260605\manual_self\screen_128_seed13_real_seq10160_40m_phase_residual_boundary_blend_neuron\checkpoint.pt,485341138,.pt,heavy_artifact
artifacts\benchmark_runs\language\neuron_search_20260605\manual_self\screen_128_seed13_real_seq10160_40m_phase_residual_boundary_blend_neuron\result.json,2180,.json,result_or_document
artifacts\benchmark_runs\language\neuron_search_20260605\manual_self\screen_128_seed13_real_seq10160_40m_phase_residual_boundary_blend_neuron\state.json,785,.json,result_or_document
artifacts\benchmark_runs\language\neuron_search_20260605\manual_self\screen_128_seed13_real_seq10160_40m_phase_residual_boundary_centered_neuron\checkpoint.pt,485341138,.pt,heavy_artifact
artifacts\benchmark_runs\language\neuron_search_20260605\manual_self\screen_128_seed13_real_seq10160_40m_phase_residual_boundary_centered_neuron\result.json,2189,.json,result_or_document
artifacts\benchmark_runs\language\neuron_search_20260605\manual_self\screen_128_seed13_real_seq10160_40m_phase_residual_boundary_centered_neuron\state.json,791,.json,result_or_document
artifacts\benchmark_runs\language\neuron_search_20260605\manual_self\screen_128_seed13_real_seq10160_40m_phase_residual_conv_energy_gate_neuron\checkpoint.pt,485343410,.pt,heavy_artifact
artifacts\benchmark_runs\language\neuron_search_20260605\manual_self\screen_128_seed13_real_seq10160_40m_phase_residual_conv_energy_gate_neuron\result.json,2184,.json,result_or_document
artifacts\benchmark_runs\language\neuron_search_20260605\manual_self\screen_128_seed13_real_seq10160_40m_phase_residual_conv_energy_gate_neuron\state.json,789,.json,result_or_document
artifacts\benchmark_runs\language\neuron_search_20260605\manual_self\screen_128_seed13_real_seq10160_40m_phase_residual_memory_boundary_centered_gate_neuron\checkpoint.pt,486943506,.pt,heavy_artifact
artifacts\benchmark_runs\language\neuron_search_20260605\manual_self\screen_128_seed13_real_seq10160_40m_phase_residual_memory_boundary_centered_gate_neuron\result.json,2240,.json,result_or_document
artifacts\benchmark_runs\language\neuron_search_20260605\manual_self\screen_128_seed13_real_seq10160_40m_phase_residual_memory_boundary_centered_gate_neuron\state.json,830,.json,result_or_document
artifacts\benchmark_runs\language\neuron_search_20260605\manual_self\screen_128_seed13_real_seq10160_40m_phase_residual_memory_boundary_gate_neuron\checkpoint.pt,486943506,.pt,heavy_artifact
artifacts\benchmark_runs\language\neuron_search_20260605\manual_self\screen_128_seed13_real_seq10160_40m_phase_residual_memory_boundary_gate_neuron\result.json,2204,.json,result_or_document
artifacts\benchmark_runs\language\neuron_search_20260605\manual_self\screen_128_seed13_real_seq10160_40m_phase_residual_memory_boundary_gate_neuron\state.json,803,.json,result_or_document
artifacts\benchmark_runs\language\neuron_search_20260605\manual_self\screen_128_seed13_real_seq10160_40m_phase_residual_memory_boundary_scalar_gate_neuron\checkpoint.pt,485347538,.pt,heavy_artifact
artifacts\benchmark_runs\language\neuron_search_20260605\manual_self\screen_128_seed13_real_seq10160_40m_phase_residual_memory_boundary_scalar_gate_neuron\result.json,2228,.json,result_or_document
artifacts\benchmark_runs\language\neuron_search_20260605\manual_self\screen_128_seed13_real_seq10160_40m_phase_residual_memory_boundary_scalar_gate_neuron\state.json,821,.json,result_or_document
artifacts\benchmark_runs\language\neuron_search_20260605\manual_self\screen_128_seed13_real_seq10160_40m_phase_residual_memory_bounded_centered_gate_neuron\checkpoint.pt,486943506,.pt,heavy_artifact
artifacts\benchmark_runs\language\neuron_search_20260605\manual_self\screen_128_seed13_real_seq10160_40m_phase_residual_memory_bounded_centered_gate_neuron\result.json,2231,.json,result_or_document
artifacts\benchmark_runs\language\neuron_search_20260605\manual_self\screen_128_seed13_real_seq10160_40m_phase_residual_memory_bounded_centered_gate_neuron\state.json,823,.json,result_or_document
artifacts\benchmark_runs\language\neuron_search_20260605\manual_self\screen_128_seed13_real_seq10160_40m_phase_residual_memory_bounded_gate_neuron\checkpoint.pt,486943506,.pt,heavy_artifact
artifacts\benchmark_runs\language\neuron_search_20260605\manual_self\screen_128_seed13_real_seq10160_40m_phase_residual_memory_bounded_gate_neuron\result.json,2199,.json,result_or_document
artifacts\benchmark_runs\language\neuron_search_20260605\manual_self\screen_128_seed13_real_seq10160_40m_phase_residual_memory_bounded_gate_neuron\state.json,800,.json,result_or_document
artifacts\benchmark_runs\language\neuron_search_20260605\manual_self\screen_128_seed13_real_seq10160_40m_phase_residual_memory_centered_gate_neuron\checkpoint.pt,486943506,.pt,heavy_artifact
artifacts\benchmark_runs\language\neuron_search_20260605\manual_self\screen_128_seed13_real_seq10160_40m_phase_residual_memory_centered_gate_neuron\result.json,2197,.json,result_or_document
artifacts\benchmark_runs\language\neuron_search_20260605\manual_self\screen_128_seed13_real_seq10160_40m_phase_residual_memory_centered_gate_neuron\state.json,796,.json,result_or_document
artifacts\benchmark_runs\language\neuron_search_20260605\manual_self\screen_128_seed13_real_seq10160_40m_phase_residual_memory_conv_agreement_neuron\checkpoint.pt,485343410,.pt,heavy_artifact
artifacts\benchmark_runs\language\neuron_search_20260605\manual_self\screen_128_seed13_real_seq10160_40m_phase_residual_memory_conv_agreement_neuron\result.json,2205,.json,result_or_document
artifacts\benchmark_runs\language\neuron_search_20260605\manual_self\screen_128_seed13_real_seq10160_40m_phase_residual_memory_conv_agreement_neuron\state.json,805,.json,result_or_document
artifacts\benchmark_runs\language\neuron_search_20260605\manual_self\screen_128_seed13_real_seq10160_40m_phase_residual_memory_conv_centered_agreement_neuron\checkpoint.pt,485343474,.pt,heavy_artifact
artifacts\benchmark_runs\language\neuron_search_20260605\manual_self\screen_128_seed13_real_seq10160_40m_phase_residual_memory_conv_centered_agreement_neuron\result.json,2242,.json,result_or_document
artifacts\benchmark_runs\language\neuron_search_20260605\manual_self\screen_128_seed13_real_seq10160_40m_phase_residual_memory_conv_centered_agreement_neuron\state.json,832,.json,result_or_document
artifacts\benchmark_runs\language\neuron_search_20260605\manual_self\screen_128_seed13_real_seq10160_40m_phase_residual_memory_conv_disagreement_damp_neuron\checkpoint.pt,485343410,.pt,heavy_artifact
artifacts\benchmark_runs\language\neuron_search_20260605\manual_self\screen_128_seed13_real_seq10160_40m_phase_residual_memory_conv_disagreement_damp_neuron\result.json,2239,.json,result_or_document
artifacts\benchmark_runs\language\neuron_search_20260605\manual_self\screen_128_seed13_real_seq10160_40m_phase_residual_memory_conv_disagreement_damp_neuron\state.json,829,.json,result_or_document
artifacts\benchmark_runs\language\neuron_search_20260605\manual_self\screen_128_seed13_real_seq10160_40m_phase_residual_memory_delta_gate_neuron\checkpoint.pt,486943442,.pt,heavy_artifact
artifacts\benchmark_runs\language\neuron_search_20260605\manual_self\screen_128_seed13_real_seq10160_40m_phase_residual_memory_delta_gate_neuron\result.json,2192,.json,result_or_document
artifacts\benchmark_runs\language\neuron_search_20260605\manual_self\screen_128_seed13_real_seq10160_40m_phase_residual_memory_delta_gate_neuron\state.json,795,.json,result_or_document
artifacts\benchmark_runs\language\neuron_search_20260605\manual_self\screen_128_seed13_real_seq10160_40m_phase_residual_memory_gate_neuron\checkpoint.pt,486943442,.pt,heavy_artifact
artifacts\benchmark_runs\language\neuron_search_20260605\manual_self\screen_128_seed13_real_seq10160_40m_phase_residual_memory_gate_neuron\result.json,2167,.json,result_or_document
artifacts\benchmark_runs\language\neuron_search_20260605\manual_self\screen_128_seed13_real_seq10160_40m_phase_residual_memory_gate_neuron\state.json,776,.json,result_or_document
artifacts\benchmark_runs\language\neuron_search_20260605\manual_self\screen_128_seed13_real_seq10160_40m_phase_residual_memory_group_gate_neuron\checkpoint.pt,485370962,.pt,heavy_artifact
artifacts\benchmark_runs\language\neuron_search_20260605\manual_self\screen_128_seed13_real_seq10160_40m_phase_residual_memory_group_gate_neuron\result.json,2188,.json,result_or_document
artifacts\benchmark_runs\language\neuron_search_20260605\manual_self\screen_128_seed13_real_seq10160_40m_phase_residual_memory_group_gate_neuron\state.json,792,.json,result_or_document
artifacts\benchmark_runs\language\neuron_search_20260605\manual_self\screen_128_seed13_real_seq10160_40m_phase_residual_memory_normed_gate_neuron\checkpoint.pt,486943442,.pt,heavy_artifact
artifacts\benchmark_runs\language\neuron_search_20260605\manual_self\screen_128_seed13_real_seq10160_40m_phase_residual_memory_normed_gate_neuron\result.json,2199,.json,result_or_document
artifacts\benchmark_runs\language\neuron_search_20260605\manual_self\screen_128_seed13_real_seq10160_40m_phase_residual_memory_normed_gate_neuron\state.json,798,.json,result_or_document
artifacts\benchmark_runs\language\neuron_search_20260605\manual_self\screen_128_seed13_real_seq10160_40m_phase_residual_memory_novelty_centered_gate_neuron\checkpoint.pt,486943506,.pt,heavy_artifact
artifacts\benchmark_runs\language\neuron_search_20260605\manual_self\screen_128_seed13_real_seq10160_40m_phase_residual_memory_novelty_centered_gate_neuron\result.json,2234,.json,result_or_document
artifacts\benchmark_runs\language\neuron_search_20260605\manual_self\screen_128_seed13_real_seq10160_40m_phase_residual_memory_novelty_centered_gate_neuron\state.json,825,.json,result_or_document
artifacts\benchmark_runs\language\neuron_search_20260605\manual_self\screen_128_seed13_real_seq10160_40m_phase_residual_memory_novelty_gate_neuron\checkpoint.pt,486943506,.pt,heavy_artifact
artifacts\benchmark_runs\language\neuron_search_20260605\manual_self\screen_128_seed13_real_seq10160_40m_phase_residual_memory_novelty_gate_neuron\result.json,2196,.json,result_or_document
artifacts\benchmark_runs\language\neuron_search_20260605\manual_self\screen_128_seed13_real_seq10160_40m_phase_residual_memory_novelty_gate_neuron\state.json,799,.json,result_or_document
artifacts\benchmark_runs\language\neuron_search_20260605\manual_self\screen_128_seed13_real_seq10160_40m_phase_residual_memory_novelty_tiny_gate_neuron\checkpoint.pt,486943506,.pt,heavy_artifact
artifacts\benchmark_runs\language\neuron_search_20260605\manual_self\screen_128_seed13_real_seq10160_40m_phase_residual_memory_novelty_tiny_gate_neuron\result.json,2220,.json,result_or_document
artifacts\benchmark_runs\language\neuron_search_20260605\manual_self\screen_128_seed13_real_seq10160_40m_phase_residual_memory_novelty_tiny_gate_neuron\state.json,815,.json,result_or_document
artifacts\benchmark_runs\language\neuron_search_20260605\manual_self\screen_128_seed13_real_seq10160_40m_phase_residual_memory_rms_gate_neuron\checkpoint.pt,486943442,.pt,heavy_artifact
artifacts\benchmark_runs\language\neuron_search_20260605\manual_self\screen_128_seed13_real_seq10160_40m_phase_residual_memory_rms_gate_neuron\result.json,2183,.json,result_or_document
artifacts\benchmark_runs\language\neuron_search_20260605\manual_self\screen_128_seed13_real_seq10160_40m_phase_residual_memory_rms_gate_neuron\state.json,788,.json,result_or_document
artifacts\benchmark_runs\language\neuron_search_20260605\manual_self\screen_128_seed13_real_seq10160_40m_phase_residual_memory_scalar_centered_gate_neuron\checkpoint.pt,485347538,.pt,heavy_artifact
artifacts\benchmark_runs\language\neuron_search_20260605\manual_self\screen_128_seed13_real_seq10160_40m_phase_residual_memory_scalar_centered_gate_neuron\result.json,2231,.json,result_or_document
artifacts\benchmark_runs\language\neuron_search_20260605\manual_self\screen_128_seed13_real_seq10160_40m_phase_residual_memory_scalar_centered_gate_neuron\state.json,823,.json,result_or_document
artifacts\benchmark_runs\language\neuron_search_20260605\manual_self\screen_128_seed13_real_seq10160_40m_phase_residual_memory_scalar_gate_neuron\checkpoint.pt,485347538,.pt,heavy_artifact
artifacts\benchmark_runs\language\neuron_search_20260605\manual_self\screen_128_seed13_real_seq10160_40m_phase_residual_memory_scalar_gate_neuron\result.json,2196,.json,result_or_document
artifacts\benchmark_runs\language\neuron_search_20260605\manual_self\screen_128_seed13_real_seq10160_40m_phase_residual_memory_scalar_gate_neuron\state.json,797,.json,result_or_document
artifacts\benchmark_runs\language\neuron_search_20260605\manual_self\screen_128_seed13_real_seq10160_40m_phase_residual_memory_sparse_centered_gate_neuron\checkpoint.pt,486943506,.pt,heavy_artifact
artifacts\benchmark_runs\language\neuron_search_20260605\manual_self\screen_128_seed13_real_seq10160_40m_phase_residual_memory_sparse_centered_gate_neuron\result.json,2230,.json,result_or_document
artifacts\benchmark_runs\language\neuron_search_20260605\manual_self\screen_128_seed13_real_seq10160_40m_phase_residual_memory_sparse_centered_gate_neuron\state.json,823,.json,result_or_document
artifacts\benchmark_runs\language\neuron_search_20260605\manual_self\screen_128_seed13_real_seq10160_40m_phase_residual_memory_sparse_gate_neuron\checkpoint.pt,486943442,.pt,heavy_artifact
artifacts\benchmark_runs\language\neuron_search_20260605\manual_self\screen_128_seed13_real_seq10160_40m_phase_residual_memory_sparse_gate_neuron\result.json,2195,.json,result_or_document
artifacts\benchmark_runs\language\neuron_search_20260605\manual_self\screen_128_seed13_real_seq10160_40m_phase_residual_memory_sparse_gate_neuron\state.json,797,.json,result_or_document
artifacts\benchmark_runs\language\neuron_search_20260605\manual_self\screen_128_seed13_real_seq10160_40m_rank_competition_memory_centered_gate_neuron\checkpoint.pt,486945714,.pt,heavy_artifact
artifacts\benchmark_runs\language\neuron_search_20260605\manual_self\screen_128_seed13_real_seq10160_40m_rank_competition_memory_centered_gate_neuron\result.json,2209,.json,result_or_document
artifacts\benchmark_runs\language\neuron_search_20260605\manual_self\screen_128_seed13_real_seq10160_40m_rank_competition_memory_centered_gate_neuron\state.json,808,.json,result_or_document
artifacts\benchmark_runs\language\neuron_search_20260605\manual_self\screen_128_seed13_real_seq10160_40m_rank_competition_memory_gate_neuron\checkpoint.pt,486945714,.pt,heavy_artifact
artifacts\benchmark_runs\language\neuron_search_20260605\manual_self\screen_128_seed13_real_seq10160_40m_rank_competition_memory_gate_neuron\result.json,2176,.json,result_or_document
artifacts\benchmark_runs\language\neuron_search_20260605\manual_self\screen_128_seed13_real_seq10160_40m_rank_competition_memory_gate_neuron\state.json,782,.json,result_or_document
artifacts\benchmark_runs\language\neuron_search_20260605\manual_self\screen_128_seed13_real_seq10160_40m_rank_competition_neuron\checkpoint.pt,485316434,.pt,heavy_artifact
artifacts\benchmark_runs\language\neuron_search_20260605\manual_self\screen_128_seed13_real_seq10160_40m_rank_competition_neuron\result.json,2127,.json,result_or_document
artifacts\benchmark_runs\language\neuron_search_20260605\manual_self\screen_128_seed13_real_seq10160_40m_rank_competition_neuron\state.json,745,.json,result_or_document
artifacts\benchmark_runs\language\neuron_search_20260605\manual_self\screen_128_seed13_real_seq10160_40m_ranked_results.json,18352,.json,result_or_document
artifacts\benchmark_runs\language\neuron_search_20260605\manual_self\screen_128_seed13_real_seq10160_40m_screen_results.json,90722,.json,result_or_document
artifacts\benchmark_runs\language\neuron_search_20260605\manual_self\screen_128_seed13_real_seq10160_40m_stable_competition_neuron\checkpoint.pt,485318642,.pt,heavy_artifact
artifacts\benchmark_runs\language\neuron_search_20260605\manual_self\screen_128_seed13_real_seq10160_40m_stable_competition_neuron\result.json,2138,.json,result_or_document
artifacts\benchmark_runs\language\neuron_search_20260605\manual_self\screen_128_seed13_real_seq10160_40m_stable_competition_neuron\state.json,753,.json,result_or_document
artifacts\benchmark_runs\language\neuron_search_20260605\manual_self\screen_128_seed13_real_seq10160_40m_stable_square_neuron\checkpoint.pt,485316370,.pt,heavy_artifact
artifacts\benchmark_runs\language\neuron_search_20260605\manual_self\screen_128_seed13_real_seq10160_40m_stable_square_neuron\result.json,2115,.json,result_or_document
artifacts\benchmark_runs\language\neuron_search_20260605\manual_self\screen_128_seed13_real_seq10160_40m_stable_square_neuron\state.json,737,.json,result_or_document
artifacts\benchmark_runs\language\neuron_search_20260605\manual_self\screen_128_seed13_real_seq10160_40m_stateful_threshold_neuron\checkpoint.pt,485316434,.pt,heavy_artifact
artifacts\benchmark_runs\language\neuron_search_20260605\manual_self\screen_128_seed13_real_seq10160_40m_stateful_threshold_neuron\result.json,2134,.json,result_or_document
artifacts\benchmark_runs\language\neuron_search_20260605\manual_self\screen_128_seed13_real_seq10160_40m_stateful_threshold_neuron\state.json,751,.json,result_or_document
artifacts\benchmark_runs\language\neuron_search_20260605\manual_self\screen_128_seed13_real_seq10160_val8_rank_hybrid_cost_v1_baseline\checkpoint.pt,485314162,.pt,heavy_artifact
artifacts\benchmark_runs\language\neuron_search_20260605\manual_self\screen_128_seed13_real_seq10160_val8_rank_hybrid_cost_v1_baseline\result.json,2150,.json,result_or_document
artifacts\benchmark_runs\language\neuron_search_20260605\manual_self\screen_128_seed13_real_seq10160_val8_rank_hybrid_cost_v1_baseline\state.json,762,.json,result_or_document
artifacts\benchmark_runs\language\neuron_search_20260605\manual_self\screen_128_seed13_real_seq10160_val8_rank_hybrid_cost_v1_rank_competition_centered_residual_neuron\checkpoint.pt,485343410,.pt,heavy_artifact
artifacts\benchmark_runs\language\neuron_search_20260605\manual_self\screen_128_seed13_real_seq10160_val8_rank_hybrid_cost_v1_rank_competition_centered_residual_neuron\result.json,2260,.json,result_or_document
artifacts\benchmark_runs\language\neuron_search_20260605\manual_self\screen_128_seed13_real_seq10160_val8_rank_hybrid_cost_v1_rank_competition_centered_residual_neuron\state.json,862,.json,result_or_document
artifacts\benchmark_runs\language\neuron_search_20260605\manual_self\screen_128_seed13_real_seq10160_val8_rank_hybrid_cost_v1_rank_competition_memory_factor_centered_gate_neuron\checkpoint.pt,485768978,.pt,heavy_artifact
artifacts\benchmark_runs\language\neuron_search_20260605\manual_self\screen_128_seed13_real_seq10160_val8_rank_hybrid_cost_v1_rank_competition_memory_factor_centered_gate_neuron\result.json,2298,.json,result_or_document
artifacts\benchmark_runs\language\neuron_search_20260605\manual_self\screen_128_seed13_real_seq10160_val8_rank_hybrid_cost_v1_rank_competition_memory_factor_centered_gate_neuron\state.json,888,.json,result_or_document
artifacts\benchmark_runs\language\neuron_search_20260605\manual_self\screen_128_seed13_real_seq10160_val8_rank_hybrid_cost_v1_rank_competition_memory_group_centered_gate_neuron\checkpoint.pt,485373298,.pt,heavy_artifact
artifacts\benchmark_runs\language\neuron_search_20260605\manual_self\screen_128_seed13_real_seq10160_val8_rank_hybrid_cost_v1_rank_competition_memory_group_centered_gate_neuron\result.json,2295,.json,result_or_document
artifacts\benchmark_runs\language\neuron_search_20260605\manual_self\screen_128_seed13_real_seq10160_val8_rank_hybrid_cost_v1_rank_competition_memory_group_centered_gate_neuron\state.json,890,.json,result_or_document
artifacts\benchmark_runs\language\neuron_search_20260605\manual_self\screen_128_seed13_real_seq10160_val8_rank_hybrid_cost_v1_rank_competition_memory_scalar_centered_gate_neuron\checkpoint.pt,485349874,.pt,heavy_artifact
artifacts\benchmark_runs\language\neuron_search_20260605\manual_self\screen_128_seed13_real_seq10160_val8_rank_hybrid_cost_v1_rank_competition_memory_scalar_centered_gate_neuron\result.json,2301,.json,result_or_document
artifacts\benchmark_runs\language\neuron_search_20260605\manual_self\screen_128_seed13_real_seq10160_val8_rank_hybrid_cost_v1_rank_competition_memory_scalar_centered_gate_neuron\state.json,892,.json,result_or_document
artifacts\benchmark_runs\language\neuron_search_20260605\manual_self\screen_128_seed13_real_seq10160_val8_rank_hybrid_cost_v1_ranked_results.json,1644,.json,result_or_document
artifacts\benchmark_runs\language\neuron_search_20260605\manual_self\screen_128_seed13_real_seq10160_val8_rank_hybrid_cost_v1_screen_results.json,10370,.json,result_or_document
artifacts\benchmark_runs\language\neuron_search_20260605\manual_self\screen_128_seed17_real_seq10160_40m_adaptive_basis_neuron\checkpoint.pt,485355890,.pt,heavy_artifact
artifacts\benchmark_runs\language\neuron_search_20260605\manual_self\screen_128_seed17_real_seq10160_40m_adaptive_basis_neuron\result.json,2121,.json,result_or_document
artifacts\benchmark_runs\language\neuron_search_20260605\manual_self\screen_128_seed17_real_seq10160_40m_adaptive_basis_neuron\state.json,740,.json,result_or_document
artifacts\benchmark_runs\language\neuron_search_20260605\manual_self\screen_128_seed17_real_seq10160_40m_baseline\checkpoint.pt,485314162,.pt,heavy_artifact
artifacts\benchmark_runs\language\neuron_search_20260605\manual_self\screen_128_seed17_real_seq10160_40m_baseline\result.json,2089,.json,result_or_document
artifacts\benchmark_runs\language\neuron_search_20260605\manual_self\screen_128_seed17_real_seq10160_40m_baseline\state.json,700,.json,result_or_document
artifacts\benchmark_runs\language\neuron_search_20260605\manual_self\screen_128_seed17_real_seq10160_40m_bottleneck_aware_neuron\checkpoint.pt,500290866,.pt,heavy_artifact
artifacts\benchmark_runs\language\neuron_search_20260605\manual_self\screen_128_seed17_real_seq10160_40m_bottleneck_aware_neuron\result.json,2128,.json,result_or_document
artifacts\benchmark_runs\language\neuron_search_20260605\manual_self\screen_128_seed17_real_seq10160_40m_bottleneck_aware_neuron\state.json,746,.json,result_or_document
artifacts\benchmark_runs\language\neuron_search_20260605\manual_self\screen_128_seed17_real_seq10160_40m_conv_disagreement_neuron\checkpoint.pt,485314162,.pt,heavy_artifact
artifacts\benchmark_runs\language\neuron_search_20260605\manual_self\screen_128_seed17_real_seq10160_40m_conv_disagreement_neuron\result.json,2132,.json,result_or_document
artifacts\benchmark_runs\language\neuron_search_20260605\manual_self\screen_128_seed17_real_seq10160_40m_conv_disagreement_neuron\state.json,749,.json,result_or_document
artifacts\benchmark_runs\language\neuron_search_20260605\manual_self\screen_128_seed17_real_seq10160_40m_mem_threshold_neuron\checkpoint.pt,488518770,.pt,heavy_artifact
artifacts\benchmark_runs\language\neuron_search_20260605\manual_self\screen_128_seed17_real_seq10160_40m_mem_threshold_neuron\result.json,2114,.json,result_or_document
artifacts\benchmark_runs\language\neuron_search_20260605\manual_self\screen_128_seed17_real_seq10160_40m_mem_threshold_neuron\state.json,737,.json,result_or_document
artifacts\benchmark_runs\language\neuron_search_20260605\manual_self\screen_128_seed17_real_seq10160_40m_memory_square_centered_gain_neuron\checkpoint.pt,486916466,.pt,heavy_artifact
artifacts\benchmark_runs\language\neuron_search_20260605\manual_self\screen_128_seed17_real_seq10160_40m_memory_square_centered_gain_neuron\result.json,2172,.json,result_or_document
artifacts\benchmark_runs\language\neuron_search_20260605\manual_self\screen_128_seed17_real_seq10160_40m_memory_square_centered_gain_neuron\state.json,779,.json,result_or_document
artifacts\benchmark_runs\language\neuron_search_20260605\manual_self\screen_128_seed17_real_seq10160_40m_memory_square_conv_agreement_gain_neuron\checkpoint.pt,485318370,.pt,heavy_artifact
artifacts\benchmark_runs\language\neuron_search_20260605\manual_self\screen_128_seed17_real_seq10160_40m_memory_square_conv_agreement_gain_neuron\result.json,2192,.json,result_or_document
artifacts\benchmark_runs\language\neuron_search_20260605\manual_self\screen_128_seed17_real_seq10160_40m_memory_square_conv_agreement_gain_neuron\state.json,795,.json,result_or_document
artifacts\benchmark_runs\language\neuron_search_20260605\manual_self\screen_128_seed17_real_seq10160_40m_memory_square_gain_neuron\checkpoint.pt,486916466,.pt,heavy_artifact
artifacts\benchmark_runs\language\neuron_search_20260605\manual_self\screen_128_seed17_real_seq10160_40m_memory_square_gain_neuron\result.json,2131,.json,result_or_document
artifacts\benchmark_runs\language\neuron_search_20260605\manual_self\screen_128_seed17_real_seq10160_40m_memory_square_gain_neuron\state.json,748,.json,result_or_document
artifacts\benchmark_runs\language\neuron_search_20260605\manual_self\screen_128_seed17_real_seq10160_40m_memory_square_novelty_gain_neuron\checkpoint.pt,486916466,.pt,heavy_artifact
artifacts\benchmark_runs\language\neuron_search_20260605\manual_self\screen_128_seed17_real_seq10160_40m_memory_square_novelty_gain_neuron\result.json,2167,.json,result_or_document
artifacts\benchmark_runs\language\neuron_search_20260605\manual_self\screen_128_seed17_real_seq10160_40m_memory_square_novelty_gain_neuron\state.json,776,.json,result_or_document
artifacts\benchmark_runs\language\neuron_search_20260605\manual_self\screen_128_seed17_real_seq10160_40m_memory_square_scalar_gain_neuron\checkpoint.pt,485320562,.pt,heavy_artifact
artifacts\benchmark_runs\language\neuron_search_20260605\manual_self\screen_128_seed17_real_seq10160_40m_memory_square_scalar_gain_neuron\result.json,2164,.json,result_or_document
artifacts\benchmark_runs\language\neuron_search_20260605\manual_self\screen_128_seed17_real_seq10160_40m_memory_square_scalar_gain_neuron\state.json,773,.json,result_or_document
artifacts\benchmark_runs\language\neuron_search_20260605\manual_self\screen_128_seed17_real_seq10160_40m_memory_square_small_gain_neuron\checkpoint.pt,486916466,.pt,heavy_artifact
artifacts\benchmark_runs\language\neuron_search_20260605\manual_self\screen_128_seed17_real_seq10160_40m_memory_square_small_gain_neuron\result.json,2159,.json,result_or_document
artifacts\benchmark_runs\language\neuron_search_20260605\manual_self\screen_128_seed17_real_seq10160_40m_memory_square_small_gain_neuron\state.json,769,.json,result_or_document
artifacts\benchmark_runs\language\neuron_search_20260605\manual_self\screen_128_seed17_real_seq10160_40m_phase_residual_blend_centered_neuron\checkpoint.pt,485341138,.pt,heavy_artifact
artifacts\benchmark_runs\language\neuron_search_20260605\manual_self\screen_128_seed17_real_seq10160_40m_phase_residual_blend_centered_neuron\result.json,2178,.json,result_or_document
artifacts\benchmark_runs\language\neuron_search_20260605\manual_self\screen_128_seed17_real_seq10160_40m_phase_residual_blend_centered_neuron\state.json,784,.json,result_or_document
artifacts\benchmark_runs\language\neuron_search_20260605\manual_self\screen_128_seed17_real_seq10160_40m_phase_residual_blend_half_neuron\checkpoint.pt,485341138,.pt,heavy_artifact
artifacts\benchmark_runs\language\neuron_search_20260605\manual_self\screen_128_seed17_real_seq10160_40m_phase_residual_blend_half_neuron\result.json,2164,.json,result_or_document
artifacts\benchmark_runs\language\neuron_search_20260605\manual_self\screen_128_seed17_real_seq10160_40m_phase_residual_blend_half_neuron\state.json,773,.json,result_or_document
artifacts\benchmark_runs\language\neuron_search_20260605\manual_self\screen_128_seed17_real_seq10160_40m_phase_residual_blend_large_neuron\checkpoint.pt,485341138,.pt,heavy_artifact
artifacts\benchmark_runs\language\neuron_search_20260605\manual_self\screen_128_seed17_real_seq10160_40m_phase_residual_blend_large_neuron\result.json,2168,.json,result_or_document
artifacts\benchmark_runs\language\neuron_search_20260605\manual_self\screen_128_seed17_real_seq10160_40m_phase_residual_blend_large_neuron\state.json,776,.json,result_or_document
artifacts\benchmark_runs\language\neuron_search_20260605\manual_self\screen_128_seed17_real_seq10160_40m_phase_residual_blend_neuron\checkpoint.pt,485341074,.pt,heavy_artifact
artifacts\benchmark_runs\language\neuron_search_20260605\manual_self\screen_128_seed17_real_seq10160_40m_phase_residual_blend_neuron\result.json,2141,.json,result_or_document
artifacts\benchmark_runs\language\neuron_search_20260605\manual_self\screen_128_seed17_real_seq10160_40m_phase_residual_blend_neuron\state.json,757,.json,result_or_document
artifacts\benchmark_runs\language\neuron_search_20260605\manual_self\screen_128_seed17_real_seq10160_40m_phase_residual_blend_normed_neuron\checkpoint.pt,485341138,.pt,heavy_artifact
artifacts\benchmark_runs\language\neuron_search_20260605\manual_self\screen_128_seed17_real_seq10160_40m_phase_residual_blend_normed_neuron\result.json,2172,.json,result_or_document
artifacts\benchmark_runs\language\neuron_search_20260605\manual_self\screen_128_seed17_real_seq10160_40m_phase_residual_blend_normed_neuron\state.json,779,.json,result_or_document
artifacts\benchmark_runs\language\neuron_search_20260605\manual_self\screen_128_seed17_real_seq10160_40m_phase_residual_blend_quarter_neuron\checkpoint.pt,485341138,.pt,heavy_artifact
artifacts\benchmark_runs\language\neuron_search_20260605\manual_self\screen_128_seed17_real_seq10160_40m_phase_residual_blend_quarter_neuron\result.json,2175,.json,result_or_document
artifacts\benchmark_runs\language\neuron_search_20260605\manual_self\screen_128_seed17_real_seq10160_40m_phase_residual_blend_quarter_neuron\state.json,781,.json,result_or_document
artifacts\benchmark_runs\language\neuron_search_20260605\manual_self\screen_128_seed17_real_seq10160_40m_phase_residual_blend_tiny_neuron\checkpoint.pt,485341138,.pt,heavy_artifact
artifacts\benchmark_runs\language\neuron_search_20260605\manual_self\screen_128_seed17_real_seq10160_40m_phase_residual_blend_tiny_neuron\result.json,2163,.json,result_or_document
artifacts\benchmark_runs\language\neuron_search_20260605\manual_self\screen_128_seed17_real_seq10160_40m_phase_residual_blend_tiny_neuron\state.json,773,.json,result_or_document
artifacts\benchmark_runs\language\neuron_search_20260605\manual_self\screen_128_seed17_real_seq10160_40m_phase_residual_boundary_blend_neuron\checkpoint.pt,485341138,.pt,heavy_artifact
artifacts\benchmark_runs\language\neuron_search_20260605\manual_self\screen_128_seed17_real_seq10160_40m_phase_residual_boundary_blend_neuron\result.json,2178,.json,result_or_document
artifacts\benchmark_runs\language\neuron_search_20260605\manual_self\screen_128_seed17_real_seq10160_40m_phase_residual_boundary_blend_neuron\state.json,784,.json,result_or_document
artifacts\benchmark_runs\language\neuron_search_20260605\manual_self\screen_128_seed17_real_seq10160_40m_phase_residual_boundary_centered_neuron\checkpoint.pt,485341138,.pt,heavy_artifact
artifacts\benchmark_runs\language\neuron_search_20260605\manual_self\screen_128_seed17_real_seq10160_40m_phase_residual_boundary_centered_neuron\result.json,2192,.json,result_or_document
artifacts\benchmark_runs\language\neuron_search_20260605\manual_self\screen_128_seed17_real_seq10160_40m_phase_residual_boundary_centered_neuron\state.json,794,.json,result_or_document
artifacts\benchmark_runs\language\neuron_search_20260605\manual_self\screen_128_seed17_real_seq10160_40m_phase_residual_conv_energy_gate_neuron\checkpoint.pt,485343410,.pt,heavy_artifact
artifacts\benchmark_runs\language\neuron_search_20260605\manual_self\screen_128_seed17_real_seq10160_40m_phase_residual_conv_energy_gate_neuron\result.json,2183,.json,result_or_document
artifacts\benchmark_runs\language\neuron_search_20260605\manual_self\screen_128_seed17_real_seq10160_40m_phase_residual_conv_energy_gate_neuron\state.json,788,.json,result_or_document
artifacts\benchmark_runs\language\neuron_search_20260605\manual_self\screen_128_seed17_real_seq10160_40m_phase_residual_memory_boundary_centered_gate_neuron\checkpoint.pt,486943506,.pt,heavy_artifact
artifacts\benchmark_runs\language\neuron_search_20260605\manual_self\screen_128_seed17_real_seq10160_40m_phase_residual_memory_boundary_centered_gate_neuron\result.json,2237,.json,result_or_document
artifacts\benchmark_runs\language\neuron_search_20260605\manual_self\screen_128_seed17_real_seq10160_40m_phase_residual_memory_boundary_centered_gate_neuron\state.json,829,.json,result_or_document
artifacts\benchmark_runs\language\neuron_search_20260605\manual_self\screen_128_seed17_real_seq10160_40m_phase_residual_memory_boundary_gate_neuron\checkpoint.pt,486943506,.pt,heavy_artifact
artifacts\benchmark_runs\language\neuron_search_20260605\manual_self\screen_128_seed17_real_seq10160_40m_phase_residual_memory_boundary_gate_neuron\result.json,2203,.json,result_or_document
artifacts\benchmark_runs\language\neuron_search_20260605\manual_self\screen_128_seed17_real_seq10160_40m_phase_residual_memory_boundary_gate_neuron\state.json,803,.json,result_or_document
artifacts\benchmark_runs\language\neuron_search_20260605\manual_self\screen_128_seed17_real_seq10160_40m_phase_residual_memory_boundary_scalar_gate_neuron\checkpoint.pt,485347538,.pt,heavy_artifact
artifacts\benchmark_runs\language\neuron_search_20260605\manual_self\screen_128_seed17_real_seq10160_40m_phase_residual_memory_boundary_scalar_gate_neuron\result.json,2230,.json,result_or_document
artifacts\benchmark_runs\language\neuron_search_20260605\manual_self\screen_128_seed17_real_seq10160_40m_phase_residual_memory_boundary_scalar_gate_neuron\state.json,822,.json,result_or_document
artifacts\benchmark_runs\language\neuron_search_20260605\manual_self\screen_128_seed17_real_seq10160_40m_phase_residual_memory_bounded_centered_gate_neuron\checkpoint.pt,486943506,.pt,heavy_artifact
artifacts\benchmark_runs\language\neuron_search_20260605\manual_self\screen_128_seed17_real_seq10160_40m_phase_residual_memory_bounded_centered_gate_neuron\result.json,2236,.json,result_or_document
artifacts\benchmark_runs\language\neuron_search_20260605\manual_self\screen_128_seed17_real_seq10160_40m_phase_residual_memory_bounded_centered_gate_neuron\state.json,827,.json,result_or_document
artifacts\benchmark_runs\language\neuron_search_20260605\manual_self\screen_128_seed17_real_seq10160_40m_phase_residual_memory_bounded_gate_neuron\checkpoint.pt,486943506,.pt,heavy_artifact
artifacts\benchmark_runs\language\neuron_search_20260605\manual_self\screen_128_seed17_real_seq10160_40m_phase_residual_memory_bounded_gate_neuron\result.json,2197,.json,result_or_document
artifacts\benchmark_runs\language\neuron_search_20260605\manual_self\screen_128_seed17_real_seq10160_40m_phase_residual_memory_bounded_gate_neuron\state.json,799,.json,result_or_document
artifacts\benchmark_runs\language\neuron_search_20260605\manual_self\screen_128_seed17_real_seq10160_40m_phase_residual_memory_centered_gate_neuron\checkpoint.pt,486943506,.pt,heavy_artifact
artifacts\benchmark_runs\language\neuron_search_20260605\manual_self\screen_128_seed17_real_seq10160_40m_phase_residual_memory_centered_gate_neuron\result.json,2197,.json,result_or_document
artifacts\benchmark_runs\language\neuron_search_20260605\manual_self\screen_128_seed17_real_seq10160_40m_phase_residual_memory_centered_gate_neuron\state.json,796,.json,result_or_document
artifacts\benchmark_runs\language\neuron_search_20260605\manual_self\screen_128_seed17_real_seq10160_40m_phase_residual_memory_conv_agreement_neuron\checkpoint.pt,485343410,.pt,heavy_artifact
artifacts\benchmark_runs\language\neuron_search_20260605\manual_self\screen_128_seed17_real_seq10160_40m_phase_residual_memory_conv_agreement_neuron\result.json,2207,.json,result_or_document
artifacts\benchmark_runs\language\neuron_search_20260605\manual_self\screen_128_seed17_real_seq10160_40m_phase_residual_memory_conv_agreement_neuron\state.json,805,.json,result_or_document
artifacts\benchmark_runs\language\neuron_search_20260605\manual_self\screen_128_seed17_real_seq10160_40m_phase_residual_memory_conv_centered_agreement_neuron\checkpoint.pt,485343474,.pt,heavy_artifact
artifacts\benchmark_runs\language\neuron_search_20260605\manual_self\screen_128_seed17_real_seq10160_40m_phase_residual_memory_conv_centered_agreement_neuron\result.json,2242,.json,result_or_document
artifacts\benchmark_runs\language\neuron_search_20260605\manual_self\screen_128_seed17_real_seq10160_40m_phase_residual_memory_conv_centered_agreement_neuron\state.json,832,.json,result_or_document
artifacts\benchmark_runs\language\neuron_search_20260605\manual_self\screen_128_seed17_real_seq10160_40m_phase_residual_memory_conv_disagreement_damp_neuron\checkpoint.pt,485343410,.pt,heavy_artifact
artifacts\benchmark_runs\language\neuron_search_20260605\manual_self\screen_128_seed17_real_seq10160_40m_phase_residual_memory_conv_disagreement_damp_neuron\result.json,2235,.json,result_or_document
artifacts\benchmark_runs\language\neuron_search_20260605\manual_self\screen_128_seed17_real_seq10160_40m_phase_residual_memory_conv_disagreement_damp_neuron\state.json,828,.json,result_or_document
artifacts\benchmark_runs\language\neuron_search_20260605\manual_self\screen_128_seed17_real_seq10160_40m_phase_residual_memory_delta_gate_neuron\checkpoint.pt,486943442,.pt,heavy_artifact
artifacts\benchmark_runs\language\neuron_search_20260605\manual_self\screen_128_seed17_real_seq10160_40m_phase_residual_memory_delta_gate_neuron\result.json,2190,.json,result_or_document
artifacts\benchmark_runs\language\neuron_search_20260605\manual_self\screen_128_seed17_real_seq10160_40m_phase_residual_memory_delta_gate_neuron\state.json,794,.json,result_or_document
artifacts\benchmark_runs\language\neuron_search_20260605\manual_self\screen_128_seed17_real_seq10160_40m_phase_residual_memory_gate_neuron\checkpoint.pt,486943442,.pt,heavy_artifact
artifacts\benchmark_runs\language\neuron_search_20260605\manual_self\screen_128_seed17_real_seq10160_40m_phase_residual_memory_gate_neuron\result.json,2168,.json,result_or_document
artifacts\benchmark_runs\language\neuron_search_20260605\manual_self\screen_128_seed17_real_seq10160_40m_phase_residual_memory_gate_neuron\state.json,776,.json,result_or_document
artifacts\benchmark_runs\language\neuron_search_20260605\manual_self\screen_128_seed17_real_seq10160_40m_phase_residual_memory_group_gate_neuron\checkpoint.pt,485370962,.pt,heavy_artifact
artifacts\benchmark_runs\language\neuron_search_20260605\manual_self\screen_128_seed17_real_seq10160_40m_phase_residual_memory_group_gate_neuron\result.json,2192,.json,result_or_document
artifacts\benchmark_runs\language\neuron_search_20260605\manual_self\screen_128_seed17_real_seq10160_40m_phase_residual_memory_group_gate_neuron\state.json,794,.json,result_or_document
artifacts\benchmark_runs\language\neuron_search_20260605\manual_self\screen_128_seed17_real_seq10160_40m_phase_residual_memory_normed_gate_neuron\checkpoint.pt,486943442,.pt,heavy_artifact
artifacts\benchmark_runs\language\neuron_search_20260605\manual_self\screen_128_seed17_real_seq10160_40m_phase_residual_memory_normed_gate_neuron\result.json,2193,.json,result_or_document
artifacts\benchmark_runs\language\neuron_search_20260605\manual_self\screen_128_seed17_real_seq10160_40m_phase_residual_memory_normed_gate_neuron\state.json,795,.json,result_or_document
artifacts\benchmark_runs\language\neuron_search_20260605\manual_self\screen_128_seed17_real_seq10160_40m_phase_residual_memory_novelty_centered_gate_neuron\checkpoint.pt,486943506,.pt,heavy_artifact
artifacts\benchmark_runs\language\neuron_search_20260605\manual_self\screen_128_seed17_real_seq10160_40m_phase_residual_memory_novelty_centered_gate_neuron\result.json,2237,.json,result_or_document
artifacts\benchmark_runs\language\neuron_search_20260605\manual_self\screen_128_seed17_real_seq10160_40m_phase_residual_memory_novelty_centered_gate_neuron\state.json,828,.json,result_or_document
artifacts\benchmark_runs\language\neuron_search_20260605\manual_self\screen_128_seed17_real_seq10160_40m_phase_residual_memory_novelty_gate_neuron\checkpoint.pt,486943506,.pt,heavy_artifact
artifacts\benchmark_runs\language\neuron_search_20260605\manual_self\screen_128_seed17_real_seq10160_40m_phase_residual_memory_novelty_gate_neuron\result.json,2198,.json,result_or_document
artifacts\benchmark_runs\language\neuron_search_20260605\manual_self\screen_128_seed17_real_seq10160_40m_phase_residual_memory_novelty_gate_neuron\state.json,799,.json,result_or_document
artifacts\benchmark_runs\language\neuron_search_20260605\manual_self\screen_128_seed17_real_seq10160_40m_phase_residual_memory_novelty_tiny_gate_neuron\checkpoint.pt,486943506,.pt,heavy_artifact
artifacts\benchmark_runs\language\neuron_search_20260605\manual_self\screen_128_seed17_real_seq10160_40m_phase_residual_memory_novelty_tiny_gate_neuron\result.json,2215,.json,result_or_document
artifacts\benchmark_runs\language\neuron_search_20260605\manual_self\screen_128_seed17_real_seq10160_40m_phase_residual_memory_novelty_tiny_gate_neuron\state.json,812,.json,result_or_document
artifacts\benchmark_runs\language\neuron_search_20260605\manual_self\screen_128_seed17_real_seq10160_40m_phase_residual_memory_rms_gate_neuron\checkpoint.pt,486943442,.pt,heavy_artifact
artifacts\benchmark_runs\language\neuron_search_20260605\manual_self\screen_128_seed17_real_seq10160_40m_phase_residual_memory_rms_gate_neuron\result.json,2185,.json,result_or_document
artifacts\benchmark_runs\language\neuron_search_20260605\manual_self\screen_128_seed17_real_seq10160_40m_phase_residual_memory_rms_gate_neuron\state.json,789,.json,result_or_document
artifacts\benchmark_runs\language\neuron_search_20260605\manual_self\screen_128_seed17_real_seq10160_40m_phase_residual_memory_scalar_centered_gate_neuron\checkpoint.pt,485347538,.pt,heavy_artifact
artifacts\benchmark_runs\language\neuron_search_20260605\manual_self\screen_128_seed17_real_seq10160_40m_phase_residual_memory_scalar_centered_gate_neuron\result.json,2229,.json,result_or_document
artifacts\benchmark_runs\language\neuron_search_20260605\manual_self\screen_128_seed17_real_seq10160_40m_phase_residual_memory_scalar_centered_gate_neuron\state.json,822,.json,result_or_document
artifacts\benchmark_runs\language\neuron_search_20260605\manual_self\screen_128_seed17_real_seq10160_40m_phase_residual_memory_scalar_gate_neuron\checkpoint.pt,485347538,.pt,heavy_artifact
artifacts\benchmark_runs\language\neuron_search_20260605\manual_self\screen_128_seed17_real_seq10160_40m_phase_residual_memory_scalar_gate_neuron\result.json,2198,.json,result_or_document
artifacts\benchmark_runs\language\neuron_search_20260605\manual_self\screen_128_seed17_real_seq10160_40m_phase_residual_memory_scalar_gate_neuron\state.json,798,.json,result_or_document
artifacts\benchmark_runs\language\neuron_search_20260605\manual_self\screen_128_seed17_real_seq10160_40m_phase_residual_memory_sparse_centered_gate_neuron\checkpoint.pt,486943506,.pt,heavy_artifact
artifacts\benchmark_runs\language\neuron_search_20260605\manual_self\screen_128_seed17_real_seq10160_40m_phase_residual_memory_sparse_centered_gate_neuron\result.json,2229,.json,result_or_document
artifacts\benchmark_runs\language\neuron_search_20260605\manual_self\screen_128_seed17_real_seq10160_40m_phase_residual_memory_sparse_centered_gate_neuron\state.json,822,.json,result_or_document
artifacts\benchmark_runs\language\neuron_search_20260605\manual_self\screen_128_seed17_real_seq10160_40m_phase_residual_memory_sparse_gate_neuron\checkpoint.pt,486943442,.pt,heavy_artifact
artifacts\benchmark_runs\language\neuron_search_20260605\manual_self\screen_128_seed17_real_seq10160_40m_phase_residual_memory_sparse_gate_neuron\result.json,2196,.json,result_or_document
artifacts\benchmark_runs\language\neuron_search_20260605\manual_self\screen_128_seed17_real_seq10160_40m_phase_residual_memory_sparse_gate_neuron\state.json,797,.json,result_or_document
artifacts\benchmark_runs\language\neuron_search_20260605\manual_self\screen_128_seed17_real_seq10160_40m_rank_competition_memory_centered_gate_neuron\checkpoint.pt,486945714,.pt,heavy_artifact
artifacts\benchmark_runs\language\neuron_search_20260605\manual_self\screen_128_seed17_real_seq10160_40m_rank_competition_memory_centered_gate_neuron\result.json,2209,.json,result_or_document
artifacts\benchmark_runs\language\neuron_search_20260605\manual_self\screen_128_seed17_real_seq10160_40m_rank_competition_memory_centered_gate_neuron\state.json,807,.json,result_or_document
artifacts\benchmark_runs\language\neuron_search_20260605\manual_self\screen_128_seed17_real_seq10160_40m_rank_competition_memory_gate_neuron\checkpoint.pt,486945714,.pt,heavy_artifact
artifacts\benchmark_runs\language\neuron_search_20260605\manual_self\screen_128_seed17_real_seq10160_40m_rank_competition_memory_gate_neuron\result.json,2176,.json,result_or_document
artifacts\benchmark_runs\language\neuron_search_20260605\manual_self\screen_128_seed17_real_seq10160_40m_rank_competition_memory_gate_neuron\state.json,781,.json,result_or_document
artifacts\benchmark_runs\language\neuron_search_20260605\manual_self\screen_128_seed17_real_seq10160_40m_rank_competition_neuron\checkpoint.pt,485316434,.pt,heavy_artifact
artifacts\benchmark_runs\language\neuron_search_20260605\manual_self\screen_128_seed17_real_seq10160_40m_rank_competition_neuron\result.json,2128,.json,result_or_document
artifacts\benchmark_runs\language\neuron_search_20260605\manual_self\screen_128_seed17_real_seq10160_40m_rank_competition_neuron\state.json,746,.json,result_or_document
artifacts\benchmark_runs\language\neuron_search_20260605\manual_self\screen_128_seed17_real_seq10160_40m_ranked_results.json,18332,.json,result_or_document
artifacts\benchmark_runs\language\neuron_search_20260605\manual_self\screen_128_seed17_real_seq10160_40m_screen_results.json,90713,.json,result_or_document
artifacts\benchmark_runs\language\neuron_search_20260605\manual_self\screen_128_seed17_real_seq10160_40m_stable_competition_neuron\checkpoint.pt,485318642,.pt,heavy_artifact
artifacts\benchmark_runs\language\neuron_search_20260605\manual_self\screen_128_seed17_real_seq10160_40m_stable_competition_neuron\result.json,2132,.json,result_or_document
artifacts\benchmark_runs\language\neuron_search_20260605\manual_self\screen_128_seed17_real_seq10160_40m_stable_competition_neuron\state.json,750,.json,result_or_document
artifacts\benchmark_runs\language\neuron_search_20260605\manual_self\screen_128_seed17_real_seq10160_40m_stable_square_neuron\checkpoint.pt,485316370,.pt,heavy_artifact
artifacts\benchmark_runs\language\neuron_search_20260605\manual_self\screen_128_seed17_real_seq10160_40m_stable_square_neuron\result.json,2113,.json,result_or_document
artifacts\benchmark_runs\language\neuron_search_20260605\manual_self\screen_128_seed17_real_seq10160_40m_stable_square_neuron\state.json,735,.json,result_or_document
artifacts\benchmark_runs\language\neuron_search_20260605\manual_self\screen_128_seed17_real_seq10160_40m_stateful_threshold_neuron\checkpoint.pt,485316434,.pt,heavy_artifact
artifacts\benchmark_runs\language\neuron_search_20260605\manual_self\screen_128_seed17_real_seq10160_40m_stateful_threshold_neuron\result.json,2134,.json,result_or_document
artifacts\benchmark_runs\language\neuron_search_20260605\manual_self\screen_128_seed17_real_seq10160_40m_stateful_threshold_neuron\state.json,750,.json,result_or_document
artifacts\benchmark_runs\language\neuron_search_20260605\manual_self\screen_128_seed17_real_seq10160_val8_rank_hybrid_cost_v1_baseline\checkpoint.pt,485314162,.pt,heavy_artifact
artifacts\benchmark_runs\language\neuron_search_20260605\manual_self\screen_128_seed17_real_seq10160_val8_rank_hybrid_cost_v1_baseline\result.json,2154,.json,result_or_document
artifacts\benchmark_runs\language\neuron_search_20260605\manual_self\screen_128_seed17_real_seq10160_val8_rank_hybrid_cost_v1_baseline\state.json,764,.json,result_or_document
artifacts\benchmark_runs\language\neuron_search_20260605\manual_self\screen_128_seed17_real_seq10160_val8_rank_hybrid_cost_v1_rank_competition_centered_residual_neuron\checkpoint.pt,485343410,.pt,heavy_artifact
artifacts\benchmark_runs\language\neuron_search_20260605\manual_self\screen_128_seed17_real_seq10160_val8_rank_hybrid_cost_v1_rank_competition_centered_residual_neuron\result.json,2263,.json,result_or_document
artifacts\benchmark_runs\language\neuron_search_20260605\manual_self\screen_128_seed17_real_seq10160_val8_rank_hybrid_cost_v1_rank_competition_centered_residual_neuron\state.json,863,.json,result_or_document
artifacts\benchmark_runs\language\neuron_search_20260605\manual_self\screen_128_seed17_real_seq10160_val8_rank_hybrid_cost_v1_rank_competition_memory_factor_centered_gate_neuron\checkpoint.pt,485768978,.pt,heavy_artifact
artifacts\benchmark_runs\language\neuron_search_20260605\manual_self\screen_128_seed17_real_seq10160_val8_rank_hybrid_cost_v1_rank_competition_memory_factor_centered_gate_neuron\result.json,2299,.json,result_or_document
artifacts\benchmark_runs\language\neuron_search_20260605\manual_self\screen_128_seed17_real_seq10160_val8_rank_hybrid_cost_v1_rank_competition_memory_factor_centered_gate_neuron\state.json,889,.json,result_or_document
artifacts\benchmark_runs\language\neuron_search_20260605\manual_self\screen_128_seed17_real_seq10160_val8_rank_hybrid_cost_v1_rank_competition_memory_group_centered_gate_neuron\checkpoint.pt,485373298,.pt,heavy_artifact
artifacts\benchmark_runs\language\neuron_search_20260605\manual_self\screen_128_seed17_real_seq10160_val8_rank_hybrid_cost_v1_rank_competition_memory_group_centered_gate_neuron\result.json,2298,.json,result_or_document
artifacts\benchmark_runs\language\neuron_search_20260605\manual_self\screen_128_seed17_real_seq10160_val8_rank_hybrid_cost_v1_rank_competition_memory_group_centered_gate_neuron\state.json,890,.json,result_or_document
artifacts\benchmark_runs\language\neuron_search_20260605\manual_self\screen_128_seed17_real_seq10160_val8_rank_hybrid_cost_v1_rank_competition_memory_scalar_centered_gate_neuron\checkpoint.pt,485349874,.pt,heavy_artifact
artifacts\benchmark_runs\language\neuron_search_20260605\manual_self\screen_128_seed17_real_seq10160_val8_rank_hybrid_cost_v1_rank_competition_memory_scalar_centered_gate_neuron\result.json,2298,.json,result_or_document
artifacts\benchmark_runs\language\neuron_search_20260605\manual_self\screen_128_seed17_real_seq10160_val8_rank_hybrid_cost_v1_rank_competition_memory_scalar_centered_gate_neuron\state.json,891,.json,result_or_document
artifacts\benchmark_runs\language\neuron_search_20260605\manual_self\screen_128_seed17_real_seq10160_val8_rank_hybrid_cost_v1_ranked_results.json,1641,.json,result_or_document
artifacts\benchmark_runs\language\neuron_search_20260605\manual_self\screen_128_seed17_real_seq10160_val8_rank_hybrid_cost_v1_screen_results.json,10373,.json,result_or_document
artifacts\benchmark_runs\language\neuron_search_20260605\manual_self\screen_128_seed29_real_seq10160_40m_adaptive_basis_neuron\checkpoint.pt,485355890,.pt,heavy_artifact
artifacts\benchmark_runs\language\neuron_search_20260605\manual_self\screen_128_seed29_real_seq10160_40m_adaptive_basis_neuron\result.json,2121,.json,result_or_document
artifacts\benchmark_runs\language\neuron_search_20260605\manual_self\screen_128_seed29_real_seq10160_40m_adaptive_basis_neuron\state.json,740,.json,result_or_document
artifacts\benchmark_runs\language\neuron_search_20260605\manual_self\screen_128_seed29_real_seq10160_40m_baseline\checkpoint.pt,485314162,.pt,heavy_artifact
artifacts\benchmark_runs\language\neuron_search_20260605\manual_self\screen_128_seed29_real_seq10160_40m_baseline\result.json,2089,.json,result_or_document
artifacts\benchmark_runs\language\neuron_search_20260605\manual_self\screen_128_seed29_real_seq10160_40m_baseline\state.json,700,.json,result_or_document
artifacts\benchmark_runs\language\neuron_search_20260605\manual_self\screen_128_seed29_real_seq10160_40m_bottleneck_aware_neuron\checkpoint.pt,500290866,.pt,heavy_artifact
artifacts\benchmark_runs\language\neuron_search_20260605\manual_self\screen_128_seed29_real_seq10160_40m_bottleneck_aware_neuron\result.json,2129,.json,result_or_document
artifacts\benchmark_runs\language\neuron_search_20260605\manual_self\screen_128_seed29_real_seq10160_40m_bottleneck_aware_neuron\state.json,747,.json,result_or_document
artifacts\benchmark_runs\language\neuron_search_20260605\manual_self\screen_128_seed29_real_seq10160_40m_conv_disagreement_neuron\checkpoint.pt,485314162,.pt,heavy_artifact
artifacts\benchmark_runs\language\neuron_search_20260605\manual_self\screen_128_seed29_real_seq10160_40m_conv_disagreement_neuron\result.json,2131,.json,result_or_document
artifacts\benchmark_runs\language\neuron_search_20260605\manual_self\screen_128_seed29_real_seq10160_40m_conv_disagreement_neuron\state.json,748,.json,result_or_document
artifacts\benchmark_runs\language\neuron_search_20260605\manual_self\screen_128_seed29_real_seq10160_40m_mem_threshold_neuron\checkpoint.pt,488518770,.pt,heavy_artifact
artifacts\benchmark_runs\language\neuron_search_20260605\manual_self\screen_128_seed29_real_seq10160_40m_mem_threshold_neuron\result.json,2116,.json,result_or_document
artifacts\benchmark_runs\language\neuron_search_20260605\manual_self\screen_128_seed29_real_seq10160_40m_mem_threshold_neuron\state.json,737,.json,result_or_document
artifacts\benchmark_runs\language\neuron_search_20260605\manual_self\screen_128_seed29_real_seq10160_40m_memory_square_centered_gain_neuron\checkpoint.pt,486916466,.pt,heavy_artifact
artifacts\benchmark_runs\language\neuron_search_20260605\manual_self\screen_128_seed29_real_seq10160_40m_memory_square_centered_gain_neuron\result.json,2172,.json,result_or_document
artifacts\benchmark_runs\language\neuron_search_20260605\manual_self\screen_128_seed29_real_seq10160_40m_memory_square_centered_gain_neuron\state.json,779,.json,result_or_document
artifacts\benchmark_runs\language\neuron_search_20260605\manual_self\screen_128_seed29_real_seq10160_40m_memory_square_conv_agreement_gain_neuron\checkpoint.pt,485318370,.pt,heavy_artifact
artifacts\benchmark_runs\language\neuron_search_20260605\manual_self\screen_128_seed29_real_seq10160_40m_memory_square_conv_agreement_gain_neuron\result.json,2195,.json,result_or_document
artifacts\benchmark_runs\language\neuron_search_20260605\manual_self\screen_128_seed29_real_seq10160_40m_memory_square_conv_agreement_gain_neuron\state.json,796,.json,result_or_document
artifacts\benchmark_runs\language\neuron_search_20260605\manual_self\screen_128_seed29_real_seq10160_40m_memory_square_gain_neuron\checkpoint.pt,486916466,.pt,heavy_artifact
artifacts\benchmark_runs\language\neuron_search_20260605\manual_self\screen_128_seed29_real_seq10160_40m_memory_square_gain_neuron\result.json,2134,.json,result_or_document
artifacts\benchmark_runs\language\neuron_search_20260605\manual_self\screen_128_seed29_real_seq10160_40m_memory_square_gain_neuron\state.json,750,.json,result_or_document
artifacts\benchmark_runs\language\neuron_search_20260605\manual_self\screen_128_seed29_real_seq10160_40m_memory_square_novelty_gain_neuron\checkpoint.pt,486916466,.pt,heavy_artifact
artifacts\benchmark_runs\language\neuron_search_20260605\manual_self\screen_128_seed29_real_seq10160_40m_memory_square_novelty_gain_neuron\result.json,2169,.json,result_or_document
artifacts\benchmark_runs\language\neuron_search_20260605\manual_self\screen_128_seed29_real_seq10160_40m_memory_square_novelty_gain_neuron\state.json,776,.json,result_or_document
artifacts\benchmark_runs\language\neuron_search_20260605\manual_self\screen_128_seed29_real_seq10160_40m_memory_square_scalar_gain_neuron\checkpoint.pt,485320562,.pt,heavy_artifact
artifacts\benchmark_runs\language\neuron_search_20260605\manual_self\screen_128_seed29_real_seq10160_40m_memory_square_scalar_gain_neuron\result.json,2163,.json,result_or_document
artifacts\benchmark_runs\language\neuron_search_20260605\manual_self\screen_128_seed29_real_seq10160_40m_memory_square_scalar_gain_neuron\state.json,772,.json,result_or_document
artifacts\benchmark_runs\language\neuron_search_20260605\manual_self\screen_128_seed29_real_seq10160_40m_memory_square_small_gain_neuron\checkpoint.pt,486916466,.pt,heavy_artifact
artifacts\benchmark_runs\language\neuron_search_20260605\manual_self\screen_128_seed29_real_seq10160_40m_memory_square_small_gain_neuron\result.json,2156,.json,result_or_document
artifacts\benchmark_runs\language\neuron_search_20260605\manual_self\screen_128_seed29_real_seq10160_40m_memory_square_small_gain_neuron\state.json,767,.json,result_or_document
artifacts\benchmark_runs\language\neuron_search_20260605\manual_self\screen_128_seed29_real_seq10160_40m_phase_residual_blend_centered_neuron\checkpoint.pt,485341138,.pt,heavy_artifact
artifacts\benchmark_runs\language\neuron_search_20260605\manual_self\screen_128_seed29_real_seq10160_40m_phase_residual_blend_centered_neuron\result.json,2180,.json,result_or_document
artifacts\benchmark_runs\language\neuron_search_20260605\manual_self\screen_128_seed29_real_seq10160_40m_phase_residual_blend_centered_neuron\state.json,785,.json,result_or_document
artifacts\benchmark_runs\language\neuron_search_20260605\manual_self\screen_128_seed29_real_seq10160_40m_phase_residual_blend_half_neuron\checkpoint.pt,485341138,.pt,heavy_artifact
artifacts\benchmark_runs\language\neuron_search_20260605\manual_self\screen_128_seed29_real_seq10160_40m_phase_residual_blend_half_neuron\result.json,2162,.json,result_or_document
artifacts\benchmark_runs\language\neuron_search_20260605\manual_self\screen_128_seed29_real_seq10160_40m_phase_residual_blend_half_neuron\state.json,772,.json,result_or_document
artifacts\benchmark_runs\language\neuron_search_20260605\manual_self\screen_128_seed29_real_seq10160_40m_phase_residual_blend_large_neuron\checkpoint.pt,485341138,.pt,heavy_artifact
artifacts\benchmark_runs\language\neuron_search_20260605\manual_self\screen_128_seed29_real_seq10160_40m_phase_residual_blend_large_neuron\result.json,2166,.json,result_or_document
artifacts\benchmark_runs\language\neuron_search_20260605\manual_self\screen_128_seed29_real_seq10160_40m_phase_residual_blend_large_neuron\state.json,775,.json,result_or_document
artifacts\benchmark_runs\language\neuron_search_20260605\manual_self\screen_128_seed29_real_seq10160_40m_phase_residual_blend_neuron\checkpoint.pt,485341074,.pt,heavy_artifact
artifacts\benchmark_runs\language\neuron_search_20260605\manual_self\screen_128_seed29_real_seq10160_40m_phase_residual_blend_neuron\result.json,2146,.json,result_or_document
artifacts\benchmark_runs\language\neuron_search_20260605\manual_self\screen_128_seed29_real_seq10160_40m_phase_residual_blend_neuron\state.json,759,.json,result_or_document
artifacts\benchmark_runs\language\neuron_search_20260605\manual_self\screen_128_seed29_real_seq10160_40m_phase_residual_blend_normed_neuron\checkpoint.pt,485341138,.pt,heavy_artifact
artifacts\benchmark_runs\language\neuron_search_20260605\manual_self\screen_128_seed29_real_seq10160_40m_phase_residual_blend_normed_neuron\result.json,2172,.json,result_or_document
artifacts\benchmark_runs\language\neuron_search_20260605\manual_self\screen_128_seed29_real_seq10160_40m_phase_residual_blend_normed_neuron\state.json,779,.json,result_or_document
artifacts\benchmark_runs\language\neuron_search_20260605\manual_self\screen_128_seed29_real_seq10160_40m_phase_residual_blend_quarter_neuron\checkpoint.pt,485341138,.pt,heavy_artifact
artifacts\benchmark_runs\language\neuron_search_20260605\manual_self\screen_128_seed29_real_seq10160_40m_phase_residual_blend_quarter_neuron\result.json,2178,.json,result_or_document
artifacts\benchmark_runs\language\neuron_search_20260605\manual_self\screen_128_seed29_real_seq10160_40m_phase_residual_blend_quarter_neuron\state.json,783,.json,result_or_document
artifacts\benchmark_runs\language\neuron_search_20260605\manual_self\screen_128_seed29_real_seq10160_40m_phase_residual_blend_tiny_neuron\checkpoint.pt,485341138,.pt,heavy_artifact
artifacts\benchmark_runs\language\neuron_search_20260605\manual_self\screen_128_seed29_real_seq10160_40m_phase_residual_blend_tiny_neuron\result.json,2158,.json,result_or_document
artifacts\benchmark_runs\language\neuron_search_20260605\manual_self\screen_128_seed29_real_seq10160_40m_phase_residual_blend_tiny_neuron\state.json,771,.json,result_or_document
artifacts\benchmark_runs\language\neuron_search_20260605\manual_self\screen_128_seed29_real_seq10160_40m_phase_residual_boundary_blend_neuron\checkpoint.pt,485341138,.pt,heavy_artifact
artifacts\benchmark_runs\language\neuron_search_20260605\manual_self\screen_128_seed29_real_seq10160_40m_phase_residual_boundary_blend_neuron\result.json,2181,.json,result_or_document
artifacts\benchmark_runs\language\neuron_search_20260605\manual_self\screen_128_seed29_real_seq10160_40m_phase_residual_boundary_blend_neuron\state.json,785,.json,result_or_document
artifacts\benchmark_runs\language\neuron_search_20260605\manual_self\screen_128_seed29_real_seq10160_40m_phase_residual_boundary_centered_neuron\checkpoint.pt,485341138,.pt,heavy_artifact
artifacts\benchmark_runs\language\neuron_search_20260605\manual_self\screen_128_seed29_real_seq10160_40m_phase_residual_boundary_centered_neuron\result.json,2191,.json,result_or_document
artifacts\benchmark_runs\language\neuron_search_20260605\manual_self\screen_128_seed29_real_seq10160_40m_phase_residual_boundary_centered_neuron\state.json,794,.json,result_or_document
artifacts\benchmark_runs\language\neuron_search_20260605\manual_self\screen_128_seed29_real_seq10160_40m_phase_residual_conv_energy_gate_neuron\checkpoint.pt,485343410,.pt,heavy_artifact
artifacts\benchmark_runs\language\neuron_search_20260605\manual_self\screen_128_seed29_real_seq10160_40m_phase_residual_conv_energy_gate_neuron\result.json,2188,.json,result_or_document
artifacts\benchmark_runs\language\neuron_search_20260605\manual_self\screen_128_seed29_real_seq10160_40m_phase_residual_conv_energy_gate_neuron\state.json,791,.json,result_or_document
artifacts\benchmark_runs\language\neuron_search_20260605\manual_self\screen_128_seed29_real_seq10160_40m_phase_residual_memory_boundary_centered_gate_neuron\checkpoint.pt,486943506,.pt,heavy_artifact
artifacts\benchmark_runs\language\neuron_search_20260605\manual_self\screen_128_seed29_real_seq10160_40m_phase_residual_memory_boundary_centered_gate_neuron\result.json,2240,.json,result_or_document
artifacts\benchmark_runs\language\neuron_search_20260605\manual_self\screen_128_seed29_real_seq10160_40m_phase_residual_memory_boundary_centered_gate_neuron\state.json,830,.json,result_or_document
artifacts\benchmark_runs\language\neuron_search_20260605\manual_self\screen_128_seed29_real_seq10160_40m_phase_residual_memory_boundary_gate_neuron\checkpoint.pt,486943506,.pt,heavy_artifact
artifacts\benchmark_runs\language\neuron_search_20260605\manual_self\screen_128_seed29_real_seq10160_40m_phase_residual_memory_boundary_gate_neuron\result.json,2203,.json,result_or_document
artifacts\benchmark_runs\language\neuron_search_20260605\manual_self\screen_128_seed29_real_seq10160_40m_phase_residual_memory_boundary_gate_neuron\state.json,803,.json,result_or_document
artifacts\benchmark_runs\language\neuron_search_20260605\manual_self\screen_128_seed29_real_seq10160_40m_phase_residual_memory_boundary_scalar_gate_neuron\checkpoint.pt,485347538,.pt,heavy_artifact
artifacts\benchmark_runs\language\neuron_search_20260605\manual_self\screen_128_seed29_real_seq10160_40m_phase_residual_memory_boundary_scalar_gate_neuron\result.json,2230,.json,result_or_document
artifacts\benchmark_runs\language\neuron_search_20260605\manual_self\screen_128_seed29_real_seq10160_40m_phase_residual_memory_boundary_scalar_gate_neuron\state.json,822,.json,result_or_document
artifacts\benchmark_runs\language\neuron_search_20260605\manual_self\screen_128_seed29_real_seq10160_40m_phase_residual_memory_bounded_centered_gate_neuron\checkpoint.pt,486943506,.pt,heavy_artifact
artifacts\benchmark_runs\language\neuron_search_20260605\manual_self\screen_128_seed29_real_seq10160_40m_phase_residual_memory_bounded_centered_gate_neuron\result.json,2236,.json,result_or_document
artifacts\benchmark_runs\language\neuron_search_20260605\manual_self\screen_128_seed29_real_seq10160_40m_phase_residual_memory_bounded_centered_gate_neuron\state.json,827,.json,result_or_document
artifacts\benchmark_runs\language\neuron_search_20260605\manual_self\screen_128_seed29_real_seq10160_40m_phase_residual_memory_bounded_gate_neuron\checkpoint.pt,486943506,.pt,heavy_artifact
artifacts\benchmark_runs\language\neuron_search_20260605\manual_self\screen_128_seed29_real_seq10160_40m_phase_residual_memory_bounded_gate_neuron\result.json,2196,.json,result_or_document
artifacts\benchmark_runs\language\neuron_search_20260605\manual_self\screen_128_seed29_real_seq10160_40m_phase_residual_memory_bounded_gate_neuron\state.json,797,.json,result_or_document
artifacts\benchmark_runs\language\neuron_search_20260605\manual_self\screen_128_seed29_real_seq10160_40m_phase_residual_memory_centered_gate_neuron\checkpoint.pt,486943506,.pt,heavy_artifact
artifacts\benchmark_runs\language\neuron_search_20260605\manual_self\screen_128_seed29_real_seq10160_40m_phase_residual_memory_centered_gate_neuron\result.json,2197,.json,result_or_document
artifacts\benchmark_runs\language\neuron_search_20260605\manual_self\screen_128_seed29_real_seq10160_40m_phase_residual_memory_centered_gate_neuron\state.json,797,.json,result_or_document
artifacts\benchmark_runs\language\neuron_search_20260605\manual_self\screen_128_seed29_real_seq10160_40m_phase_residual_memory_conv_agreement_neuron\checkpoint.pt,485343410,.pt,heavy_artifact
artifacts\benchmark_runs\language\neuron_search_20260605\manual_self\screen_128_seed29_real_seq10160_40m_phase_residual_memory_conv_agreement_neuron\result.json,2206,.json,result_or_document
artifacts\benchmark_runs\language\neuron_search_20260605\manual_self\screen_128_seed29_real_seq10160_40m_phase_residual_memory_conv_agreement_neuron\state.json,805,.json,result_or_document
artifacts\benchmark_runs\language\neuron_search_20260605\manual_self\screen_128_seed29_real_seq10160_40m_phase_residual_memory_conv_centered_agreement_neuron\checkpoint.pt,485343474,.pt,heavy_artifact
artifacts\benchmark_runs\language\neuron_search_20260605\manual_self\screen_128_seed29_real_seq10160_40m_phase_residual_memory_conv_centered_agreement_neuron\result.json,2244,.json,result_or_document
artifacts\benchmark_runs\language\neuron_search_20260605\manual_self\screen_128_seed29_real_seq10160_40m_phase_residual_memory_conv_centered_agreement_neuron\state.json,833,.json,result_or_document
artifacts\benchmark_runs\language\neuron_search_20260605\manual_self\screen_128_seed29_real_seq10160_40m_phase_residual_memory_conv_disagreement_damp_neuron\checkpoint.pt,485343410,.pt,heavy_artifact
artifacts\benchmark_runs\language\neuron_search_20260605\manual_self\screen_128_seed29_real_seq10160_40m_phase_residual_memory_conv_disagreement_damp_neuron\result.json,2239,.json,result_or_document
artifacts\benchmark_runs\language\neuron_search_20260605\manual_self\screen_128_seed29_real_seq10160_40m_phase_residual_memory_conv_disagreement_damp_neuron\state.json,829,.json,result_or_document
artifacts\benchmark_runs\language\neuron_search_20260605\manual_self\screen_128_seed29_real_seq10160_40m_phase_residual_memory_delta_gate_neuron\checkpoint.pt,486943442,.pt,heavy_artifact
artifacts\benchmark_runs\language\neuron_search_20260605\manual_self\screen_128_seed29_real_seq10160_40m_phase_residual_memory_delta_gate_neuron\result.json,2189,.json,result_or_document
artifacts\benchmark_runs\language\neuron_search_20260605\manual_self\screen_128_seed29_real_seq10160_40m_phase_residual_memory_delta_gate_neuron\state.json,793,.json,result_or_document
artifacts\benchmark_runs\language\neuron_search_20260605\manual_self\screen_128_seed29_real_seq10160_40m_phase_residual_memory_gate_neuron\checkpoint.pt,486943442,.pt,heavy_artifact
artifacts\benchmark_runs\language\neuron_search_20260605\manual_self\screen_128_seed29_real_seq10160_40m_phase_residual_memory_gate_neuron\result.json,2168,.json,result_or_document
artifacts\benchmark_runs\language\neuron_search_20260605\manual_self\screen_128_seed29_real_seq10160_40m_phase_residual_memory_gate_neuron\state.json,776,.json,result_or_document
artifacts\benchmark_runs\language\neuron_search_20260605\manual_self\screen_128_seed29_real_seq10160_40m_phase_residual_memory_group_gate_neuron\checkpoint.pt,485370962,.pt,heavy_artifact
artifacts\benchmark_runs\language\neuron_search_20260605\manual_self\screen_128_seed29_real_seq10160_40m_phase_residual_memory_group_gate_neuron\result.json,2193,.json,result_or_document
artifacts\benchmark_runs\language\neuron_search_20260605\manual_self\screen_128_seed29_real_seq10160_40m_phase_residual_memory_group_gate_neuron\state.json,795,.json,result_or_document
artifacts\benchmark_runs\language\neuron_search_20260605\manual_self\screen_128_seed29_real_seq10160_40m_phase_residual_memory_normed_gate_neuron\checkpoint.pt,486943442,.pt,heavy_artifact
artifacts\benchmark_runs\language\neuron_search_20260605\manual_self\screen_128_seed29_real_seq10160_40m_phase_residual_memory_normed_gate_neuron\result.json,2197,.json,result_or_document
artifacts\benchmark_runs\language\neuron_search_20260605\manual_self\screen_128_seed29_real_seq10160_40m_phase_residual_memory_normed_gate_neuron\state.json,797,.json,result_or_document
artifacts\benchmark_runs\language\neuron_search_20260605\manual_self\screen_128_seed29_real_seq10160_40m_phase_residual_memory_novelty_centered_gate_neuron\checkpoint.pt,486943506,.pt,heavy_artifact
artifacts\benchmark_runs\language\neuron_search_20260605\manual_self\screen_128_seed29_real_seq10160_40m_phase_residual_memory_novelty_centered_gate_neuron\result.json,2235,.json,result_or_document
artifacts\benchmark_runs\language\neuron_search_20260605\manual_self\screen_128_seed29_real_seq10160_40m_phase_residual_memory_novelty_centered_gate_neuron\state.json,827,.json,result_or_document
artifacts\benchmark_runs\language\neuron_search_20260605\manual_self\screen_128_seed29_real_seq10160_40m_phase_residual_memory_novelty_gate_neuron\checkpoint.pt,486943506,.pt,heavy_artifact
artifacts\benchmark_runs\language\neuron_search_20260605\manual_self\screen_128_seed29_real_seq10160_40m_phase_residual_memory_novelty_gate_neuron\result.json,2199,.json,result_or_document
artifacts\benchmark_runs\language\neuron_search_20260605\manual_self\screen_128_seed29_real_seq10160_40m_phase_residual_memory_novelty_gate_neuron\state.json,799,.json,result_or_document
artifacts\benchmark_runs\language\neuron_search_20260605\manual_self\screen_128_seed29_real_seq10160_40m_phase_residual_memory_novelty_tiny_gate_neuron\checkpoint.pt,486943506,.pt,heavy_artifact
artifacts\benchmark_runs\language\neuron_search_20260605\manual_self\screen_128_seed29_real_seq10160_40m_phase_residual_memory_novelty_tiny_gate_neuron\result.json,2218,.json,result_or_document
artifacts\benchmark_runs\language\neuron_search_20260605\manual_self\screen_128_seed29_real_seq10160_40m_phase_residual_memory_novelty_tiny_gate_neuron\state.json,813,.json,result_or_document
artifacts\benchmark_runs\language\neuron_search_20260605\manual_self\screen_128_seed29_real_seq10160_40m_phase_residual_memory_rms_gate_neuron\checkpoint.pt,486943442,.pt,heavy_artifact
artifacts\benchmark_runs\language\neuron_search_20260605\manual_self\screen_128_seed29_real_seq10160_40m_phase_residual_memory_rms_gate_neuron\result.json,2184,.json,result_or_document
artifacts\benchmark_runs\language\neuron_search_20260605\manual_self\screen_128_seed29_real_seq10160_40m_phase_residual_memory_rms_gate_neuron\state.json,788,.json,result_or_document
artifacts\benchmark_runs\language\neuron_search_20260605\manual_self\screen_128_seed29_real_seq10160_40m_phase_residual_memory_scalar_centered_gate_neuron\checkpoint.pt,485347538,.pt,heavy_artifact
artifacts\benchmark_runs\language\neuron_search_20260605\manual_self\screen_128_seed29_real_seq10160_40m_phase_residual_memory_scalar_centered_gate_neuron\result.json,2230,.json,result_or_document
artifacts\benchmark_runs\language\neuron_search_20260605\manual_self\screen_128_seed29_real_seq10160_40m_phase_residual_memory_scalar_centered_gate_neuron\state.json,823,.json,result_or_document
artifacts\benchmark_runs\language\neuron_search_20260605\manual_self\screen_128_seed29_real_seq10160_40m_phase_residual_memory_scalar_gate_neuron\checkpoint.pt,485347538,.pt,heavy_artifact
artifacts\benchmark_runs\language\neuron_search_20260605\manual_self\screen_128_seed29_real_seq10160_40m_phase_residual_memory_scalar_gate_neuron\result.json,2196,.json,result_or_document
artifacts\benchmark_runs\language\neuron_search_20260605\manual_self\screen_128_seed29_real_seq10160_40m_phase_residual_memory_scalar_gate_neuron\state.json,797,.json,result_or_document
artifacts\benchmark_runs\language\neuron_search_20260605\manual_self\screen_128_seed29_real_seq10160_40m_phase_residual_memory_sparse_centered_gate_neuron\checkpoint.pt,486943506,.pt,heavy_artifact
artifacts\benchmark_runs\language\neuron_search_20260605\manual_self\screen_128_seed29_real_seq10160_40m_phase_residual_memory_sparse_centered_gate_neuron\result.json,2232,.json,result_or_document
artifacts\benchmark_runs\language\neuron_search_20260605\manual_self\screen_128_seed29_real_seq10160_40m_phase_residual_memory_sparse_centered_gate_neuron\state.json,824,.json,result_or_document
artifacts\benchmark_runs\language\neuron_search_20260605\manual_self\screen_128_seed29_real_seq10160_40m_phase_residual_memory_sparse_gate_neuron\checkpoint.pt,486943442,.pt,heavy_artifact
artifacts\benchmark_runs\language\neuron_search_20260605\manual_self\screen_128_seed29_real_seq10160_40m_phase_residual_memory_sparse_gate_neuron\result.json,2195,.json,result_or_document
artifacts\benchmark_runs\language\neuron_search_20260605\manual_self\screen_128_seed29_real_seq10160_40m_phase_residual_memory_sparse_gate_neuron\state.json,796,.json,result_or_document
artifacts\benchmark_runs\language\neuron_search_20260605\manual_self\screen_128_seed29_real_seq10160_40m_rank_competition_memory_centered_gate_neuron\checkpoint.pt,486945714,.pt,heavy_artifact
artifacts\benchmark_runs\language\neuron_search_20260605\manual_self\screen_128_seed29_real_seq10160_40m_rank_competition_memory_centered_gate_neuron\result.json,2210,.json,result_or_document
artifacts\benchmark_runs\language\neuron_search_20260605\manual_self\screen_128_seed29_real_seq10160_40m_rank_competition_memory_centered_gate_neuron\state.json,808,.json,result_or_document
artifacts\benchmark_runs\language\neuron_search_20260605\manual_self\screen_128_seed29_real_seq10160_40m_rank_competition_memory_gate_neuron\checkpoint.pt,486945714,.pt,heavy_artifact
artifacts\benchmark_runs\language\neuron_search_20260605\manual_self\screen_128_seed29_real_seq10160_40m_rank_competition_memory_gate_neuron\result.json,2174,.json,result_or_document
artifacts\benchmark_runs\language\neuron_search_20260605\manual_self\screen_128_seed29_real_seq10160_40m_rank_competition_memory_gate_neuron\state.json,780,.json,result_or_document
artifacts\benchmark_runs\language\neuron_search_20260605\manual_self\screen_128_seed29_real_seq10160_40m_rank_competition_neuron\checkpoint.pt,485316434,.pt,heavy_artifact
artifacts\benchmark_runs\language\neuron_search_20260605\manual_self\screen_128_seed29_real_seq10160_40m_rank_competition_neuron\result.json,2128,.json,result_or_document
artifacts\benchmark_runs\language\neuron_search_20260605\manual_self\screen_128_seed29_real_seq10160_40m_rank_competition_neuron\state.json,746,.json,result_or_document
artifacts\benchmark_runs\language\neuron_search_20260605\manual_self\screen_128_seed29_real_seq10160_40m_ranked_results.json,18354,.json,result_or_document
artifacts\benchmark_runs\language\neuron_search_20260605\manual_self\screen_128_seed29_real_seq10160_40m_screen_results.json,90719,.json,result_or_document
artifacts\benchmark_runs\language\neuron_search_20260605\manual_self\screen_128_seed29_real_seq10160_40m_stable_competition_neuron\checkpoint.pt,485318642,.pt,heavy_artifact
artifacts\benchmark_runs\language\neuron_search_20260605\manual_self\screen_128_seed29_real_seq10160_40m_stable_competition_neuron\result.json,2132,.json,result_or_document
artifacts\benchmark_runs\language\neuron_search_20260605\manual_self\screen_128_seed29_real_seq10160_40m_stable_competition_neuron\state.json,750,.json,result_or_document
artifacts\benchmark_runs\language\neuron_search_20260605\manual_self\screen_128_seed29_real_seq10160_40m_stable_square_neuron\checkpoint.pt,485316370,.pt,heavy_artifact
artifacts\benchmark_runs\language\neuron_search_20260605\manual_self\screen_128_seed29_real_seq10160_40m_stable_square_neuron\result.json,2113,.json,result_or_document
artifacts\benchmark_runs\language\neuron_search_20260605\manual_self\screen_128_seed29_real_seq10160_40m_stable_square_neuron\state.json,734,.json,result_or_document
artifacts\benchmark_runs\language\neuron_search_20260605\manual_self\screen_128_seed29_real_seq10160_40m_stateful_threshold_neuron\checkpoint.pt,485316434,.pt,heavy_artifact
artifacts\benchmark_runs\language\neuron_search_20260605\manual_self\screen_128_seed29_real_seq10160_40m_stateful_threshold_neuron\result.json,2132,.json,result_or_document
artifacts\benchmark_runs\language\neuron_search_20260605\manual_self\screen_128_seed29_real_seq10160_40m_stateful_threshold_neuron\state.json,749,.json,result_or_document
artifacts\benchmark_runs\language\neuron_search_20260605\manual_self\screen_128_seed29_real_seq10160_val8_rank_hybrid_cost_v1_baseline\checkpoint.pt,485314162,.pt,heavy_artifact
artifacts\benchmark_runs\language\neuron_search_20260605\manual_self\screen_128_seed29_real_seq10160_val8_rank_hybrid_cost_v1_baseline\result.json,2152,.json,result_or_document
artifacts\benchmark_runs\language\neuron_search_20260605\manual_self\screen_128_seed29_real_seq10160_val8_rank_hybrid_cost_v1_baseline\state.json,763,.json,result_or_document
artifacts\benchmark_runs\language\neuron_search_20260605\manual_self\screen_128_seed29_real_seq10160_val8_rank_hybrid_cost_v1_rank_competition_centered_residual_neuron\checkpoint.pt,485343410,.pt,heavy_artifact
artifacts\benchmark_runs\language\neuron_search_20260605\manual_self\screen_128_seed29_real_seq10160_val8_rank_hybrid_cost_v1_rank_competition_centered_residual_neuron\result.json,2262,.json,result_or_document
artifacts\benchmark_runs\language\neuron_search_20260605\manual_self\screen_128_seed29_real_seq10160_val8_rank_hybrid_cost_v1_rank_competition_centered_residual_neuron\state.json,863,.json,result_or_document
artifacts\benchmark_runs\language\neuron_search_20260605\manual_self\screen_128_seed29_real_seq10160_val8_rank_hybrid_cost_v1_rank_competition_memory_factor_centered_gate_neuron\checkpoint.pt,485768978,.pt,heavy_artifact
artifacts\benchmark_runs\language\neuron_search_20260605\manual_self\screen_128_seed29_real_seq10160_val8_rank_hybrid_cost_v1_rank_competition_memory_factor_centered_gate_neuron\result.json,2302,.json,result_or_document
artifacts\benchmark_runs\language\neuron_search_20260605\manual_self\screen_128_seed29_real_seq10160_val8_rank_hybrid_cost_v1_rank_competition_memory_factor_centered_gate_neuron\state.json,892,.json,result_or_document
artifacts\benchmark_runs\language\neuron_search_20260605\manual_self\screen_128_seed29_real_seq10160_val8_rank_hybrid_cost_v1_rank_competition_memory_group_centered_gate_neuron\checkpoint.pt,485373298,.pt,heavy_artifact
artifacts\benchmark_runs\language\neuron_search_20260605\manual_self\screen_128_seed29_real_seq10160_val8_rank_hybrid_cost_v1_rank_competition_memory_group_centered_gate_neuron\result.json,2296,.json,result_or_document
artifacts\benchmark_runs\language\neuron_search_20260605\manual_self\screen_128_seed29_real_seq10160_val8_rank_hybrid_cost_v1_rank_competition_memory_group_centered_gate_neuron\state.json,888,.json,result_or_document
artifacts\benchmark_runs\language\neuron_search_20260605\manual_self\screen_128_seed29_real_seq10160_val8_rank_hybrid_cost_v1_rank_competition_memory_scalar_centered_gate_neuron\checkpoint.pt,485349874,.pt,heavy_artifact
artifacts\benchmark_runs\language\neuron_search_20260605\manual_self\screen_128_seed29_real_seq10160_val8_rank_hybrid_cost_v1_rank_competition_memory_scalar_centered_gate_neuron\result.json,2303,.json,result_or_document
artifacts\benchmark_runs\language\neuron_search_20260605\manual_self\screen_128_seed29_real_seq10160_val8_rank_hybrid_cost_v1_rank_competition_memory_scalar_centered_gate_neuron\state.json,893,.json,result_or_document
artifacts\benchmark_runs\language\neuron_search_20260605\manual_self\screen_128_seed29_real_seq10160_val8_rank_hybrid_cost_v1_ranked_results.json,1644,.json,result_or_document
artifacts\benchmark_runs\language\neuron_search_20260605\manual_self\screen_128_seed29_real_seq10160_val8_rank_hybrid_cost_v1_screen_results.json,10372,.json,result_or_document
artifacts\benchmark_runs\language\neuron_search_20260605\manual_self\screen_12_adaptive_basis_neuron\checkpoint.pt,59266254,.pt,heavy_artifact
artifacts\benchmark_runs\language\neuron_search_20260605\manual_self\screen_12_adaptive_basis_neuron\result.json,1981,.json,result_or_document
artifacts\benchmark_runs\language\neuron_search_20260605\manual_self\screen_12_adaptive_basis_neuron\state.json,646,.json,result_or_document
artifacts\benchmark_runs\language\neuron_search_20260605\manual_self\screen_12_baseline\checkpoint.pt,59261614,.pt,heavy_artifact
artifacts\benchmark_runs\language\neuron_search_20260605\manual_self\screen_12_baseline\result.json,1951,.json,result_or_document
artifacts\benchmark_runs\language\neuron_search_20260605\manual_self\screen_12_baseline\state.json,607,.json,result_or_document
artifacts\benchmark_runs\language\neuron_search_20260605\manual_self\screen_12_bottleneck_aware_neuron\checkpoint.pt,59393838,.pt,heavy_artifact
artifacts\benchmark_runs\language\neuron_search_20260605\manual_self\screen_12_bottleneck_aware_neuron\result.json,1991,.json,result_or_document
artifacts\benchmark_runs\language\neuron_search_20260605\manual_self\screen_12_bottleneck_aware_neuron\state.json,652,.json,result_or_document
artifacts\benchmark_runs\language\neuron_search_20260605\manual_self\screen_12_conv_disagreement_neuron\checkpoint.pt,59261678,.pt,heavy_artifact
artifacts\benchmark_runs\language\neuron_search_20260605\manual_self\screen_12_conv_disagreement_neuron\result.json,1991,.json,result_or_document
artifacts\benchmark_runs\language\neuron_search_20260605\manual_self\screen_12_conv_disagreement_neuron\state.json,654,.json,result_or_document
artifacts\benchmark_runs\language\neuron_search_20260605\manual_self\screen_12_mem_threshold_neuron\checkpoint.pt,59306222,.pt,heavy_artifact
artifacts\benchmark_runs\language\neuron_search_20260605\manual_self\screen_12_mem_threshold_neuron\result.json,1978,.json,result_or_document
artifacts\benchmark_runs\language\neuron_search_20260605\manual_self\screen_12_mem_threshold_neuron\state.json,644,.json,result_or_document
artifacts\benchmark_runs\language\neuron_search_20260605\manual_self\screen_12_phase_amplitude_neuron\checkpoint.pt,59397718,.pt,heavy_artifact
artifacts\benchmark_runs\language\neuron_search_20260605\manual_self\screen_12_phase_amplitude_neuron\result.json,1986,.json,result_or_document
artifacts\benchmark_runs\language\neuron_search_20260605\manual_self\screen_12_phase_amplitude_neuron\state.json,649,.json,result_or_document
artifacts\benchmark_runs\language\neuron_search_20260605\manual_self\screen_12_rank_competition_neuron\checkpoint.pt,59262718,.pt,heavy_artifact
artifacts\benchmark_runs\language\neuron_search_20260605\manual_self\screen_12_rank_competition_neuron\result.json,1988,.json,result_or_document
artifacts\benchmark_runs\language\neuron_search_20260605\manual_self\screen_12_rank_competition_neuron\state.json,652,.json,result_or_document
artifacts\benchmark_runs\language\neuron_search_20260605\manual_self\screen_12_stable_square_neuron\checkpoint.pt,59262718,.pt,heavy_artifact
artifacts\benchmark_runs\language\neuron_search_20260605\manual_self\screen_12_stable_square_neuron\result.json,1977,.json,result_or_document
artifacts\benchmark_runs\language\neuron_search_20260605\manual_self\screen_12_stable_square_neuron\state.json,642,.json,result_or_document
artifacts\benchmark_runs\language\neuron_search_20260605\manual_self\screen_12_stateful_threshold_neuron\checkpoint.pt,59262718,.pt,heavy_artifact
artifacts\benchmark_runs\language\neuron_search_20260605\manual_self\screen_12_stateful_threshold_neuron\result.json,2000,.json,result_or_document
artifacts\benchmark_runs\language\neuron_search_20260605\manual_self\screen_12_stateful_threshold_neuron\state.json,659,.json,result_or_document
artifacts\benchmark_runs\language\neuron_search_20260605\manual_self\screen_1_seed13_smoke_boundary_residual_v1_baseline\checkpoint.pt,59261614,.pt,heavy_artifact
artifacts\benchmark_runs\language\neuron_search_20260605\manual_self\screen_1_seed13_smoke_boundary_residual_v1_baseline\result.json,2047,.json,result_or_document
artifacts\benchmark_runs\language\neuron_search_20260605\manual_self\screen_1_seed13_smoke_boundary_residual_v1_baseline\state.json,704,.json,result_or_document
artifacts\benchmark_runs\language\neuron_search_20260605\manual_self\screen_1_seed13_smoke_boundary_residual_v1_phase_residual_boundary_blend_neuron\checkpoint.pt,59264318,.pt,heavy_artifact
artifacts\benchmark_runs\language\neuron_search_20260605\manual_self\screen_1_seed13_smoke_boundary_residual_v1_phase_residual_boundary_blend_neuron\result.json,2137,.json,result_or_document
artifacts\benchmark_runs\language\neuron_search_20260605\manual_self\screen_1_seed13_smoke_boundary_residual_v1_phase_residual_boundary_blend_neuron\state.json,787,.json,result_or_document
artifacts\benchmark_runs\language\neuron_search_20260605\manual_self\screen_1_seed13_smoke_boundary_residual_v1_phase_residual_boundary_centered_neuron\checkpoint.pt,59264318,.pt,heavy_artifact
artifacts\benchmark_runs\language\neuron_search_20260605\manual_self\screen_1_seed13_smoke_boundary_residual_v1_phase_residual_boundary_centered_neuron\result.json,2147,.json,result_or_document
artifacts\benchmark_runs\language\neuron_search_20260605\manual_self\screen_1_seed13_smoke_boundary_residual_v1_phase_residual_boundary_centered_neuron\state.json,796,.json,result_or_document
artifacts\benchmark_runs\language\neuron_search_20260605\manual_self\screen_1_seed13_smoke_boundary_residual_v1_phase_residual_memory_boundary_centered_gate_neuron\checkpoint.pt,59286622,.pt,heavy_artifact
artifacts\benchmark_runs\language\neuron_search_20260605\manual_self\screen_1_seed13_smoke_boundary_residual_v1_phase_residual_memory_boundary_centered_gate_neuron\result.json,2196,.json,result_or_document
artifacts\benchmark_runs\language\neuron_search_20260605\manual_self\screen_1_seed13_smoke_boundary_residual_v1_phase_residual_memory_boundary_centered_gate_neuron\state.json,833,.json,result_or_document
artifacts\benchmark_runs\language\neuron_search_20260605\manual_self\screen_1_seed13_smoke_boundary_residual_v1_phase_residual_memory_boundary_gate_neuron\checkpoint.pt,59286622,.pt,heavy_artifact
artifacts\benchmark_runs\language\neuron_search_20260605\manual_self\screen_1_seed13_smoke_boundary_residual_v1_phase_residual_memory_boundary_gate_neuron\result.json,2156,.json,result_or_document
artifacts\benchmark_runs\language\neuron_search_20260605\manual_self\screen_1_seed13_smoke_boundary_residual_v1_phase_residual_memory_boundary_gate_neuron\state.json,804,.json,result_or_document
artifacts\benchmark_runs\language\neuron_search_20260605\manual_self\screen_1_seed13_smoke_boundary_residual_v1_phase_residual_memory_boundary_scalar_gate_neuron\checkpoint.pt,59266654,.pt,heavy_artifact
artifacts\benchmark_runs\language\neuron_search_20260605\manual_self\screen_1_seed13_smoke_boundary_residual_v1_phase_residual_memory_boundary_scalar_gate_neuron\result.json,2184,.json,result_or_document
artifacts\benchmark_runs\language\neuron_search_20260605\manual_self\screen_1_seed13_smoke_boundary_residual_v1_phase_residual_memory_boundary_scalar_gate_neuron\state.json,826,.json,result_or_document
artifacts\benchmark_runs\language\neuron_search_20260605\manual_self\screen_1_seed13_smoke_boundary_residual_v1_ranked_results.json,2027,.json,result_or_document
artifacts\benchmark_runs\language\neuron_search_20260605\manual_self\screen_1_seed13_smoke_boundary_residual_v1_screen_results.json,11712,.json,result_or_document
artifacts\benchmark_runs\language\neuron_search_20260605\manual_self\screen_1_seed13_smoke_conv_memory_agreement_baseline\checkpoint.pt,59261614,.pt,heavy_artifact
artifacts\benchmark_runs\language\neuron_search_20260605\manual_self\screen_1_seed13_smoke_conv_memory_agreement_baseline\result.json,2050,.json,result_or_document
artifacts\benchmark_runs\language\neuron_search_20260605\manual_self\screen_1_seed13_smoke_conv_memory_agreement_baseline\state.json,707,.json,result_or_document
artifacts\benchmark_runs\language\neuron_search_20260605\manual_self\screen_1_seed13_smoke_conv_memory_agreement_memory_square_conv_agreement_gain_neuron\checkpoint.pt,59263430,.pt,heavy_artifact
artifacts\benchmark_runs\language\neuron_search_20260605\manual_self\screen_1_seed13_smoke_conv_memory_agreement_memory_square_conv_agreement_gain_neuron\result.json,2153,.json,result_or_document
artifacts\benchmark_runs\language\neuron_search_20260605\manual_self\screen_1_seed13_smoke_conv_memory_agreement_memory_square_conv_agreement_gain_neuron\state.json,802,.json,result_or_document
artifacts\benchmark_runs\language\neuron_search_20260605\manual_self\screen_1_seed13_smoke_conv_memory_agreement_phase_residual_memory_conv_agreement_neuron\checkpoint.pt,59265422,.pt,heavy_artifact
artifacts\benchmark_runs\language\neuron_search_20260605\manual_self\screen_1_seed13_smoke_conv_memory_agreement_phase_residual_memory_conv_agreement_neuron\result.json,2164,.json,result_or_document
artifacts\benchmark_runs\language\neuron_search_20260605\manual_self\screen_1_seed13_smoke_conv_memory_agreement_phase_residual_memory_conv_agreement_neuron\state.json,810,.json,result_or_document
artifacts\benchmark_runs\language\neuron_search_20260605\manual_self\screen_1_seed13_smoke_conv_memory_agreement_phase_residual_memory_conv_centered_agreement_neuron\checkpoint.pt,59265422,.pt,heavy_artifact
artifacts\benchmark_runs\language\neuron_search_20260605\manual_self\screen_1_seed13_smoke_conv_memory_agreement_phase_residual_memory_conv_centered_agreement_neuron\result.json,2204,.json,result_or_document
artifacts\benchmark_runs\language\neuron_search_20260605\manual_self\screen_1_seed13_smoke_conv_memory_agreement_phase_residual_memory_conv_centered_agreement_neuron\state.json,838,.json,result_or_document
artifacts\benchmark_runs\language\neuron_search_20260605\manual_self\screen_1_seed13_smoke_conv_memory_agreement_phase_residual_memory_conv_disagreement_damp_neuron\checkpoint.pt,59265422,.pt,heavy_artifact
artifacts\benchmark_runs\language\neuron_search_20260605\manual_self\screen_1_seed13_smoke_conv_memory_agreement_phase_residual_memory_conv_disagreement_damp_neuron\result.json,2196,.json,result_or_document
artifacts\benchmark_runs\language\neuron_search_20260605\manual_self\screen_1_seed13_smoke_conv_memory_agreement_phase_residual_memory_conv_disagreement_damp_neuron\state.json,834,.json,result_or_document
artifacts\benchmark_runs\language\neuron_search_20260605\manual_self\screen_1_seed13_smoke_conv_memory_agreement_ranked_results.json,1629,.json,result_or_document
artifacts\benchmark_runs\language\neuron_search_20260605\manual_self\screen_1_seed13_smoke_conv_memory_agreement_screen_results.json,9838,.json,result_or_document
artifacts\benchmark_runs\language\neuron_search_20260605\manual_self\screen_1_seed13_smoke_hidden_drop_endpoint_v1_baseline\checkpoint.pt,59277554,.pt,heavy_artifact
artifacts\benchmark_runs\language\neuron_search_20260605\manual_self\screen_1_seed13_smoke_hidden_drop_endpoint_v1_baseline\result.json,2064,.json,result_or_document
artifacts\benchmark_runs\language\neuron_search_20260605\manual_self\screen_1_seed13_smoke_hidden_drop_endpoint_v1_baseline\state.json,722,.json,result_or_document
artifacts\benchmark_runs\language\neuron_search_20260605\manual_self\screen_1_seed13_smoke_hidden_drop_endpoint_v1_hidden_drop_extreme_square_neuron\checkpoint.pt,59277554,.pt,heavy_artifact
artifacts\benchmark_runs\language\neuron_search_20260605\manual_self\screen_1_seed13_smoke_hidden_drop_endpoint_v1_hidden_drop_extreme_square_neuron\result.json,2137,.json,result_or_document
artifacts\benchmark_runs\language\neuron_search_20260605\manual_self\screen_1_seed13_smoke_hidden_drop_endpoint_v1_hidden_drop_extreme_square_neuron\state.json,796,.json,result_or_document
artifacts\benchmark_runs\language\neuron_search_20260605\manual_self\screen_1_seed13_smoke_hidden_drop_endpoint_v1_hidden_drop_ultra_square_neuron\checkpoint.pt,59277554,.pt,heavy_artifact
artifacts\benchmark_runs\language\neuron_search_20260605\manual_self\screen_1_seed13_smoke_hidden_drop_endpoint_v1_hidden_drop_ultra_square_neuron\result.json,2137,.json,result_or_document
artifacts\benchmark_runs\language\neuron_search_20260605\manual_self\screen_1_seed13_smoke_hidden_drop_endpoint_v1_hidden_drop_ultra_square_neuron\state.json,793,.json,result_or_document
artifacts\benchmark_runs\language\neuron_search_20260605\manual_self\screen_1_seed13_smoke_hidden_drop_endpoint_v1_ranked_results.json,763,.json,result_or_document
artifacts\benchmark_runs\language\neuron_search_20260605\manual_self\screen_1_seed13_smoke_hidden_drop_endpoint_v1_screen_results.json,5675,.json,result_or_document
artifacts\benchmark_runs\language\neuron_search_20260605\manual_self\screen_1_seed13_smoke_hidden_drop_p25_p30_v1_baseline\checkpoint.pt,59277554,.pt,heavy_artifact
artifacts\benchmark_runs\language\neuron_search_20260605\manual_self\screen_1_seed13_smoke_hidden_drop_p25_p30_v1_baseline\result.json,2061,.json,result_or_document
artifacts\benchmark_runs\language\neuron_search_20260605\manual_self\screen_1_seed13_smoke_hidden_drop_p25_p30_v1_baseline\state.json,719,.json,result_or_document
artifacts\benchmark_runs\language\neuron_search_20260605\manual_self\screen_1_seed13_smoke_hidden_drop_p25_p30_v1_hidden_drop_p25_square_neuron\checkpoint.pt,59277554,.pt,heavy_artifact
artifacts\benchmark_runs\language\neuron_search_20260605\manual_self\screen_1_seed13_smoke_hidden_drop_p25_p30_v1_hidden_drop_p25_square_neuron\result.json,2125,.json,result_or_document
artifacts\benchmark_runs\language\neuron_search_20260605\manual_self\screen_1_seed13_smoke_hidden_drop_p25_p30_v1_hidden_drop_p25_square_neuron\state.json,783,.json,result_or_document
artifacts\benchmark_runs\language\neuron_search_20260605\manual_self\screen_1_seed13_smoke_hidden_drop_p25_p30_v1_hidden_drop_p30_square_neuron\checkpoint.pt,59277554,.pt,heavy_artifact
artifacts\benchmark_runs\language\neuron_search_20260605\manual_self\screen_1_seed13_smoke_hidden_drop_p25_p30_v1_hidden_drop_p30_square_neuron\result.json,2122,.json,result_or_document
artifacts\benchmark_runs\language\neuron_search_20260605\manual_self\screen_1_seed13_smoke_hidden_drop_p25_p30_v1_hidden_drop_p30_square_neuron\state.json,782,.json,result_or_document
artifacts\benchmark_runs\language\neuron_search_20260605\manual_self\screen_1_seed13_smoke_hidden_drop_p25_p30_v1_ranked_results.json,767,.json,result_or_document
artifacts\benchmark_runs\language\neuron_search_20260605\manual_self\screen_1_seed13_smoke_hidden_drop_p25_p30_v1_screen_results.json,5620,.json,result_or_document
artifacts\benchmark_runs\language\neuron_search_20260605\manual_self\screen_1_seed13_smoke_hidden_drop_p35_p40_v1_baseline\checkpoint.pt,59277554,.pt,heavy_artifact
artifacts\benchmark_runs\language\neuron_search_20260605\manual_self\screen_1_seed13_smoke_hidden_drop_p35_p40_v1_baseline\result.json,2061,.json,result_or_document
artifacts\benchmark_runs\language\neuron_search_20260605\manual_self\screen_1_seed13_smoke_hidden_drop_p35_p40_v1_baseline\state.json,719,.json,result_or_document
artifacts\benchmark_runs\language\neuron_search_20260605\manual_self\screen_1_seed13_smoke_hidden_drop_p35_p40_v1_hidden_drop_p35_square_neuron\checkpoint.pt,59277554,.pt,heavy_artifact
artifacts\benchmark_runs\language\neuron_search_20260605\manual_self\screen_1_seed13_smoke_hidden_drop_p35_p40_v1_hidden_drop_p35_square_neuron\result.json,2124,.json,result_or_document
artifacts\benchmark_runs\language\neuron_search_20260605\manual_self\screen_1_seed13_smoke_hidden_drop_p35_p40_v1_hidden_drop_p35_square_neuron\state.json,784,.json,result_or_document
artifacts\benchmark_runs\language\neuron_search_20260605\manual_self\screen_1_seed13_smoke_hidden_drop_p35_p40_v1_hidden_drop_p40_square_neuron\checkpoint.pt,59277554,.pt,heavy_artifact
artifacts\benchmark_runs\language\neuron_search_20260605\manual_self\screen_1_seed13_smoke_hidden_drop_p35_p40_v1_hidden_drop_p40_square_neuron\result.json,2124,.json,result_or_document
artifacts\benchmark_runs\language\neuron_search_20260605\manual_self\screen_1_seed13_smoke_hidden_drop_p35_p40_v1_hidden_drop_p40_square_neuron\state.json,783,.json,result_or_document
artifacts\benchmark_runs\language\neuron_search_20260605\manual_self\screen_1_seed13_smoke_hidden_drop_p35_p40_v1_ranked_results.json,778,.json,result_or_document
artifacts\benchmark_runs\language\neuron_search_20260605\manual_self\screen_1_seed13_smoke_hidden_drop_p35_p40_v1_screen_results.json,5621,.json,result_or_document
artifacts\benchmark_runs\language\neuron_search_20260605\manual_self\screen_1_seed13_smoke_hidden_drop_strength_v1_baseline\checkpoint.pt,59277554,.pt,heavy_artifact
artifacts\benchmark_runs\language\neuron_search_20260605\manual_self\screen_1_seed13_smoke_hidden_drop_strength_v1_baseline\result.json,2066,.json,result_or_document
artifacts\benchmark_runs\language\neuron_search_20260605\manual_self\screen_1_seed13_smoke_hidden_drop_strength_v1_baseline\state.json,722,.json,result_or_document
artifacts\benchmark_runs\language\neuron_search_20260605\manual_self\screen_1_seed13_smoke_hidden_drop_strength_v1_hidden_drop_high_square_neuron\checkpoint.pt,59277554,.pt,heavy_artifact
artifacts\benchmark_runs\language\neuron_search_20260605\manual_self\screen_1_seed13_smoke_hidden_drop_strength_v1_hidden_drop_high_square_neuron\result.json,2133,.json,result_or_document
artifacts\benchmark_runs\language\neuron_search_20260605\manual_self\screen_1_seed13_smoke_hidden_drop_strength_v1_hidden_drop_high_square_neuron\state.json,790,.json,result_or_document
artifacts\benchmark_runs\language\neuron_search_20260605\manual_self\screen_1_seed13_smoke_hidden_drop_strength_v1_hidden_drop_mid_square_neuron\checkpoint.pt,59277554,.pt,heavy_artifact
artifacts\benchmark_runs\language\neuron_search_20260605\manual_self\screen_1_seed13_smoke_hidden_drop_strength_v1_hidden_drop_mid_square_neuron\result.json,2125,.json,result_or_document
artifacts\benchmark_runs\language\neuron_search_20260605\manual_self\screen_1_seed13_smoke_hidden_drop_strength_v1_hidden_drop_mid_square_neuron\state.json,787,.json,result_or_document
artifacts\benchmark_runs\language\neuron_search_20260605\manual_self\screen_1_seed13_smoke_hidden_drop_strength_v1_memory_energy_drop_square_neuron\checkpoint.pt,59277554,.pt,heavy_artifact
artifacts\benchmark_runs\language\neuron_search_20260605\manual_self\screen_1_seed13_smoke_hidden_drop_strength_v1_memory_energy_drop_square_neuron\result.json,2136,.json,result_or_document
artifacts\benchmark_runs\language\neuron_search_20260605\manual_self\screen_1_seed13_smoke_hidden_drop_strength_v1_memory_energy_drop_square_neuron\state.json,793,.json,result_or_document
artifacts\benchmark_runs\language\neuron_search_20260605\manual_self\screen_1_seed13_smoke_hidden_drop_strength_v1_ranked_results.json,1155,.json,result_or_document
artifacts\benchmark_runs\language\neuron_search_20260605\manual_self\screen_1_seed13_smoke_hidden_drop_strength_v1_screen_results.json,7565,.json,result_or_document
artifacts\benchmark_runs\language\neuron_search_20260605\manual_self\screen_1_seed13_smoke_hidden_regularizer_v1_baseline\checkpoint.pt,59263730,.pt,heavy_artifact
artifacts\benchmark_runs\language\neuron_search_20260605\manual_self\screen_1_seed13_smoke_hidden_regularizer_v1_baseline\result.json,2060,.json,result_or_document
artifacts\benchmark_runs\language\neuron_search_20260605\manual_self\screen_1_seed13_smoke_hidden_regularizer_v1_baseline\state.json,716,.json,result_or_document
artifacts\benchmark_runs\language\neuron_search_20260605\manual_self\screen_1_seed13_smoke_hidden_regularizer_v1_channel_drop_square_neuron\checkpoint.pt,59263730,.pt,heavy_artifact
artifacts\benchmark_runs\language\neuron_search_20260605\manual_self\screen_1_seed13_smoke_hidden_regularizer_v1_channel_drop_square_neuron\result.json,2108,.json,result_or_document
artifacts\benchmark_runs\language\neuron_search_20260605\manual_self\screen_1_seed13_smoke_hidden_regularizer_v1_channel_drop_square_neuron\state.json,771,.json,result_or_document
artifacts\benchmark_runs\language\neuron_search_20260605\manual_self\screen_1_seed13_smoke_hidden_regularizer_v1_hidden_drop_low_square_neuron\checkpoint.pt,59263730,.pt,heavy_artifact
artifacts\benchmark_runs\language\neuron_search_20260605\manual_self\screen_1_seed13_smoke_hidden_regularizer_v1_hidden_drop_low_square_neuron\result.json,2124,.json,result_or_document
artifacts\benchmark_runs\language\neuron_search_20260605\manual_self\screen_1_seed13_smoke_hidden_regularizer_v1_hidden_drop_low_square_neuron\state.json,781,.json,result_or_document
artifacts\benchmark_runs\language\neuron_search_20260605\manual_self\screen_1_seed13_smoke_hidden_regularizer_v1_hidden_drop_square_neuron\checkpoint.pt,59263730,.pt,heavy_artifact
artifacts\benchmark_runs\language\neuron_search_20260605\manual_self\screen_1_seed13_smoke_hidden_regularizer_v1_hidden_drop_square_neuron\result.json,2108,.json,result_or_document
artifacts\benchmark_runs\language\neuron_search_20260605\manual_self\screen_1_seed13_smoke_hidden_regularizer_v1_hidden_drop_square_neuron\state.json,769,.json,result_or_document
artifacts\benchmark_runs\language\neuron_search_20260605\manual_self\screen_1_seed13_smoke_hidden_regularizer_v1_rank_competition_fixed_feather_channel_drop_neuron\checkpoint.pt,59264118,.pt,heavy_artifact
artifacts\benchmark_runs\language\neuron_search_20260605\manual_self\screen_1_seed13_smoke_hidden_regularizer_v1_rank_competition_fixed_feather_channel_drop_neuron\result.json,2202,.json,result_or_document
artifacts\benchmark_runs\language\neuron_search_20260605\manual_self\screen_1_seed13_smoke_hidden_regularizer_v1_rank_competition_fixed_feather_channel_drop_neuron\state.json,842,.json,result_or_document
artifacts\benchmark_runs\language\neuron_search_20260605\manual_self\screen_1_seed13_smoke_hidden_regularizer_v1_rank_competition_fixed_feather_hidden_drop_neuron\checkpoint.pt,59264118,.pt,heavy_artifact
artifacts\benchmark_runs\language\neuron_search_20260605\manual_self\screen_1_seed13_smoke_hidden_regularizer_v1_rank_competition_fixed_feather_hidden_drop_neuron\result.json,2200,.json,result_or_document
artifacts\benchmark_runs\language\neuron_search_20260605\manual_self\screen_1_seed13_smoke_hidden_regularizer_v1_rank_competition_fixed_feather_hidden_drop_neuron\state.json,839,.json,result_or_document
artifacts\benchmark_runs\language\neuron_search_20260605\manual_self\screen_1_seed13_smoke_hidden_regularizer_v1_ranked_results.json,1982,.json,result_or_document
artifacts\benchmark_runs\language\neuron_search_20260605\manual_self\screen_1_seed13_smoke_hidden_regularizer_v1_screen_results.json,11538,.json,result_or_document
artifacts\benchmark_runs\language\neuron_search_20260605\manual_self\screen_1_seed13_smoke_memory_gate_v2_baseline\checkpoint.pt,59261614,.pt,heavy_artifact
artifacts\benchmark_runs\language\neuron_search_20260605\manual_self\screen_1_seed13_smoke_memory_gate_v2_baseline\result.json,2029,.json,result_or_document
artifacts\benchmark_runs\language\neuron_search_20260605\manual_self\screen_1_seed13_smoke_memory_gate_v2_baseline\state.json,686,.json,result_or_document
artifacts\benchmark_runs\language\neuron_search_20260605\manual_self\screen_1_seed13_smoke_memory_gate_v2_phase_residual_memory_centered_gate_neuron\checkpoint.pt,59286622,.pt,heavy_artifact
artifacts\benchmark_runs\language\neuron_search_20260605\manual_self\screen_1_seed13_smoke_memory_gate_v2_phase_residual_memory_centered_gate_neuron\result.json,2140,.json,result_or_document
artifacts\benchmark_runs\language\neuron_search_20260605\manual_self\screen_1_seed13_smoke_memory_gate_v2_phase_residual_memory_centered_gate_neuron\state.json,787,.json,result_or_document
artifacts\benchmark_runs\language\neuron_search_20260605\manual_self\screen_1_seed13_smoke_memory_gate_v2_phase_residual_memory_group_gate_neuron\checkpoint.pt,59269086,.pt,heavy_artifact
artifacts\benchmark_runs\language\neuron_search_20260605\manual_self\screen_1_seed13_smoke_memory_gate_v2_phase_residual_memory_group_gate_neuron\result.json,2132,.json,result_or_document
artifacts\benchmark_runs\language\neuron_search_20260605\manual_self\screen_1_seed13_smoke_memory_gate_v2_phase_residual_memory_group_gate_neuron\state.json,779,.json,result_or_document
artifacts\benchmark_runs\language\neuron_search_20260605\manual_self\screen_1_seed13_smoke_memory_gate_v2_phase_residual_memory_normed_gate_neuron\checkpoint.pt,59286622,.pt,heavy_artifact
artifacts\benchmark_runs\language\neuron_search_20260605\manual_self\screen_1_seed13_smoke_memory_gate_v2_phase_residual_memory_normed_gate_neuron\result.json,2133,.json,result_or_document
artifacts\benchmark_runs\language\neuron_search_20260605\manual_self\screen_1_seed13_smoke_memory_gate_v2_phase_residual_memory_normed_gate_neuron\state.json,781,.json,result_or_document
artifacts\benchmark_runs\language\neuron_search_20260605\manual_self\screen_1_seed13_smoke_memory_gate_v2_phase_residual_memory_scalar_centered_gate_neuron\checkpoint.pt,59266654,.pt,heavy_artifact
artifacts\benchmark_runs\language\neuron_search_20260605\manual_self\screen_1_seed13_smoke_memory_gate_v2_phase_residual_memory_scalar_centered_gate_neuron\result.json,2170,.json,result_or_document
artifacts\benchmark_runs\language\neuron_search_20260605\manual_self\screen_1_seed13_smoke_memory_gate_v2_phase_residual_memory_scalar_centered_gate_neuron\state.json,809,.json,result_or_document
artifacts\benchmark_runs\language\neuron_search_20260605\manual_self\screen_1_seed13_smoke_memory_gate_v2_phase_residual_memory_scalar_gate_neuron\checkpoint.pt,59266590,.pt,heavy_artifact
artifacts\benchmark_runs\language\neuron_search_20260605\manual_self\screen_1_seed13_smoke_memory_gate_v2_phase_residual_memory_scalar_gate_neuron\result.json,2133,.json,result_or_document
artifacts\benchmark_runs\language\neuron_search_20260605\manual_self\screen_1_seed13_smoke_memory_gate_v2_phase_residual_memory_scalar_gate_neuron\state.json,781,.json,result_or_document
artifacts\benchmark_runs\language\neuron_search_20260605\manual_self\screen_1_seed13_smoke_memory_gate_v2_ranked_results.json,2020,.json,result_or_document
artifacts\benchmark_runs\language\neuron_search_20260605\manual_self\screen_1_seed13_smoke_memory_gate_v2_screen_results.json,11523,.json,result_or_document
artifacts\benchmark_runs\language\neuron_search_20260605\manual_self\screen_1_seed13_smoke_memory_gate_v3_baseline\checkpoint.pt,59261614,.pt,heavy_artifact
artifacts\benchmark_runs\language\neuron_search_20260605\manual_self\screen_1_seed13_smoke_memory_gate_v3_baseline\result.json,2029,.json,result_or_document
artifacts\benchmark_runs\language\neuron_search_20260605\manual_self\screen_1_seed13_smoke_memory_gate_v3_baseline\state.json,686,.json,result_or_document
artifacts\benchmark_runs\language\neuron_search_20260605\manual_self\screen_1_seed13_smoke_memory_gate_v3_phase_residual_memory_small_gate_neuron\checkpoint.pt,59286558,.pt,heavy_artifact
artifacts\benchmark_runs\language\neuron_search_20260605\manual_self\screen_1_seed13_smoke_memory_gate_v3_phase_residual_memory_small_gate_neuron\result.json,2131,.json,result_or_document
artifacts\benchmark_runs\language\neuron_search_20260605\manual_self\screen_1_seed13_smoke_memory_gate_v3_phase_residual_memory_small_gate_neuron\state.json,778,.json,result_or_document
artifacts\benchmark_runs\language\neuron_search_20260605\manual_self\screen_1_seed13_smoke_memory_gate_v3_phase_residual_memory_tiny_gate_neuron\checkpoint.pt,59286558,.pt,heavy_artifact
artifacts\benchmark_runs\language\neuron_search_20260605\manual_self\screen_1_seed13_smoke_memory_gate_v3_phase_residual_memory_tiny_gate_neuron\result.json,2122,.json,result_or_document
artifacts\benchmark_runs\language\neuron_search_20260605\manual_self\screen_1_seed13_smoke_memory_gate_v3_phase_residual_memory_tiny_gate_neuron\state.json,774,.json,result_or_document
artifacts\benchmark_runs\language\neuron_search_20260605\manual_self\screen_1_seed13_smoke_memory_gate_v3_phase_residual_memory_zero_mean_gate_neuron\checkpoint.pt,59286622,.pt,heavy_artifact
artifacts\benchmark_runs\language\neuron_search_20260605\manual_self\screen_1_seed13_smoke_memory_gate_v3_phase_residual_memory_zero_mean_gate_neuron\result.json,2146,.json,result_or_document
artifacts\benchmark_runs\language\neuron_search_20260605\manual_self\screen_1_seed13_smoke_memory_gate_v3_phase_residual_memory_zero_mean_gate_neuron\state.json,791,.json,result_or_document
artifacts\benchmark_runs\language\neuron_search_20260605\manual_self\screen_1_seed13_smoke_memory_gate_v3_ranked_results.json,1208,.json,result_or_document
artifacts\benchmark_runs\language\neuron_search_20260605\manual_self\screen_1_seed13_smoke_memory_gate_v3_screen_results.json,7583,.json,result_or_document
artifacts\benchmark_runs\language\neuron_search_20260605\manual_self\screen_1_seed13_smoke_memory_gate_v4_baseline\checkpoint.pt,59261614,.pt,heavy_artifact
artifacts\benchmark_runs\language\neuron_search_20260605\manual_self\screen_1_seed13_smoke_memory_gate_v4_baseline\result.json,2029,.json,result_or_document
artifacts\benchmark_runs\language\neuron_search_20260605\manual_self\screen_1_seed13_smoke_memory_gate_v4_baseline\state.json,686,.json,result_or_document
artifacts\benchmark_runs\language\neuron_search_20260605\manual_self\screen_1_seed13_smoke_memory_gate_v4_phase_residual_memory_bounded_centered_gate_neuron\checkpoint.pt,59286622,.pt,heavy_artifact
artifacts\benchmark_runs\language\neuron_search_20260605\manual_self\screen_1_seed13_smoke_memory_gate_v4_phase_residual_memory_bounded_centered_gate_neuron\result.json,2173,.json,result_or_document
artifacts\benchmark_runs\language\neuron_search_20260605\manual_self\screen_1_seed13_smoke_memory_gate_v4_phase_residual_memory_bounded_centered_gate_neuron\state.json,811,.json,result_or_document
artifacts\benchmark_runs\language\neuron_search_20260605\manual_self\screen_1_seed13_smoke_memory_gate_v4_phase_residual_memory_bounded_gate_neuron\checkpoint.pt,59286622,.pt,heavy_artifact
artifacts\benchmark_runs\language\neuron_search_20260605\manual_self\screen_1_seed13_smoke_memory_gate_v4_phase_residual_memory_bounded_gate_neuron\result.json,2136,.json,result_or_document
artifacts\benchmark_runs\language\neuron_search_20260605\manual_self\screen_1_seed13_smoke_memory_gate_v4_phase_residual_memory_bounded_gate_neuron\state.json,785,.json,result_or_document
artifacts\benchmark_runs\language\neuron_search_20260605\manual_self\screen_1_seed13_smoke_memory_gate_v4_phase_residual_memory_delta_gate_neuron\checkpoint.pt,59286558,.pt,heavy_artifact
artifacts\benchmark_runs\language\neuron_search_20260605\manual_self\screen_1_seed13_smoke_memory_gate_v4_phase_residual_memory_delta_gate_neuron\result.json,2129,.json,result_or_document
artifacts\benchmark_runs\language\neuron_search_20260605\manual_self\screen_1_seed13_smoke_memory_gate_v4_phase_residual_memory_delta_gate_neuron\state.json,778,.json,result_or_document
artifacts\benchmark_runs\language\neuron_search_20260605\manual_self\screen_1_seed13_smoke_memory_gate_v4_phase_residual_memory_rms_gate_neuron\checkpoint.pt,59286558,.pt,heavy_artifact
artifacts\benchmark_runs\language\neuron_search_20260605\manual_self\screen_1_seed13_smoke_memory_gate_v4_phase_residual_memory_rms_gate_neuron\result.json,2120,.json,result_or_document
artifacts\benchmark_runs\language\neuron_search_20260605\manual_self\screen_1_seed13_smoke_memory_gate_v4_phase_residual_memory_rms_gate_neuron\state.json,772,.json,result_or_document
artifacts\benchmark_runs\language\neuron_search_20260605\manual_self\screen_1_seed13_smoke_memory_gate_v4_phase_residual_memory_sparse_centered_gate_neuron\checkpoint.pt,59286622,.pt,heavy_artifact
artifacts\benchmark_runs\language\neuron_search_20260605\manual_self\screen_1_seed13_smoke_memory_gate_v4_phase_residual_memory_sparse_centered_gate_neuron\result.json,2168,.json,result_or_document
artifacts\benchmark_runs\language\neuron_search_20260605\manual_self\screen_1_seed13_smoke_memory_gate_v4_phase_residual_memory_sparse_centered_gate_neuron\state.json,809,.json,result_or_document
artifacts\benchmark_runs\language\neuron_search_20260605\manual_self\screen_1_seed13_smoke_memory_gate_v4_phase_residual_memory_sparse_gate_neuron\checkpoint.pt,59286622,.pt,heavy_artifact
artifacts\benchmark_runs\language\neuron_search_20260605\manual_self\screen_1_seed13_smoke_memory_gate_v4_phase_residual_memory_sparse_gate_neuron\result.json,2134,.json,result_or_document
artifacts\benchmark_runs\language\neuron_search_20260605\manual_self\screen_1_seed13_smoke_memory_gate_v4_phase_residual_memory_sparse_gate_neuron\state.json,782,.json,result_or_document
artifacts\benchmark_runs\language\neuron_search_20260605\manual_self\screen_1_seed13_smoke_memory_gate_v4_ranked_results.json,2428,.json,result_or_document
artifacts\benchmark_runs\language\neuron_search_20260605\manual_self\screen_1_seed13_smoke_memory_gate_v4_screen_results.json,13499,.json,result_or_document
artifacts\benchmark_runs\language\neuron_search_20260605\manual_self\screen_1_seed13_smoke_memory_novelty_baseline\checkpoint.pt,59261614,.pt,heavy_artifact
artifacts\benchmark_runs\language\neuron_search_20260605\manual_self\screen_1_seed13_smoke_memory_novelty_baseline\result.json,2027,.json,result_or_document
artifacts\benchmark_runs\language\neuron_search_20260605\manual_self\screen_1_seed13_smoke_memory_novelty_baseline\state.json,686,.json,result_or_document
artifacts\benchmark_runs\language\neuron_search_20260605\manual_self\screen_1_seed13_smoke_memory_novelty_memory_square_novelty_gain_neuron\checkpoint.pt,59283918,.pt,heavy_artifact
artifacts\benchmark_runs\language\neuron_search_20260605\manual_self\screen_1_seed13_smoke_memory_novelty_memory_square_novelty_gain_neuron\result.json,2098,.json,result_or_document
artifacts\benchmark_runs\language\neuron_search_20260605\manual_self\screen_1_seed13_smoke_memory_novelty_memory_square_novelty_gain_neuron\state.json,758,.json,result_or_document
artifacts\benchmark_runs\language\neuron_search_20260605\manual_self\screen_1_seed13_smoke_memory_novelty_phase_residual_memory_novelty_centered_gate_neuron\checkpoint.pt,59286622,.pt,heavy_artifact
artifacts\benchmark_runs\language\neuron_search_20260605\manual_self\screen_1_seed13_smoke_memory_novelty_phase_residual_memory_novelty_centered_gate_neuron\result.json,2173,.json,result_or_document
artifacts\benchmark_runs\language\neuron_search_20260605\manual_self\screen_1_seed13_smoke_memory_novelty_phase_residual_memory_novelty_centered_gate_neuron\state.json,810,.json,result_or_document
artifacts\benchmark_runs\language\neuron_search_20260605\manual_self\screen_1_seed13_smoke_memory_novelty_phase_residual_memory_novelty_gate_neuron\checkpoint.pt,59286622,.pt,heavy_artifact
artifacts\benchmark_runs\language\neuron_search_20260605\manual_self\screen_1_seed13_smoke_memory_novelty_phase_residual_memory_novelty_gate_neuron\result.json,2138,.json,result_or_document
artifacts\benchmark_runs\language\neuron_search_20260605\manual_self\screen_1_seed13_smoke_memory_novelty_phase_residual_memory_novelty_gate_neuron\state.json,785,.json,result_or_document
artifacts\benchmark_runs\language\neuron_search_20260605\manual_self\screen_1_seed13_smoke_memory_novelty_phase_residual_memory_novelty_tiny_gate_neuron\checkpoint.pt,59286622,.pt,heavy_artifact
artifacts\benchmark_runs\language\neuron_search_20260605\manual_self\screen_1_seed13_smoke_memory_novelty_phase_residual_memory_novelty_tiny_gate_neuron\result.json,2155,.json,result_or_document
artifacts\benchmark_runs\language\neuron_search_20260605\manual_self\screen_1_seed13_smoke_memory_novelty_phase_residual_memory_novelty_tiny_gate_neuron\state.json,798,.json,result_or_document
artifacts\benchmark_runs\language\neuron_search_20260605\manual_self\screen_1_seed13_smoke_memory_novelty_ranked_results.json,1616,.json,result_or_document
artifacts\benchmark_runs\language\neuron_search_20260605\manual_self\screen_1_seed13_smoke_memory_novelty_screen_results.json,9586,.json,result_or_document
artifacts\benchmark_runs\language\neuron_search_20260605\manual_self\screen_1_seed13_smoke_memory_square_gain_baseline\checkpoint.pt,59261614,.pt,heavy_artifact
artifacts\benchmark_runs\language\neuron_search_20260605\manual_self\screen_1_seed13_smoke_memory_square_gain_baseline\result.json,2039,.json,result_or_document
artifacts\benchmark_runs\language\neuron_search_20260605\manual_self\screen_1_seed13_smoke_memory_square_gain_baseline\state.json,696,.json,result_or_document
artifacts\benchmark_runs\language\neuron_search_20260605\manual_self\screen_1_seed13_smoke_memory_square_gain_memory_square_centered_gain_neuron\checkpoint.pt,59283918,.pt,heavy_artifact
artifacts\benchmark_runs\language\neuron_search_20260605\manual_self\screen_1_seed13_smoke_memory_square_gain_memory_square_centered_gain_neuron\result.json,2118,.json,result_or_document
artifacts\benchmark_runs\language\neuron_search_20260605\manual_self\screen_1_seed13_smoke_memory_square_gain_memory_square_centered_gain_neuron\state.json,773,.json,result_or_document
artifacts\benchmark_runs\language\neuron_search_20260605\manual_self\screen_1_seed13_smoke_memory_square_gain_memory_square_gain_neuron\checkpoint.pt,59283918,.pt,heavy_artifact
artifacts\benchmark_runs\language\neuron_search_20260605\manual_self\screen_1_seed13_smoke_memory_square_gain_memory_square_gain_neuron\result.json,2081,.json,result_or_document
artifacts\benchmark_runs\language\neuron_search_20260605\manual_self\screen_1_seed13_smoke_memory_square_gain_memory_square_gain_neuron\state.json,746,.json,result_or_document
artifacts\benchmark_runs\language\neuron_search_20260605\manual_self\screen_1_seed13_smoke_memory_square_gain_memory_square_scalar_gain_neuron\checkpoint.pt,59263950,.pt,heavy_artifact
artifacts\benchmark_runs\language\neuron_search_20260605\manual_self\screen_1_seed13_smoke_memory_square_gain_memory_square_scalar_gain_neuron\result.json,2114,.json,result_or_document
artifacts\benchmark_runs\language\neuron_search_20260605\manual_self\screen_1_seed13_smoke_memory_square_gain_memory_square_scalar_gain_neuron\state.json,768,.json,result_or_document
artifacts\benchmark_runs\language\neuron_search_20260605\manual_self\screen_1_seed13_smoke_memory_square_gain_memory_square_small_gain_neuron\checkpoint.pt,59283918,.pt,heavy_artifact
artifacts\benchmark_runs\language\neuron_search_20260605\manual_self\screen_1_seed13_smoke_memory_square_gain_memory_square_small_gain_neuron\result.json,2107,.json,result_or_document
artifacts\benchmark_runs\language\neuron_search_20260605\manual_self\screen_1_seed13_smoke_memory_square_gain_memory_square_small_gain_neuron\state.json,765,.json,result_or_document
artifacts\benchmark_runs\language\neuron_search_20260605\manual_self\screen_1_seed13_smoke_memory_square_gain_ranked_results.json,1561,.json,result_or_document
artifacts\benchmark_runs\language\neuron_search_20260605\manual_self\screen_1_seed13_smoke_memory_square_gain_screen_results.json,9324,.json,result_or_document
artifacts\benchmark_runs\language\neuron_search_20260605\manual_self\screen_1_seed13_smoke_new_phase_iter2_baseline\checkpoint.pt,59261614,.pt,heavy_artifact
artifacts\benchmark_runs\language\neuron_search_20260605\manual_self\screen_1_seed13_smoke_new_phase_iter2_baseline\result.json,2034,.json,result_or_document
artifacts\benchmark_runs\language\neuron_search_20260605\manual_self\screen_1_seed13_smoke_new_phase_iter2_baseline\state.json,689,.json,result_or_document
artifacts\benchmark_runs\language\neuron_search_20260605\manual_self\screen_1_seed13_smoke_new_phase_iter2_phase_residual_blend_centered_neuron\checkpoint.pt,59264318,.pt,heavy_artifact
artifacts\benchmark_runs\language\neuron_search_20260605\manual_self\screen_1_seed13_smoke_new_phase_iter2_phase_residual_blend_centered_neuron\result.json,2120,.json,result_or_document
artifacts\benchmark_runs\language\neuron_search_20260605\manual_self\screen_1_seed13_smoke_new_phase_iter2_phase_residual_blend_centered_neuron\state.json,772,.json,result_or_document
artifacts\benchmark_runs\language\neuron_search_20260605\manual_self\screen_1_seed13_smoke_new_phase_iter2_phase_residual_blend_normed_neuron\checkpoint.pt,59264318,.pt,heavy_artifact
artifacts\benchmark_runs\language\neuron_search_20260605\manual_self\screen_1_seed13_smoke_new_phase_iter2_phase_residual_blend_normed_neuron\result.json,2110,.json,result_or_document
artifacts\benchmark_runs\language\neuron_search_20260605\manual_self\screen_1_seed13_smoke_new_phase_iter2_phase_residual_blend_normed_neuron\state.json,765,.json,result_or_document
artifacts\benchmark_runs\language\neuron_search_20260605\manual_self\screen_1_seed13_smoke_new_phase_iter2_phase_residual_blend_quarter_neuron\checkpoint.pt,59264318,.pt,heavy_artifact
artifacts\benchmark_runs\language\neuron_search_20260605\manual_self\screen_1_seed13_smoke_new_phase_iter2_phase_residual_blend_quarter_neuron\result.json,2116,.json,result_or_document
artifacts\benchmark_runs\language\neuron_search_20260605\manual_self\screen_1_seed13_smoke_new_phase_iter2_phase_residual_blend_quarter_neuron\state.json,769,.json,result_or_document
artifacts\benchmark_runs\language\neuron_search_20260605\manual_self\screen_1_seed13_smoke_new_phase_iter2_phase_residual_conv_energy_gate_neuron\checkpoint.pt,59265358,.pt,heavy_artifact
artifacts\benchmark_runs\language\neuron_search_20260605\manual_self\screen_1_seed13_smoke_new_phase_iter2_phase_residual_conv_energy_gate_neuron\result.json,2128,.json,result_or_document
artifacts\benchmark_runs\language\neuron_search_20260605\manual_self\screen_1_seed13_smoke_new_phase_iter2_phase_residual_conv_energy_gate_neuron\state.json,778,.json,result_or_document
artifacts\benchmark_runs\language\neuron_search_20260605\manual_self\screen_1_seed13_smoke_new_phase_iter2_phase_residual_memory_gate_neuron\checkpoint.pt,59286558,.pt,heavy_artifact
artifacts\benchmark_runs\language\neuron_search_20260605\manual_self\screen_1_seed13_smoke_new_phase_iter2_phase_residual_memory_gate_neuron\result.json,2106,.json,result_or_document
artifacts\benchmark_runs\language\neuron_search_20260605\manual_self\screen_1_seed13_smoke_new_phase_iter2_phase_residual_memory_gate_neuron\state.json,762,.json,result_or_document
artifacts\benchmark_runs\language\neuron_search_20260605\manual_self\screen_1_seed13_smoke_new_phase_iter2_ranked_results.json,1984,.json,result_or_document
artifacts\benchmark_runs\language\neuron_search_20260605\manual_self\screen_1_seed13_smoke_new_phase_iter2_screen_results.json,11305,.json,result_or_document
artifacts\benchmark_runs\language\neuron_search_20260605\manual_self\screen_1_seed13_smoke_rank_competition_masks_v1_baseline\checkpoint.pt,59261614,.pt,heavy_artifact
artifacts\benchmark_runs\language\neuron_search_20260605\manual_self\screen_1_seed13_smoke_rank_competition_masks_v1_baseline\result.json,2060,.json,result_or_document
artifacts\benchmark_runs\language\neuron_search_20260605\manual_self\screen_1_seed13_smoke_rank_competition_masks_v1_baseline\state.json,719,.json,result_or_document
artifacts\benchmark_runs\language\neuron_search_20260605\manual_self\screen_1_seed13_smoke_rank_competition_masks_v1_rank_competition_memory_suppressed_centered_gate_neuron\checkpoint.pt,59287726,.pt,heavy_artifact
artifacts\benchmark_runs\language\neuron_search_20260605\manual_self\screen_1_seed13_smoke_rank_competition_masks_v1_rank_competition_memory_suppressed_centered_gate_neuron\result.json,2225,.json,result_or_document
artifacts\benchmark_runs\language\neuron_search_20260605\manual_self\screen_1_seed13_smoke_rank_competition_masks_v1_rank_competition_memory_suppressed_centered_gate_neuron\state.json,860,.json,result_or_document
artifacts\benchmark_runs\language\neuron_search_20260605\manual_self\screen_1_seed13_smoke_rank_competition_masks_v1_rank_competition_memory_uncertainty_centered_gate_neuron\checkpoint.pt,59287726,.pt,heavy_artifact
artifacts\benchmark_runs\language\neuron_search_20260605\manual_self\screen_1_seed13_smoke_rank_competition_masks_v1_rank_competition_memory_uncertainty_centered_gate_neuron\result.json,2228,.json,result_or_document
artifacts\benchmark_runs\language\neuron_search_20260605\manual_self\screen_1_seed13_smoke_rank_competition_masks_v1_rank_competition_memory_uncertainty_centered_gate_neuron\state.json,861,.json,result_or_document
artifacts\benchmark_runs\language\neuron_search_20260605\manual_self\screen_1_seed13_smoke_rank_competition_masks_v1_rank_competition_memory_within_group_centered_gate_neuron\checkpoint.pt,59287726,.pt,heavy_artifact
artifacts\benchmark_runs\language\neuron_search_20260605\manual_self\screen_1_seed13_smoke_rank_competition_masks_v1_rank_competition_memory_within_group_centered_gate_neuron\result.json,2235,.json,result_or_document
artifacts\benchmark_runs\language\neuron_search_20260605\manual_self\screen_1_seed13_smoke_rank_competition_masks_v1_rank_competition_memory_within_group_centered_gate_neuron\state.json,866,.json,result_or_document
artifacts\benchmark_runs\language\neuron_search_20260605\manual_self\screen_1_seed13_smoke_rank_competition_masks_v1_ranked_results.json,1259,.json,result_or_document
artifacts\benchmark_runs\language\neuron_search_20260605\manual_self\screen_1_seed13_smoke_rank_competition_masks_v1_screen_results.json,8098,.json,result_or_document
artifacts\benchmark_runs\language\neuron_search_20260605\manual_self\screen_1_seed13_smoke_rank_hybrid_cost_ablate_v1_baseline\checkpoint.pt,59261614,.pt,heavy_artifact
artifacts\benchmark_runs\language\neuron_search_20260605\manual_self\screen_1_seed13_smoke_rank_hybrid_cost_ablate_v1_baseline\result.json,2063,.json,result_or_document
artifacts\benchmark_runs\language\neuron_search_20260605\manual_self\screen_1_seed13_smoke_rank_hybrid_cost_ablate_v1_baseline\state.json,722,.json,result_or_document
artifacts\benchmark_runs\language\neuron_search_20260605\manual_self\screen_1_seed13_smoke_rank_hybrid_cost_ablate_v1_rank_competition_centered_residual_neuron\checkpoint.pt,59265422,.pt,heavy_artifact
artifacts\benchmark_runs\language\neuron_search_20260605\manual_self\screen_1_seed13_smoke_rank_hybrid_cost_ablate_v1_rank_competition_centered_residual_neuron\result.json,2173,.json,result_or_document
artifacts\benchmark_runs\language\neuron_search_20260605\manual_self\screen_1_seed13_smoke_rank_hybrid_cost_ablate_v1_rank_competition_centered_residual_neuron\state.json,820,.json,result_or_document
artifacts\benchmark_runs\language\neuron_search_20260605\manual_self\screen_1_seed13_smoke_rank_hybrid_cost_ablate_v1_rank_competition_memory_factor_centered_gate_neuron\checkpoint.pt,59275646,.pt,heavy_artifact
artifacts\benchmark_runs\language\neuron_search_20260605\manual_self\screen_1_seed13_smoke_rank_hybrid_cost_ablate_v1_rank_competition_memory_factor_centered_gate_neuron\result.json,2214,.json,result_or_document
artifacts\benchmark_runs\language\neuron_search_20260605\manual_self\screen_1_seed13_smoke_rank_hybrid_cost_ablate_v1_rank_competition_memory_factor_centered_gate_neuron\state.json,851,.json,result_or_document
artifacts\benchmark_runs\language\neuron_search_20260605\manual_self\screen_1_seed13_smoke_rank_hybrid_cost_ablate_v1_rank_competition_memory_group_centered_gate_neuron\checkpoint.pt,59270254,.pt,heavy_artifact
artifacts\benchmark_runs\language\neuron_search_20260605\manual_self\screen_1_seed13_smoke_rank_hybrid_cost_ablate_v1_rank_competition_memory_group_centered_gate_neuron\result.json,2208,.json,result_or_document
artifacts\benchmark_runs\language\neuron_search_20260605\manual_self\screen_1_seed13_smoke_rank_hybrid_cost_ablate_v1_rank_competition_memory_group_centered_gate_neuron\state.json,847,.json,result_or_document
artifacts\benchmark_runs\language\neuron_search_20260605\manual_self\screen_1_seed13_smoke_rank_hybrid_cost_ablate_v1_rank_competition_memory_scalar_centered_gate_neuron\checkpoint.pt,59267758,.pt,heavy_artifact
artifacts\benchmark_runs\language\neuron_search_20260605\manual_self\screen_1_seed13_smoke_rank_hybrid_cost_ablate_v1_rank_competition_memory_scalar_centered_gate_neuron\result.json,2213,.json,result_or_document
artifacts\benchmark_runs\language\neuron_search_20260605\manual_self\screen_1_seed13_smoke_rank_hybrid_cost_ablate_v1_rank_competition_memory_scalar_centered_gate_neuron\state.json,850,.json,result_or_document
artifacts\benchmark_runs\language\neuron_search_20260605\manual_self\screen_1_seed13_smoke_rank_hybrid_cost_ablate_v1_ranked_results.json,1643,.json,result_or_document
artifacts\benchmark_runs\language\neuron_search_20260605\manual_self\screen_1_seed13_smoke_rank_hybrid_cost_ablate_v1_screen_results.json,9988,.json,result_or_document
artifacts\benchmark_runs\language\neuron_search_20260605\manual_self\screen_1_seed13_smoke_rank_hybrid_regularized_v1_baseline\checkpoint.pt,59261614,.pt,heavy_artifact
artifacts\benchmark_runs\language\neuron_search_20260605\manual_self\screen_1_seed13_smoke_rank_hybrid_regularized_v1_baseline\result.json,2064,.json,result_or_document
artifacts\benchmark_runs\language\neuron_search_20260605\manual_self\screen_1_seed13_smoke_rank_hybrid_regularized_v1_baseline\state.json,721,.json,result_or_document
artifacts\benchmark_runs\language\neuron_search_20260605\manual_self\screen_1_seed13_smoke_rank_hybrid_regularized_v1_rank_competition_memory_normed_centered_gate_neuron\checkpoint.pt,59287726,.pt,heavy_artifact
artifacts\benchmark_runs\language\neuron_search_20260605\manual_self\screen_1_seed13_smoke_rank_hybrid_regularized_v1_rank_competition_memory_normed_centered_gate_neuron\result.json,2216,.json,result_or_document
artifacts\benchmark_runs\language\neuron_search_20260605\manual_self\screen_1_seed13_smoke_rank_hybrid_regularized_v1_rank_competition_memory_normed_centered_gate_neuron\state.json,851,.json,result_or_document
artifacts\benchmark_runs\language\neuron_search_20260605\manual_self\screen_1_seed13_smoke_rank_hybrid_regularized_v1_rank_competition_memory_small_centered_gate_neuron\checkpoint.pt,59287726,.pt,heavy_artifact
artifacts\benchmark_runs\language\neuron_search_20260605\manual_self\screen_1_seed13_smoke_rank_hybrid_regularized_v1_rank_competition_memory_small_centered_gate_neuron\result.json,2209,.json,result_or_document
artifacts\benchmark_runs\language\neuron_search_20260605\manual_self\screen_1_seed13_smoke_rank_hybrid_regularized_v1_rank_competition_memory_small_centered_gate_neuron\state.json,847,.json,result_or_document
artifacts\benchmark_runs\language\neuron_search_20260605\manual_self\screen_1_seed13_smoke_rank_hybrid_regularized_v1_ranked_results.json,830,.json,result_or_document
artifacts\benchmark_runs\language\neuron_search_20260605\manual_self\screen_1_seed13_smoke_rank_hybrid_regularized_v1_screen_results.json,5943,.json,result_or_document
artifacts\benchmark_runs\language\neuron_search_20260605\manual_self\screen_1_seed13_smoke_rank_memory_hybrid_v1_baseline\checkpoint.pt,59261614,.pt,heavy_artifact
artifacts\benchmark_runs\language\neuron_search_20260605\manual_self\screen_1_seed13_smoke_rank_memory_hybrid_v1_baseline\result.json,2051,.json,result_or_document
artifacts\benchmark_runs\language\neuron_search_20260605\manual_self\screen_1_seed13_smoke_rank_memory_hybrid_v1_baseline\state.json,706,.json,result_or_document
artifacts\benchmark_runs\language\neuron_search_20260605\manual_self\screen_1_seed13_smoke_rank_memory_hybrid_v1_rank_competition_memory_centered_gate_neuron\checkpoint.pt,59287662,.pt,heavy_artifact
artifacts\benchmark_runs\language\neuron_search_20260605\manual_self\screen_1_seed13_smoke_rank_memory_hybrid_v1_rank_competition_memory_centered_gate_neuron\result.json,2168,.json,result_or_document
artifacts\benchmark_runs\language\neuron_search_20260605\manual_self\screen_1_seed13_smoke_rank_memory_hybrid_v1_rank_competition_memory_centered_gate_neuron\state.json,813,.json,result_or_document
artifacts\benchmark_runs\language\neuron_search_20260605\manual_self\screen_1_seed13_smoke_rank_memory_hybrid_v1_rank_competition_memory_gate_neuron\checkpoint.pt,59287662,.pt,heavy_artifact
artifacts\benchmark_runs\language\neuron_search_20260605\manual_self\screen_1_seed13_smoke_rank_memory_hybrid_v1_rank_competition_memory_gate_neuron\result.json,2131,.json,result_or_document
artifacts\benchmark_runs\language\neuron_search_20260605\manual_self\screen_1_seed13_smoke_rank_memory_hybrid_v1_rank_competition_memory_gate_neuron\state.json,788,.json,result_or_document
artifacts\benchmark_runs\language\neuron_search_20260605\manual_self\screen_1_seed13_smoke_rank_memory_hybrid_v1_ranked_results.json,804,.json,result_or_document
artifacts\benchmark_runs\language\neuron_search_20260605\manual_self\screen_1_seed13_smoke_rank_memory_hybrid_v1_screen_results.json,5726,.json,result_or_document
artifacts\benchmark_runs\language\neuron_search_20260605\manual_self\screen_1_seed13_smoke_rank_pressure_fixed_v1_baseline\checkpoint.pt,59263730,.pt,heavy_artifact
artifacts\benchmark_runs\language\neuron_search_20260605\manual_self\screen_1_seed13_smoke_rank_pressure_fixed_v1_baseline\result.json,2060,.json,result_or_document
artifacts\benchmark_runs\language\neuron_search_20260605\manual_self\screen_1_seed13_smoke_rank_pressure_fixed_v1_baseline\state.json,718,.json,result_or_document
artifacts\benchmark_runs\language\neuron_search_20260605\manual_self\screen_1_seed13_smoke_rank_pressure_fixed_v1_rank_competition_fixed_dust_neuron\checkpoint.pt,59264054,.pt,heavy_artifact
artifacts\benchmark_runs\language\neuron_search_20260605\manual_self\screen_1_seed13_smoke_rank_pressure_fixed_v1_rank_competition_fixed_dust_neuron\result.json,2142,.json,result_or_document
artifacts\benchmark_runs\language\neuron_search_20260605\manual_self\screen_1_seed13_smoke_rank_pressure_fixed_v1_rank_competition_fixed_dust_neuron\state.json,797,.json,result_or_document
artifacts\benchmark_runs\language\neuron_search_20260605\manual_self\screen_1_seed13_smoke_rank_pressure_fixed_v1_rank_competition_fixed_feather_neuron\checkpoint.pt,59264054,.pt,heavy_artifact
artifacts\benchmark_runs\language\neuron_search_20260605\manual_self\screen_1_seed13_smoke_rank_pressure_fixed_v1_rank_competition_fixed_feather_neuron\result.json,2154,.json,result_or_document
artifacts\benchmark_runs\language\neuron_search_20260605\manual_self\screen_1_seed13_smoke_rank_pressure_fixed_v1_rank_competition_fixed_feather_neuron\state.json,803,.json,result_or_document
artifacts\benchmark_runs\language\neuron_search_20260605\manual_self\screen_1_seed13_smoke_rank_pressure_fixed_v1_rank_competition_fixed_trace_neuron\checkpoint.pt,59264054,.pt,heavy_artifact
artifacts\benchmark_runs\language\neuron_search_20260605\manual_self\screen_1_seed13_smoke_rank_pressure_fixed_v1_rank_competition_fixed_trace_neuron\result.json,2147,.json,result_or_document
artifacts\benchmark_runs\language\neuron_search_20260605\manual_self\screen_1_seed13_smoke_rank_pressure_fixed_v1_rank_competition_fixed_trace_neuron\state.json,801,.json,result_or_document
artifacts\benchmark_runs\language\neuron_search_20260605\manual_self\screen_1_seed13_smoke_rank_pressure_fixed_v1_ranked_results.json,1190,.json,result_or_document
artifacts\benchmark_runs\language\neuron_search_20260605\manual_self\screen_1_seed13_smoke_rank_pressure_fixed_v1_screen_results.json,7652,.json,result_or_document
artifacts\benchmark_runs\language\neuron_search_20260605\manual_self\screen_1_seed13_smoke_rank_pressure_ultrasoft_v1_baseline\checkpoint.pt,59263730,.pt,heavy_artifact
artifacts\benchmark_runs\language\neuron_search_20260605\manual_self\screen_1_seed13_smoke_rank_pressure_ultrasoft_v1_baseline\result.json,2075,.json,result_or_document
artifacts\benchmark_runs\language\neuron_search_20260605\manual_self\screen_1_seed13_smoke_rank_pressure_ultrasoft_v1_baseline\state.json,731,.json,result_or_document
artifacts\benchmark_runs\language\neuron_search_20260605\manual_self\screen_1_seed13_smoke_rank_pressure_ultrasoft_v1_rank_competition_feather_neuron\checkpoint.pt,59264898,.pt,heavy_artifact
artifacts\benchmark_runs\language\neuron_search_20260605\manual_self\screen_1_seed13_smoke_rank_pressure_ultrasoft_v1_rank_competition_feather_neuron\result.json,2144,.json,result_or_document
artifacts\benchmark_runs\language\neuron_search_20260605\manual_self\screen_1_seed13_smoke_rank_pressure_ultrasoft_v1_rank_competition_feather_neuron\state.json,801,.json,result_or_document
artifacts\benchmark_runs\language\neuron_search_20260605\manual_self\screen_1_seed13_smoke_rank_pressure_ultrasoft_v1_rank_competition_ultrasoft_neuron\checkpoint.pt,59264898,.pt,heavy_artifact
artifacts\benchmark_runs\language\neuron_search_20260605\manual_self\screen_1_seed13_smoke_rank_pressure_ultrasoft_v1_rank_competition_ultrasoft_neuron\result.json,2153,.json,result_or_document
artifacts\benchmark_runs\language\neuron_search_20260605\manual_self\screen_1_seed13_smoke_rank_pressure_ultrasoft_v1_rank_competition_ultrasoft_neuron\state.json,806,.json,result_or_document
artifacts\benchmark_runs\language\neuron_search_20260605\manual_self\screen_1_seed13_smoke_rank_pressure_ultrasoft_v1_ranked_results.json,790,.json,result_or_document
artifacts\benchmark_runs\language\neuron_search_20260605\manual_self\screen_1_seed13_smoke_rank_pressure_ultrasoft_v1_screen_results.json,5714,.json,result_or_document
artifacts\benchmark_runs\language\neuron_search_20260605\manual_self\screen_1_seed13_smoke_rank_pressure_v1_baseline\checkpoint.pt,59263666,.pt,heavy_artifact
artifacts\benchmark_runs\language\neuron_search_20260605\manual_self\screen_1_seed13_smoke_rank_pressure_v1_baseline\result.json,2045,.json,result_or_document
artifacts\benchmark_runs\language\neuron_search_20260605\manual_self\screen_1_seed13_smoke_rank_pressure_v1_baseline\state.json,701,.json,result_or_document
artifacts\benchmark_runs\language\neuron_search_20260605\manual_self\screen_1_seed13_smoke_rank_pressure_v1_rank_competition_mild_centered_residual_neuron\checkpoint.pt,59267602,.pt,heavy_artifact
artifacts\benchmark_runs\language\neuron_search_20260605\manual_self\screen_1_seed13_smoke_rank_pressure_v1_rank_competition_mild_centered_residual_neuron\result.json,2175,.json,result_or_document
artifacts\benchmark_runs\language\neuron_search_20260605\manual_self\screen_1_seed13_smoke_rank_pressure_v1_rank_competition_mild_centered_residual_neuron\state.json,816,.json,result_or_document
artifacts\benchmark_runs\language\neuron_search_20260605\manual_self\screen_1_seed13_smoke_rank_pressure_v1_rank_competition_mild_neuron\checkpoint.pt,59264834,.pt,heavy_artifact
artifacts\benchmark_runs\language\neuron_search_20260605\manual_self\screen_1_seed13_smoke_rank_pressure_v1_rank_competition_mild_neuron\result.json,2098,.json,result_or_document
artifacts\benchmark_runs\language\neuron_search_20260605\manual_self\screen_1_seed13_smoke_rank_pressure_v1_rank_competition_mild_neuron\state.json,759,.json,result_or_document
artifacts\benchmark_runs\language\neuron_search_20260605\manual_self\screen_1_seed13_smoke_rank_pressure_v1_rank_competition_soft_centered_residual_neuron\checkpoint.pt,59267602,.pt,heavy_artifact
artifacts\benchmark_runs\language\neuron_search_20260605\manual_self\screen_1_seed13_smoke_rank_pressure_v1_rank_competition_soft_centered_residual_neuron\result.json,2177,.json,result_or_document
artifacts\benchmark_runs\language\neuron_search_20260605\manual_self\screen_1_seed13_smoke_rank_pressure_v1_rank_competition_soft_centered_residual_neuron\state.json,817,.json,result_or_document
artifacts\benchmark_runs\language\neuron_search_20260605\manual_self\screen_1_seed13_smoke_rank_pressure_v1_rank_competition_soft_neuron\checkpoint.pt,59264834,.pt,heavy_artifact
artifacts\benchmark_runs\language\neuron_search_20260605\manual_self\screen_1_seed13_smoke_rank_pressure_v1_rank_competition_soft_neuron\result.json,2104,.json,result_or_document
artifacts\benchmark_runs\language\neuron_search_20260605\manual_self\screen_1_seed13_smoke_rank_pressure_v1_rank_competition_soft_neuron\state.json,762,.json,result_or_document
artifacts\benchmark_runs\language\neuron_search_20260605\manual_self\screen_1_seed13_smoke_rank_pressure_v1_ranked_results.json,1600,.json,result_or_document
artifacts\benchmark_runs\language\neuron_search_20260605\manual_self\screen_1_seed13_smoke_rank_pressure_v1_screen_results.json,9524,.json,result_or_document
artifacts\benchmark_runs\language\neuron_search_20260605\manual_self\screen_1_seed13_smoke_suppressed_guarded_v1_baseline\checkpoint.pt,59263730,.pt,heavy_artifact
artifacts\benchmark_runs\language\neuron_search_20260605\manual_self\screen_1_seed13_smoke_suppressed_guarded_v1_baseline\result.json,2060,.json,result_or_document
artifacts\benchmark_runs\language\neuron_search_20260605\manual_self\screen_1_seed13_smoke_suppressed_guarded_v1_baseline\state.json,716,.json,result_or_document
artifacts\benchmark_runs\language\neuron_search_20260605\manual_self\screen_1_seed13_smoke_suppressed_guarded_v1_rank_competition_memory_suppressed_aux_head_centered_gate_neuron\checkpoint.pt,59390738,.pt,heavy_artifact
artifacts\benchmark_runs\language\neuron_search_20260605\manual_self\screen_1_seed13_smoke_suppressed_guarded_v1_rank_competition_memory_suppressed_aux_head_centered_gate_neuron\result.json,2259,.json,result_or_document
artifacts\benchmark_runs\language\neuron_search_20260605\manual_self\screen_1_seed13_smoke_suppressed_guarded_v1_rank_competition_memory_suppressed_aux_head_centered_gate_neuron\state.json,883,.json,result_or_document
artifacts\benchmark_runs\language\neuron_search_20260605\manual_self\screen_1_seed13_smoke_suppressed_guarded_v1_rank_competition_memory_suppressed_energy_matched_centered_gate_neuron\checkpoint.pt,59290098,.pt,heavy_artifact
artifacts\benchmark_runs\language\neuron_search_20260605\manual_self\screen_1_seed13_smoke_suppressed_guarded_v1_rank_competition_memory_suppressed_energy_matched_centered_gate_neuron\result.json,2286,.json,result_or_document
artifacts\benchmark_runs\language\neuron_search_20260605\manual_self\screen_1_seed13_smoke_suppressed_guarded_v1_rank_competition_memory_suppressed_energy_matched_centered_gate_neuron\state.json,902,.json,result_or_document
artifacts\benchmark_runs\language\neuron_search_20260605\manual_self\screen_1_seed13_smoke_suppressed_guarded_v1_rank_competition_memory_suppressed_stopgrad_mask_centered_gate_neuron\checkpoint.pt,59290098,.pt,heavy_artifact
artifacts\benchmark_runs\language\neuron_search_20260605\manual_self\screen_1_seed13_smoke_suppressed_guarded_v1_rank_competition_memory_suppressed_stopgrad_mask_centered_gate_neuron\result.json,2282,.json,result_or_document
artifacts\benchmark_runs\language\neuron_search_20260605\manual_self\screen_1_seed13_smoke_suppressed_guarded_v1_rank_competition_memory_suppressed_stopgrad_mask_centered_gate_neuron\state.json,901,.json,result_or_document
artifacts\benchmark_runs\language\neuron_search_20260605\manual_self\screen_1_seed13_smoke_suppressed_guarded_v1_ranked_results.json,1290,.json,result_or_document
artifacts\benchmark_runs\language\neuron_search_20260605\manual_self\screen_1_seed13_smoke_suppressed_guarded_v1_screen_results.json,8318,.json,result_or_document
artifacts\benchmark_runs\language\neuron_search_20260605\manual_self\screen_1_seed13_smoke_suppressed_stable_v1_baseline\checkpoint.pt,59263730,.pt,heavy_artifact
artifacts\benchmark_runs\language\neuron_search_20260605\manual_self\screen_1_seed13_smoke_suppressed_stable_v1_baseline\result.json,2055,.json,result_or_document
artifacts\benchmark_runs\language\neuron_search_20260605\manual_self\screen_1_seed13_smoke_suppressed_stable_v1_baseline\state.json,713,.json,result_or_document
artifacts\benchmark_runs\language\neuron_search_20260605\manual_self\screen_1_seed13_smoke_suppressed_stable_v1_rank_competition_memory_suppressed_bounded_centered_gate_neuron\checkpoint.pt,59290098,.pt,heavy_artifact
artifacts\benchmark_runs\language\neuron_search_20260605\manual_self\screen_1_seed13_smoke_suppressed_stable_v1_rank_competition_memory_suppressed_bounded_centered_gate_neuron\result.json,2257,.json,result_or_document
artifacts\benchmark_runs\language\neuron_search_20260605\manual_self\screen_1_seed13_smoke_suppressed_stable_v1_rank_competition_memory_suppressed_bounded_centered_gate_neuron\state.json,880,.json,result_or_document
artifacts\benchmark_runs\language\neuron_search_20260605\manual_self\screen_1_seed13_smoke_suppressed_stable_v1_rank_competition_memory_suppressed_bounded_small_centered_gate_neuron\checkpoint.pt,59290098,.pt,heavy_artifact
artifacts\benchmark_runs\language\neuron_search_20260605\manual_self\screen_1_seed13_smoke_suppressed_stable_v1_rank_competition_memory_suppressed_bounded_small_centered_gate_neuron\result.json,2277,.json,result_or_document
artifacts\benchmark_runs\language\neuron_search_20260605\manual_self\screen_1_seed13_smoke_suppressed_stable_v1_rank_competition_memory_suppressed_bounded_small_centered_gate_neuron\state.json,896,.json,result_or_document
artifacts\benchmark_runs\language\neuron_search_20260605\manual_self\screen_1_seed13_smoke_suppressed_stable_v1_rank_competition_memory_suppressed_normed_centered_gate_neuron\checkpoint.pt,59290098,.pt,heavy_artifact
artifacts\benchmark_runs\language\neuron_search_20260605\manual_self\screen_1_seed13_smoke_suppressed_stable_v1_rank_competition_memory_suppressed_normed_centered_gate_neuron\result.json,2250,.json,result_or_document
artifacts\benchmark_runs\language\neuron_search_20260605\manual_self\screen_1_seed13_smoke_suppressed_stable_v1_rank_competition_memory_suppressed_normed_centered_gate_neuron\state.json,876,.json,result_or_document
artifacts\benchmark_runs\language\neuron_search_20260605\manual_self\screen_1_seed13_smoke_suppressed_stable_v1_rank_competition_memory_suppressed_small_centered_gate_neuron\checkpoint.pt,59290098,.pt,heavy_artifact
artifacts\benchmark_runs\language\neuron_search_20260605\manual_self\screen_1_seed13_smoke_suppressed_stable_v1_rank_competition_memory_suppressed_small_centered_gate_neuron\result.json,2246,.json,result_or_document
artifacts\benchmark_runs\language\neuron_search_20260605\manual_self\screen_1_seed13_smoke_suppressed_stable_v1_rank_competition_memory_suppressed_small_centered_gate_neuron\state.json,873,.json,result_or_document
artifacts\benchmark_runs\language\neuron_search_20260605\manual_self\screen_1_seed13_smoke_suppressed_stable_v1_ranked_results.json,1706,.json,result_or_document
artifacts\benchmark_runs\language\neuron_search_20260605\manual_self\screen_1_seed13_smoke_suppressed_stable_v1_screen_results.json,10357,.json,result_or_document
artifacts\benchmark_runs\language\neuron_search_20260605\manual_self\screen_2048_seed13_real_seq10160_val8_seed13_hidden_drop_2048_v1_baseline\checkpoint.pt,485331506,.pt,heavy_artifact
artifacts\benchmark_runs\language\neuron_search_20260605\manual_self\screen_2048_seed13_real_seq10160_val8_seed13_hidden_drop_2048_v1_baseline\result.json,2187,.json,result_or_document
artifacts\benchmark_runs\language\neuron_search_20260605\manual_self\screen_2048_seed13_real_seq10160_val8_seed13_hidden_drop_2048_v1_baseline\state.json,790,.json,result_or_document
artifacts\benchmark_runs\language\neuron_search_20260605\manual_self\screen_2048_seed13_real_seq10160_val8_seed13_hidden_drop_2048_v1_hidden_drop_square_neuron\checkpoint.pt,485331506,.pt,heavy_artifact
artifacts\benchmark_runs\language\neuron_search_20260605\manual_self\screen_2048_seed13_real_seq10160_val8_seed13_hidden_drop_2048_v1_hidden_drop_square_neuron\result.json,2231,.json,result_or_document
artifacts\benchmark_runs\language\neuron_search_20260605\manual_self\screen_2048_seed13_real_seq10160_val8_seed13_hidden_drop_2048_v1_hidden_drop_square_neuron\state.json,840,.json,result_or_document
artifacts\benchmark_runs\language\neuron_search_20260605\manual_self\screen_2048_seed13_real_seq10160_val8_seed13_hidden_drop_2048_v1_ranked_results.json,388,.json,result_or_document
artifacts\benchmark_runs\language\neuron_search_20260605\manual_self\screen_2048_seed13_real_seq10160_val8_seed13_hidden_drop_2048_v1_screen_results.json,3932,.json,result_or_document
artifacts\benchmark_runs\language\neuron_search_20260605\manual_self\screen_2048_seed17_real_seq10160_val8_seed17_hidden_drop_2048_v1_baseline\checkpoint.pt,485331506,.pt,heavy_artifact
artifacts\benchmark_runs\language\neuron_search_20260605\manual_self\screen_2048_seed17_real_seq10160_val8_seed17_hidden_drop_2048_v1_baseline\result.json,2187,.json,result_or_document
artifacts\benchmark_runs\language\neuron_search_20260605\manual_self\screen_2048_seed17_real_seq10160_val8_seed17_hidden_drop_2048_v1_baseline\state.json,791,.json,result_or_document
artifacts\benchmark_runs\language\neuron_search_20260605\manual_self\screen_2048_seed17_real_seq10160_val8_seed17_hidden_drop_2048_v1_hidden_drop_square_neuron\checkpoint.pt,485331506,.pt,heavy_artifact
artifacts\benchmark_runs\language\neuron_search_20260605\manual_self\screen_2048_seed17_real_seq10160_val8_seed17_hidden_drop_2048_v1_hidden_drop_square_neuron\result.json,2233,.json,result_or_document
artifacts\benchmark_runs\language\neuron_search_20260605\manual_self\screen_2048_seed17_real_seq10160_val8_seed17_hidden_drop_2048_v1_hidden_drop_square_neuron\state.json,842,.json,result_or_document
artifacts\benchmark_runs\language\neuron_search_20260605\manual_self\screen_2048_seed17_real_seq10160_val8_seed17_hidden_drop_2048_v1_ranked_results.json,389,.json,result_or_document
artifacts\benchmark_runs\language\neuron_search_20260605\manual_self\screen_2048_seed17_real_seq10160_val8_seed17_hidden_drop_2048_v1_screen_results.json,3933,.json,result_or_document
artifacts\benchmark_runs\language\neuron_search_20260605\manual_self\screen_2048_seed31_real_seq10160_val8_seed31_hidden_drop_extreme_2048_v1_baseline\checkpoint.pt,485331506,.pt,heavy_artifact
artifacts\benchmark_runs\language\neuron_search_20260605\manual_self\screen_2048_seed31_real_seq10160_val8_seed31_hidden_drop_extreme_2048_v1_baseline\result.json,2211,.json,result_or_document
artifacts\benchmark_runs\language\neuron_search_20260605\manual_self\screen_2048_seed31_real_seq10160_val8_seed31_hidden_drop_extreme_2048_v1_baseline\state.json,815,.json,result_or_document
artifacts\benchmark_runs\language\neuron_search_20260605\manual_self\screen_2048_seed31_real_seq10160_val8_seed31_hidden_drop_extreme_2048_v1_hidden_drop_extreme_square_neuron\checkpoint.pt,485331570,.pt,heavy_artifact
artifacts\benchmark_runs\language\neuron_search_20260605\manual_self\screen_2048_seed31_real_seq10160_val8_seed31_hidden_drop_extreme_2048_v1_hidden_drop_extreme_square_neuron\result.json,2289,.json,result_or_document
artifacts\benchmark_runs\language\neuron_search_20260605\manual_self\screen_2048_seed31_real_seq10160_val8_seed31_hidden_drop_extreme_2048_v1_hidden_drop_extreme_square_neuron\state.json,890,.json,result_or_document
artifacts\benchmark_runs\language\neuron_search_20260605\manual_self\screen_2048_seed31_real_seq10160_val8_seed31_hidden_drop_extreme_2048_v1_ranked_results.json,395,.json,result_or_document
artifacts\benchmark_runs\language\neuron_search_20260605\manual_self\screen_2048_seed31_real_seq10160_val8_seed31_hidden_drop_extreme_2048_v1_screen_results.json,4053,.json,result_or_document
artifacts\benchmark_runs\language\neuron_search_20260605\manual_self\screen_2048_seed31_real_seq10160_val8_seed31_hidden_drop_p25_p30_2048_v1_baseline\checkpoint.pt,485331506,.pt,heavy_artifact
artifacts\benchmark_runs\language\neuron_search_20260605\manual_self\screen_2048_seed31_real_seq10160_val8_seed31_hidden_drop_p25_p30_2048_v1_baseline\result.json,2212,.json,result_or_document
artifacts\benchmark_runs\language\neuron_search_20260605\manual_self\screen_2048_seed31_real_seq10160_val8_seed31_hidden_drop_p25_p30_2048_v1_baseline\state.json,815,.json,result_or_document
artifacts\benchmark_runs\language\neuron_search_20260605\manual_self\screen_2048_seed31_real_seq10160_val8_seed31_hidden_drop_p25_p30_2048_v1_hidden_drop_p25_square_neuron\checkpoint.pt,485331570,.pt,heavy_artifact
artifacts\benchmark_runs\language\neuron_search_20260605\manual_self\screen_2048_seed31_real_seq10160_val8_seed31_hidden_drop_p25_p30_2048_v1_hidden_drop_p25_square_neuron\result.json,2273,.json,result_or_document
artifacts\benchmark_runs\language\neuron_search_20260605\manual_self\screen_2048_seed31_real_seq10160_val8_seed31_hidden_drop_p25_p30_2048_v1_hidden_drop_p25_square_neuron\state.json,878,.json,result_or_document
artifacts\benchmark_runs\language\neuron_search_20260605\manual_self\screen_2048_seed31_real_seq10160_val8_seed31_hidden_drop_p25_p30_2048_v1_hidden_drop_p30_square_neuron\checkpoint.pt,485331570,.pt,heavy_artifact
artifacts\benchmark_runs\language\neuron_search_20260605\manual_self\screen_2048_seed31_real_seq10160_val8_seed31_hidden_drop_p25_p30_2048_v1_hidden_drop_p30_square_neuron\result.json,2270,.json,result_or_document
artifacts\benchmark_runs\language\neuron_search_20260605\manual_self\screen_2048_seed31_real_seq10160_val8_seed31_hidden_drop_p25_p30_2048_v1_hidden_drop_p30_square_neuron\state.json,877,.json,result_or_document
artifacts\benchmark_runs\language\neuron_search_20260605\manual_self\screen_2048_seed31_real_seq10160_val8_seed31_hidden_drop_p25_p30_2048_v1_ranked_results.json,777,.json,result_or_document
artifacts\benchmark_runs\language\neuron_search_20260605\manual_self\screen_2048_seed31_real_seq10160_val8_seed31_hidden_drop_p25_p30_2048_v1_screen_results.json,6076,.json,result_or_document
artifacts\benchmark_runs\language\neuron_search_20260605\manual_self\screen_2048_seed31_real_seq10160_val8_seed31_hidden_drop_p35_2048_v1_baseline\checkpoint.pt,485331506,.pt,heavy_artifact
artifacts\benchmark_runs\language\neuron_search_20260605\manual_self\screen_2048_seed31_real_seq10160_val8_seed31_hidden_drop_p35_2048_v1_baseline\result.json,2200,.json,result_or_document
artifacts\benchmark_runs\language\neuron_search_20260605\manual_self\screen_2048_seed31_real_seq10160_val8_seed31_hidden_drop_p35_2048_v1_baseline\state.json,803,.json,result_or_document
artifacts\benchmark_runs\language\neuron_search_20260605\manual_self\screen_2048_seed31_real_seq10160_val8_seed31_hidden_drop_p35_2048_v1_hidden_drop_p35_square_neuron\checkpoint.pt,485331506,.pt,heavy_artifact
artifacts\benchmark_runs\language\neuron_search_20260605\manual_self\screen_2048_seed31_real_seq10160_val8_seed31_hidden_drop_p35_2048_v1_hidden_drop_p35_square_neuron\result.json,2263,.json,result_or_document
artifacts\benchmark_runs\language\neuron_search_20260605\manual_self\screen_2048_seed31_real_seq10160_val8_seed31_hidden_drop_p35_2048_v1_hidden_drop_p35_square_neuron\state.json,867,.json,result_or_document
artifacts\benchmark_runs\language\neuron_search_20260605\manual_self\screen_2048_seed31_real_seq10160_val8_seed31_hidden_drop_p35_2048_v1_ranked_results.json,393,.json,result_or_document
artifacts\benchmark_runs\language\neuron_search_20260605\manual_self\screen_2048_seed31_real_seq10160_val8_seed31_hidden_drop_p35_2048_v1_screen_results.json,3994,.json,result_or_document
artifacts\benchmark_runs\language\neuron_search_20260605\manual_self\screen_2048_seed31_real_seq10160_val8_seed31_hidden_drop_strength_2048_v1_baseline\checkpoint.pt,485331506,.pt,heavy_artifact
artifacts\benchmark_runs\language\neuron_search_20260605\manual_self\screen_2048_seed31_real_seq10160_val8_seed31_hidden_drop_strength_2048_v1_baseline\result.json,2215,.json,result_or_document
artifacts\benchmark_runs\language\neuron_search_20260605\manual_self\screen_2048_seed31_real_seq10160_val8_seed31_hidden_drop_strength_2048_v1_baseline\state.json,818,.json,result_or_document
artifacts\benchmark_runs\language\neuron_search_20260605\manual_self\screen_2048_seed31_real_seq10160_val8_seed31_hidden_drop_strength_2048_v1_hidden_drop_high_square_neuron\checkpoint.pt,485331570,.pt,heavy_artifact
artifacts\benchmark_runs\language\neuron_search_20260605\manual_self\screen_2048_seed31_real_seq10160_val8_seed31_hidden_drop_strength_2048_v1_hidden_drop_high_square_neuron\result.json,2280,.json,result_or_document
artifacts\benchmark_runs\language\neuron_search_20260605\manual_self\screen_2048_seed31_real_seq10160_val8_seed31_hidden_drop_strength_2048_v1_hidden_drop_high_square_neuron\state.json,884,.json,result_or_document
artifacts\benchmark_runs\language\neuron_search_20260605\manual_self\screen_2048_seed31_real_seq10160_val8_seed31_hidden_drop_strength_2048_v1_hidden_drop_mid_square_neuron\checkpoint.pt,485331570,.pt,heavy_artifact
artifacts\benchmark_runs\language\neuron_search_20260605\manual_self\screen_2048_seed31_real_seq10160_val8_seed31_hidden_drop_strength_2048_v1_hidden_drop_mid_square_neuron\result.json,2275,.json,result_or_document
artifacts\benchmark_runs\language\neuron_search_20260605\manual_self\screen_2048_seed31_real_seq10160_val8_seed31_hidden_drop_strength_2048_v1_hidden_drop_mid_square_neuron\state.json,881,.json,result_or_document
artifacts\benchmark_runs\language\neuron_search_20260605\manual_self\screen_2048_seed31_real_seq10160_val8_seed31_hidden_drop_strength_2048_v1_ranked_results.json,781,.json,result_or_document
artifacts\benchmark_runs\language\neuron_search_20260605\manual_self\screen_2048_seed31_real_seq10160_val8_seed31_hidden_drop_strength_2048_v1_screen_results.json,6096,.json,result_or_document
artifacts\benchmark_runs\language\neuron_search_20260605\manual_self\screen_2048_seed31_real_seq10160_val8_seed31_hidden_drop_ultra_2048_v1_baseline\checkpoint.pt,485331506,.pt,heavy_artifact
artifacts\benchmark_runs\language\neuron_search_20260605\manual_self\screen_2048_seed31_real_seq10160_val8_seed31_hidden_drop_ultra_2048_v1_baseline\result.json,2206,.json,result_or_document
artifacts\benchmark_runs\language\neuron_search_20260605\manual_self\screen_2048_seed31_real_seq10160_val8_seed31_hidden_drop_ultra_2048_v1_baseline\state.json,809,.json,result_or_document
artifacts\benchmark_runs\language\neuron_search_20260605\manual_self\screen_2048_seed31_real_seq10160_val8_seed31_hidden_drop_ultra_2048_v1_hidden_drop_ultra_square_neuron\checkpoint.pt,485331570,.pt,heavy_artifact
artifacts\benchmark_runs\language\neuron_search_20260605\manual_self\screen_2048_seed31_real_seq10160_val8_seed31_hidden_drop_ultra_2048_v1_hidden_drop_ultra_square_neuron\result.json,2274,.json,result_or_document
artifacts\benchmark_runs\language\neuron_search_20260605\manual_self\screen_2048_seed31_real_seq10160_val8_seed31_hidden_drop_ultra_2048_v1_hidden_drop_ultra_square_neuron\state.json,878,.json,result_or_document
artifacts\benchmark_runs\language\neuron_search_20260605\manual_self\screen_2048_seed31_real_seq10160_val8_seed31_hidden_drop_ultra_2048_v1_ranked_results.json,394,.json,result_or_document
artifacts\benchmark_runs\language\neuron_search_20260605\manual_self\screen_2048_seed31_real_seq10160_val8_seed31_hidden_drop_ultra_2048_v1_screen_results.json,4025,.json,result_or_document
artifacts\benchmark_runs\language\neuron_search_20260605\manual_self\screen_2048_seed31_real_seq10160_val8_seed31_hidden_regularizer_2048_v1_baseline\checkpoint.pt,485331506,.pt,heavy_artifact
artifacts\benchmark_runs\language\neuron_search_20260605\manual_self\screen_2048_seed31_real_seq10160_val8_seed31_hidden_regularizer_2048_v1_baseline\result.json,2209,.json,result_or_document
artifacts\benchmark_runs\language\neuron_search_20260605\manual_self\screen_2048_seed31_real_seq10160_val8_seed31_hidden_regularizer_2048_v1_baseline\state.json,812,.json,result_or_document
artifacts\benchmark_runs\language\neuron_search_20260605\manual_self\screen_2048_seed31_real_seq10160_val8_seed31_hidden_regularizer_2048_v1_hidden_drop_square_neuron\checkpoint.pt,485331506,.pt,heavy_artifact
artifacts\benchmark_runs\language\neuron_search_20260605\manual_self\screen_2048_seed31_real_seq10160_val8_seed31_hidden_regularizer_2048_v1_hidden_drop_square_neuron\result.json,2256,.json,result_or_document
artifacts\benchmark_runs\language\neuron_search_20260605\manual_self\screen_2048_seed31_real_seq10160_val8_seed31_hidden_regularizer_2048_v1_hidden_drop_square_neuron\state.json,864,.json,result_or_document
artifacts\benchmark_runs\language\neuron_search_20260605\manual_self\screen_2048_seed31_real_seq10160_val8_seed31_hidden_regularizer_2048_v1_rank_competition_fixed_feather_hidden_drop_neuron\checkpoint.pt,485332218,.pt,heavy_artifact
artifacts\benchmark_runs\language\neuron_search_20260605\manual_self\screen_2048_seed31_real_seq10160_val8_seed31_hidden_regularizer_2048_v1_rank_competition_fixed_feather_hidden_drop_neuron\result.json,2347,.json,result_or_document
artifacts\benchmark_runs\language\neuron_search_20260605\manual_self\screen_2048_seed31_real_seq10160_val8_seed31_hidden_regularizer_2048_v1_rank_competition_fixed_feather_hidden_drop_neuron\state.json,933,.json,result_or_document
artifacts\benchmark_runs\language\neuron_search_20260605\manual_self\screen_2048_seed31_real_seq10160_val8_seed31_hidden_regularizer_2048_v1_ranked_results.json,792,.json,result_or_document
artifacts\benchmark_runs\language\neuron_search_20260605\manual_self\screen_2048_seed31_real_seq10160_val8_seed31_hidden_regularizer_2048_v1_screen_results.json,6175,.json,result_or_document
artifacts\benchmark_runs\language\neuron_search_20260605\manual_self\screen_2048_seed31_real_seq10160_val8_seed31_rank_pressure_2048_v1_baseline\checkpoint.pt,485331506,.pt,heavy_artifact
artifacts\benchmark_runs\language\neuron_search_20260605\manual_self\screen_2048_seed31_real_seq10160_val8_seed31_rank_pressure_2048_v1_baseline\result.json,2193,.json,result_or_document
artifacts\benchmark_runs\language\neuron_search_20260605\manual_self\screen_2048_seed31_real_seq10160_val8_seed31_rank_pressure_2048_v1_baseline\state.json,796,.json,result_or_document
artifacts\benchmark_runs\language\neuron_search_20260605\manual_self\screen_2048_seed31_real_seq10160_val8_seed31_rank_pressure_2048_v1_rank_competition_mild_neuron\checkpoint.pt,485333778,.pt,heavy_artifact
artifacts\benchmark_runs\language\neuron_search_20260605\manual_self\screen_2048_seed31_real_seq10160_val8_seed31_rank_pressure_2048_v1_rank_competition_mild_neuron\result.json,2253,.json,result_or_document
artifacts\benchmark_runs\language\neuron_search_20260605\manual_self\screen_2048_seed31_real_seq10160_val8_seed31_rank_pressure_2048_v1_rank_competition_mild_neuron\state.json,858,.json,result_or_document
artifacts\benchmark_runs\language\neuron_search_20260605\manual_self\screen_2048_seed31_real_seq10160_val8_seed31_rank_pressure_2048_v1_rank_competition_soft_neuron\checkpoint.pt,485333778,.pt,heavy_artifact
artifacts\benchmark_runs\language\neuron_search_20260605\manual_self\screen_2048_seed31_real_seq10160_val8_seed31_rank_pressure_2048_v1_rank_competition_soft_neuron\result.json,2252,.json,result_or_document
artifacts\benchmark_runs\language\neuron_search_20260605\manual_self\screen_2048_seed31_real_seq10160_val8_seed31_rank_pressure_2048_v1_rank_competition_soft_neuron\state.json,857,.json,result_or_document
artifacts\benchmark_runs\language\neuron_search_20260605\manual_self\screen_2048_seed31_real_seq10160_val8_seed31_rank_pressure_2048_v1_ranked_results.json,780,.json,result_or_document
artifacts\benchmark_runs\language\neuron_search_20260605\manual_self\screen_2048_seed31_real_seq10160_val8_seed31_rank_pressure_2048_v1_screen_results.json,5989,.json,result_or_document
artifacts\benchmark_runs\language\neuron_search_20260605\manual_self\screen_2048_seed31_real_seq10160_val8_seed31_rank_pressure_fixed_feather_2048_v1_baseline\checkpoint.pt,485331506,.pt,heavy_artifact
artifacts\benchmark_runs\language\neuron_search_20260605\manual_self\screen_2048_seed31_real_seq10160_val8_seed31_rank_pressure_fixed_feather_2048_v1_baseline\result.json,2236,.json,result_or_document
artifacts\benchmark_runs\language\neuron_search_20260605\manual_self\screen_2048_seed31_real_seq10160_val8_seed31_rank_pressure_fixed_feather_2048_v1_baseline\state.json,839,.json,result_or_document
artifacts\benchmark_runs\language\neuron_search_20260605\manual_self\screen_2048_seed31_real_seq10160_val8_seed31_rank_pressure_fixed_feather_2048_v1_rank_competition_fixed_feather_neuron\checkpoint.pt,485332154,.pt,heavy_artifact
artifacts\benchmark_runs\language\neuron_search_20260605\manual_self\screen_2048_seed31_real_seq10160_val8_seed31_rank_pressure_fixed_feather_2048_v1_rank_competition_fixed_feather_neuron\result.json,2329,.json,result_or_document
artifacts\benchmark_runs\language\neuron_search_20260605\manual_self\screen_2048_seed31_real_seq10160_val8_seed31_rank_pressure_fixed_feather_2048_v1_rank_competition_fixed_feather_neuron\state.json,926,.json,result_or_document
artifacts\benchmark_runs\language\neuron_search_20260605\manual_self\screen_2048_seed31_real_seq10160_val8_seed31_rank_pressure_fixed_feather_2048_v1_ranked_results.json,402,.json,result_or_document
artifacts\benchmark_runs\language\neuron_search_20260605\manual_self\screen_2048_seed31_real_seq10160_val8_seed31_rank_pressure_fixed_feather_2048_v1_screen_results.json,4146,.json,result_or_document
artifacts\benchmark_runs\language\neuron_search_20260605\manual_self\screen_2048_seed31_real_seq10160_val8_seed31_rank_pressure_ultrasoft_2048_v1_baseline\checkpoint.pt,485331506,.pt,heavy_artifact
artifacts\benchmark_runs\language\neuron_search_20260605\manual_self\screen_2048_seed31_real_seq10160_val8_seed31_rank_pressure_ultrasoft_2048_v1_baseline\result.json,2224,.json,result_or_document
artifacts\benchmark_runs\language\neuron_search_20260605\manual_self\screen_2048_seed31_real_seq10160_val8_seed31_rank_pressure_ultrasoft_2048_v1_baseline\state.json,827,.json,result_or_document
artifacts\benchmark_runs\language\neuron_search_20260605\manual_self\screen_2048_seed31_real_seq10160_val8_seed31_rank_pressure_ultrasoft_2048_v1_rank_competition_feather_neuron\checkpoint.pt,485333778,.pt,heavy_artifact
artifacts\benchmark_runs\language\neuron_search_20260605\manual_self\screen_2048_seed31_real_seq10160_val8_seed31_rank_pressure_ultrasoft_2048_v1_rank_competition_feather_neuron\result.json,2290,.json,result_or_document
artifacts\benchmark_runs\language\neuron_search_20260605\manual_self\screen_2048_seed31_real_seq10160_val8_seed31_rank_pressure_ultrasoft_2048_v1_rank_competition_feather_neuron\state.json,893,.json,result_or_document
artifacts\benchmark_runs\language\neuron_search_20260605\manual_self\screen_2048_seed31_real_seq10160_val8_seed31_rank_pressure_ultrasoft_2048_v1_rank_competition_ultrasoft_neuron\checkpoint.pt,485333842,.pt,heavy_artifact
artifacts\benchmark_runs\language\neuron_search_20260605\manual_self\screen_2048_seed31_real_seq10160_val8_seed31_rank_pressure_ultrasoft_2048_v1_rank_competition_ultrasoft_neuron\result.json,2303,.json,result_or_document
artifacts\benchmark_runs\language\neuron_search_20260605\manual_self\screen_2048_seed31_real_seq10160_val8_seed31_rank_pressure_ultrasoft_2048_v1_rank_competition_ultrasoft_neuron\state.json,903,.json,result_or_document
artifacts\benchmark_runs\language\neuron_search_20260605\manual_self\screen_2048_seed31_real_seq10160_val8_seed31_rank_pressure_ultrasoft_2048_v1_ranked_results.json,786,.json,result_or_document
artifacts\benchmark_runs\language\neuron_search_20260605\manual_self\screen_2048_seed31_real_seq10160_val8_seed31_rank_pressure_ultrasoft_2048_v1_screen_results.json,6163,.json,result_or_document
artifacts\benchmark_runs\language\neuron_search_20260605\manual_self\screen_2048_seed31_real_seq10160_val8_seed31_rankcheap_2048_v1_baseline\checkpoint.pt,485331506,.pt,heavy_artifact
artifacts\benchmark_runs\language\neuron_search_20260605\manual_self\screen_2048_seed31_real_seq10160_val8_seed31_rankcheap_2048_v1_baseline\result.json,2182,.json,result_or_document
artifacts\benchmark_runs\language\neuron_search_20260605\manual_self\screen_2048_seed31_real_seq10160_val8_seed31_rankcheap_2048_v1_baseline\state.json,785,.json,result_or_document
artifacts\benchmark_runs\language\neuron_search_20260605\manual_self\screen_2048_seed31_real_seq10160_val8_seed31_rankcheap_2048_v1_rank_competition_centered_residual_neuron\checkpoint.pt,485360754,.pt,heavy_artifact
artifacts\benchmark_runs\language\neuron_search_20260605\manual_self\screen_2048_seed31_real_seq10160_val8_seed31_rankcheap_2048_v1_rank_competition_centered_residual_neuron\result.json,2288,.json,result_or_document
artifacts\benchmark_runs\language\neuron_search_20260605\manual_self\screen_2048_seed31_real_seq10160_val8_seed31_rankcheap_2048_v1_rank_competition_centered_residual_neuron\state.json,881,.json,result_or_document
artifacts\benchmark_runs\language\neuron_search_20260605\manual_self\screen_2048_seed31_real_seq10160_val8_seed31_rankcheap_2048_v1_rank_competition_neuron\checkpoint.pt,485333778,.pt,heavy_artifact
artifacts\benchmark_runs\language\neuron_search_20260605\manual_self\screen_2048_seed31_real_seq10160_val8_seed31_rankcheap_2048_v1_rank_competition_neuron\result.json,2219,.json,result_or_document
artifacts\benchmark_runs\language\neuron_search_20260605\manual_self\screen_2048_seed31_real_seq10160_val8_seed31_rankcheap_2048_v1_rank_competition_neuron\state.json,830,.json,result_or_document
artifacts\benchmark_runs\language\neuron_search_20260605\manual_self\screen_2048_seed31_real_seq10160_val8_seed31_rankcheap_2048_v1_ranked_results.json,786,.json,result_or_document
artifacts\benchmark_runs\language\neuron_search_20260605\manual_self\screen_2048_seed31_real_seq10160_val8_seed31_rankcheap_2048_v1_screen_results.json,5995,.json,result_or_document
artifacts\benchmark_runs\language\neuron_search_20260605\manual_self\screen_2048_seed31_real_seq10160_val8_seed31_suppressed_2048_v1_baseline\checkpoint.pt,485331506,.pt,heavy_artifact
artifacts\benchmark_runs\language\neuron_search_20260605\manual_self\screen_2048_seed31_real_seq10160_val8_seed31_suppressed_2048_v1_baseline\result.json,2185,.json,result_or_document
artifacts\benchmark_runs\language\neuron_search_20260605\manual_self\screen_2048_seed31_real_seq10160_val8_seed31_suppressed_2048_v1_baseline\state.json,788,.json,result_or_document
artifacts\benchmark_runs\language\neuron_search_20260605\manual_self\screen_2048_seed31_real_seq10160_val8_seed31_suppressed_2048_v1_rank_competition_memory_suppressed_centered_gate_neuron\checkpoint.pt,486963122,.pt,heavy_artifact
artifacts\benchmark_runs\language\neuron_search_20260605\manual_self\screen_2048_seed31_real_seq10160_val8_seed31_suppressed_2048_v1_rank_competition_memory_suppressed_centered_gate_neuron\result.json,2291,.json,result_or_document
artifacts\benchmark_runs\language\neuron_search_20260605\manual_self\screen_2048_seed31_real_seq10160_val8_seed31_suppressed_2048_v1_rank_competition_memory_suppressed_centered_gate_neuron\state.json,901,.json,result_or_document
artifacts\benchmark_runs\language\neuron_search_20260605\manual_self\screen_2048_seed31_real_seq10160_val8_seed31_suppressed_2048_v1_ranked_results.json,378,.json,result_or_document
artifacts\benchmark_runs\language\neuron_search_20260605\manual_self\screen_2048_seed31_real_seq10160_val8_seed31_suppressed_2048_v1_screen_results.json,4107,.json,result_or_document
artifacts\benchmark_runs\language\neuron_search_20260605\manual_self\screen_2048_seed31_real_seq10160_val8_seed31_suppressed_bounded_2048_v1_baseline\checkpoint.pt,485331506,.pt,heavy_artifact
artifacts\benchmark_runs\language\neuron_search_20260605\manual_self\screen_2048_seed31_real_seq10160_val8_seed31_suppressed_bounded_2048_v1_baseline\result.json,2209,.json,result_or_document
artifacts\benchmark_runs\language\neuron_search_20260605\manual_self\screen_2048_seed31_real_seq10160_val8_seed31_suppressed_bounded_2048_v1_baseline\state.json,812,.json,result_or_document
artifacts\benchmark_runs\language\neuron_search_20260605\manual_self\screen_2048_seed31_real_seq10160_val8_seed31_suppressed_bounded_2048_v1_rank_competition_memory_suppressed_bounded_centered_gate_neuron\checkpoint.pt,486963122,.pt,heavy_artifact
artifacts\benchmark_runs\language\neuron_search_20260605\manual_self\screen_2048_seed31_real_seq10160_val8_seed31_suppressed_bounded_2048_v1_rank_competition_memory_suppressed_bounded_centered_gate_neuron\result.json,2406,.json,result_or_document
artifacts\benchmark_runs\language\neuron_search_20260605\manual_self\screen_2048_seed31_real_seq10160_val8_seed31_suppressed_bounded_2048_v1_rank_competition_memory_suppressed_bounded_centered_gate_neuron\state.json,977,.json,result_or_document
artifacts\benchmark_runs\language\neuron_search_20260605\manual_self\screen_2048_seed31_real_seq10160_val8_seed31_suppressed_bounded_2048_v1_ranked_results.json,428,.json,result_or_document
artifacts\benchmark_runs\language\neuron_search_20260605\manual_self\screen_2048_seed31_real_seq10160_val8_seed31_suppressed_bounded_2048_v1_screen_results.json,4255,.json,result_or_document
artifacts\benchmark_runs\language\neuron_search_20260605\manual_self\screen_2048_seed31_real_seq10160_val8_seed31_suppressed_stopgrad_2048_v1_baseline\checkpoint.pt,485331506,.pt,heavy_artifact
artifacts\benchmark_runs\language\neuron_search_20260605\manual_self\screen_2048_seed31_real_seq10160_val8_seed31_suppressed_stopgrad_2048_v1_baseline\result.json,2210,.json,result_or_document
artifacts\benchmark_runs\language\neuron_search_20260605\manual_self\screen_2048_seed31_real_seq10160_val8_seed31_suppressed_stopgrad_2048_v1_baseline\state.json,815,.json,result_or_document
artifacts\benchmark_runs\language\neuron_search_20260605\manual_self\screen_2048_seed31_real_seq10160_val8_seed31_suppressed_stopgrad_2048_v1_rank_competition_memory_suppressed_stopgrad_mask_centered_gate_neuron\checkpoint.pt,486963186,.pt,heavy_artifact
artifacts\benchmark_runs\language\neuron_search_20260605\manual_self\screen_2048_seed31_real_seq10160_val8_seed31_suppressed_stopgrad_2048_v1_rank_competition_memory_suppressed_stopgrad_mask_centered_gate_neuron\result.json,2430,.json,result_or_document
artifacts\benchmark_runs\language\neuron_search_20260605\manual_self\screen_2048_seed31_real_seq10160_val8_seed31_suppressed_stopgrad_2048_v1_rank_competition_memory_suppressed_stopgrad_mask_centered_gate_neuron\state.json,997,.json,result_or_document
artifacts\benchmark_runs\language\neuron_search_20260605\manual_self\screen_2048_seed31_real_seq10160_val8_seed31_suppressed_stopgrad_2048_v1_ranked_results.json,435,.json,result_or_document
artifacts\benchmark_runs\language\neuron_search_20260605\manual_self\screen_2048_seed31_real_seq10160_val8_seed31_suppressed_stopgrad_2048_v1_screen_results.json,4305,.json,result_or_document
artifacts\benchmark_runs\language\neuron_search_20260605\manual_self\screen_256_baseline\checkpoint.pt,59265970,.pt,heavy_artifact
artifacts\benchmark_runs\language\neuron_search_20260605\manual_self\screen_256_baseline\result.json,1981,.json,result_or_document
artifacts\benchmark_runs\language\neuron_search_20260605\manual_self\screen_256_baseline\state.json,625,.json,result_or_document
artifacts\benchmark_runs\language\neuron_search_20260605\manual_self\screen_256_phase_amplitude_neuron\checkpoint.pt,59402138,.pt,heavy_artifact
artifacts\benchmark_runs\language\neuron_search_20260605\manual_self\screen_256_phase_amplitude_neuron\result.json,2014,.json,result_or_document
artifacts\benchmark_runs\language\neuron_search_20260605\manual_self\screen_256_phase_amplitude_neuron\state.json,667,.json,result_or_document
artifacts\benchmark_runs\language\neuron_search_20260605\manual_self\screen_256_phase_amplitude_neutral_neuron\checkpoint.pt,59265970,.pt,heavy_artifact
artifacts\benchmark_runs\language\neuron_search_20260605\manual_self\screen_256_phase_amplitude_neutral_neuron\result.json,2044,.json,result_or_document
artifacts\benchmark_runs\language\neuron_search_20260605\manual_self\screen_256_phase_amplitude_neutral_neuron\state.json,689,.json,result_or_document
artifacts\benchmark_runs\language\neuron_search_20260605\manual_self\screen_256_seed13_phasev2_baseline\checkpoint.pt,59265970,.pt,heavy_artifact
artifacts\benchmark_runs\language\neuron_search_20260605\manual_self\screen_256_seed13_phasev2_baseline\result.json,2025,.json,result_or_document
artifacts\benchmark_runs\language\neuron_search_20260605\manual_self\screen_256_seed13_phasev2_baseline\state.json,670,.json,result_or_document
artifacts\benchmark_runs\language\neuron_search_20260605\manual_self\screen_256_seed13_phasev2_phase_amplitude_neuron\checkpoint.pt,59402202,.pt,heavy_artifact
artifacts\benchmark_runs\language\neuron_search_20260605\manual_self\screen_256_seed13_phasev2_phase_amplitude_neuron\result.json,2058,.json,result_or_document
artifacts\benchmark_runs\language\neuron_search_20260605\manual_self\screen_256_seed13_phasev2_phase_amplitude_neuron\state.json,711,.json,result_or_document
artifacts\benchmark_runs\language\neuron_search_20260605\manual_self\screen_256_seed13_phasev2_phase_amplitude_one_extra_neuron\checkpoint.pt,59368274,.pt,heavy_artifact
artifacts\benchmark_runs\language\neuron_search_20260605\manual_self\screen_256_seed13_phasev2_phase_amplitude_one_extra_neuron\result.json,2097,.json,result_or_document
artifacts\benchmark_runs\language\neuron_search_20260605\manual_self\screen_256_seed13_phasev2_phase_amplitude_one_extra_neuron\state.json,740,.json,result_or_document
artifacts\benchmark_runs\language\neuron_search_20260605\manual_self\screen_256_seed13_phasev2_phase_amplitude_replace_neuron\checkpoint.pt,59368274,.pt,heavy_artifact
artifacts\benchmark_runs\language\neuron_search_20260605\manual_self\screen_256_seed13_phasev2_phase_amplitude_replace_neuron\result.json,2090,.json,result_or_document
artifacts\benchmark_runs\language\neuron_search_20260605\manual_self\screen_256_seed13_phasev2_phase_amplitude_replace_neuron\state.json,736,.json,result_or_document
artifacts\benchmark_runs\language\neuron_search_20260605\manual_self\screen_256_seed13_real_blend_baseline\checkpoint.pt,59265970,.pt,heavy_artifact
artifacts\benchmark_runs\language\neuron_search_20260605\manual_self\screen_256_seed13_real_blend_baseline\result.json,2049,.json,result_or_document
artifacts\benchmark_runs\language\neuron_search_20260605\manual_self\screen_256_seed13_real_blend_baseline\state.json,678,.json,result_or_document
artifacts\benchmark_runs\language\neuron_search_20260605\manual_self\screen_256_seed13_real_blend_phase_residual_blend_neuron\checkpoint.pt,59268738,.pt,heavy_artifact
artifacts\benchmark_runs\language\neuron_search_20260605\manual_self\screen_256_seed13_real_blend_phase_residual_blend_neuron\result.json,2101,.json,result_or_document
artifacts\benchmark_runs\language\neuron_search_20260605\manual_self\screen_256_seed13_real_blend_phase_residual_blend_neuron\state.json,733,.json,result_or_document
artifacts\benchmark_runs\language\neuron_search_20260605\manual_self\screen_256_seed13_real_blend_strength_baseline\checkpoint.pt,59266034,.pt,heavy_artifact
artifacts\benchmark_runs\language\neuron_search_20260605\manual_self\screen_256_seed13_real_blend_strength_baseline\result.json,2075,.json,result_or_document
artifacts\benchmark_runs\language\neuron_search_20260605\manual_self\screen_256_seed13_real_blend_strength_baseline\state.json,704,.json,result_or_document
artifacts\benchmark_runs\language\neuron_search_20260605\manual_self\screen_256_seed13_real_blend_strength_phase_residual_blend_half_neuron\checkpoint.pt,59268738,.pt,heavy_artifact
artifacts\benchmark_runs\language\neuron_search_20260605\manual_self\screen_256_seed13_real_blend_strength_phase_residual_blend_half_neuron\result.json,2146,.json,result_or_document
artifacts\benchmark_runs\language\neuron_search_20260605\manual_self\screen_256_seed13_real_blend_strength_phase_residual_blend_half_neuron\state.json,773,.json,result_or_document
artifacts\benchmark_runs\language\neuron_search_20260605\manual_self\screen_256_seed13_real_blend_strength_phase_residual_blend_large_neuron\checkpoint.pt,59268802,.pt,heavy_artifact
artifacts\benchmark_runs\language\neuron_search_20260605\manual_self\screen_256_seed13_real_blend_strength_phase_residual_blend_large_neuron\result.json,2153,.json,result_or_document
artifacts\benchmark_runs\language\neuron_search_20260605\manual_self\screen_256_seed13_real_blend_strength_phase_residual_blend_large_neuron\state.json,779,.json,result_or_document
artifacts\benchmark_runs\language\neuron_search_20260605\manual_self\screen_256_seed13_real_blend_strength_phase_residual_blend_neuron\checkpoint.pt,59268738,.pt,heavy_artifact
artifacts\benchmark_runs\language\neuron_search_20260605\manual_self\screen_256_seed13_real_blend_strength_phase_residual_blend_neuron\result.json,2128,.json,result_or_document
artifacts\benchmark_runs\language\neuron_search_20260605\manual_self\screen_256_seed13_real_blend_strength_phase_residual_blend_neuron\state.json,761,.json,result_or_document
artifacts\benchmark_runs\language\neuron_search_20260605\manual_self\screen_256_seed13_real_blend_strength_phase_residual_blend_tiny_neuron\checkpoint.pt,59268738,.pt,heavy_artifact
artifacts\benchmark_runs\language\neuron_search_20260605\manual_self\screen_256_seed13_real_blend_strength_phase_residual_blend_tiny_neuron\result.json,2146,.json,result_or_document
artifacts\benchmark_runs\language\neuron_search_20260605\manual_self\screen_256_seed13_real_blend_strength_phase_residual_blend_tiny_neuron\state.json,774,.json,result_or_document
artifacts\benchmark_runs\language\neuron_search_20260605\manual_self\screen_256_seed13_real_phase_baseline\checkpoint.pt,59265970,.pt,heavy_artifact
artifacts\benchmark_runs\language\neuron_search_20260605\manual_self\screen_256_seed13_real_phase_baseline\result.json,2050,.json,result_or_document
artifacts\benchmark_runs\language\neuron_search_20260605\manual_self\screen_256_seed13_real_phase_baseline\state.json,678,.json,result_or_document
artifacts\benchmark_runs\language\neuron_search_20260605\manual_self\screen_256_seed13_real_phase_phase_amplitude_neuron\checkpoint.pt,59402202,.pt,heavy_artifact
artifacts\benchmark_runs\language\neuron_search_20260605\manual_self\screen_256_seed13_real_phase_phase_amplitude_neuron\result.json,2082,.json,result_or_document
artifacts\benchmark_runs\language\neuron_search_20260605\manual_self\screen_256_seed13_real_phase_phase_amplitude_neuron\state.json,720,.json,result_or_document
artifacts\benchmark_runs\language\neuron_search_20260605\manual_self\screen_256_seed13_real_phase_phase_amplitude_replace_neuron\checkpoint.pt,59368274,.pt,heavy_artifact
artifacts\benchmark_runs\language\neuron_search_20260605\manual_self\screen_256_seed13_real_phase_phase_amplitude_replace_neuron\result.json,2115,.json,result_or_document
artifacts\benchmark_runs\language\neuron_search_20260605\manual_self\screen_256_seed13_real_phase_phase_amplitude_replace_neuron\state.json,743,.json,result_or_document
artifacts\benchmark_runs\language\neuron_search_20260605\manual_self\screen_256_seed13_real_phase_stable_competition_neuron\checkpoint.pt,59268242,.pt,heavy_artifact
artifacts\benchmark_runs\language\neuron_search_20260605\manual_self\screen_256_seed13_real_phase_stable_competition_neuron\result.json,2094,.json,result_or_document
artifacts\benchmark_runs\language\neuron_search_20260605\manual_self\screen_256_seed13_real_phase_stable_competition_neuron\state.json,728,.json,result_or_document
artifacts\benchmark_runs\language\neuron_search_20260605\manual_self\screen_256_seed17_baseline\checkpoint.pt,59265970,.pt,heavy_artifact
artifacts\benchmark_runs\language\neuron_search_20260605\manual_self\screen_256_seed17_baseline\result.json,2002,.json,result_or_document
artifacts\benchmark_runs\language\neuron_search_20260605\manual_self\screen_256_seed17_baseline\state.json,646,.json,result_or_document
artifacts\benchmark_runs\language\neuron_search_20260605\manual_self\screen_256_seed17_phase_amplitude_neuron\checkpoint.pt,59402202,.pt,heavy_artifact
artifacts\benchmark_runs\language\neuron_search_20260605\manual_self\screen_256_seed17_phase_amplitude_neuron\result.json,2033,.json,result_or_document
artifacts\benchmark_runs\language\neuron_search_20260605\manual_self\screen_256_seed17_phase_amplitude_neuron\state.json,687,.json,result_or_document
artifacts\benchmark_runs\language\neuron_search_20260605\manual_self\screen_256_seed17_phase_amplitude_neutral_neuron\checkpoint.pt,59265970,.pt,heavy_artifact
artifacts\benchmark_runs\language\neuron_search_20260605\manual_self\screen_256_seed17_phase_amplitude_neutral_neuron\result.json,2067,.json,result_or_document
artifacts\benchmark_runs\language\neuron_search_20260605\manual_self\screen_256_seed17_phase_amplitude_neutral_neuron\state.json,712,.json,result_or_document
artifacts\benchmark_runs\language\neuron_search_20260605\manual_self\screen_256_seed17_phasev2_baseline\checkpoint.pt,59265970,.pt,heavy_artifact
artifacts\benchmark_runs\language\neuron_search_20260605\manual_self\screen_256_seed17_phasev2_baseline\result.json,2025,.json,result_or_document
artifacts\benchmark_runs\language\neuron_search_20260605\manual_self\screen_256_seed17_phasev2_baseline\state.json,670,.json,result_or_document
artifacts\benchmark_runs\language\neuron_search_20260605\manual_self\screen_256_seed17_phasev2_phase_amplitude_neuron\checkpoint.pt,59402202,.pt,heavy_artifact
artifacts\benchmark_runs\language\neuron_search_20260605\manual_self\screen_256_seed17_phasev2_phase_amplitude_neuron\result.json,2057,.json,result_or_document
artifacts\benchmark_runs\language\neuron_search_20260605\manual_self\screen_256_seed17_phasev2_phase_amplitude_neuron\state.json,711,.json,result_or_document
artifacts\benchmark_runs\language\neuron_search_20260605\manual_self\screen_256_seed17_phasev2_phase_amplitude_one_extra_neuron\checkpoint.pt,59368274,.pt,heavy_artifact
artifacts\benchmark_runs\language\neuron_search_20260605\manual_self\screen_256_seed17_phasev2_phase_amplitude_one_extra_neuron\result.json,2096,.json,result_or_document
artifacts\benchmark_runs\language\neuron_search_20260605\manual_self\screen_256_seed17_phasev2_phase_amplitude_one_extra_neuron\state.json,740,.json,result_or_document
artifacts\benchmark_runs\language\neuron_search_20260605\manual_self\screen_256_seed17_phasev2_phase_amplitude_replace_neuron\checkpoint.pt,59368274,.pt,heavy_artifact
artifacts\benchmark_runs\language\neuron_search_20260605\manual_self\screen_256_seed17_phasev2_phase_amplitude_replace_neuron\result.json,2090,.json,result_or_document
artifacts\benchmark_runs\language\neuron_search_20260605\manual_self\screen_256_seed17_phasev2_phase_amplitude_replace_neuron\state.json,736,.json,result_or_document
artifacts\benchmark_runs\language\neuron_search_20260605\manual_self\screen_256_seed17_real_blend_baseline\checkpoint.pt,59265970,.pt,heavy_artifact
artifacts\benchmark_runs\language\neuron_search_20260605\manual_self\screen_256_seed17_real_blend_baseline\result.json,2054,.json,result_or_document
artifacts\benchmark_runs\language\neuron_search_20260605\manual_self\screen_256_seed17_real_blend_baseline\state.json,677,.json,result_or_document
artifacts\benchmark_runs\language\neuron_search_20260605\manual_self\screen_256_seed17_real_blend_phase_residual_blend_neuron\checkpoint.pt,59268738,.pt,heavy_artifact
artifacts\benchmark_runs\language\neuron_search_20260605\manual_self\screen_256_seed17_real_blend_phase_residual_blend_neuron\result.json,2107,.json,result_or_document
artifacts\benchmark_runs\language\neuron_search_20260605\manual_self\screen_256_seed17_real_blend_phase_residual_blend_neuron\state.json,733,.json,result_or_document
artifacts\benchmark_runs\language\neuron_search_20260605\manual_self\screen_256_seed17_real_blend_strength_baseline\checkpoint.pt,59266034,.pt,heavy_artifact
artifacts\benchmark_runs\language\neuron_search_20260605\manual_self\screen_256_seed17_real_blend_strength_baseline\result.json,2081,.json,result_or_document
artifacts\benchmark_runs\language\neuron_search_20260605\manual_self\screen_256_seed17_real_blend_strength_baseline\state.json,704,.json,result_or_document
artifacts\benchmark_runs\language\neuron_search_20260605\manual_self\screen_256_seed17_real_blend_strength_phase_residual_blend_half_neuron\checkpoint.pt,59268738,.pt,heavy_artifact
artifacts\benchmark_runs\language\neuron_search_20260605\manual_self\screen_256_seed17_real_blend_strength_phase_residual_blend_half_neuron\result.json,2151,.json,result_or_document
artifacts\benchmark_runs\language\neuron_search_20260605\manual_self\screen_256_seed17_real_blend_strength_phase_residual_blend_half_neuron\state.json,773,.json,result_or_document
artifacts\benchmark_runs\language\neuron_search_20260605\manual_self\screen_256_seed17_real_blend_strength_phase_residual_blend_large_neuron\checkpoint.pt,59268802,.pt,heavy_artifact
artifacts\benchmark_runs\language\neuron_search_20260605\manual_self\screen_256_seed17_real_blend_strength_phase_residual_blend_large_neuron\result.json,2155,.json,result_or_document
artifacts\benchmark_runs\language\neuron_search_20260605\manual_self\screen_256_seed17_real_blend_strength_phase_residual_blend_large_neuron\state.json,777,.json,result_or_document
artifacts\benchmark_runs\language\neuron_search_20260605\manual_self\screen_256_seed17_real_blend_strength_phase_residual_blend_neuron\checkpoint.pt,59268738,.pt,heavy_artifact
artifacts\benchmark_runs\language\neuron_search_20260605\manual_self\screen_256_seed17_real_blend_strength_phase_residual_blend_neuron\result.json,2133,.json,result_or_document
artifacts\benchmark_runs\language\neuron_search_20260605\manual_self\screen_256_seed17_real_blend_strength_phase_residual_blend_neuron\state.json,759,.json,result_or_document
artifacts\benchmark_runs\language\neuron_search_20260605\manual_self\screen_256_seed17_real_blend_strength_phase_residual_blend_tiny_neuron\checkpoint.pt,59268738,.pt,heavy_artifact
artifacts\benchmark_runs\language\neuron_search_20260605\manual_self\screen_256_seed17_real_blend_strength_phase_residual_blend_tiny_neuron\result.json,2154,.json,result_or_document
artifacts\benchmark_runs\language\neuron_search_20260605\manual_self\screen_256_seed17_real_blend_strength_phase_residual_blend_tiny_neuron\state.json,775,.json,result_or_document
artifacts\benchmark_runs\language\neuron_search_20260605\manual_self\screen_256_seed17_real_phase_baseline\checkpoint.pt,59265970,.pt,heavy_artifact
artifacts\benchmark_runs\language\neuron_search_20260605\manual_self\screen_256_seed17_real_phase_baseline\result.json,2052,.json,result_or_document
artifacts\benchmark_runs\language\neuron_search_20260605\manual_self\screen_256_seed17_real_phase_baseline\state.json,675,.json,result_or_document
artifacts\benchmark_runs\language\neuron_search_20260605\manual_self\screen_256_seed17_real_phase_phase_amplitude_neuron\checkpoint.pt,59402202,.pt,heavy_artifact
artifacts\benchmark_runs\language\neuron_search_20260605\manual_self\screen_256_seed17_real_phase_phase_amplitude_neuron\result.json,2086,.json,result_or_document
artifacts\benchmark_runs\language\neuron_search_20260605\manual_self\screen_256_seed17_real_phase_phase_amplitude_neuron\state.json,719,.json,result_or_document
artifacts\benchmark_runs\language\neuron_search_20260605\manual_self\screen_256_seed17_real_phase_phase_amplitude_replace_neuron\checkpoint.pt,59368274,.pt,heavy_artifact
artifacts\benchmark_runs\language\neuron_search_20260605\manual_self\screen_256_seed17_real_phase_phase_amplitude_replace_neuron\result.json,2119,.json,result_or_document
artifacts\benchmark_runs\language\neuron_search_20260605\manual_self\screen_256_seed17_real_phase_phase_amplitude_replace_neuron\state.json,742,.json,result_or_document
artifacts\benchmark_runs\language\neuron_search_20260605\manual_self\screen_256_seed17_real_phase_stable_competition_neuron\checkpoint.pt,59268242,.pt,heavy_artifact
artifacts\benchmark_runs\language\neuron_search_20260605\manual_self\screen_256_seed17_real_phase_stable_competition_neuron\result.json,2098,.json,result_or_document
artifacts\benchmark_runs\language\neuron_search_20260605\manual_self\screen_256_seed17_real_phase_stable_competition_neuron\state.json,728,.json,result_or_document
artifacts\benchmark_runs\language\neuron_search_20260605\manual_self\screen_256_seed17_stable_competition_neuron\checkpoint.pt,59268242,.pt,heavy_artifact
artifacts\benchmark_runs\language\neuron_search_20260605\manual_self\screen_256_seed17_stable_competition_neuron\result.json,2047,.json,result_or_document
artifacts\benchmark_runs\language\neuron_search_20260605\manual_self\screen_256_seed17_stable_competition_neuron\state.json,697,.json,result_or_document
artifacts\benchmark_runs\language\neuron_search_20260605\manual_self\screen_256_seed29_baseline\checkpoint.pt,59265970,.pt,heavy_artifact
artifacts\benchmark_runs\language\neuron_search_20260605\manual_self\screen_256_seed29_baseline\result.json,2001,.json,result_or_document
artifacts\benchmark_runs\language\neuron_search_20260605\manual_self\screen_256_seed29_baseline\state.json,646,.json,result_or_document
artifacts\benchmark_runs\language\neuron_search_20260605\manual_self\screen_256_seed29_phase_amplitude_neuron\checkpoint.pt,59402202,.pt,heavy_artifact
artifacts\benchmark_runs\language\neuron_search_20260605\manual_self\screen_256_seed29_phase_amplitude_neuron\result.json,2034,.json,result_or_document
artifacts\benchmark_runs\language\neuron_search_20260605\manual_self\screen_256_seed29_phase_amplitude_neuron\state.json,688,.json,result_or_document
artifacts\benchmark_runs\language\neuron_search_20260605\manual_self\screen_256_seed29_phase_amplitude_neutral_neuron\checkpoint.pt,59265970,.pt,heavy_artifact
artifacts\benchmark_runs\language\neuron_search_20260605\manual_self\screen_256_seed29_phase_amplitude_neutral_neuron\result.json,2065,.json,result_or_document
artifacts\benchmark_runs\language\neuron_search_20260605\manual_self\screen_256_seed29_phase_amplitude_neutral_neuron\state.json,711,.json,result_or_document
artifacts\benchmark_runs\language\neuron_search_20260605\manual_self\screen_256_seed29_phasev2_baseline\checkpoint.pt,59265970,.pt,heavy_artifact
artifacts\benchmark_runs\language\neuron_search_20260605\manual_self\screen_256_seed29_phasev2_baseline\result.json,2025,.json,result_or_document
artifacts\benchmark_runs\language\neuron_search_20260605\manual_self\screen_256_seed29_phasev2_baseline\state.json,670,.json,result_or_document
artifacts\benchmark_runs\language\neuron_search_20260605\manual_self\screen_256_seed29_phasev2_phase_amplitude_neuron\checkpoint.pt,59402202,.pt,heavy_artifact
artifacts\benchmark_runs\language\neuron_search_20260605\manual_self\screen_256_seed29_phasev2_phase_amplitude_neuron\result.json,2058,.json,result_or_document
artifacts\benchmark_runs\language\neuron_search_20260605\manual_self\screen_256_seed29_phasev2_phase_amplitude_neuron\state.json,711,.json,result_or_document
artifacts\benchmark_runs\language\neuron_search_20260605\manual_self\screen_256_seed29_phasev2_phase_amplitude_one_extra_neuron\checkpoint.pt,59368274,.pt,heavy_artifact
artifacts\benchmark_runs\language\neuron_search_20260605\manual_self\screen_256_seed29_phasev2_phase_amplitude_one_extra_neuron\result.json,2097,.json,result_or_document
artifacts\benchmark_runs\language\neuron_search_20260605\manual_self\screen_256_seed29_phasev2_phase_amplitude_one_extra_neuron\state.json,741,.json,result_or_document
artifacts\benchmark_runs\language\neuron_search_20260605\manual_self\screen_256_seed29_phasev2_phase_amplitude_replace_neuron\checkpoint.pt,59368274,.pt,heavy_artifact
artifacts\benchmark_runs\language\neuron_search_20260605\manual_self\screen_256_seed29_phasev2_phase_amplitude_replace_neuron\result.json,2087,.json,result_or_document
artifacts\benchmark_runs\language\neuron_search_20260605\manual_self\screen_256_seed29_phasev2_phase_amplitude_replace_neuron\state.json,734,.json,result_or_document
artifacts\benchmark_runs\language\neuron_search_20260605\manual_self\screen_256_seed29_real_blend_baseline\checkpoint.pt,59265970,.pt,heavy_artifact
artifacts\benchmark_runs\language\neuron_search_20260605\manual_self\screen_256_seed29_real_blend_baseline\result.json,2054,.json,result_or_document
artifacts\benchmark_runs\language\neuron_search_20260605\manual_self\screen_256_seed29_real_blend_baseline\state.json,678,.json,result_or_document
artifacts\benchmark_runs\language\neuron_search_20260605\manual_self\screen_256_seed29_real_blend_phase_residual_blend_neuron\checkpoint.pt,59268738,.pt,heavy_artifact
artifacts\benchmark_runs\language\neuron_search_20260605\manual_self\screen_256_seed29_real_blend_phase_residual_blend_neuron\result.json,2105,.json,result_or_document
artifacts\benchmark_runs\language\neuron_search_20260605\manual_self\screen_256_seed29_real_blend_phase_residual_blend_neuron\state.json,732,.json,result_or_document
artifacts\benchmark_runs\language\neuron_search_20260605\manual_self\screen_256_seed29_real_blend_strength_baseline\checkpoint.pt,59266034,.pt,heavy_artifact
artifacts\benchmark_runs\language\neuron_search_20260605\manual_self\screen_256_seed29_real_blend_strength_baseline\result.json,2081,.json,result_or_document
artifacts\benchmark_runs\language\neuron_search_20260605\manual_self\screen_256_seed29_real_blend_strength_baseline\state.json,705,.json,result_or_document
artifacts\benchmark_runs\language\neuron_search_20260605\manual_self\screen_256_seed29_real_blend_strength_phase_residual_blend_half_neuron\checkpoint.pt,59268738,.pt,heavy_artifact
artifacts\benchmark_runs\language\neuron_search_20260605\manual_self\screen_256_seed29_real_blend_strength_phase_residual_blend_half_neuron\result.json,2152,.json,result_or_document
artifacts\benchmark_runs\language\neuron_search_20260605\manual_self\screen_256_seed29_real_blend_strength_phase_residual_blend_half_neuron\state.json,774,.json,result_or_document
artifacts\benchmark_runs\language\neuron_search_20260605\manual_self\screen_256_seed29_real_blend_strength_phase_residual_blend_large_neuron\checkpoint.pt,59268802,.pt,heavy_artifact
artifacts\benchmark_runs\language\neuron_search_20260605\manual_self\screen_256_seed29_real_blend_strength_phase_residual_blend_large_neuron\result.json,2156,.json,result_or_document
artifacts\benchmark_runs\language\neuron_search_20260605\manual_self\screen_256_seed29_real_blend_strength_phase_residual_blend_large_neuron\state.json,778,.json,result_or_document
artifacts\benchmark_runs\language\neuron_search_20260605\manual_self\screen_256_seed29_real_blend_strength_phase_residual_blend_neuron\checkpoint.pt,59268738,.pt,heavy_artifact
artifacts\benchmark_runs\language\neuron_search_20260605\manual_self\screen_256_seed29_real_blend_strength_phase_residual_blend_neuron\result.json,2134,.json,result_or_document
artifacts\benchmark_runs\language\neuron_search_20260605\manual_self\screen_256_seed29_real_blend_strength_phase_residual_blend_neuron\state.json,761,.json,result_or_document
artifacts\benchmark_runs\language\neuron_search_20260605\manual_self\screen_256_seed29_real_blend_strength_phase_residual_blend_tiny_neuron\checkpoint.pt,59268738,.pt,heavy_artifact
artifacts\benchmark_runs\language\neuron_search_20260605\manual_self\screen_256_seed29_real_blend_strength_phase_residual_blend_tiny_neuron\result.json,2151,.json,result_or_document
artifacts\benchmark_runs\language\neuron_search_20260605\manual_self\screen_256_seed29_real_blend_strength_phase_residual_blend_tiny_neuron\state.json,774,.json,result_or_document
artifacts\benchmark_runs\language\neuron_search_20260605\manual_self\screen_256_seed29_real_phase_baseline\checkpoint.pt,59265970,.pt,heavy_artifact
artifacts\benchmark_runs\language\neuron_search_20260605\manual_self\screen_256_seed29_real_phase_baseline\result.json,2054,.json,result_or_document
artifacts\benchmark_runs\language\neuron_search_20260605\manual_self\screen_256_seed29_real_phase_baseline\state.json,678,.json,result_or_document
artifacts\benchmark_runs\language\neuron_search_20260605\manual_self\screen_256_seed29_real_phase_phase_amplitude_neuron\checkpoint.pt,59402202,.pt,heavy_artifact
artifacts\benchmark_runs\language\neuron_search_20260605\manual_self\screen_256_seed29_real_phase_phase_amplitude_neuron\result.json,2087,.json,result_or_document
artifacts\benchmark_runs\language\neuron_search_20260605\manual_self\screen_256_seed29_real_phase_phase_amplitude_neuron\state.json,720,.json,result_or_document
artifacts\benchmark_runs\language\neuron_search_20260605\manual_self\screen_256_seed29_real_phase_phase_amplitude_replace_neuron\checkpoint.pt,59368274,.pt,heavy_artifact
artifacts\benchmark_runs\language\neuron_search_20260605\manual_self\screen_256_seed29_real_phase_phase_amplitude_replace_neuron\result.json,2118,.json,result_or_document
artifacts\benchmark_runs\language\neuron_search_20260605\manual_self\screen_256_seed29_real_phase_phase_amplitude_replace_neuron\state.json,742,.json,result_or_document
artifacts\benchmark_runs\language\neuron_search_20260605\manual_self\screen_256_seed29_real_phase_stable_competition_neuron\checkpoint.pt,59268242,.pt,heavy_artifact
artifacts\benchmark_runs\language\neuron_search_20260605\manual_self\screen_256_seed29_real_phase_stable_competition_neuron\result.json,2097,.json,result_or_document
artifacts\benchmark_runs\language\neuron_search_20260605\manual_self\screen_256_seed29_real_phase_stable_competition_neuron\state.json,727,.json,result_or_document
artifacts\benchmark_runs\language\neuron_search_20260605\manual_self\screen_256_seed29_stable_competition_neuron\checkpoint.pt,59268242,.pt,heavy_artifact
artifacts\benchmark_runs\language\neuron_search_20260605\manual_self\screen_256_seed29_stable_competition_neuron\result.json,2044,.json,result_or_document
artifacts\benchmark_runs\language\neuron_search_20260605\manual_self\screen_256_seed29_stable_competition_neuron\state.json,695,.json,result_or_document
artifacts\benchmark_runs\language\neuron_search_20260605\manual_self\screen_256_stable_competition_neuron\checkpoint.pt,59268242,.pt,heavy_artifact
artifacts\benchmark_runs\language\neuron_search_20260605\manual_self\screen_256_stable_competition_neuron\result.json,2025,.json,result_or_document
artifacts\benchmark_runs\language\neuron_search_20260605\manual_self\screen_256_stable_competition_neuron\state.json,676,.json,result_or_document
artifacts\benchmark_runs\language\neuron_search_20260605\manual_self\screen_64_baseline\checkpoint.pt,59262126,.pt,heavy_artifact
artifacts\benchmark_runs\language\neuron_search_20260605\manual_self\screen_64_baseline\result.json,1960,.json,result_or_document
artifacts\benchmark_runs\language\neuron_search_20260605\manual_self\screen_64_baseline\state.json,609,.json,result_or_document
artifacts\benchmark_runs\language\neuron_search_20260605\manual_self\screen_64_conv_disagreement_neuron\checkpoint.pt,59262126,.pt,heavy_artifact
artifacts\benchmark_runs\language\neuron_search_20260605\manual_self\screen_64_conv_disagreement_neuron\result.json,2003,.json,result_or_document
artifacts\benchmark_runs\language\neuron_search_20260605\manual_self\screen_64_conv_disagreement_neuron\state.json,657,.json,result_or_document
artifacts\benchmark_runs\language\neuron_search_20260605\manual_self\screen_64_phase_amplitude_neuron\checkpoint.pt,59398166,.pt,heavy_artifact
artifacts\benchmark_runs\language\neuron_search_20260605\manual_self\screen_64_phase_amplitude_neuron\result.json,1993,.json,result_or_document
artifacts\benchmark_runs\language\neuron_search_20260605\manual_self\screen_64_phase_amplitude_neuron\state.json,651,.json,result_or_document
artifacts\benchmark_runs\language\neuron_search_20260605\manual_self\screen_64_phase_amplitude_neutral_neuron\checkpoint.pt,59262126,.pt,heavy_artifact
artifacts\benchmark_runs\language\neuron_search_20260605\manual_self\screen_64_phase_amplitude_neutral_neuron\result.json,2025,.json,result_or_document
artifacts\benchmark_runs\language\neuron_search_20260605\manual_self\screen_64_phase_amplitude_neutral_neuron\state.json,674,.json,result_or_document
artifacts\benchmark_runs\language\neuron_search_20260605\manual_self\screen_64_rank_competition_neuron\checkpoint.pt,59263166,.pt,heavy_artifact
artifacts\benchmark_runs\language\neuron_search_20260605\manual_self\screen_64_rank_competition_neuron\result.json,1995,.json,result_or_document
artifacts\benchmark_runs\language\neuron_search_20260605\manual_self\screen_64_rank_competition_neuron\state.json,652,.json,result_or_document
artifacts\benchmark_runs\language\neuron_search_20260605\manual_self\screen_64_stable_competition_neuron\checkpoint.pt,59264270,.pt,heavy_artifact
artifacts\benchmark_runs\language\neuron_search_20260605\manual_self\screen_64_stable_competition_neuron\result.json,2006,.json,result_or_document
artifacts\benchmark_runs\language\neuron_search_20260605\manual_self\screen_64_stable_competition_neuron\state.json,660,.json,result_or_document
artifacts\benchmark_runs\language\neuron_search_20260605\manual_self\screen_64_stable_square_neuron\checkpoint.pt,59263166,.pt,heavy_artifact
artifacts\benchmark_runs\language\neuron_search_20260605\manual_self\screen_64_stable_square_neuron\result.json,1984,.json,result_or_document
artifacts\benchmark_runs\language\neuron_search_20260605\manual_self\screen_64_stable_square_neuron\state.json,644,.json,result_or_document
artifacts\benchmark_runs\language\neuron_search_20260605\manual_self\screen_results_1024_seed13.json,3711,.json,result_or_document
artifacts\benchmark_runs\language\neuron_search_20260605\manual_self\screen_results_1024_seed17.json,3711,.json,result_or_document
artifacts\benchmark_runs\language\neuron_search_20260605\manual_self\screen_results_1024_seed29.json,3711,.json,result_or_document
artifacts\benchmark_runs\language\neuron_search_20260605\manual_self\screen_results_12.json,15291,.json,result_or_document
artifacts\benchmark_runs\language\neuron_search_20260605\manual_self\screen_results_256.json,6927,.json,result_or_document
artifacts\benchmark_runs\language\neuron_search_20260605\manual_self\screen_results_256_seed13.json,9458,.json,result_or_document
artifacts\benchmark_runs\language\neuron_search_20260605\manual_self\screen_results_256_seed17.json,9455,.json,result_or_document
artifacts\benchmark_runs\language\neuron_search_20260605\manual_self\screen_results_256_seed29.json,9460,.json,result_or_document
artifacts\benchmark_runs\language\neuron_search_20260605\manual_self\screen_results_64.json,11971,.json,result_or_document
artifacts\benchmark_runs\language\neuron_search_20260605\manual_self\seed31_1024_2048_delta_summary.png,71848,.png,other
artifacts\benchmark_runs\language\neuron_search_20260605\manual_self\synthesis_20260605.md,4737,.md,result_or_document
artifacts\benchmark_runs\language\neuron_search_20260605\manual_self\synthesis_20260605_current.md,49595,.md,result_or_document
artifacts\benchmark_runs\language\neuron_search_20260605\manual_self\writeup.md,3101,.md,result_or_document
artifacts\benchmark_runs\language\neuron_search_20260605\screen_cache_synth_seq255_train768_val64_gpt2.pt,1705724,.pt,heavy_artifact
artifacts\benchmark_runs\language\objective_loss_sweep_2080_20260614.py,30100,.py,source_or_command
artifacts\benchmark_runs\language\objective_loss_sweep_2080_20260614\objloss_2080_50m_baseline\result.json,2571,.json,result_or_document
artifacts\benchmark_runs\language\objective_loss_sweep_2080_20260614\objloss_2080_50m_baseline\state.json,697,.json,result_or_document
artifacts\benchmark_runs\language\objective_loss_sweep_2080_20260614\objloss_2080_50m_hardneg_random_anchor\result.json,2613,.json,result_or_document
artifacts\benchmark_runs\language\objective_loss_sweep_2080_20260614\objloss_2080_50m_hardneg_random_anchor\state.json,733,.json,result_or_document
artifacts\benchmark_runs\language\objective_loss_sweep_2080_20260614\objloss_2080_50m_mtp_aux\state.json,476,.json,result_or_document
artifacts\benchmark_runs\language\objective_loss_sweep_2080_20260614\objloss_2080_50m_random_anchor\result.json,2592,.json,result_or_document
artifacts\benchmark_runs\language\objective_loss_sweep_2080_20260614\objloss_2080_50m_random_anchor\state.json,712,.json,result_or_document
artifacts\benchmark_runs\language\objective_loss_sweep_2080_20260614\summary.csv,582,.csv,result_or_document
artifacts\benchmark_runs\language\objective_loss_sweep_2080_20260614\summary.json,1324,.json,result_or_document
artifacts\benchmark_runs\language\objective_loss_sweep_2080_20260614\sweep.stderr.log,0,.log,result_or_document
artifacts\benchmark_runs\language\objective_loss_sweep_2080_20260614\sweep.stdout.log,7978,.log,result_or_document
artifacts\benchmark_runs\language\objective_loss_sweep_2080_20260614\sweep_config.json,4328,.json,result_or_document
artifacts\benchmark_runs\language\plot_research_curves_20260614.py,29575,.py,source_or_command
artifacts\benchmark_runs\language\plot_wave10_76m_actual_loss_20260615.py,6353,.py,source_or_command
artifacts\benchmark_runs\language\plot_wave10_loss_so_far_20260615.py,7636,.py,source_or_command
artifacts\benchmark_runs\language\plot_wave10_to5b_clean_loss_20260615.py,5426,.py,source_or_command
artifacts\benchmark_runs\language\plots\anchor16_scaling_loss_current_20260603.png,123138,.png,other
artifacts\benchmark_runs\language\plots_20260615\wave10_76m_actual_loss_so_far_20260615.csv,125177,.csv,result_or_document
artifacts\benchmark_runs\language\plots_20260615\wave10_76m_actual_loss_so_far_20260615.png,234457,.png,other
artifacts\benchmark_runs\language\plots_20260615\wave10_76m_to5b_clean_loss_so_far_20260615.csv,144038,.csv,result_or_document
artifacts\benchmark_runs\language\plots_20260615\wave10_76m_to5b_clean_loss_so_far_20260615.png,310622,.png,other
artifacts\benchmark_runs\language\plots_20260615\wave10_76m_to5b_loss_so_far_20260615.csv,130504,.csv,result_or_document
artifacts\benchmark_runs\language\plots_20260615\wave10_76m_to5b_loss_so_far_20260615.png,192836,.png,other
artifacts\benchmark_runs\language\plots_20260615\wave10_76m_to5b_loss_so_far_notes_20260615.json,2985,.json,result_or_document
artifacts\benchmark_runs\language\receive_checkpoint_upload_20260615.py,2244,.py,heavy_artifact
artifacts\benchmark_runs\language\research_curves_20260614\all_language_val_loss_vs_tokens.png,383005,.png,other
artifacts\benchmark_runs\language\research_curves_20260614\curve_summary.csv,245533,.csv,result_or_document
artifacts\benchmark_runs\language\research_curves_20260614\extracted_points.csv,506908,.csv,result_or_document
artifacts\benchmark_runs\language\research_curves_20260614\final_points_val_loss_vs_tokens.png,165722,.png,other
artifacts\benchmark_runs\language\research_curves_20260614\neuron_search_summary.csv,10639,.csv,result_or_document
artifacts\benchmark_runs\language\research_curves_20260614\summary.json,11671,.json,result_or_document
artifacts\benchmark_runs\language\research_decision_board_20260604.md,27449,.md,result_or_document
artifacts\benchmark_runs\language\sample_eval_checkpoints_20260615.py,11619,.py,heavy_artifact
artifacts\benchmark_runs\language\sample_eval_checkpoints_20260615_transfer\samples_3080.md,69285,.md,heavy_artifact
artifacts\benchmark_runs\language\sample_eval_checkpoints_20260615_transfer\samples_5b_only.md,17794,.md,heavy_artifact
artifacts\benchmark_runs\language\sample_longseq_checkpoint.py,7077,.py,heavy_artifact
artifacts\benchmark_runs\language\sample_old_80m_same_prompts.py,6201,.py,source_or_command
artifacts\benchmark_runs\language\side_neuron_variants_20260605\checkpoint.pt,468450098,.pt,heavy_artifact
artifacts\benchmark_runs\language\side_neuron_variants_20260605\checkpoint.step256_tokens2600960.pt,468452934,.pt,heavy_artifact
artifacts\benchmark_runs\language\side_neuron_variants_20260605\result.json,2195,.json,result_or_document
artifacts\benchmark_runs\language\side_neuron_variants_20260605\state.json,582,.json,result_or_document
artifacts\benchmark_runs\language\standalone_longseq_anchor_fresh_continue.py,27012,.py,source_or_command
artifacts\benchmark_runs\language\standalone_longseq_anchor_train.py,52186,.py,source_or_command
artifacts\benchmark_runs\language\subquadratic_attention_research_20260616\agent_worker_001\__pycache__\linear_attention_memory.cpython-313.pyc,12045,.pyc,other
artifacts\benchmark_runs\language\subquadratic_attention_research_20260616\agent_worker_001\__pycache__\test_smoke.cpython-313.pyc,9260,.pyc,other
artifacts\benchmark_runs\language\subquadratic_attention_research_20260616\agent_worker_001\linear_attention_memory.py,6923,.py,source_or_command
artifacts\benchmark_runs\language\subquadratic_attention_research_20260616\agent_worker_001\report.md,6997,.md,result_or_document
artifacts\benchmark_runs\language\subquadratic_attention_research_20260616\agent_worker_001\result.json,2172,.json,result_or_document
artifacts\benchmark_runs\language\subquadratic_attention_research_20260616\agent_worker_001\test_smoke.py,6773,.py,source_or_command
artifacts\benchmark_runs\language\subquadratic_attention_research_20260616\subagent_results.csv,459,.csv,result_or_document
artifacts\benchmark_runs\language\subquadratic_attention_research_20260616\tasks.csv,201,.csv,result_or_document
artifacts\benchmark_runs\language\to5b_resume_wait_20260615.ps1,5897,.ps1,source_or_command
artifacts\benchmark_runs\language\to5b_smartlr_resume_20260615.ps1,6303,.ps1,source_or_command
artifacts\benchmark_runs\language\token_recall_search_20260616\__pycache__\token_recall_train.cpython-312.pyc,93758,.pyc,other
artifacts\benchmark_runs\language\token_recall_search_20260616\__pycache__\token_recall_train.cpython-313.pyc,94221,.pyc,other
artifacts\benchmark_runs\language\token_recall_search_20260616\screen_seq10160_1024_seed13_factor\seq10160_1024_seed13_factor_gated_scale_256\checkpoint.pt,485335202,.pt,heavy_artifact
artifacts\benchmark_runs\language\token_recall_search_20260616\screen_seq10160_1024_seed13_factor\seq10160_1024_seed13_factor_gated_scale_256\result.json,2445,.json,result_or_document
artifacts\benchmark_runs\language\token_recall_search_20260616\screen_seq10160_1024_seed13_factor\seq10160_1024_seed13_factor_gated_scale_256\run.log,2786,.log,result_or_document
artifacts\benchmark_runs\language\token_recall_search_20260616\screen_seq10160_1024_seed13_factor\seq10160_1024_seed13_factor_gated_scale_256\state.json,755,.json,result_or_document
artifacts\benchmark_runs\language\token_recall_search_20260616\screen_seq10160_1024_seed13_factor\seq10160_1024_seed13_none\checkpoint.pt,485322354,.pt,heavy_artifact
artifacts\benchmark_runs\language\token_recall_search_20260616\screen_seq10160_1024_seed13_factor\seq10160_1024_seed13_none\result.json,2369,.json,result_or_document
artifacts\benchmark_runs\language\token_recall_search_20260616\screen_seq10160_1024_seed13_factor\seq10160_1024_seed13_none\run.log,2720,.log,result_or_document
artifacts\benchmark_runs\language\token_recall_search_20260616\screen_seq10160_1024_seed13_factor\seq10160_1024_seed13_none\state.json,706,.json,result_or_document
artifacts\benchmark_runs\language\token_recall_search_20260616\screen_seq10160_1024_seed17_factor\seq10160_1024_seed17_factor_gated_scale_256\checkpoint.pt,485335202,.pt,heavy_artifact
artifacts\benchmark_runs\language\token_recall_search_20260616\screen_seq10160_1024_seed17_factor\seq10160_1024_seed17_factor_gated_scale_256\result.json,2446,.json,result_or_document
artifacts\benchmark_runs\language\token_recall_search_20260616\screen_seq10160_1024_seed17_factor\seq10160_1024_seed17_factor_gated_scale_256\run.log,2788,.log,result_or_document
artifacts\benchmark_runs\language\token_recall_search_20260616\screen_seq10160_1024_seed17_factor\seq10160_1024_seed17_factor_gated_scale_256\state.json,760,.json,result_or_document
artifacts\benchmark_runs\language\token_recall_search_20260616\screen_seq10160_1024_seed17_factor\seq10160_1024_seed17_none\checkpoint.pt,485322354,.pt,heavy_artifact
artifacts\benchmark_runs\language\token_recall_search_20260616\screen_seq10160_1024_seed17_factor\seq10160_1024_seed17_none\result.json,2366,.json,result_or_document
artifacts\benchmark_runs\language\token_recall_search_20260616\screen_seq10160_1024_seed17_factor\seq10160_1024_seed17_none\run.log,2714,.log,result_or_document
artifacts\benchmark_runs\language\token_recall_search_20260616\screen_seq10160_1024_seed17_factor\seq10160_1024_seed17_none\state.json,706,.json,result_or_document
artifacts\benchmark_runs\language\token_recall_search_20260616\screen_seq10160_256_factor_boundary\seq10160_256_seed13_factor_gated_scale_512\checkpoint.pt,485328162,.pt,heavy_artifact
artifacts\benchmark_runs\language\token_recall_search_20260616\screen_seq10160_256_factor_boundary\seq10160_256_seed13_factor_gated_scale_512\result.json,2228,.json,result_or_document
artifacts\benchmark_runs\language\token_recall_search_20260616\screen_seq10160_256_factor_boundary\seq10160_256_seed13_factor_gated_scale_512\run.log,1998,.log,result_or_document
artifacts\benchmark_runs\language\token_recall_search_20260616\screen_seq10160_256_factor_boundary\seq10160_256_seed13_factor_gated_scale_512\state.json,751,.json,result_or_document
artifacts\benchmark_runs\language\token_recall_search_20260616\screen_seq10160_256_factor_boundary\seq10160_256_seed17_factor_gated_scale_256\checkpoint.pt,485328162,.pt,heavy_artifact
artifacts\benchmark_runs\language\token_recall_search_20260616\screen_seq10160_256_factor_boundary\seq10160_256_seed17_factor_gated_scale_256\result.json,2234,.json,result_or_document
artifacts\benchmark_runs\language\token_recall_search_20260616\screen_seq10160_256_factor_boundary\seq10160_256_seed17_factor_gated_scale_256\run.log,2010,.log,result_or_document
artifacts\benchmark_runs\language\token_recall_search_20260616\screen_seq10160_256_factor_boundary\seq10160_256_seed17_factor_gated_scale_256\state.json,755,.json,result_or_document
artifacts\benchmark_runs\language\token_recall_search_20260616\screen_seq10160_256_factor_confirm\seq10160_256_seed13_factor_gated_scale_128\checkpoint.pt,485328162,.pt,heavy_artifact
artifacts\benchmark_runs\language\token_recall_search_20260616\screen_seq10160_256_factor_confirm\seq10160_256_seed13_factor_gated_scale_128\result.json,2224,.json,result_or_document
artifacts\benchmark_runs\language\token_recall_search_20260616\screen_seq10160_256_factor_confirm\seq10160_256_seed13_factor_gated_scale_128\run.log,1990,.log,result_or_document
artifacts\benchmark_runs\language\token_recall_search_20260616\screen_seq10160_256_factor_confirm\seq10160_256_seed13_factor_gated_scale_128\state.json,748,.json,result_or_document
artifacts\benchmark_runs\language\token_recall_search_20260616\screen_seq10160_256_factor_confirm\seq10160_256_seed13_factor_gated_scale_256\checkpoint.pt,485328162,.pt,heavy_artifact
artifacts\benchmark_runs\language\token_recall_search_20260616\screen_seq10160_256_factor_confirm\seq10160_256_seed13_factor_gated_scale_256\result.json,2224,.json,result_or_document
artifacts\benchmark_runs\language\token_recall_search_20260616\screen_seq10160_256_factor_confirm\seq10160_256_seed13_factor_gated_scale_256\run.log,1992,.log,result_or_document
artifacts\benchmark_runs\language\token_recall_search_20260616\screen_seq10160_256_factor_confirm\seq10160_256_seed13_factor_gated_scale_256\state.json,748,.json,result_or_document
artifacts\benchmark_runs\language\token_recall_search_20260616\screen_seq10160_256_factor_confirm\seq10160_256_seed13_none\checkpoint.pt,485315378,.pt,heavy_artifact
artifacts\benchmark_runs\language\token_recall_search_20260616\screen_seq10160_256_factor_confirm\seq10160_256_seed13_none\result.json,2150,.json,result_or_document
artifacts\benchmark_runs\language\token_recall_search_20260616\screen_seq10160_256_factor_confirm\seq10160_256_seed13_none\run.log,1930,.log,result_or_document
artifacts\benchmark_runs\language\token_recall_search_20260616\screen_seq10160_256_factor_confirm\seq10160_256_seed13_none\state.json,700,.json,result_or_document
artifacts\benchmark_runs\language\token_recall_search_20260616\screen_seq10160_256_factor_confirm\seq10160_256_seed17_factor_gated_scale_128\checkpoint.pt,485328162,.pt,heavy_artifact
artifacts\benchmark_runs\language\token_recall_search_20260616\screen_seq10160_256_factor_confirm\seq10160_256_seed17_factor_gated_scale_128\result.json,2232,.json,result_or_document
artifacts\benchmark_runs\language\token_recall_search_20260616\screen_seq10160_256_factor_confirm\seq10160_256_seed17_factor_gated_scale_128\run.log,2006,.log,result_or_document
artifacts\benchmark_runs\language\token_recall_search_20260616\screen_seq10160_256_factor_confirm\seq10160_256_seed17_factor_gated_scale_128\state.json,753,.json,result_or_document
artifacts\benchmark_runs\language\token_recall_search_20260616\screen_seq10160_256_factor_confirm\seq10160_256_seed17_none\checkpoint.pt,485315378,.pt,heavy_artifact
artifacts\benchmark_runs\language\token_recall_search_20260616\screen_seq10160_256_factor_confirm\seq10160_256_seed17_none\result.json,2153,.json,result_or_document
artifacts\benchmark_runs\language\token_recall_search_20260616\screen_seq10160_256_factor_confirm\seq10160_256_seed17_none\run.log,1936,.log,result_or_document
artifacts\benchmark_runs\language\token_recall_search_20260616\screen_seq10160_256_factor_confirm\seq10160_256_seed17_none\state.json,700,.json,result_or_document
artifacts\benchmark_runs\language\token_recall_search_20260616\screen_seq10160_64_seed13_factor\seq10160_64_seed13_factor_gated_scale_128\checkpoint.pt,485326434,.pt,heavy_artifact
artifacts\benchmark_runs\language\token_recall_search_20260616\screen_seq10160_64_seed13_factor\seq10160_64_seed13_factor_gated_scale_128\result.json,2214,.json,result_or_document
artifacts\benchmark_runs\language\token_recall_search_20260616\screen_seq10160_64_seed13_factor\seq10160_64_seed13_factor_gated_scale_128\run.log,1970,.log,result_or_document
artifacts\benchmark_runs\language\token_recall_search_20260616\screen_seq10160_64_seed13_factor\seq10160_64_seed13_factor_gated_scale_128\state.json,739,.json,result_or_document
artifacts\benchmark_runs\language\token_recall_search_20260616\screen_seq10160_64_seed13_factor\seq10160_64_seed13_factor_gated_scale_64\checkpoint.pt,485326434,.pt,heavy_artifact
artifacts\benchmark_runs\language\token_recall_search_20260616\screen_seq10160_64_seed13_factor\seq10160_64_seed13_factor_gated_scale_64\result.json,2210,.json,result_or_document
artifacts\benchmark_runs\language\token_recall_search_20260616\screen_seq10160_64_seed13_factor\seq10160_64_seed13_factor_gated_scale_64\run.log,1966,.log,result_or_document
artifacts\benchmark_runs\language\token_recall_search_20260616\screen_seq10160_64_seed13_factor\seq10160_64_seed13_factor_gated_scale_64\state.json,736,.json,result_or_document
artifacts\benchmark_runs\language\token_recall_search_20260616\screen_seq10160_64_seed13_factor\seq10160_64_seed13_none\checkpoint.pt,485313650,.pt,heavy_artifact
artifacts\benchmark_runs\language\token_recall_search_20260616\screen_seq10160_64_seed13_factor\seq10160_64_seed13_none\result.json,2138,.json,result_or_document
artifacts\benchmark_runs\language\token_recall_search_20260616\screen_seq10160_64_seed13_factor\seq10160_64_seed13_none\run.log,1906,.log,result_or_document
artifacts\benchmark_runs\language\token_recall_search_20260616\screen_seq10160_64_seed13_factor\seq10160_64_seed13_none\state.json,689,.json,result_or_document
artifacts\benchmark_runs\language\token_recall_search_20260616\screen_seq255_128_seed13\seq255_128_seed13_none\checkpoint.pt,183075570,.pt,heavy_artifact
artifacts\benchmark_runs\language\token_recall_search_20260616\screen_seq255_128_seed13\seq255_128_seed13_none\result.json,2114,.json,result_or_document
artifacts\benchmark_runs\language\token_recall_search_20260616\screen_seq255_128_seed13\seq255_128_seed13_none\run.log,1878,.log,result_or_document
artifacts\benchmark_runs\language\token_recall_search_20260616\screen_seq255_128_seed13\seq255_128_seed13_none\state.json,670,.json,result_or_document
artifacts\benchmark_runs\language\token_recall_search_20260616\screen_seq255_128_seed13\seq255_128_seed13_token_recall_gated_multiscale\checkpoint.pt,183083810,.pt,heavy_artifact
artifacts\benchmark_runs\language\token_recall_search_20260616\screen_seq255_128_seed13\seq255_128_seed13_token_recall_gated_multiscale\result.json,2212,.json,result_or_document
artifacts\benchmark_runs\language\token_recall_search_20260616\screen_seq255_128_seed13\seq255_128_seed13_token_recall_gated_multiscale\run.log,1974,.log,result_or_document
artifacts\benchmark_runs\language\token_recall_search_20260616\screen_seq255_128_seed13\seq255_128_seed13_token_recall_gated_multiscale\state.json,744,.json,result_or_document
artifacts\benchmark_runs\language\token_recall_search_20260616\screen_seq255_128_seed13\seq255_128_seed13_token_recall_multiscale\checkpoint.pt,183076802,.pt,heavy_artifact
artifacts\benchmark_runs\language\token_recall_search_20260616\screen_seq255_128_seed13\seq255_128_seed13_token_recall_multiscale\result.json,2185,.json,result_or_document
artifacts\benchmark_runs\language\token_recall_search_20260616\screen_seq255_128_seed13\seq255_128_seed13_token_recall_multiscale\run.log,1942,.log,result_or_document
artifacts\benchmark_runs\language\token_recall_search_20260616\screen_seq255_128_seed13\seq255_128_seed13_token_recall_multiscale\state.json,726,.json,result_or_document
artifacts\benchmark_runs\language\token_recall_search_20260616\screen_seq255_512_factor_scale_boundary2\seq255_512_seed13_factor_gated_scale_32\checkpoint.pt,183087330,.pt,heavy_artifact
artifacts\benchmark_runs\language\token_recall_search_20260616\screen_seq255_512_factor_scale_boundary2\seq255_512_seed13_factor_gated_scale_32\result.json,2227,.json,result_or_document
artifacts\benchmark_runs\language\token_recall_search_20260616\screen_seq255_512_factor_scale_boundary2\seq255_512_seed13_factor_gated_scale_32\run.log,2144,.log,result_or_document
artifacts\benchmark_runs\language\token_recall_search_20260616\screen_seq255_512_factor_scale_boundary2\seq255_512_seed13_factor_gated_scale_32\state.json,754,.json,result_or_document
artifacts\benchmark_runs\language\token_recall_search_20260616\screen_seq255_512_factor_scale_boundary2\seq255_512_seed13_factor_gated_scale_64\checkpoint.pt,183087330,.pt,heavy_artifact
artifacts\benchmark_runs\language\token_recall_search_20260616\screen_seq255_512_factor_scale_boundary2\seq255_512_seed13_factor_gated_scale_64\result.json,2226,.json,result_or_document
artifacts\benchmark_runs\language\token_recall_search_20260616\screen_seq255_512_factor_scale_boundary2\seq255_512_seed13_factor_gated_scale_64\run.log,2142,.log,result_or_document
artifacts\benchmark_runs\language\token_recall_search_20260616\screen_seq255_512_factor_scale_boundary2\seq255_512_seed13_factor_gated_scale_64\state.json,753,.json,result_or_document
artifacts\benchmark_runs\language\token_recall_search_20260616\screen_seq255_512_factor_scale_boundary2\seq255_512_seed17_factor_gated_scale_32\checkpoint.pt,183087330,.pt,heavy_artifact
artifacts\benchmark_runs\language\token_recall_search_20260616\screen_seq255_512_factor_scale_boundary2\seq255_512_seed17_factor_gated_scale_32\result.json,2227,.json,result_or_document
artifacts\benchmark_runs\language\token_recall_search_20260616\screen_seq255_512_factor_scale_boundary2\seq255_512_seed17_factor_gated_scale_32\run.log,2144,.log,result_or_document
artifacts\benchmark_runs\language\token_recall_search_20260616\screen_seq255_512_factor_scale_boundary2\seq255_512_seed17_factor_gated_scale_32\state.json,754,.json,result_or_document
artifacts\benchmark_runs\language\token_recall_search_20260616\screen_seq255_512_factor_scale_boundary2\seq255_512_seed29_factor_gated_scale_32\checkpoint.pt,183087330,.pt,heavy_artifact
artifacts\benchmark_runs\language\token_recall_search_20260616\screen_seq255_512_factor_scale_boundary2\seq255_512_seed29_factor_gated_scale_32\result.json,2227,.json,result_or_document
artifacts\benchmark_runs\language\token_recall_search_20260616\screen_seq255_512_factor_scale_boundary2\seq255_512_seed29_factor_gated_scale_32\run.log,2144,.log,result_or_document
artifacts\benchmark_runs\language\token_recall_search_20260616\screen_seq255_512_factor_scale_boundary2\seq255_512_seed29_factor_gated_scale_32\state.json,754,.json,result_or_document
artifacts\benchmark_runs\language\token_recall_search_20260616\screen_seq255_512_factor_scale_boundary3\seq255_512_seed13_factor_gated_scale_128\checkpoint.pt,183087330,.pt,heavy_artifact
artifacts\benchmark_runs\language\token_recall_search_20260616\screen_seq255_512_factor_scale_boundary3\seq255_512_seed13_factor_gated_scale_128\result.json,2231,.json,result_or_document
artifacts\benchmark_runs\language\token_recall_search_20260616\screen_seq255_512_factor_scale_boundary3\seq255_512_seed13_factor_gated_scale_128\run.log,2150,.log,result_or_document
artifacts\benchmark_runs\language\token_recall_search_20260616\screen_seq255_512_factor_scale_boundary3\seq255_512_seed13_factor_gated_scale_128\state.json,757,.json,result_or_document
artifacts\benchmark_runs\language\token_recall_search_20260616\screen_seq255_512_factor_scale_boundary3\seq255_512_seed17_factor_gated_scale_128\checkpoint.pt,183087330,.pt,heavy_artifact
artifacts\benchmark_runs\language\token_recall_search_20260616\screen_seq255_512_factor_scale_boundary3\seq255_512_seed17_factor_gated_scale_128\result.json,2231,.json,result_or_document
artifacts\benchmark_runs\language\token_recall_search_20260616\screen_seq255_512_factor_scale_boundary3\seq255_512_seed17_factor_gated_scale_128\run.log,2150,.log,result_or_document
artifacts\benchmark_runs\language\token_recall_search_20260616\screen_seq255_512_factor_scale_boundary3\seq255_512_seed17_factor_gated_scale_128\state.json,757,.json,result_or_document
artifacts\benchmark_runs\language\token_recall_search_20260616\screen_seq255_512_factor_scale_boundary3\seq255_512_seed17_factor_gated_scale_64\checkpoint.pt,183087330,.pt,heavy_artifact
artifacts\benchmark_runs\language\token_recall_search_20260616\screen_seq255_512_factor_scale_boundary3\seq255_512_seed17_factor_gated_scale_64\result.json,2225,.json,result_or_document
artifacts\benchmark_runs\language\token_recall_search_20260616\screen_seq255_512_factor_scale_boundary3\seq255_512_seed17_factor_gated_scale_64\run.log,2140,.log,result_or_document
artifacts\benchmark_runs\language\token_recall_search_20260616\screen_seq255_512_factor_scale_boundary3\seq255_512_seed17_factor_gated_scale_64\state.json,753,.json,result_or_document
artifacts\benchmark_runs\language\token_recall_search_20260616\screen_seq255_512_factor_scale_boundary3\seq255_512_seed29_factor_gated_scale_64\checkpoint.pt,183087330,.pt,heavy_artifact
artifacts\benchmark_runs\language\token_recall_search_20260616\screen_seq255_512_factor_scale_boundary3\seq255_512_seed29_factor_gated_scale_64\result.json,2229,.json,result_or_document
artifacts\benchmark_runs\language\token_recall_search_20260616\screen_seq255_512_factor_scale_boundary3\seq255_512_seed29_factor_gated_scale_64\run.log,2148,.log,result_or_document
artifacts\benchmark_runs\language\token_recall_search_20260616\screen_seq255_512_factor_scale_boundary3\seq255_512_seed29_factor_gated_scale_64\state.json,754,.json,result_or_document
artifacts\benchmark_runs\language\token_recall_search_20260616\screen_seq255_512_factor_scale_boundary\seq255_512_seed13_factor_gated_scale_16\checkpoint.pt,183087330,.pt,heavy_artifact
artifacts\benchmark_runs\language\token_recall_search_20260616\screen_seq255_512_factor_scale_boundary\seq255_512_seed13_factor_gated_scale_16\result.json,2227,.json,result_or_document
artifacts\benchmark_runs\language\token_recall_search_20260616\screen_seq255_512_factor_scale_boundary\seq255_512_seed13_factor_gated_scale_16\run.log,2146,.log,result_or_document
artifacts\benchmark_runs\language\token_recall_search_20260616\screen_seq255_512_factor_scale_boundary\seq255_512_seed13_factor_gated_scale_16\state.json,753,.json,result_or_document
artifacts\benchmark_runs\language\token_recall_search_20260616\screen_seq255_512_factor_scale_boundary\seq255_512_seed17_factor_gated_scale_16\checkpoint.pt,183087330,.pt,heavy_artifact
artifacts\benchmark_runs\language\token_recall_search_20260616\screen_seq255_512_factor_scale_boundary\seq255_512_seed17_factor_gated_scale_16\result.json,2225,.json,result_or_document
artifacts\benchmark_runs\language\token_recall_search_20260616\screen_seq255_512_factor_scale_boundary\seq255_512_seed17_factor_gated_scale_16\run.log,2142,.log,result_or_document
artifacts\benchmark_runs\language\token_recall_search_20260616\screen_seq255_512_factor_scale_boundary\seq255_512_seed17_factor_gated_scale_16\state.json,752,.json,result_or_document
artifacts\benchmark_runs\language\token_recall_search_20260616\screen_seq255_512_factor_scale_boundary\seq255_512_seed29_factor_gated_scale_16\checkpoint.pt,183087330,.pt,heavy_artifact
artifacts\benchmark_runs\language\token_recall_search_20260616\screen_seq255_512_factor_scale_boundary\seq255_512_seed29_factor_gated_scale_16\result.json,2225,.json,result_or_document
artifacts\benchmark_runs\language\token_recall_search_20260616\screen_seq255_512_factor_scale_boundary\seq255_512_seed29_factor_gated_scale_16\run.log,2142,.log,result_or_document
artifacts\benchmark_runs\language\token_recall_search_20260616\screen_seq255_512_factor_scale_boundary\seq255_512_seed29_factor_gated_scale_16\state.json,752,.json,result_or_document
artifacts\benchmark_runs\language\token_recall_search_20260616\screen_seq255_512_factor_scale_boundary\seq255_512_seed29_none\checkpoint.pt,183079090,.pt,heavy_artifact
artifacts\benchmark_runs\language\token_recall_search_20260616\screen_seq255_512_factor_scale_boundary\seq255_512_seed29_none\result.json,2150,.json,result_or_document
artifacts\benchmark_runs\language\token_recall_search_20260616\screen_seq255_512_factor_scale_boundary\seq255_512_seed29_none\run.log,2078,.log,result_or_document
artifacts\benchmark_runs\language\token_recall_search_20260616\screen_seq255_512_factor_scale_boundary\seq255_512_seed29_none\state.json,702,.json,result_or_document
artifacts\benchmark_runs\language\token_recall_search_20260616\screen_seq255_512_factor_scale_confirm\seq255_512_seed13_factor_gated_scale_4\checkpoint.pt,183087266,.pt,heavy_artifact
artifacts\benchmark_runs\language\token_recall_search_20260616\screen_seq255_512_factor_scale_confirm\seq255_512_seed13_factor_gated_scale_4\result.json,2219,.json,result_or_document
artifacts\benchmark_runs\language\token_recall_search_20260616\screen_seq255_512_factor_scale_confirm\seq255_512_seed13_factor_gated_scale_4\run.log,2136,.log,result_or_document
artifacts\benchmark_runs\language\token_recall_search_20260616\screen_seq255_512_factor_scale_confirm\seq255_512_seed13_factor_gated_scale_4\state.json,747,.json,result_or_document
artifacts\benchmark_runs\language\token_recall_search_20260616\screen_seq255_512_factor_scale_confirm\seq255_512_seed17_factor_gated_scale_1\checkpoint.pt,183087266,.pt,heavy_artifact
artifacts\benchmark_runs\language\token_recall_search_20260616\screen_seq255_512_factor_scale_confirm\seq255_512_seed17_factor_gated_scale_1\result.json,2216,.json,result_or_document
artifacts\benchmark_runs\language\token_recall_search_20260616\screen_seq255_512_factor_scale_confirm\seq255_512_seed17_factor_gated_scale_1\run.log,2130,.log,result_or_document
artifacts\benchmark_runs\language\token_recall_search_20260616\screen_seq255_512_factor_scale_confirm\seq255_512_seed17_factor_gated_scale_1\state.json,747,.json,result_or_document
artifacts\benchmark_runs\language\token_recall_search_20260616\screen_seq255_512_factor_scale_confirm\seq255_512_seed17_factor_gated_scale_2\checkpoint.pt,183087266,.pt,heavy_artifact
artifacts\benchmark_runs\language\token_recall_search_20260616\screen_seq255_512_factor_scale_confirm\seq255_512_seed17_factor_gated_scale_2\result.json,2218,.json,result_or_document
artifacts\benchmark_runs\language\token_recall_search_20260616\screen_seq255_512_factor_scale_confirm\seq255_512_seed17_factor_gated_scale_2\run.log,2134,.log,result_or_document
artifacts\benchmark_runs\language\token_recall_search_20260616\screen_seq255_512_factor_scale_confirm\seq255_512_seed17_factor_gated_scale_2\state.json,747,.json,result_or_document
artifacts\benchmark_runs\language\token_recall_search_20260616\screen_seq255_512_factor_scale_confirm\seq255_512_seed17_factor_gated_scale_4\checkpoint.pt,183087266,.pt,heavy_artifact
artifacts\benchmark_runs\language\token_recall_search_20260616\screen_seq255_512_factor_scale_confirm\seq255_512_seed17_factor_gated_scale_4\result.json,2217,.json,result_or_document
artifacts\benchmark_runs\language\token_recall_search_20260616\screen_seq255_512_factor_scale_confirm\seq255_512_seed17_factor_gated_scale_4\run.log,2132,.log,result_or_document
artifacts\benchmark_runs\language\token_recall_search_20260616\screen_seq255_512_factor_scale_confirm\seq255_512_seed17_factor_gated_scale_4\state.json,745,.json,result_or_document
artifacts\benchmark_runs\language\token_recall_search_20260616\screen_seq255_512_factor_scale_more\seq255_512_seed13_factor_gated_scale_8\checkpoint.pt,183087266,.pt,heavy_artifact
artifacts\benchmark_runs\language\token_recall_search_20260616\screen_seq255_512_factor_scale_more\seq255_512_seed13_factor_gated_scale_8\result.json,2211,.json,result_or_document
artifacts\benchmark_runs\language\token_recall_search_20260616\screen_seq255_512_factor_scale_more\seq255_512_seed13_factor_gated_scale_8\run.log,2126,.log,result_or_document
artifacts\benchmark_runs\language\token_recall_search_20260616\screen_seq255_512_factor_scale_more\seq255_512_seed13_factor_gated_scale_8\state.json,740,.json,result_or_document
artifacts\benchmark_runs\language\token_recall_search_20260616\screen_seq255_512_factor_scale_more\seq255_512_seed17_factor_gated_scale_8\checkpoint.pt,183087266,.pt,heavy_artifact
artifacts\benchmark_runs\language\token_recall_search_20260616\screen_seq255_512_factor_scale_more\seq255_512_seed17_factor_gated_scale_8\result.json,2215,.json,result_or_document
artifacts\benchmark_runs\language\token_recall_search_20260616\screen_seq255_512_factor_scale_more\seq255_512_seed17_factor_gated_scale_8\run.log,2134,.log,result_or_document
artifacts\benchmark_runs\language\token_recall_search_20260616\screen_seq255_512_factor_scale_more\seq255_512_seed17_factor_gated_scale_8\state.json,742,.json,result_or_document
artifacts\benchmark_runs\language\token_recall_search_20260616\screen_seq255_512_factor_scale_more\seq255_512_seed29_factor_gated_scale_4\checkpoint.pt,183087266,.pt,heavy_artifact
artifacts\benchmark_runs\language\token_recall_search_20260616\screen_seq255_512_factor_scale_more\seq255_512_seed29_factor_gated_scale_4\result.json,2214,.json,result_or_document
artifacts\benchmark_runs\language\token_recall_search_20260616\screen_seq255_512_factor_scale_more\seq255_512_seed29_factor_gated_scale_4\run.log,2132,.log,result_or_document
artifacts\benchmark_runs\language\token_recall_search_20260616\screen_seq255_512_factor_scale_more\seq255_512_seed29_factor_gated_scale_4\state.json,741,.json,result_or_document
artifacts\benchmark_runs\language\token_recall_search_20260616\screen_seq255_512_factor_scale_more\seq255_512_seed29_factor_gated_scale_8\checkpoint.pt,183087266,.pt,heavy_artifact
artifacts\benchmark_runs\language\token_recall_search_20260616\screen_seq255_512_factor_scale_more\seq255_512_seed29_factor_gated_scale_8\result.json,2213,.json,result_or_document
artifacts\benchmark_runs\language\token_recall_search_20260616\screen_seq255_512_factor_scale_more\seq255_512_seed29_factor_gated_scale_8\run.log,2130,.log,result_or_document
artifacts\benchmark_runs\language\token_recall_search_20260616\screen_seq255_512_factor_scale_more\seq255_512_seed29_factor_gated_scale_8\state.json,741,.json,result_or_document
artifacts\benchmark_runs\language\token_recall_search_20260616\screen_seq255_512_factor_scale_seed13\seq255_512_seed13_factor_gated_scale_0p1\checkpoint.pt,183087330,.pt,heavy_artifact
artifacts\benchmark_runs\language\token_recall_search_20260616\screen_seq255_512_factor_scale_seed13\seq255_512_seed13_factor_gated_scale_0p1\result.json,2219,.json,result_or_document
artifacts\benchmark_runs\language\token_recall_search_20260616\screen_seq255_512_factor_scale_seed13\seq255_512_seed13_factor_gated_scale_0p1\run.log,2134,.log,result_or_document
artifacts\benchmark_runs\language\token_recall_search_20260616\screen_seq255_512_factor_scale_seed13\seq255_512_seed13_factor_gated_scale_0p1\state.json,750,.json,result_or_document
artifacts\benchmark_runs\language\token_recall_search_20260616\screen_seq255_512_factor_scale_seed13\seq255_512_seed13_factor_gated_scale_0p3\checkpoint.pt,183087330,.pt,heavy_artifact
artifacts\benchmark_runs\language\token_recall_search_20260616\screen_seq255_512_factor_scale_seed13\seq255_512_seed13_factor_gated_scale_0p3\result.json,2223,.json,result_or_document
artifacts\benchmark_runs\language\token_recall_search_20260616\screen_seq255_512_factor_scale_seed13\seq255_512_seed13_factor_gated_scale_0p3\run.log,2142,.log,result_or_document
artifacts\benchmark_runs\language\token_recall_search_20260616\screen_seq255_512_factor_scale_seed13\seq255_512_seed13_factor_gated_scale_0p3\state.json,751,.json,result_or_document
artifacts\benchmark_runs\language\token_recall_search_20260616\screen_seq255_512_factor_scale_seed13\seq255_512_seed13_factor_gated_scale_1\checkpoint.pt,183087266,.pt,heavy_artifact
artifacts\benchmark_runs\language\token_recall_search_20260616\screen_seq255_512_factor_scale_seed13\seq255_512_seed13_factor_gated_scale_1\result.json,2215,.json,result_or_document
artifacts\benchmark_runs\language\token_recall_search_20260616\screen_seq255_512_factor_scale_seed13\seq255_512_seed13_factor_gated_scale_1\run.log,2130,.log,result_or_document
artifacts\benchmark_runs\language\token_recall_search_20260616\screen_seq255_512_factor_scale_seed13\seq255_512_seed13_factor_gated_scale_1\state.json,744,.json,result_or_document
artifacts\benchmark_runs\language\token_recall_search_20260616\screen_seq255_512_factor_scale_seed13\seq255_512_seed13_factor_gated_scale_2\checkpoint.pt,183087266,.pt,heavy_artifact
artifacts\benchmark_runs\language\token_recall_search_20260616\screen_seq255_512_factor_scale_seed13\seq255_512_seed13_factor_gated_scale_2\result.json,2215,.json,result_or_document
artifacts\benchmark_runs\language\token_recall_search_20260616\screen_seq255_512_factor_scale_seed13\seq255_512_seed13_factor_gated_scale_2\run.log,2130,.log,result_or_document
artifacts\benchmark_runs\language\token_recall_search_20260616\screen_seq255_512_factor_scale_seed13\seq255_512_seed13_factor_gated_scale_2\state.json,744,.json,result_or_document
artifacts\benchmark_runs\language\token_recall_search_20260616\screen_seq255_512_factor_seeds\seq255_512_seed13_factor_recall_gated_multiscale\checkpoint.pt,183087330,.pt,heavy_artifact
artifacts\benchmark_runs\language\token_recall_search_20260616\screen_seq255_512_factor_seeds\seq255_512_seed13_factor_recall_gated_multiscale\result.json,2234,.json,result_or_document
artifacts\benchmark_runs\language\token_recall_search_20260616\screen_seq255_512_factor_seeds\seq255_512_seed13_factor_recall_gated_multiscale\run.log,2158,.log,result_or_document
artifacts\benchmark_runs\language\token_recall_search_20260616\screen_seq255_512_factor_seeds\seq255_512_seed13_factor_recall_gated_multiscale\state.json,760,.json,result_or_document
artifacts\benchmark_runs\language\token_recall_search_20260616\screen_seq255_512_factor_seeds\seq255_512_seed17_factor_recall_gated_multiscale\checkpoint.pt,183087330,.pt,heavy_artifact
artifacts\benchmark_runs\language\token_recall_search_20260616\screen_seq255_512_factor_seeds\seq255_512_seed17_factor_recall_gated_multiscale\result.json,2236,.json,result_or_document
artifacts\benchmark_runs\language\token_recall_search_20260616\screen_seq255_512_factor_seeds\seq255_512_seed17_factor_recall_gated_multiscale\run.log,2162,.log,result_or_document
artifacts\benchmark_runs\language\token_recall_search_20260616\screen_seq255_512_factor_seeds\seq255_512_seed17_factor_recall_gated_multiscale\state.json,762,.json,result_or_document
artifacts\benchmark_runs\language\token_recall_search_20260616\screen_seq255_512_gated_seeds\seq255_512_seed13_none\checkpoint.pt,183079090,.pt,heavy_artifact
artifacts\benchmark_runs\language\token_recall_search_20260616\screen_seq255_512_gated_seeds\seq255_512_seed13_none\result.json,2128,.json,result_or_document
artifacts\benchmark_runs\language\token_recall_search_20260616\screen_seq255_512_gated_seeds\seq255_512_seed13_none\run.log,2052,.log,result_or_document
artifacts\benchmark_runs\language\token_recall_search_20260616\screen_seq255_512_gated_seeds\seq255_512_seed13_none\state.json,681,.json,result_or_document
artifacts\benchmark_runs\language\token_recall_search_20260616\screen_seq255_512_gated_seeds\seq255_512_seed13_token_recall_gated_multiscale\checkpoint.pt,183087330,.pt,heavy_artifact
artifacts\benchmark_runs\language\token_recall_search_20260616\screen_seq255_512_gated_seeds\seq255_512_seed13_token_recall_gated_multiscale\result.json,2226,.json,result_or_document
artifacts\benchmark_runs\language\token_recall_search_20260616\screen_seq255_512_gated_seeds\seq255_512_seed13_token_recall_gated_multiscale\run.log,2148,.log,result_or_document
artifacts\benchmark_runs\language\token_recall_search_20260616\screen_seq255_512_gated_seeds\seq255_512_seed13_token_recall_gated_multiscale\state.json,756,.json,result_or_document
artifacts\benchmark_runs\language\token_recall_search_20260616\screen_seq255_512_gated_seeds\seq255_512_seed17_none\checkpoint.pt,183079090,.pt,heavy_artifact
artifacts\benchmark_runs\language\token_recall_search_20260616\screen_seq255_512_gated_seeds\seq255_512_seed17_none\result.json,2128,.json,result_or_document
artifacts\benchmark_runs\language\token_recall_search_20260616\screen_seq255_512_gated_seeds\seq255_512_seed17_none\run.log,2052,.log,result_or_document
artifacts\benchmark_runs\language\token_recall_search_20260616\screen_seq255_512_gated_seeds\seq255_512_seed17_none\state.json,681,.json,result_or_document
artifacts\benchmark_runs\language\token_recall_search_20260616\screen_seq255_512_gated_seeds\seq255_512_seed17_token_recall_gated_multiscale\checkpoint.pt,183087330,.pt,heavy_artifact
artifacts\benchmark_runs\language\token_recall_search_20260616\screen_seq255_512_gated_seeds\seq255_512_seed17_token_recall_gated_multiscale\result.json,2229,.json,result_or_document
artifacts\benchmark_runs\language\token_recall_search_20260616\screen_seq255_512_gated_seeds\seq255_512_seed17_token_recall_gated_multiscale\run.log,2154,.log,result_or_document
artifacts\benchmark_runs\language\token_recall_search_20260616\screen_seq255_512_gated_seeds\seq255_512_seed17_token_recall_gated_multiscale\state.json,756,.json,result_or_document
artifacts\benchmark_runs\language\token_recall_search_20260616\screen_seq255_512_recent_seeds\seq255_512_seed13_token_recall_gated_recent\checkpoint.pt,183086114,.pt,heavy_artifact
artifacts\benchmark_runs\language\token_recall_search_20260616\screen_seq255_512_recent_seeds\seq255_512_seed13_token_recall_gated_recent\result.json,2214,.json,result_or_document
artifacts\benchmark_runs\language\token_recall_search_20260616\screen_seq255_512_recent_seeds\seq255_512_seed13_token_recall_gated_recent\run.log,2136,.log,result_or_document
artifacts\benchmark_runs\language\token_recall_search_20260616\screen_seq255_512_recent_seeds\seq255_512_seed13_token_recall_gated_recent\state.json,746,.json,result_or_document
artifacts\benchmark_runs\language\token_recall_search_20260616\screen_seq255_512_recent_seeds\seq255_512_seed17_token_recall_gated_recent\run.log,60,.log,result_or_document
artifacts\benchmark_runs\language\token_recall_search_20260616\screen_seq255_512_recent_seeds\seq255_512_seed17_token_recall_gated_recent\state.json,310,.json,result_or_document
artifacts\benchmark_runs\language\token_recall_search_20260616\synthesis.md,6957,.md,result_or_document
artifacts\benchmark_runs\language\token_recall_search_20260616\token_recall_train.py,64002,.py,source_or_command
artifacts\benchmark_runs\language\token_recall_search_20260617_100m\__pycache__\queue_76m_factor_recall_2b_3080.cpython-313.pyc,5695,.pyc,other
artifacts\benchmark_runs\language\token_recall_search_20260617_100m\__pycache__\queue_76m_factor_recall_2b_3080_retry.cpython-313.pyc,5610,.pyc,other
artifacts\benchmark_runs\language\token_recall_search_20260617_100m\__pycache__\queue_candidate_3080.cpython-313.pyc,5303,.pyc,other
artifacts\benchmark_runs\language\token_recall_search_20260617_100m\__pycache__\queue_candidate_3080_chunked.cpython-313.pyc,8155,.pyc,other
artifacts\benchmark_runs\language\token_recall_search_20260617_100m\control_2080_40m_100m_seed13_20260617_0217\pid.txt,7,.txt,result_or_document
artifacts\benchmark_runs\language\token_recall_search_20260617_100m\control_2080_40m_100m_seed13_20260617_0217\run.err.log,0,.log,result_or_document
artifacts\benchmark_runs\language\token_recall_search_20260617_100m\control_2080_40m_100m_seed13_20260617_0217\run.log,236,.log,result_or_document
artifacts\benchmark_runs\language\token_recall_search_20260617_100m\control_2080_40m_100m_seed13_20260617_0217\state.json,578,.json,result_or_document
artifacts\benchmark_runs\language\token_recall_search_20260617_100m\control_2080_40m_100m_seed13_common600m_20260617_0222\checkpoint.pt,485402418,.pt,heavy_artifact
artifacts\benchmark_runs\language\token_recall_search_20260617_100m\control_2080_40m_100m_seed13_common600m_20260617_0222\checkpoint.step9843_tokens100004880.pt,485407696,.pt,heavy_artifact
artifacts\benchmark_runs\language\token_recall_search_20260617_100m\control_2080_40m_100m_seed13_common600m_20260617_0222\pid.txt,7,.txt,result_or_document
artifacts\benchmark_runs\language\token_recall_search_20260617_100m\control_2080_40m_100m_seed13_common600m_20260617_0222\result.json,4296,.json,result_or_document
artifacts\benchmark_runs\language\token_recall_search_20260617_100m\control_2080_40m_100m_seed13_common600m_20260617_0222\run.err.log,0,.log,result_or_document
artifacts\benchmark_runs\language\token_recall_search_20260617_100m\control_2080_40m_100m_seed13_common600m_20260617_0222\run.log,5012,.log,result_or_document
artifacts\benchmark_runs\language\token_recall_search_20260617_100m\control_2080_40m_100m_seed13_common600m_20260617_0222\state.json,730,.json,result_or_document
artifacts\benchmark_runs\language\token_recall_search_20260617_100m\queue_76m_factor_recall_2b_3080.py,4388,.py,source_or_command
artifacts\benchmark_runs\language\token_recall_search_20260617_100m\queue_76m_factor_recall_2b_3080_retry.py,4243,.py,source_or_command
artifacts\benchmark_runs\language\token_recall_search_20260617_100m\queue_candidate_3080.py,4050,.py,source_or_command
artifacts\benchmark_runs\language\token_recall_search_20260617_100m\queue_candidate_3080_chunked.py,5920,.py,source_or_command
artifacts\benchmark_runs\language\token_recall_search_20260617_100m\queued_76m_factor_recall_2b_3080.json,578,.json,result_or_document
artifacts\benchmark_runs\language\token_recall_search_20260617_100m\queued_76m_factor_recall_2b_3080_retry.json,451,.json,result_or_document
artifacts\benchmark_runs\language\token_recall_search_20260617_100m\queued_candidate_3080_chunked.json,1343,.json,result_or_document
artifacts\benchmark_runs\language\training_system_search_20260712\ASSOCIATIVE_ARCHITECTURE_BREAKTHROUGH.md,8591,.md,result_or_document
artifacts\benchmark_runs\language\training_system_search_20260712\ASSOCIATIVE_COMMANDS_USED.ps1,2125,.ps1,source_or_command
artifacts\benchmark_runs\language\training_system_search_20260712\BREAKTHROUGH_REPORT.md,5340,.md,result_or_document
artifacts\benchmark_runs\language\training_system_search_20260712\ROUND_1_FINDINGS.md,2681,.md,result_or_document
artifacts\benchmark_runs\language\training_system_search_20260712\ROUND_2_ALGORITHMIC_FINDINGS.md,3105,.md,result_or_document
artifacts\benchmark_runs\language\training_system_search_20260712\__pycache__\bloom_recall_train.cpython-313.pyc,3581,.pyc,other
artifacts\benchmark_runs\language\training_system_search_20260712\__pycache__\collapsed_token_recall_train.cpython-312.pyc,2959,.pyc,other
artifacts\benchmark_runs\language\training_system_search_20260712\__pycache__\collapsed_token_recall_train.cpython-313.pyc,3010,.pyc,other
artifacts\benchmark_runs\language\training_system_search_20260712\__pycache__\compressed_head_rotating_collapsed_train.cpython-312.pyc,3436,.pyc,other
artifacts\benchmark_runs\language\training_system_search_20260712\__pycache__\compressed_head_rotating_collapsed_train.cpython-313.pyc,3569,.pyc,other
artifacts\benchmark_runs\language\training_system_search_20260712\__pycache__\evaluate_associative_breakthrough.cpython-313.pyc,12868,.pyc,other
artifacts\benchmark_runs\language\training_system_search_20260712\__pycache__\evaluate_breakthrough_behavior.cpython-313.pyc,12917,.pyc,other
artifacts\benchmark_runs\language\training_system_search_20260712\__pycache__\fenwick_semantic_memory_train.cpython-313.pyc,14097,.pyc,other
artifacts\benchmark_runs\language\training_system_search_20260712\__pycache__\fused_token_recall_train.cpython-313.pyc,2984,.pyc,other
artifacts\benchmark_runs\language\training_system_search_20260712\__pycache__\fused_wave10_probe.cpython-312.pyc,32990,.pyc,other
artifacts\benchmark_runs\language\training_system_search_20260712\__pycache__\fused_wave10_probe.cpython-313.pyc,33162,.pyc,other
artifacts\benchmark_runs\language\training_system_search_20260712\__pycache__\hybrid_local_induction_train.cpython-313.pyc,840,.pyc,other
artifacts\benchmark_runs\language\training_system_search_20260712\__pycache__\local_attention_memory_train.cpython-313.pyc,14971,.pyc,other
artifacts\benchmark_runs\language\training_system_search_20260712\__pycache__\multigrid_memory_train.cpython-313.pyc,10972,.pyc,other
artifacts\benchmark_runs\language\training_system_search_20260712\__pycache__\paired_system_benchmark.cpython-313.pyc,8810,.pyc,other
artifacts\benchmark_runs\language\training_system_search_20260712\__pycache__\phrase_induction_train.cpython-313.pyc,10187,.pyc,other
artifacts\benchmark_runs\language\training_system_search_20260712\__pycache__\phrase_semantic_induction_train.cpython-313.pyc,1145,.pyc,other
artifacts\benchmark_runs\language\training_system_search_20260712\__pycache__\rank_sweep_probe.cpython-313.pyc,6616,.pyc,other
artifacts\benchmark_runs\language\training_system_search_20260712\__pycache__\ridge_memory_train.cpython-313.pyc,11728,.pyc,other
artifacts\benchmark_runs\language\training_system_search_20260712\__pycache__\rotating_anchor_collapsed_train.cpython-312.pyc,5326,.pyc,other
artifacts\benchmark_runs\language\training_system_search_20260712\__pycache__\rotating_anchor_collapsed_train.cpython-313.pyc,5273,.pyc,other
artifacts\benchmark_runs\language\training_system_search_20260712\__pycache__\selective_memory_train.cpython-313.pyc,12901,.pyc,other
artifacts\benchmark_runs\language\training_system_search_20260712\__pycache__\semantic_successor_train.cpython-313.pyc,10607,.pyc,other
artifacts\benchmark_runs\language\training_system_search_20260712\__pycache__\sketch_recall_probe.cpython-313.pyc,13291,.pyc,other
artifacts\benchmark_runs\language\training_system_search_20260712\__pycache__\sorted_induction_train.cpython-312.pyc,6814,.pyc,other
artifacts\benchmark_runs\language\training_system_search_20260712\__pycache__\sorted_induction_train.cpython-313.pyc,6831,.pyc,other
artifacts\benchmark_runs\language\training_system_search_20260712\__pycache__\sparse_exact_recall_train.cpython-313.pyc,4295,.pyc,other
artifacts\benchmark_runs\language\training_system_search_20260712\__pycache__\spectral_ffn_probe.cpython-313.pyc,10113,.pyc,other
artifacts\benchmark_runs\language\training_system_search_20260712\accum2_lr1200_rank224_stride12_vocab4096_350_seed13\checkpoint.pt,504668898,.pt,heavy_artifact
artifacts\benchmark_runs\language\training_system_search_20260712\accum2_lr1200_rank224_stride12_vocab4096_350_seed13\result.json,2204,.json,result_or_document
artifacts\benchmark_runs\language\training_system_search_20260712\accum2_lr1200_rank224_stride12_vocab4096_350_seed13\state.json,716,.json,result_or_document
artifacts\benchmark_runs\language\training_system_search_20260712\accum2_lr1500_rank224_stride12_vocab4096_350_seed13\checkpoint.pt,504668898,.pt,heavy_artifact
artifacts\benchmark_runs\language\training_system_search_20260712\accum2_lr1500_rank224_stride12_vocab4096_350_seed13\result.json,2203,.json,result_or_document
artifacts\benchmark_runs\language\training_system_search_20260712\accum2_lr1500_rank224_stride12_vocab4096_350_seed13\state.json,714,.json,result_or_document
artifacts\benchmark_runs\language\training_system_search_20260712\accum2_rank224_stride12_vocab4096_350_seed13\checkpoint.pt,504668898,.pt,heavy_artifact
artifacts\benchmark_runs\language\training_system_search_20260712\accum2_rank224_stride12_vocab4096_350_seed13\result.json,2181,.json,result_or_document
artifacts\benchmark_runs\language\training_system_search_20260712\accum2_rank224_stride12_vocab4096_350_seed13\state.json,694,.json,result_or_document
artifacts\benchmark_runs\language\training_system_search_20260712\accum2_rotating_collapsed_train.py,1744,.py,source_or_command
artifacts\benchmark_runs\language\training_system_search_20260712\associative_breakthrough_interventions_1000_seed13.json,4918,.json,result_or_document
artifacts\benchmark_runs\language\training_system_search_20260712\bloom512_identity_rank192_stride12_vocab4096_350_seed13\checkpoint.pt,459976594,.pt,heavy_artifact
artifacts\benchmark_runs\language\training_system_search_20260712\bloom512_identity_rank192_stride12_vocab4096_350_seed13\result.json,2212,.json,result_or_document
artifacts\benchmark_runs\language\training_system_search_20260712\bloom512_identity_rank192_stride12_vocab4096_350_seed13\state.json,724,.json,result_or_document
artifacts\benchmark_runs\language\training_system_search_20260712\bloom_recall_probe_1024.json,403,.json,result_or_document
artifacts\benchmark_runs\language\training_system_search_20260712\bloom_recall_probe_2048.json,403,.json,result_or_document
artifacts\benchmark_runs\language\training_system_search_20260712\bloom_recall_train.py,1946,.py,source_or_command
artifacts\benchmark_runs\language\training_system_search_20260712\breakthrough_behavior_full8_seed13.json,575,.json,result_or_document
artifacts\benchmark_runs\language\training_system_search_20260712\breakthrough_behavior_seed13.json,4750,.json,result_or_document
artifacts\benchmark_runs\language\training_system_search_20260712\collapsed_token_recall_train.py,1730,.py,source_or_command
artifacts\benchmark_runs\language\training_system_search_20260712\compressed_head_rotating_collapsed_train.py,1758,.py,source_or_command
artifacts\benchmark_runs\language\training_system_search_20260712\direct_bloom_recall_probe_2048.json,544,.json,result_or_document
artifacts\benchmark_runs\language\training_system_search_20260712\direct_bloom_recall_probe_4096.json,542,.json,result_or_document
artifacts\benchmark_runs\language\training_system_search_20260712\direct_bloom_recall_realistic_4096.json,329,.json,result_or_document
artifacts\benchmark_runs\language\training_system_search_20260712\dualpath_one_localattn64_induction_stride24_350_seed13\checkpoint.pt,461560850,.pt,heavy_artifact
artifacts\benchmark_runs\language\training_system_search_20260712\dualpath_one_localattn64_induction_stride24_350_seed13\result.json,2210,.json,result_or_document
artifacts\benchmark_runs\language\training_system_search_20260712\dualpath_one_localattn64_induction_stride24_350_seed13\state.json,724,.json,result_or_document
artifacts\benchmark_runs\language\training_system_search_20260712\evaluate_associative_breakthrough.py,7823,.py,source_or_command
artifacts\benchmark_runs\language\training_system_search_20260712\evaluate_breakthrough_behavior.py,8107,.py,source_or_command
artifacts\benchmark_runs\language\training_system_search_20260712\fenwick_memory_rank16_probe.json,540,.json,result_or_document
artifacts\benchmark_runs\language\training_system_search_20260712\fenwick_semantic_memory_train.py,6824,.py,source_or_command
artifacts\benchmark_runs\language\training_system_search_20260712\fused_token_recall_train.py,1712,.py,source_or_command
artifacts\benchmark_runs\language\training_system_search_20260712\fused_wave10_probe.py,19845,.py,source_or_command
artifacts\benchmark_runs\language\training_system_search_20260712\fused_wave10_probe_result.json,620,.json,result_or_document
artifacts\benchmark_runs\language\training_system_search_20260712\fused_wave10_probe_result_v2.json,1163,.json,result_or_document
artifacts\benchmark_runs\language\training_system_search_20260712\fused_wave10_probe_result_v4.json,1871,.json,result_or_document
artifacts\benchmark_runs\language\training_system_search_20260712\grad_norm_probe_train.py,1474,.py,source_or_command
artifacts\benchmark_runs\language\training_system_search_20260712\grad_norm_rank224_stride12_vocab4096_128_seed13\checkpoint.pt,504666850,.pt,heavy_artifact
artifacts\benchmark_runs\language\training_system_search_20260712\grad_norm_rank224_stride12_vocab4096_128_seed13\grad_norms.json,3322,.json,result_or_document
artifacts\benchmark_runs\language\training_system_search_20260712\grad_norm_rank224_stride12_vocab4096_128_seed13\result.json,2177,.json,result_or_document
artifacts\benchmark_runs\language\training_system_search_20260712\grad_norm_rank224_stride12_vocab4096_128_seed13\state.json,694,.json,result_or_document
artifacts\benchmark_runs\language\training_system_search_20260712\head1x_rank224_stride12_vocab4096_350_seed13\checkpoint.pt,485776098,.pt,heavy_artifact
artifacts\benchmark_runs\language\training_system_search_20260712\head1x_rank224_stride12_vocab4096_350_seed13\result.json,2175,.json,result_or_document
artifacts\benchmark_runs\language\training_system_search_20260712\head1x_rank224_stride12_vocab4096_350_seed13\state.json,688,.json,result_or_document
artifacts\benchmark_runs\language\training_system_search_20260712\head2x_rank224_stride12_vocab4096_350_seed13\checkpoint.pt,492073698,.pt,heavy_artifact
artifacts\benchmark_runs\language\training_system_search_20260712\head2x_rank224_stride12_vocab4096_350_seed13\result.json,2176,.json,result_or_document
artifacts\benchmark_runs\language\training_system_search_20260712\head2x_rank224_stride12_vocab4096_350_seed13\state.json,691,.json,result_or_document
artifacts\benchmark_runs\language\training_system_search_20260712\hybrid_local_induction_train.py,405,.py,source_or_command
artifacts\benchmark_runs\language\training_system_search_20260712\hybrid_localattn64_induction_stride24_350_seed13\checkpoint.pt,461367922,.pt,heavy_artifact
artifacts\benchmark_runs\language\training_system_search_20260712\hybrid_localattn64_induction_stride24_350_seed13\result.json,2192,.json,result_or_document
artifacts\benchmark_runs\language\training_system_search_20260712\hybrid_localattn64_induction_stride24_350_seed13\state.json,706,.json,result_or_document
artifacts\benchmark_runs\language\training_system_search_20260712\hybrid_one_localattn64_induction_stride24_350_seed13\checkpoint.pt,460672290,.pt,heavy_artifact
artifacts\benchmark_runs\language\training_system_search_20260712\hybrid_one_localattn64_induction_stride24_350_seed13\result.json,2202,.json,result_or_document
artifacts\benchmark_runs\language\training_system_search_20260712\hybrid_one_localattn64_induction_stride24_350_seed13\state.json,717,.json,result_or_document
artifacts\benchmark_runs\language\training_system_search_20260712\identity_head_rank192_stride12_vocab4096_400_seed13\checkpoint.pt,459971234,.pt,heavy_artifact
artifacts\benchmark_runs\language\training_system_search_20260712\identity_head_rank192_stride12_vocab4096_400_seed13\result.json,2195,.json,result_or_document
artifacts\benchmark_runs\language\training_system_search_20260712\identity_head_rank192_stride12_vocab4096_400_seed13\state.json,715,.json,result_or_document
artifacts\benchmark_runs\language\training_system_search_20260712\identity_head_rank224_stride12_vocab4096_350_seed13\checkpoint.pt,479467618,.pt,heavy_artifact
artifacts\benchmark_runs\language\training_system_search_20260712\identity_head_rank224_stride12_vocab4096_350_seed13\result.json,2191,.json,result_or_document
artifacts\benchmark_runs\language\training_system_search_20260712\identity_head_rank224_stride12_vocab4096_350_seed13\state.json,704,.json,result_or_document
artifacts\benchmark_runs\language\training_system_search_20260712\identity_head_rank224_stride12_vocab4096_400_seed13\checkpoint.pt,479468066,.pt,heavy_artifact
artifacts\benchmark_runs\language\training_system_search_20260712\identity_head_rank224_stride12_vocab4096_400_seed13\result.json,2180,.json,result_or_document
artifacts\benchmark_runs\language\training_system_search_20260712\identity_head_rank224_stride12_vocab4096_400_seed13\state.json,703,.json,result_or_document
artifacts\benchmark_runs\language\training_system_search_20260712\identity_head_rank224_stride12_vocab4096_400_seed17\checkpoint.pt,479468066,.pt,heavy_artifact
artifacts\benchmark_runs\language\training_system_search_20260712\identity_head_rank224_stride12_vocab4096_400_seed17\result.json,2195,.json,result_or_document
artifacts\benchmark_runs\language\training_system_search_20260712\identity_head_rank224_stride12_vocab4096_400_seed17\state.json,716,.json,result_or_document
artifacts\benchmark_runs\language\training_system_search_20260712\layerscale01_residual_head1x_rank224_stride12_vocab4096_350_seed13\checkpoint.pt,485777266,.pt,heavy_artifact
artifacts\benchmark_runs\language\training_system_search_20260712\layerscale01_residual_head1x_rank224_stride12_vocab4096_350_seed13\result.json,2245,.json,result_or_document
artifacts\benchmark_runs\language\training_system_search_20260712\layerscale01_residual_head1x_rank224_stride12_vocab4096_350_seed13\state.json,759,.json,result_or_document
artifacts\benchmark_runs\language\training_system_search_20260712\local_attention_d64_b64_probe.json,542,.json,result_or_document
artifacts\benchmark_runs\language\training_system_search_20260712\local_attention_memory_train.py,7971,.py,source_or_command
artifacts\benchmark_runs\language\training_system_search_20260712\longconfirm_candidate_1000_seed13\checkpoint.pt,459982418,.pt,heavy_artifact
artifacts\benchmark_runs\language\training_system_search_20260712\longconfirm_candidate_1000_seed13\result.json,2141,.json,result_or_document
artifacts\benchmark_runs\language\training_system_search_20260712\longconfirm_candidate_1000_seed13\state.json,662,.json,result_or_document
artifacts\benchmark_runs\language\training_system_search_20260712\longconfirm_reference_654_seed13\checkpoint.pt,485331746,.pt,heavy_artifact
artifacts\benchmark_runs\language\training_system_search_20260712\longconfirm_reference_654_seed13\result.json,2143,.json,result_or_document
artifacts\benchmark_runs\language\training_system_search_20260712\longconfirm_reference_654_seed13\state.json,654,.json,result_or_document
artifacts\benchmark_runs\language\training_system_search_20260712\multigrid_memory_probe_result.json,461,.json,result_or_document
artifacts\benchmark_runs\language\training_system_search_20260712\multigrid_memory_train.py,5254,.py,source_or_command
artifacts\benchmark_runs\language\training_system_search_20260712\multigrid_rank224_stride12_vocab4096_350_seed13\checkpoint.pt,504532642,.pt,heavy_artifact
artifacts\benchmark_runs\language\training_system_search_20260712\multigrid_rank224_stride12_vocab4096_350_seed13\result.json,2186,.json,result_or_document
artifacts\benchmark_runs\language\training_system_search_20260712\multigrid_rank224_stride12_vocab4096_350_seed13\state.json,700,.json,result_or_document
artifacts\benchmark_runs\language\training_system_search_20260712\no_clip_rotating_collapsed_train.py,376,.py,source_or_command
artifacts\benchmark_runs\language\training_system_search_20260712\noclip_lr250_rank224_stride12_vocab4096_350_seed13\checkpoint.pt,504668898,.pt,heavy_artifact
artifacts\benchmark_runs\language\training_system_search_20260712\noclip_lr250_rank224_stride12_vocab4096_350_seed13\result.json,2190,.json,result_or_document
artifacts\benchmark_runs\language\training_system_search_20260712\noclip_lr250_rank224_stride12_vocab4096_350_seed13\state.json,702,.json,result_or_document
artifacts\benchmark_runs\language\training_system_search_20260712\noclip_lr600_rank224_stride12_vocab4096_350_seed13\checkpoint.pt,504668898,.pt,heavy_artifact
artifacts\benchmark_runs\language\training_system_search_20260712\noclip_lr600_rank224_stride12_vocab4096_350_seed13\result.json,2188,.json,result_or_document
artifacts\benchmark_runs\language\training_system_search_20260712\noclip_lr600_rank224_stride12_vocab4096_350_seed13\state.json,701,.json,result_or_document
artifacts\benchmark_runs\language\training_system_search_20260712\paired_sorted_induction_stride24_result.json,4551,.json,result_or_document
artifacts\benchmark_runs\language\training_system_search_20260712\paired_system_benchmark.py,5268,.py,source_or_command
artifacts\benchmark_runs\language\training_system_search_20260712\paired_system_benchmark_rank192_result.json,4545,.json,result_or_document
artifacts\benchmark_runs\language\training_system_search_20260712\paired_system_benchmark_result.json,3409,.json,result_or_document
artifacts\benchmark_runs\language\training_system_search_20260712\phrase234_semantic_t2k3_stride24_350_seed13\checkpoint.pt,460203318,.pt,heavy_artifact
artifacts\benchmark_runs\language\training_system_search_20260712\phrase234_semantic_t2k3_stride24_350_seed13\result.json,2180,.json,result_or_document
artifacts\benchmark_runs\language\training_system_search_20260712\phrase234_semantic_t2k3_stride24_350_seed13\state.json,691,.json,result_or_document
artifacts\benchmark_runs\language\training_system_search_20260712\phrase234_semantic_t2k3_stride24_350_seed17\checkpoint.pt,460203318,.pt,heavy_artifact
artifacts\benchmark_runs\language\training_system_search_20260712\phrase234_semantic_t2k3_stride24_350_seed17\result.json,2177,.json,result_or_document
artifacts\benchmark_runs\language\training_system_search_20260712\phrase234_semantic_t2k3_stride24_350_seed17\state.json,687,.json,result_or_document
artifacts\benchmark_runs\language\training_system_search_20260712\phrase23_semantic_t1k2_stride24_350_seed13\checkpoint.pt,460195462,.pt,heavy_artifact
artifacts\benchmark_runs\language\training_system_search_20260712\phrase23_semantic_t1k2_stride24_350_seed13\result.json,2176,.json,result_or_document
artifacts\benchmark_runs\language\training_system_search_20260712\phrase23_semantic_t1k2_stride24_350_seed13\state.json,687,.json,result_or_document
artifacts\benchmark_runs\language\training_system_search_20260712\phrase23_semantic_t2k3_stride24_1000_seed13\checkpoint.pt,460203590,.pt,heavy_artifact
artifacts\benchmark_runs\language\training_system_search_20260712\phrase23_semantic_t2k3_stride24_1000_seed13\result.json,2798,.json,result_or_document
artifacts\benchmark_runs\language\training_system_search_20260712\phrase23_semantic_t2k3_stride24_1000_seed13\state.json,693,.json,result_or_document
artifacts\benchmark_runs\language\training_system_search_20260712\phrase23_semantic_t2k3_stride24_350_seed13\checkpoint.pt,460197510,.pt,heavy_artifact
artifacts\benchmark_runs\language\training_system_search_20260712\phrase23_semantic_t2k3_stride24_350_seed13\result.json,2173,.json,result_or_document
artifacts\benchmark_runs\language\training_system_search_20260712\phrase23_semantic_t2k3_stride24_350_seed13\state.json,685,.json,result_or_document
artifacts\benchmark_runs\language\training_system_search_20260712\phrase23_semantic_t2k3_stride24_350_seed17\checkpoint.pt,460197510,.pt,heavy_artifact
artifacts\benchmark_runs\language\training_system_search_20260712\phrase23_semantic_t2k3_stride24_350_seed17\result.json,2175,.json,result_or_document
artifacts\benchmark_runs\language\training_system_search_20260712\phrase23_semantic_t2k3_stride24_350_seed17\state.json,685,.json,result_or_document
artifacts\benchmark_runs\language\training_system_search_20260712\phrase_induction_order2_stride24_350_seed13\checkpoint.pt,459982466,.pt,heavy_artifact
artifacts\benchmark_runs\language\training_system_search_20260712\phrase_induction_order2_stride24_350_seed13\result.json,2177,.json,result_or_document
artifacts\benchmark_runs\language\training_system_search_20260712\phrase_induction_order2_stride24_350_seed13\state.json,691,.json,result_or_document
artifacts\benchmark_runs\language\training_system_search_20260712\phrase_induction_order3_stride24_350_seed13\checkpoint.pt,459982466,.pt,heavy_artifact
artifacts\benchmark_runs\language\training_system_search_20260712\phrase_induction_order3_stride24_350_seed13\result.json,2176,.json,result_or_document
artifacts\benchmark_runs\language\training_system_search_20260712\phrase_induction_order3_stride24_350_seed13\state.json,690,.json,result_or_document
artifacts\benchmark_runs\language\training_system_search_20260712\phrase_induction_orders234_stride24_350_seed13\checkpoint.pt,459994146,.pt,heavy_artifact
artifacts\benchmark_runs\language\training_system_search_20260712\phrase_induction_orders234_stride24_350_seed13\result.json,2186,.json,result_or_document
artifacts\benchmark_runs\language\training_system_search_20260712\phrase_induction_orders234_stride24_350_seed13\state.json,699,.json,result_or_document
artifacts\benchmark_runs\language\training_system_search_20260712\phrase_induction_orders23_exactrng_stride24_350_seed13\checkpoint.pt,459988338,.pt,heavy_artifact
artifacts\benchmark_runs\language\training_system_search_20260712\phrase_induction_orders23_exactrng_stride24_350_seed13\result.json,2211,.json,result_or_document
artifacts\benchmark_runs\language\training_system_search_20260712\phrase_induction_orders23_exactrng_stride24_350_seed13\state.json,724,.json,result_or_document
artifacts\benchmark_runs\language\training_system_search_20260712\phrase_induction_orders23_history2_stride24_350_seed13\checkpoint.pt,459988338,.pt,heavy_artifact
artifacts\benchmark_runs\language\training_system_search_20260712\phrase_induction_orders23_history2_stride24_350_seed13\result.json,2211,.json,result_or_document
artifacts\benchmark_runs\language\training_system_search_20260712\phrase_induction_orders23_history2_stride24_350_seed13\state.json,722,.json,result_or_document
artifacts\benchmark_runs\language\training_system_search_20260712\phrase_induction_orders23_stride24_1000_seed13\checkpoint.pt,459994418,.pt,heavy_artifact
artifacts\benchmark_runs\language\training_system_search_20260712\phrase_induction_orders23_stride24_1000_seed13\result.json,2803,.json,result_or_document
artifacts\benchmark_runs\language\training_system_search_20260712\phrase_induction_orders23_stride24_1000_seed13\state.json,703,.json,result_or_document
artifacts\benchmark_runs\language\training_system_search_20260712\phrase_induction_orders23_stride24_350_seed13\checkpoint.pt,459988338,.pt,heavy_artifact
artifacts\benchmark_runs\language\training_system_search_20260712\phrase_induction_orders23_stride24_350_seed13\result.json,2184,.json,result_or_document
artifacts\benchmark_runs\language\training_system_search_20260712\phrase_induction_orders23_stride24_350_seed13\state.json,696,.json,result_or_document
artifacts\benchmark_runs\language\training_system_search_20260712\phrase_induction_orders23_stride24_350_seed17\checkpoint.pt,459988338,.pt,heavy_artifact
artifacts\benchmark_runs\language\training_system_search_20260712\phrase_induction_orders23_stride24_350_seed17\result.json,2183,.json,result_or_document
artifacts\benchmark_runs\language\training_system_search_20260712\phrase_induction_orders23_stride24_350_seed17\state.json,696,.json,result_or_document
artifacts\benchmark_runs\language\training_system_search_20260712\phrase_induction_train.py,6622,.py,source_or_command
artifacts\benchmark_runs\language\training_system_search_20260712\phrase_semantic_induction_train.py,507,.py,source_or_command
artifacts\benchmark_runs\language\training_system_search_20260712\rank128_rotating_stride8_vocab4096_350_seed13\checkpoint.pt,437979298,.pt,heavy_artifact
artifacts\benchmark_runs\language\training_system_search_20260712\rank128_rotating_stride8_vocab4096_350_seed13\result.json,2162,.json,result_or_document
artifacts\benchmark_runs\language\training_system_search_20260712\rank128_rotating_stride8_vocab4096_350_seed13\state.json,695,.json,result_or_document
artifacts\benchmark_runs\language\training_system_search_20260712\rank128_wave10_collapsed_rotating_stride8_vocab4096_350_seed13\checkpoint.pt,446178402,.pt,heavy_artifact
artifacts\benchmark_runs\language\training_system_search_20260712\rank128_wave10_collapsed_rotating_stride8_vocab4096_350_seed13\result.json,2234,.json,result_or_document
artifacts\benchmark_runs\language\training_system_search_20260712\rank128_wave10_collapsed_rotating_stride8_vocab4096_350_seed13\state.json,748,.json,result_or_document
artifacts\benchmark_runs\language\training_system_search_20260712\rank224_wave10_collapsed_rotating_stride12_vocab2048_350_seed13\checkpoint.pt,504668898,.pt,heavy_artifact
artifacts\benchmark_runs\language\training_system_search_20260712\rank224_wave10_collapsed_rotating_stride12_vocab2048_350_seed13\result.json,2238,.json,result_or_document
artifacts\benchmark_runs\language\training_system_search_20260712\rank224_wave10_collapsed_rotating_stride12_vocab2048_350_seed13\state.json,751,.json,result_or_document
artifacts\benchmark_runs\language\training_system_search_20260712\rank224_wave10_collapsed_rotating_stride12_vocab3072_350_seed13\checkpoint.pt,504668898,.pt,heavy_artifact
artifacts\benchmark_runs\language\training_system_search_20260712\rank224_wave10_collapsed_rotating_stride12_vocab3072_350_seed13\result.json,2238,.json,result_or_document
artifacts\benchmark_runs\language\training_system_search_20260712\rank224_wave10_collapsed_rotating_stride12_vocab3072_350_seed13\state.json,751,.json,result_or_document
artifacts\benchmark_runs\language\training_system_search_20260712\rank224_wave10_collapsed_rotating_stride12_vocab4096_350_seed13\checkpoint.pt,504668898,.pt,heavy_artifact
artifacts\benchmark_runs\language\training_system_search_20260712\rank224_wave10_collapsed_rotating_stride12_vocab4096_350_seed13\result.json,2227,.json,result_or_document
artifacts\benchmark_runs\language\training_system_search_20260712\rank224_wave10_collapsed_rotating_stride12_vocab4096_350_seed13\state.json,741,.json,result_or_document
artifacts\benchmark_runs\language\training_system_search_20260712\rank224_wave10_collapsed_rotating_stride8_vocab4096_350_seed13\checkpoint.pt,504668898,.pt,heavy_artifact
artifacts\benchmark_runs\language\training_system_search_20260712\rank224_wave10_collapsed_rotating_stride8_vocab4096_350_seed13\result.json,2233,.json,result_or_document
artifacts\benchmark_runs\language\training_system_search_20260712\rank224_wave10_collapsed_rotating_stride8_vocab4096_350_seed13\state.json,748,.json,result_or_document
artifacts\benchmark_runs\language\training_system_search_20260712\rank_sweep_probe.py,3708,.py,source_or_command
artifacts\benchmark_runs\language\training_system_search_20260712\rank_sweep_probe_result.json,1731,.json,result_or_document
artifacts\benchmark_runs\language\training_system_search_20260712\real256_baseline_factor_seed13\checkpoint.pt,485328162,.pt,heavy_artifact
artifacts\benchmark_runs\language\training_system_search_20260712\real256_baseline_factor_seed13\result.json,2124,.json,result_or_document
artifacts\benchmark_runs\language\training_system_search_20260712\real256_baseline_factor_seed13\state.json,646,.json,result_or_document
artifacts\benchmark_runs\language\training_system_search_20260712\real256_baseline_factor_seed17\checkpoint.pt,485328162,.pt,heavy_artifact
artifacts\benchmark_runs\language\training_system_search_20260712\real256_baseline_factor_seed17\result.json,2132,.json,result_or_document
artifacts\benchmark_runs\language\training_system_search_20260712\real256_baseline_factor_seed17\state.json,649,.json,result_or_document
artifacts\benchmark_runs\language\training_system_search_20260712\real256_collapsed_factor_seed13\checkpoint.pt,485171170,.pt,heavy_artifact
artifacts\benchmark_runs\language\training_system_search_20260712\real256_collapsed_factor_seed13\result.json,2128,.json,result_or_document
artifacts\benchmark_runs\language\training_system_search_20260712\real256_collapsed_factor_seed13\state.json,653,.json,result_or_document
artifacts\benchmark_runs\language\training_system_search_20260712\real256_collapsed_rotating_stride8_vocab4096_seed13\checkpoint.pt,485171234,.pt,heavy_artifact
artifacts\benchmark_runs\language\training_system_search_20260712\real256_collapsed_rotating_stride8_vocab4096_seed13\result.json,2194,.json,result_or_document
artifacts\benchmark_runs\language\training_system_search_20260712\real256_collapsed_rotating_stride8_vocab4096_seed13\state.json,715,.json,result_or_document
artifacts\benchmark_runs\language\training_system_search_20260712\real256_collapsed_stride16_seed13\checkpoint.pt,485171170,.pt,heavy_artifact
artifacts\benchmark_runs\language\training_system_search_20260712\real256_collapsed_stride16_seed13\result.json,2138,.json,result_or_document
artifacts\benchmark_runs\language\training_system_search_20260712\real256_collapsed_stride16_seed13\state.json,661,.json,result_or_document
artifacts\benchmark_runs\language\training_system_search_20260712\real256_collapsed_stride8_seed13\checkpoint.pt,485171170,.pt,heavy_artifact
artifacts\benchmark_runs\language\training_system_search_20260712\real256_collapsed_stride8_seed13\result.json,2131,.json,result_or_document
artifacts\benchmark_runs\language\training_system_search_20260712\real256_collapsed_stride8_seed13\state.json,657,.json,result_or_document
artifacts\benchmark_runs\language\training_system_search_20260712\real256_fused_factor_seed13_retry1\checkpoint.pt,485564386,.pt,heavy_artifact
artifacts\benchmark_runs\language\training_system_search_20260712\real256_fused_factor_seed13_retry1\result.json,2133,.json,result_or_document
artifacts\benchmark_runs\language\training_system_search_20260712\real256_fused_factor_seed13_retry1\state.json,656,.json,result_or_document
artifacts\benchmark_runs\language\training_system_search_20260712\residual_head1x_rank224_stride12_vocab4096_350_seed13\checkpoint.pt,485776098,.pt,heavy_artifact
artifacts\benchmark_runs\language\training_system_search_20260712\residual_head1x_rank224_stride12_vocab4096_350_seed13\result.json,2205,.json,result_or_document
artifacts\benchmark_runs\language\training_system_search_20260712\residual_head1x_rank224_stride12_vocab4096_350_seed13\state.json,718,.json,result_or_document
artifacts\benchmark_runs\language\training_system_search_20260712\ridge_memory_rank16_probe.json,538,.json,result_or_document
artifacts\benchmark_runs\language\training_system_search_20260712\ridge_memory_rank8_probe.json,538,.json,result_or_document
artifacts\benchmark_runs\language\training_system_search_20260712\ridge_memory_train.py,5565,.py,source_or_command
artifacts\benchmark_runs\language\training_system_search_20260712\rotating_anchor_collapsed_train.py,3325,.py,source_or_command
artifacts\benchmark_runs\language\training_system_search_20260712\selective_memory_rank64_probe.json,563,.json,result_or_document
artifacts\benchmark_runs\language\training_system_search_20260712\selective_memory_rankwise_stride24_350_seed13\checkpoint.pt,461562642,.pt,heavy_artifact
artifacts\benchmark_runs\language\training_system_search_20260712\selective_memory_rankwise_stride24_350_seed13\result.json,2183,.json,result_or_document
artifacts\benchmark_runs\language\training_system_search_20260712\selective_memory_rankwise_stride24_350_seed13\state.json,695,.json,result_or_document
artifacts\benchmark_runs\language\training_system_search_20260712\selective_memory_self_rank64_probe.json,567,.json,result_or_document
artifacts\benchmark_runs\language\training_system_search_20260712\selective_memory_self_stride24_350_seed13\checkpoint.pt,459992466,.pt,heavy_artifact
artifacts\benchmark_runs\language\training_system_search_20260712\selective_memory_self_stride24_350_seed13\result.json,2172,.json,result_or_document
artifacts\benchmark_runs\language\training_system_search_20260712\selective_memory_self_stride24_350_seed13\state.json,685,.json,result_or_document
artifacts\benchmark_runs\language\training_system_search_20260712\selective_memory_train.py,6973,.py,source_or_command
artifacts\benchmark_runs\language\training_system_search_20260712\semantic_successor_stopgrad_t2k3_rank32_stride24_350_seed13\checkpoint.pt,460053914,.pt,heavy_artifact
artifacts\benchmark_runs\language\training_system_search_20260712\semantic_successor_stopgrad_t2k3_rank32_stride24_350_seed13\result.json,2226,.json,result_or_document
artifacts\benchmark_runs\language\training_system_search_20260712\semantic_successor_stopgrad_t2k3_rank32_stride24_350_seed13\state.json,739,.json,result_or_document
artifacts\benchmark_runs\language\training_system_search_20260712\semantic_successor_t1k2_rank32_stride24_350_seed13\checkpoint.pt,460183782,.pt,heavy_artifact
artifacts\benchmark_runs\language\training_system_search_20260712\semantic_successor_t1k2_rank32_stride24_350_seed13\result.json,2199,.json,result_or_document
artifacts\benchmark_runs\language\training_system_search_20260712\semantic_successor_t1k2_rank32_stride24_350_seed13\state.json,711,.json,result_or_document
artifacts\benchmark_runs\language\training_system_search_20260712\semantic_successor_t2k3_rank32_stride24_350_seed13\checkpoint.pt,460185830,.pt,heavy_artifact
artifacts\benchmark_runs\language\training_system_search_20260712\semantic_successor_t2k3_rank32_stride24_350_seed13\result.json,2195,.json,result_or_document
artifacts\benchmark_runs\language\training_system_search_20260712\semantic_successor_t2k3_rank32_stride24_350_seed13\state.json,708,.json,result_or_document
artifacts\benchmark_runs\language\training_system_search_20260712\semantic_successor_train.py,6754,.py,source_or_command
artifacts\benchmark_runs\language\training_system_search_20260712\sketch_recall_probe.py,8294,.py,source_or_command
artifacts\benchmark_runs\language\training_system_search_20260712\sketch_recall_probe_1024.json,417,.json,result_or_document
artifacts\benchmark_runs\language\training_system_search_20260712\sketch_recall_probe_2048.json,415,.json,result_or_document
artifacts\benchmark_runs\language\training_system_search_20260712\sorted_induction_identity_rank192_stride12_vocab4096_350_seed13\checkpoint.pt,459977106,.pt,heavy_artifact
artifacts\benchmark_runs\language\training_system_search_20260712\sorted_induction_identity_rank192_stride12_vocab4096_350_seed13\result.json,3470,.json,result_or_document
artifacts\benchmark_runs\language\training_system_search_20260712\sorted_induction_identity_rank192_stride12_vocab4096_350_seed13\state.json,749,.json,result_or_document
artifacts\benchmark_runs\language\training_system_search_20260712\sorted_induction_identity_rank192_stride24_vocab4096_350_seed13\checkpoint.pt,459976658,.pt,heavy_artifact
artifacts\benchmark_runs\language\training_system_search_20260712\sorted_induction_identity_rank192_stride24_vocab4096_350_seed13\result.json,2238,.json,result_or_document
artifacts\benchmark_runs\language\training_system_search_20260712\sorted_induction_identity_rank192_stride24_vocab4096_350_seed13\state.json,751,.json,result_or_document
artifacts\benchmark_runs\language\training_system_search_20260712\sorted_induction_identity_rank192_stride24_vocab4096_350_seed17\checkpoint.pt,459976658,.pt,heavy_artifact
artifacts\benchmark_runs\language\training_system_search_20260712\sorted_induction_identity_rank192_stride24_vocab4096_350_seed17\result.json,2237,.json,result_or_document
artifacts\benchmark_runs\language\training_system_search_20260712\sorted_induction_identity_rank192_stride24_vocab4096_350_seed17\state.json,750,.json,result_or_document
artifacts\benchmark_runs\language\training_system_search_20260712\sorted_induction_train.py,4101,.py,source_or_command
artifacts\benchmark_runs\language\training_system_search_20260712\sparse_exact512_identity_rank192_fast150_lr800_seed13\checkpoint.pt,459975186,.pt,heavy_artifact
artifacts\benchmark_runs\language\training_system_search_20260712\sparse_exact512_identity_rank192_fast150_lr800_seed13\result.json,3240,.json,result_or_document
artifacts\benchmark_runs\language\training_system_search_20260712\sparse_exact512_identity_rank192_fast150_lr800_seed13\state.json,721,.json,result_or_document
artifacts\benchmark_runs\language\training_system_search_20260712\sparse_exact512_identity_rank192_stride12_vocab4096_350_seed13\checkpoint.pt,459976018,.pt,heavy_artifact
artifacts\benchmark_runs\language\training_system_search_20260712\sparse_exact512_identity_rank192_stride12_vocab4096_350_seed13\state.json,1580,.json,result_or_document
artifacts\benchmark_runs\language\training_system_search_20260712\sparse_exact_recall_train.py,3619,.py,source_or_command
artifacts\benchmark_runs\language\training_system_search_20260712\sparse_exact_recency128_identity_rank192_stride12_vocab4096_350_seed13\checkpoint.pt,459977106,.pt,heavy_artifact
artifacts\benchmark_runs\language\training_system_search_20260712\sparse_exact_recency128_identity_rank192_stride12_vocab4096_350_seed13\result.json,3491,.json,result_or_document
artifacts\benchmark_runs\language\training_system_search_20260712\sparse_exact_recency128_identity_rank192_stride12_vocab4096_350_seed13\state.json,772,.json,result_or_document
artifacts\benchmark_runs\language\training_system_search_20260712\sparse_exact_unique128_identity_rank192_stride12_vocab4096_350_seed13\checkpoint.pt,459977106,.pt,heavy_artifact
artifacts\benchmark_runs\language\training_system_search_20260712\sparse_exact_unique128_identity_rank192_stride12_vocab4096_350_seed13\result.json,3486,.json,result_or_document
artifacts\benchmark_runs\language\training_system_search_20260712\sparse_exact_unique128_identity_rank192_stride12_vocab4096_350_seed13\state.json,766,.json,result_or_document
artifacts\benchmark_runs\language\training_system_search_20260712\sparse_exact_unique512_identity_rank128_stride12_vocab4096_350_seed13\checkpoint.pt,420982674,.pt,heavy_artifact
artifacts\benchmark_runs\language\training_system_search_20260712\sparse_exact_unique512_identity_rank128_stride12_vocab4096_350_seed13\result.json,3492,.json,result_or_document
artifacts\benchmark_runs\language\training_system_search_20260712\sparse_exact_unique512_identity_rank128_stride12_vocab4096_350_seed13\state.json,769,.json,result_or_document
artifacts\benchmark_runs\language\training_system_search_20260712\sparse_exact_unique512_identity_rank192_stride12_vocab4096_350_seed13\checkpoint.pt,459977106,.pt,heavy_artifact
artifacts\benchmark_runs\language\training_system_search_20260712\sparse_exact_unique512_identity_rank192_stride12_vocab4096_350_seed13\result.json,3490,.json,result_or_document
artifacts\benchmark_runs\language\training_system_search_20260712\sparse_exact_unique512_identity_rank192_stride12_vocab4096_350_seed13\state.json,769,.json,result_or_document
artifacts\benchmark_runs\language\training_system_search_20260712\spectral_ffn_probe.py,4631,.py,source_or_command
artifacts\benchmark_runs\language\training_system_search_20260712\spectral_ffn_probe_result.json,400,.json,result_or_document
artifacts\benchmark_runs\language\training_system_search_20260712\wallclock290_collapsed_rotating_stride8_seed13\checkpoint.pt,485171490,.pt,heavy_artifact
artifacts\benchmark_runs\language\training_system_search_20260712\wallclock290_collapsed_rotating_stride8_seed13\result.json,2179,.json,result_or_document
artifacts\benchmark_runs\language\training_system_search_20260712\wallclock290_collapsed_rotating_stride8_seed13\state.json,699,.json,result_or_document
artifacts\benchmark_runs\language\training_system_search_20260712\wallclock290_collapsed_stride8_seed13\checkpoint.pt,485171490,.pt,heavy_artifact
artifacts\benchmark_runs\language\training_system_search_20260712\wallclock290_collapsed_stride8_seed13\result.json,2155,.json,result_or_document
artifacts\benchmark_runs\language\training_system_search_20260712\wallclock290_collapsed_stride8_seed13\state.json,673,.json,result_or_document
artifacts\benchmark_runs\language\training_system_search_20260712\wallclock350_collapsed_rotating_stride8_vocab4096_seed13\checkpoint.pt,485172066,.pt,heavy_artifact
artifacts\benchmark_runs\language\training_system_search_20260712\wallclock350_collapsed_rotating_stride8_vocab4096_seed13\result.json,2211,.json,result_or_document
artifacts\benchmark_runs\language\training_system_search_20260712\wallclock350_collapsed_rotating_stride8_vocab4096_seed13\state.json,729,.json,result_or_document
artifacts\benchmark_runs\language\training_system_search_20260712\wallclock380_collapsed_rotating_stride8_vocab2048_matched_seed13\checkpoint.pt,476973282,.pt,heavy_artifact
artifacts\benchmark_runs\language\training_system_search_20260712\wallclock380_collapsed_rotating_stride8_vocab2048_matched_seed13\result.json,2206,.json,result_or_document
artifacts\benchmark_runs\language\training_system_search_20260712\wallclock380_collapsed_rotating_stride8_vocab2048_matched_seed13\state.json,748,.json,result_or_document
artifacts\benchmark_runs\language\training_system_search_20260712\wallclock380_collapsed_rotating_stride8_vocab2048_seed13\checkpoint.pt,476973282,.pt,heavy_artifact
artifacts\benchmark_runs\language\training_system_search_20260712\wallclock380_collapsed_rotating_stride8_vocab2048_seed13\result.json,2201,.json,result_or_document
artifacts\benchmark_runs\language\training_system_search_20260712\wallclock380_collapsed_rotating_stride8_vocab2048_seed13\state.json,723,.json,result_or_document
artifacts\benchmark_runs\language\training_system_search_20260712\wsl_gated_delta_induction_train.py,3843,.py,source_or_command
artifacts\benchmark_runs\language\training_system_search_20260712\wsl_gdn_hybrid_induction_stride24_350_seed13\state.json,568,.json,result_or_document
artifacts\benchmark_runs\language\wave10_lowrank_conv_memory_20260604\host_2080_lowrank_conv_memory_stride4_60m.stderr.log,3206,.log,result_or_document
artifacts\benchmark_runs\language\wave10_lowrank_conv_memory_20260604\host_2080_lowrank_conv_memory_stride4_60m.stdout.log,2278,.log,result_or_document
artifacts\benchmark_runs\language\wave10_lowrank_conv_memory_20260604\host_2080_lowrank_conv_memory_stride4_continue100m.stderr.log,0,.log,result_or_document
artifacts\benchmark_runs\language\wave10_lowrank_conv_memory_20260604\host_2080_lowrank_conv_memory_stride4_continue100m.stdout.log,2021,.log,result_or_document
artifacts\benchmark_runs\language\wave10_lowrank_conv_memory_20260604\host_2080_lowrank_conv_memory_stride4_continue300m.stderr.log,0,.log,result_or_document
artifacts\benchmark_runs\language\wave10_lowrank_conv_memory_20260604\host_2080_lowrank_conv_memory_stride4_continue300m.stdout.log,2698,.log,result_or_document
artifacts\benchmark_runs\language\wave10_lowrank_conv_memory_20260604\wave10_host2080_lowrank_conv_memory_stride4_60m\checkpoint.pt,614768434,.pt,heavy_artifact
artifacts\benchmark_runs\language\wave10_lowrank_conv_memory_20260604\wave10_host2080_lowrank_conv_memory_stride4_60m\result.json,2115,.json,result_or_document
artifacts\benchmark_runs\language\wave10_lowrank_conv_memory_20260604\wave10_host2080_lowrank_conv_memory_stride4_60m\state.json,714,.json,result_or_document
artifacts\benchmark_runs\language\wave10_lowrank_conv_memory_20260604\wave10_host2080_lowrank_conv_memory_stride4_continue100m\checkpoint.pt,614804274,.pt,heavy_artifact
artifacts\benchmark_runs\language\wave10_lowrank_conv_memory_20260604\wave10_host2080_lowrank_conv_memory_stride4_continue100m\result.json,2711,.json,result_or_document
artifacts\benchmark_runs\language\wave10_lowrank_conv_memory_20260604\wave10_host2080_lowrank_conv_memory_stride4_continue100m\state.json,738,.json,result_or_document
artifacts\benchmark_runs\language\wave10_lowrank_conv_memory_20260604\wave10_host2080_lowrank_conv_memory_stride4_continue300m\checkpoint.pt,614893042,.pt,heavy_artifact
artifacts\benchmark_runs\language\wave10_lowrank_conv_memory_20260604\wave10_host2080_lowrank_conv_memory_stride4_continue300m\state.json,634,.json,result_or_document
artifacts\benchmark_runs\language\wave12_token_gated_lowrank_conv_memory_20260604\host_2080_token_gated_lowrank_conv_memory_stride4_60m.stdout.log,76,.log,result_or_document
artifacts\benchmark_runs\language\wave1_arch_sweep_20260604\manifest.json,5452,.json,result_or_document
artifacts\benchmark_runs\language\wave1_arch_sweep_20260604\results_summary.json,4638,.json,result_or_document
artifacts\benchmark_runs\language\wave2_promote_dense_anchor_20260604\manifest.json,3540,.json,result_or_document
artifacts\benchmark_runs\language\wave3_gated_block_20260604\host_2080_gated.stderr.log,0,.log,result_or_document
artifacts\benchmark_runs\language\wave3_gated_block_20260604\host_2080_gated.stdout.log,4030,.log,result_or_document
artifacts\benchmark_runs\language\wave3_gated_block_20260604\host_2080_gated_stride4.stderr.log,0,.log,result_or_document
artifacts\benchmark_runs\language\wave3_gated_block_20260604\host_2080_gated_stride4.stdout.log,4257,.log,result_or_document
artifacts\benchmark_runs\language\wave3_gated_block_20260604\host_2080_memory_stride4.stderr.log,0,.log,result_or_document
artifacts\benchmark_runs\language\wave3_gated_block_20260604\host_2080_memory_stride4.stdout.log,4300,.log,result_or_document
artifacts\benchmark_runs\language\wave3_gated_block_20260604\host_2080_stride4.stderr.log,0,.log,result_or_document
artifacts\benchmark_runs\language\wave3_gated_block_20260604\host_2080_stride4.stdout.log,4277,.log,result_or_document
artifacts\benchmark_runs\language\wave3_gated_block_20260604\manifest.json,4091,.json,result_or_document
artifacts\benchmark_runs\language\wave3_gated_block_20260604\results_summary.json,4818,.json,result_or_document
artifacts\benchmark_runs\language\wave3_gated_block_20260604\run_host_2080_gated.ps1,1430,.ps1,source_or_command
artifacts\benchmark_runs\language\wave3_gated_block_20260604\run_host_2080_gated_stride4.ps1,1430,.ps1,source_or_command
artifacts\benchmark_runs\language\wave3_gated_block_20260604\run_host_2080_memory_stride4.ps1,1455,.ps1,source_or_command
artifacts\benchmark_runs\language\wave3_gated_block_20260604\run_host_2080_stride4.ps1,1436,.ps1,source_or_command
artifacts\benchmark_runs\language\wave3_gated_block_20260604\wave3_host2080_dense_stride4_60m\checkpoint.pt,657725426,.pt,heavy_artifact
artifacts\benchmark_runs\language\wave3_gated_block_20260604\wave3_host2080_dense_stride4_60m\result.json,1952,.json,result_or_document
artifacts\benchmark_runs\language\wave3_gated_block_20260604\wave3_host2080_dense_stride4_60m\state.json,650,.json,result_or_document
artifacts\benchmark_runs\language\wave3_gated_block_20260604\wave3_host2080_gated_45m_stride8\checkpoint.pt,622213618,.pt,heavy_artifact
artifacts\benchmark_runs\language\wave3_gated_block_20260604\wave3_host2080_gated_45m_stride8\result.json,1942,.json,result_or_document
artifacts\benchmark_runs\language\wave3_gated_block_20260604\wave3_host2080_gated_45m_stride8\state.json,649,.json,result_or_document
artifacts\benchmark_runs\language\wave3_gated_block_20260604\wave3_host2080_gated_stride4_60m\checkpoint.pt,622226930,.pt,heavy_artifact
artifacts\benchmark_runs\language\wave3_gated_block_20260604\wave3_host2080_gated_stride4_60m\result.json,1939,.json,result_or_document
artifacts\benchmark_runs\language\wave3_gated_block_20260604\wave3_host2080_gated_stride4_60m\state.json,644,.json,result_or_document
artifacts\benchmark_runs\language\wave3_gated_block_20260604\wave3_host2080_memory_stride4_60m\checkpoint.pt,604419122,.pt,heavy_artifact
artifacts\benchmark_runs\language\wave3_gated_block_20260604\wave3_host2080_memory_stride4_60m\result.json,1972,.json,result_or_document
artifacts\benchmark_runs\language\wave3_gated_block_20260604\wave3_host2080_memory_stride4_60m\state.json,653,.json,result_or_document
artifacts\benchmark_runs\language\wave5_landmark_attention_20260604\host_2080_landmark_stride4.stderr.log,0,.log,result_or_document
artifacts\benchmark_runs\language\wave5_landmark_attention_20260604\host_2080_landmark_stride4.stdout.log,4400,.log,result_or_document
artifacts\benchmark_runs\language\wave5_landmark_attention_20260604\run_host_2080_landmark_stride4.ps1,1408,.ps1,source_or_command
artifacts\benchmark_runs\language\wave5_landmark_attention_20260604\wave5_host2080_landmark_stride4_60m\checkpoint.pt,641779698,.pt,heavy_artifact
artifacts\benchmark_runs\language\wave5_landmark_attention_20260604\wave5_host2080_landmark_stride4_60m\result.json,2054,.json,result_or_document
artifacts\benchmark_runs\language\wave5_landmark_attention_20260604\wave5_host2080_landmark_stride4_60m\state.json,669,.json,result_or_document
artifacts\benchmark_runs\language\wave6_multiscale_20260604\host_2080_multiscale_continue100m.stderr.log,0,.log,result_or_document
artifacts\benchmark_runs\language\wave6_multiscale_20260604\host_2080_multiscale_continue100m.stdout.log,5687,.log,result_or_document
artifacts\benchmark_runs\language\wave6_multiscale_20260604\host_2080_multiscale_continue300m.stderr.log,0,.log,result_or_document
artifacts\benchmark_runs\language\wave6_multiscale_20260604\host_2080_multiscale_continue300m.stdout.log,9086,.log,result_or_document
artifacts\benchmark_runs\language\wave6_multiscale_20260604\host_2080_multiscale_stride4.stderr.log,0,.log,result_or_document
artifacts\benchmark_runs\language\wave6_multiscale_20260604\host_2080_multiscale_stride4.stdout.log,4389,.log,result_or_document
artifacts\benchmark_runs\language\wave6_multiscale_20260604\run_host_2080_multiscale_continue100m.ps1,1585,.ps1,source_or_command
artifacts\benchmark_runs\language\wave6_multiscale_20260604\run_host_2080_multiscale_continue300m.ps1,1471,.ps1,source_or_command
artifacts\benchmark_runs\language\wave6_multiscale_20260604\run_host_2080_multiscale_stride4.ps1,1345,.ps1,source_or_command
artifacts\benchmark_runs\language\wave6_multiscale_20260604\samples_host2080_multiscale_continue100m_80_20260604.run.log,356,.log,result_or_document
artifacts\benchmark_runs\language\wave6_multiscale_20260604\samples_host2080_multiscale_continue100m_80_20260604.txt,41081,.txt,result_or_document
artifacts\benchmark_runs\language\wave6_multiscale_20260604\wave6_host2080_multiscale_stride4_60m\checkpoint.pt,612562642,.pt,heavy_artifact
artifacts\benchmark_runs\language\wave6_multiscale_20260604\wave6_host2080_multiscale_stride4_60m\result.json,2043,.json,result_or_document
artifacts\benchmark_runs\language\wave6_multiscale_20260604\wave6_host2080_multiscale_stride4_60m\state.json,663,.json,result_or_document
artifacts\benchmark_runs\language\wave6_multiscale_20260604\wave6_host2080_multiscale_stride4_continue100m\checkpoint.pt,612598610,.pt,heavy_artifact
artifacts\benchmark_runs\language\wave6_multiscale_20260604\wave6_host2080_multiscale_stride4_continue100m\result.json,2831,.json,result_or_document
artifacts\benchmark_runs\language\wave6_multiscale_20260604\wave6_host2080_multiscale_stride4_continue100m\state.json,687,.json,result_or_document
artifacts\benchmark_runs\language\wave6_multiscale_20260604\wave6_host2080_multiscale_stride4_continue300m\checkpoint.pt,612776018,.pt,heavy_artifact
artifacts\benchmark_runs\language\wave6_multiscale_20260604\wave6_host2080_multiscale_stride4_continue300m\result.json,3249,.json,result_or_document
artifacts\benchmark_runs\language\wave6_multiscale_20260604\wave6_host2080_multiscale_stride4_continue300m\state.json,689,.json,result_or_document
artifacts\benchmark_runs\language\wave7_dilated_multiscale_20260604\host_2080_dilated_multiscale_stride4_60m.stderr.log,0,.log,result_or_document
artifacts\benchmark_runs\language\wave7_dilated_multiscale_20260604\host_2080_dilated_multiscale_stride4_60m.stdout.log,4483,.log,result_or_document
artifacts\benchmark_runs\language\wave7_dilated_multiscale_20260604\queue_after_host_multiscale_continue300m.ps1,956,.ps1,source_or_command
artifacts\benchmark_runs\language\wave7_dilated_multiscale_20260604\queue_after_host_multiscale_continue300m.stderr.log,0,.log,result_or_document
artifacts\benchmark_runs\language\wave7_dilated_multiscale_20260604\queue_after_host_multiscale_continue300m.stdout.log,577,.log,result_or_document
artifacts\benchmark_runs\language\wave7_dilated_multiscale_20260604\run_host_2080_dilated_multiscale_stride4_60m.ps1,1321,.ps1,source_or_command
artifacts\benchmark_runs\language\wave7_dilated_multiscale_20260604\wave7_host2080_dilated_multiscale_stride4_60m\checkpoint.pt,612567570,.pt,heavy_artifact
artifacts\benchmark_runs\language\wave7_dilated_multiscale_20260604\wave7_host2080_dilated_multiscale_stride4_60m\result.json,2086,.json,result_or_document
artifacts\benchmark_runs\language\wave7_dilated_multiscale_20260604\wave7_host2080_dilated_multiscale_stride4_60m\state.json,700,.json,result_or_document
artifacts\benchmark_runs\language\wave8_adaptive_multiscale_20260604\host_2080_adaptive_multiscale_stride4_60m.stderr.log,0,.log,result_or_document
artifacts\benchmark_runs\language\wave8_adaptive_multiscale_20260604\host_2080_adaptive_multiscale_stride4_60m.stdout.log,4531,.log,result_or_document
artifacts\benchmark_runs\language\wave8_adaptive_multiscale_20260604\queue_after_host_dilated_60m.ps1,1061,.ps1,source_or_command
artifacts\benchmark_runs\language\wave8_adaptive_multiscale_20260604\queue_after_host_dilated_60m.stderr.log,0,.log,result_or_document
artifacts\benchmark_runs\language\wave8_adaptive_multiscale_20260604\queue_after_host_dilated_60m.stdout.log,610,.log,result_or_document
artifacts\benchmark_runs\language\wave8_adaptive_multiscale_20260604\run_host_2080_adaptive_multiscale_stride4_60m.ps1,1414,.ps1,source_or_command
artifacts\benchmark_runs\language\wave8_adaptive_multiscale_20260604\wave8_host2080_adaptive_multiscale_stride4_60m\checkpoint.pt,612611186,.pt,heavy_artifact
artifacts\benchmark_runs\language\wave8_adaptive_multiscale_20260604\wave8_host2080_adaptive_multiscale_stride4_60m\result.json,2096,.json,result_or_document
artifacts\benchmark_runs\language\wave8_adaptive_multiscale_20260604\wave8_host2080_adaptive_multiscale_stride4_60m\state.json,706,.json,result_or_document
artifacts\benchmark_runs\language\wave9_multiscale_memory_20260604\host_2080_multiscale_memory_stride4_60m.stderr.log,0,.log,result_or_document
artifacts\benchmark_runs\language\wave9_multiscale_memory_20260604\host_2080_multiscale_memory_stride4_60m.stdout.log,4508,.log,result_or_document
artifacts\benchmark_runs\language\wave9_multiscale_memory_20260604\queue_after_host_adaptive_60m.ps1,1056,.ps1,source_or_command
artifacts\benchmark_runs\language\wave9_multiscale_memory_20260604\queue_after_host_adaptive_60m.stderr.log,0,.log,result_or_document
artifacts\benchmark_runs\language\wave9_multiscale_memory_20260604\queue_after_host_adaptive_60m.stdout.log,601,.log,result_or_document
artifacts\benchmark_runs\language\wave9_multiscale_memory_20260604\run_host_2080_multiscale_memory_stride4_60m.ps1,1430,.ps1,source_or_command
artifacts\benchmark_runs\language\wave9_multiscale_memory_20260604\wave9_host2080_multiscale_memory_stride4_60m\checkpoint.pt,614569234,.pt,heavy_artifact
artifacts\benchmark_runs\language\wave9_multiscale_memory_20260604\wave9_host2080_multiscale_memory_stride4_60m\result.json,2084,.json,result_or_document
artifacts\benchmark_runs\language\wave9_multiscale_memory_20260604\wave9_host2080_multiscale_memory_stride4_60m\state.json,697,.json,result_or_document
artifacts\watch_runs\nanochat_watch_50m_20260328_retry2\final.json,4452,.json,result_or_document
artifacts\watch_runs\nanochat_watch_50m_20260328_retry2\metrics.jsonl,44745,.jsonl,result_or_document
artifacts\watch_runs\nanochat_watch_50m_20260328_retry2\state.json,430,.json,result_or_document
artifacts\watch_runs\partial_untied_watch_50m_20260328\final.json,4303,.json,result_or_document
artifacts\watch_runs\partial_untied_watch_50m_20260328\metrics.jsonl,42804,.jsonl,result_or_document
artifacts\watch_runs\partial_untied_watch_50m_20260328\state.json,427,.json,result_or_document
