label,regime,points,max_tokens,final_val_loss,best_val_loss,best_tokens,params,throughput,peak_vram_mb,kind,source
wave10_76m_to5b_clean_loss_so_far_20260615 [20260604-022628-5c855b],long_context_lm,31,5000000160.0,4.5841,4.5841,5000000160.0,,,,csv_curve,E:\CODEXRESEARCH\house_compute_hub\runs\20260604-022628-5c855b\mwstroud-mwstr-6aea1cf3.log
wave10_76m_to5b_loss_so_far_20260615 [20260615-141307-266267],long_context_lm,19,4013200000.0,4.0899,4.0899,4013200000.0,,,,csv_curve,E:\CODEXRESEARCH\house_compute_hub\runs\20260615-141307-266267\mwstroud-mwstr-6aea1cf3.log
language_longseq_anchor16_80m_fresh1b_after2b_seq10160_seed13_20260603/causal_conv_mixer_sampled_vocab_anchor16,long_context_lm,35,3204728160.0,4.805925071239471,4.771521881222725,2500122000.0,79999460.0,85099.54025544506,3473.3212890625,json_history,artifacts\benchmark_runs\language\longseq_anchor16_80m_fresh1b_after2b_20260603\language_longseq_anchor16_80m_fresh1b_after2b_seq10160_seed13_20260603.json
language_longseq_anchor16_80m_fresh1b_after2b_seq10160_seed13_20260603/causal_conv_mixer_sampled_vocab_anchor16 [longseq_anchor16_80m_fresh1b_after2b_20260603],long_context_lm,34,3204728160.0,4.805925071239471,4.771521881222725,2500122000.0,79999460.0,85099.54025544506,3473.3212890625,csv_curve,artifacts\benchmark_runs\language\longseq_anchor16_80m_fresh1b_after2b_20260603\language_longseq_anchor16_80m_fresh1b_after2b_seq10160_seed13_20260603.json
wave10_76m_actual_loss_so_far_20260615 [20260615-133335-509e45],long_context_lm,4,3048000000.0,4.124,4.124,3048000000.0,,,,csv_curve,E:\CODEXRESEARCH\house_compute_hub\runs\20260615-133335-509e45\mwstroud-mwstr-6aea1cf3.log
wave10_76m_to5b_loss_so_far_20260615 [20260614-235439-ba54d5],long_context_lm,7,2540000000.0,4.1525,4.1523,2489200000.0,,,,csv_curve,E:\CODEXRESEARCH\house_compute_hub\runs\20260614-235439-ba54d5\mwstroud-mwstr-6aea1cf3.log
wave10_76m_to5b_loss_so_far_20260615 [20260605-024617-ebeaa2],long_context_lm,22,2200107360.0,4.1517,4.1517,2200107360.0,,,,csv_curve,E:\CODEXRESEARCH\house_compute_hub\runs\20260605-024617-ebeaa2\mwstroud-mwstr-6aea1cf3.log
longseq_anchor16_160m_2b_cosine_20260603_restart2 [20260603-181136-f3f589],long_context_lm,18,2000006160.0,4.6422,4.6422,2000006160.0,,,,csv_curve,E:\CODEXRESEARCH\house_compute_hub\runs\20260603-181136-f3f589\mwstroud-mwstr-6aea1cf3.log
full_loss_80m_vs_160m,other,20,2000006160.0,4.8262,4.8169,1800087840.0,,,,csv_curve,artifacts\benchmark_runs\language\compare_80m_160m_loss_20260603\full_loss_80m_vs_160m.csv
language_longseq_anchor16_80m_2b_lr1e3_seq10160_seed13_20260603/causal_conv_mixer_sampled_vocab_anchor16,long_context_lm,21,2000006160.0,4.826209872961044,4.816918730735779,1800087840.0,79999460.0,88294.77977752594,3178.03857421875,json_history,artifacts\benchmark_runs\language\language_longseq_anchor16_80m_2b_lr1e3_seq10160_seed13_20260603.json
language_longseq_anchor16_80m_2b_lr1e3_seq10160_seed13_20260603/causal_conv_mixer_sampled_vocab_anchor16 [language],long_context_lm,20,2000006160.0,4.826209872961044,4.816918730735779,1800087840.0,79999460.0,88294.77977752594,3178.03857421875,csv_curve,artifacts\benchmark_runs\language\language_longseq_anchor16_80m_2b_lr1e3_seq10160_seed13_20260603.json
longseq_anchor16_80m_600m_2060_20260603_1845 [20260603-184409-9ceb40],long_context_lm,6,600029280.0,4.9125,4.9125,600029280.0,,,,csv_curve,E:\CODEXRESEARCH\house_compute_hub\runs\20260603-184409-9ceb40\Chichen-JoshS-10a81805.log
longseq_anchor16_40m_600m_4060ti_20260603_1812 [20260603-181305-c1d854],long_context_lm,6,600029280.0,4.9599,4.9599,600029280.0,,,,csv_curve,E:\CODEXRESEARCH\house_compute_hub\runs\20260603-181305-c1d854\t-mwstr-07260bd4.log
600M,long_context_lm,1,600029280.0,5.094722971320152,5.094722971320152,600029280.0,,,,csv_curve,artifacts\benchmark_runs\language\language_longseq_anchor16_40m_100m_300m_600m_val_points_20260602.csv
language_longseq_anchor16_40m_600m_seq10160_seed13_20260602/causal_conv_mixer_sampled_vocab_anchor16,long_context_lm,3,600029280.0,5.094722971320152,5.094722971320152,600029280.0,40100417.0,137335.66151566792,2450.6923828125,json_history,artifacts\benchmark_runs\language\language_longseq_anchor16_40m_600m_seq10160_seed13_20260602.json
wave6_3080_multiscale_stride4_continue500m_total49215_resume_after_cuda [20260604-205451-0ffce6],long_context_lm,1,500024400.0,4.7431,4.7431,500024400.0,,,,csv_curve,E:\CODEXRESEARCH\house_compute_hub\runs\20260604-205451-0ffce6\mwstroud-mwstr-6aea1cf3.log
wave4_3080_dense_stride4_fresh_continue500m [20260604-180347-2a8730],long_context_lm,4,500024400.0,4.7682,4.7682,500024400.0,,,,csv_curve,E:\CODEXRESEARCH\house_compute_hub\runs\20260604-180347-2a8730\mwstroud-mwstr-6aea1cf3.log
wave2_3080_dense_stride8_90m_continue500m [20260604-163118-2e4251],long_context_lm,4,500024400.0,4.7943,4.7943,500024400.0,,,,csv_curve,E:\CODEXRESEARCH\house_compute_hub\runs\20260604-163118-2e4251\mwstroud-mwstr-6aea1cf3.log
wave6_3080_multiscale_stride4_continue500m_total49215 [20260604-202043-ffd781],long_context_lm,1,400019520.0,4.7744,4.7744,400019520.0,,,,csv_curve,E:\CODEXRESEARCH\house_compute_hub\runs\20260604-202043-ffd781\mwstroud-mwstr-6aea1cf3.log
wave4_4060_dense_stride4_continue500m [20260604-191304-307977],long_context_lm,2,399999200.0,4.8873,4.8873,399999200.0,,,,csv_curve,E:\CODEXRESEARCH\house_compute_hub\runs\20260604-191304-307977\t-mwstr-07260bd4.log
wave10_host2080_lowrank_conv_memory_stride4_continue300m_shifted_to_3080_retry1 [20260605-011144-50d666],long_context_lm,1,300014640.0,4.6809,4.6809,300014640.0,,,,csv_curve,E:\CODEXRESEARCH\house_compute_hub\runs\20260605-011144-50d666\mwstroud-mwstr-6aea1cf3.log
wave6_4060_multiscale_stride4_continue300m [20260604-191304-3fe8cd],long_context_lm,3,300014640.0,4.7892,4.7892,300014640.0,,,,csv_curve,E:\CODEXRESEARCH\house_compute_hub\runs\20260604-191304-3fe8cd\t-mwstr-07260bd4.log
wave6_3080_multiscale_stride4_continue300m [20260604-193841-a8232f],long_context_lm,2,300014640.0,4.814,4.814,300014640.0,,,,csv_curve,E:\CODEXRESEARCH\house_compute_hub\runs\20260604-193841-a8232f\mwstroud-mwstr-6aea1cf3.log
wave6_host2080_multiscale_stride4_continue300m,long_context_lm,2,300014640.0,4.8792,4.8792,300014640.0,,,,log_eval,artifacts\benchmark_runs\language\wave6_multiscale_20260604\host_2080_multiscale_continue300m.stdout.log
wave6_host2080_multiscale_stride4_continue300m/standalone_longseq_anchor_train,long_context_lm,6,300014640.0,4.879228965097212,4.879228965097212,300014640.0,51037745.0,68884.05176542787,4507.6015625,json_report_history,artifacts\benchmark_runs\language\wave6_multiscale_20260604\wave6_host2080_multiscale_stride4_continue300m\result.json
wave4_4060_dense_stride4_continue300m [20260604-175518-85b379],long_context_lm,3,300014640.0,4.9309,4.9309,300014640.0,,,,csv_curve,E:\CODEXRESEARCH\house_compute_hub\runs\20260604-175518-85b379\t-mwstr-07260bd4.log
wave8_2060_multiscale_stride4_continue300m [20260604-192237-248694],long_context_lm,2,300014640.0,4.9968,4.9968,300014640.0,,,,csv_curve,E:\CODEXRESEARCH\house_compute_hub\runs\20260604-192237-248694\Chichen-JoshS-10a81805.log
wave2_4060_dense_stride8_60m_continue300m [20260604-163119-78203f],long_context_lm,3,300014640.0,5.011,5.011,300014640.0,,,,csv_curve,E:\CODEXRESEARCH\house_compute_hub\runs\20260604-163119-78203f\t-mwstr-07260bd4.log
300M,long_context_lm,1,300014640.0,5.357350170612335,5.357350170612335,300014640.0,,,,csv_curve,artifacts\benchmark_runs\language\language_longseq_anchor16_40m_100m_300m_600m_val_points_20260602.csv
language_longseq_anchor16_40m_300m_seq10160_seed13_20260602/causal_conv_mixer_sampled_vocab_anchor16,long_context_lm,2,300014640.0,5.357350170612335,5.357350170612335,300014640.0,40100417.0,119882.12256833345,2450.86474609375,json_history,artifacts\benchmark_runs\language\language_longseq_anchor16_40m_300m_seq10160_seed13_20260602.json
wave10_host2080_lowrank_conv_memory_stride4_continue300m,long_context_lm,1,200009760.0,4.8113,4.8113,200009760.0,,,,log_eval,artifacts\benchmark_runs\language\wave10_lowrank_conv_memory_20260604\host_2080_lowrank_conv_memory_stride4_continue300m.stdout.log
wave10_2060_lowrank_conv_memory_stride4_continue300m [20260604-205817-df624b],long_context_lm,1,200009760.0,4.9206,4.9206,200009760.0,,,,csv_curve,E:\CODEXRESEARCH\house_compute_hub\runs\20260604-205817-df624b\Chichen-JoshS-10a81805.log
longseq_anchor16_160m_2b_cosine_20260603_restart2 [20260603-134457-2c1802],long_context_lm,2,200009760.0,5.3055,5.3055,200009760.0,,,,csv_curve,E:\CODEXRESEARCH\house_compute_hub\runs\20260603-134457-2c1802\mwstroud-mwstr-6aea1cf3.log
wave10_3080_lowrank_conv_memory_stride4_100m_fresh [20260604-210436-c98623],long_context_lm,1,100004880.0,4.9289,4.9289,100004880.0,,,,csv_curve,E:\CODEXRESEARCH\house_compute_hub\runs\20260604-210436-c98623\mwstroud-mwstr-6aea1cf3.log
wave13_2060_lowrank_conv_memory_memoryrank128_stride4_100m [20260605-015212-267bfb],long_context_lm,1,100004880.0,5.0399,5.0399,100004880.0,,,,csv_curve,E:\CODEXRESEARCH\house_compute_hub\runs\20260605-015212-267bfb\Chichen-JoshS-10a81805.log
wave10_host2080_lowrank_conv_memory_stride4_continue100m,long_context_lm,2,100004880.0,5.045,5.045,100004880.0,,,,log_eval,artifacts\benchmark_runs\language\wave10_lowrank_conv_memory_20260604\host_2080_lowrank_conv_memory_stride4_continue100m.stdout.log
wave10_host2080_lowrank_conv_memory_stride4_continue100m/standalone_longseq_anchor_train,long_context_lm,3,100004880.0,5.045041977952471,5.045041977952471,100004880.0,51220529.0,67075.59449670336,4604.36328125,json_report_history,artifacts\benchmark_runs\language\wave10_lowrank_conv_memory_20260604\wave10_host2080_lowrank_conv_memory_stride4_continue100m\result.json
control_2080_40m_100m_seed13_common600m_20260617_0222,long_context_lm,11,100004880.0,5.074,5.0739,99974400.0,,,,log_eval,artifacts\benchmark_runs\language\token_recall_search_20260617_100m\control_2080_40m_100m_seed13_common600m_20260617_0222\run.log
control_2080_40m_100m_seed13_common600m_20260617_0222/standalone_longseq_anchor_train,long_context_lm,11,100004880.0,5.074035842141767,5.073942208642096,99974400.0,40437009.0,32787.050771578746,3443.89013671875,json_report_history,artifacts\benchmark_runs\language\token_recall_search_20260617_100m\control_2080_40m_100m_seed13_common600m_20260617_0222\result.json
wave6_3080_multiscale_stride4_fresh100m [20260604-184448-07692f],long_context_lm,1,100004880.0,5.1293,5.1293,100004880.0,,,,csv_curve,E:\CODEXRESEARCH\house_compute_hub\runs\20260604-184448-07692f\mwstroud-mwstr-6aea1cf3.log
wave10_2060_lowrank_conv_memory_stride4_continue100m [20260604-203858-cf1b20],long_context_lm,3,100004880.0,5.1484,5.1484,100004880.0,,,,csv_curve,E:\CODEXRESEARCH\house_compute_hub\runs\20260604-203858-cf1b20\Chichen-JoshS-10a81805.log
wave4_3080_dense_stride4_fresh100m [20260604-175517-ec324a],long_context_lm,1,100004880.0,5.2393,5.2393,100004880.0,,,,csv_curve,E:\CODEXRESEARCH\house_compute_hub\runs\20260604-175517-ec324a\mwstroud-mwstr-6aea1cf3.log
wave6_host2080_multiscale_stride4_continue100m,long_context_lm,3,100004880.0,5.2701,5.2701,100004880.0,,,,log_eval,artifacts\benchmark_runs\language\wave6_multiscale_20260604\host_2080_multiscale_continue100m.stdout.log
wave6_host2080_multiscale_stride4_continue100m/standalone_longseq_anchor_train,long_context_lm,4,100004880.0,5.2701041966285604,5.2701041966285604,100004880.0,51037745.0,68559.43670084,4507.412109375,json_report_history,artifacts\benchmark_runs\language\wave6_multiscale_20260604\wave6_host2080_multiscale_stride4_continue100m\result.json
wave1_3080_dense_stride8_90m_k7_100m [20260604-152638-a2ea98],long_context_lm,1,100004880.0,5.2887,5.2887,100004880.0,,,,csv_curve,E:\CODEXRESEARCH\house_compute_hub\runs\20260604-152638-a2ea98\mwstroud-mwstr-6aea1cf3.log
wave1_3080_depth4_110m_k15_stride16_100m [20260604-152638-e9d9c4],long_context_lm,1,100004880.0,5.2977,5.2977,100004880.0,,,,csv_curve,E:\CODEXRESEARCH\house_compute_hub\runs\20260604-152638-e9d9c4\mwstroud-mwstr-6aea1cf3.log
wave3_3080_gated_stride8_85m_100m [20260604-164139-5f53a1],long_context_lm,1,100004880.0,5.3393,5.3393,100004880.0,,,,csv_curve,E:\CODEXRESEARCH\house_compute_hub\runs\20260604-164139-5f53a1\mwstroud-mwstr-6aea1cf3.log
wave6_2060_multiscale_stride4_continue100m [20260604-183105-77136f],long_context_lm,3,100004880.0,5.369,5.369,100004880.0,,,,csv_curve,E:\CODEXRESEARCH\house_compute_hub\runs\20260604-183105-77136f\Chichen-JoshS-10a81805.log
wave1_3080_baseline160m_sched_control_100m [20260604-155119-b10bf5],long_context_lm,1,100004880.0,5.526,5.526,100004880.0,,,,csv_curve,E:\CODEXRESEARCH\house_compute_hub\runs\20260604-155119-b10bf5\mwstroud-mwstr-6aea1cf3.log
40m,long_context_lm,1,100004880.0,5.607791304588318,5.607791304588318,100004880.0,40100417.0,,,csv_curve,artifacts\benchmark_runs\language\language_longseq_anchor16_100m_scaling_20m_40m_20260602.csv
20m,long_context_lm,1,100004880.0,5.727572545409203,5.727572545409203,100004880.0,20034967.0,,,csv_curve,artifacts\benchmark_runs\language\language_longseq_anchor16_100m_scaling_20m_40m_20260602.csv
wave6_4060_multiscale_stride4_80m [20260604-183105-436133],long_context_lm,1,79999840.0,5.2106,5.2106,79999840.0,,,,csv_curve,E:\CODEXRESEARCH\house_compute_hub\runs\20260604-183105-436133\t-mwstr-07260bd4.log
wave7_4060_dilated_multiscale_stride4_80m [20260604-185056-ce4bdc],long_context_lm,1,79999840.0,5.2467,5.2467,79999840.0,,,,csv_curve,E:\CODEXRESEARCH\house_compute_hub\runs\20260604-185056-ce4bdc\t-mwstr-07260bd4.log
wave2_4060_dense_stride4_60m_k7_80m [20260604-163118-495c4b],long_context_lm,1,79999840.0,5.3327,5.3327,79999840.0,,,,csv_curve,E:\CODEXRESEARCH\house_compute_hub\runs\20260604-163118-495c4b\t-mwstr-07260bd4.log
wave1_4060_dense_stride8_60m_k7_80m [20260604-152639-ad36f5],long_context_lm,1,79999840.0,5.419,5.419,79999840.0,,,,csv_curve,E:\CODEXRESEARCH\house_compute_hub\runs\20260604-152639-ad36f5\t-mwstr-07260bd4.log
wave1_4060_depth4_60m_k15_stride16_80m [20260604-152639-f97a46],long_context_lm,1,79999840.0,5.4369,5.4369,79999840.0,,,,csv_curve,E:\CODEXRESEARCH\house_compute_hub\runs\20260604-152639-f97a46\t-mwstr-07260bd4.log
wave3_4060_gated_stride8_55m_80m [20260604-164140-74cc42],long_context_lm,1,79999840.0,5.4709,5.4709,79999840.0,,,,csv_curve,E:\CODEXRESEARCH\house_compute_hub\runs\20260604-164140-74cc42\t-mwstr-07260bd4.log
wave10_host2080_lowrank_conv_memory_stride4_60m,long_context_lm,1,60004960.0,5.1627,5.1627,60004960.0,,,,log_eval,artifacts\benchmark_runs\language\wave10_lowrank_conv_memory_20260604\host_2080_lowrank_conv_memory_stride4_60m.stdout.log
wave10_host2080_lowrank_conv_memory_stride4_60m/standalone_longseq_anchor_train,long_context_lm,1,60004960.0,5.162740405025132,5.162740405025132,60004960.0,51220529.0,67253.62160104814,4411.25537109375,json_report_history,artifacts\benchmark_runs\language\wave10_lowrank_conv_memory_20260604\wave10_host2080_lowrank_conv_memory_stride4_60m\result.json
wave9_host2080_multiscale_memory_stride4_60m,long_context_lm,1,60004960.0,5.3666,5.3666,60004960.0,,,,log_eval,artifacts\benchmark_runs\language\wave9_multiscale_memory_20260604\host_2080_multiscale_memory_stride4_60m.stdout.log
wave9_host2080_multiscale_memory_stride4_60m/standalone_longseq_anchor_train,long_context_lm,1,60004960.0,5.366613806545578,5.366613806545578,60004960.0,51204145.0,62314.51813766205,4407.2255859375,json_report_history,artifacts\benchmark_runs\language\wave9_multiscale_memory_20260604\wave9_host2080_multiscale_memory_stride4_60m\result.json
wave8_host2080_adaptive_multiscale_stride4_60m,long_context_lm,1,60004960.0,5.3805,5.3805,60004960.0,,,,log_eval,artifacts\benchmark_runs\language\wave8_adaptive_multiscale_20260604\host_2080_adaptive_multiscale_stride4_60m.stdout.log
wave8_host2080_adaptive_multiscale_stride4_60m/standalone_longseq_anchor_train,long_context_lm,1,60004960.0,5.380507930088544,5.380507930088544,60004960.0,51041585.0,66740.96639413181,4363.189453125,json_report_history,artifacts\benchmark_runs\language\wave8_adaptive_multiscale_20260604\wave8_host2080_adaptive_multiscale_stride4_60m\result.json
wave6_host2080_multiscale_stride4_60m/standalone_longseq_anchor_train,long_context_lm,1,60004960.0,5.382352503829115,5.382352503829115,60004960.0,51037745.0,69356.69571486996,4312.03466796875,json_report_history,artifacts\benchmark_runs\language\wave6_multiscale_20260604\wave6_host2080_multiscale_stride4_60m\result.json
wave6_host2080_multiscale_stride4_60m,long_context_lm,1,60004960.0,5.3824,5.3824,60004960.0,,,,log_eval,artifacts\benchmark_runs\language\wave6_multiscale_20260604\host_2080_multiscale_stride4.stdout.log
wave7_host2080_dilated_multiscale_stride4_60m/standalone_longseq_anchor_train,long_context_lm,1,60004960.0,5.420864054130444,5.420864054130444,60004960.0,51037745.0,66067.38276604211,4336.380859375,json_report_history,artifacts\benchmark_runs\language\wave7_dilated_multiscale_20260604\wave7_host2080_dilated_multiscale_stride4_60m\result.json
wave7_host2080_dilated_multiscale_stride4_60m,long_context_lm,1,60004960.0,5.4209,5.4209,60004960.0,,,,log_eval,artifacts\benchmark_runs\language\wave7_dilated_multiscale_20260604\host_2080_dilated_multiscale_stride4_60m.stdout.log
wave3_host2080_dense_stride4_60m/standalone_longseq_anchor_train,long_context_lm,1,60004960.0,5.4645802578901055,5.4645802578901055,60004960.0,54802353.0,75602.42340104863,4359.5458984375,json_report_history,artifacts\benchmark_runs\language\wave3_gated_block_20260604\wave3_host2080_dense_stride4_60m\result.json
wave3_host2080_dense_stride4_60m,long_context_lm,1,60004960.0,5.4646,5.4646,60004960.0,,,,log_eval,artifacts\benchmark_runs\language\wave3_gated_block_20260604\host_2080_stride4.stdout.log
wave3_host2080_memory_stride4_60m/standalone_longseq_anchor_train,long_context_lm,1,60004960.0,5.466395527484223,5.466395527484223,60004960.0,50359345.0,68291.05068805313,4319.88916015625,json_report_history,artifacts\benchmark_runs\language\wave3_gated_block_20260604\wave3_host2080_memory_stride4_60m\result.json
wave3_host2080_memory_stride4_60m,long_context_lm,1,60004960.0,5.4664,5.4664,60004960.0,,,,log_eval,artifacts\benchmark_runs\language\wave3_gated_block_20260604\host_2080_memory_stride4.stdout.log
wave5_host2080_landmark_stride4_60m,long_context_lm,1,60004960.0,5.5022,5.5022,60004960.0,,,,log_eval,artifacts\benchmark_runs\language\wave5_landmark_attention_20260604\host_2080_landmark_stride4.stdout.log
wave5_host2080_landmark_stride4_60m/standalone_longseq_anchor_train,long_context_lm,1,60004960.0,5.50221453407618,5.50221453407618,60004960.0,53472305.0,64557.21615105253,4446.33984375,json_report_history,artifacts\benchmark_runs\language\wave5_landmark_attention_20260604\wave5_host2080_landmark_stride4_60m\result.json
wave3_host2080_gated_stride4_60m/standalone_longseq_anchor_train,long_context_lm,1,60004960.0,5.524196946495787,5.524196946495787,60004960.0,51844145.0,75086.82215709597,4323.28125,json_report_history,artifacts\benchmark_runs\language\wave3_gated_block_20260604\wave3_host2080_gated_stride4_60m\result.json
wave3_host2080_gated_stride4_60m,long_context_lm,1,60004960.0,5.5242,5.5242,60004960.0,,,,log_eval,artifacts\benchmark_runs\language\wave3_gated_block_20260604\host_2080_gated_stride4.stdout.log
objloss_2080_50m_random_anchor/objective_loss_sweep_2080_20260614,long_context_lm,2,50007520.0,5.2627810501207515,5.2627810501207515,50007520.0,51220529.0,69822.77603825615,4413.173828125,json_report_history,artifacts\benchmark_runs\language\objective_loss_sweep_2080_20260614\objloss_2080_50m_random_anchor\result.json
objloss_2080_50m_baseline/objective_loss_sweep_2080_20260614,other,2,50007520.0,5.266846526349624,5.266846526349624,50007520.0,51220529.0,69887.3155765879,4412.48046875,json_report_history,artifacts\benchmark_runs\language\objective_loss_sweep_2080_20260614\objloss_2080_50m_baseline\result.json
objloss_2080_50m_hardneg_random_anchor/objective_loss_sweep_2080_20260614,long_context_lm,2,50007520.0,5.495685894423582,5.495685894423582,50007520.0,51220529.0,64196.089813108025,4461.74755859375,json_report_history,artifacts\benchmark_runs\language\objective_loss_sweep_2080_20260614\objloss_2080_50m_hardneg_random_anchor\result.json
baseline_10m_50m_factor_recall_seed13/standalone_longseq_anchor_train,long_context_lm,6,50007520.0,5.998482483226483,5.998482483226483,50007520.0,10001009.0,73744.34813888332,2565.98681640625,json_report_history,artifacts\benchmark_runs\language\architecture_breakthrough_20260617\baseline_10m_50m_factor_recall_seed13\result.json
language_partial_untied_50m_20260328,short_lm,14,50001424.0,5.332345515489578,5.332345515489578,50001424.0,8069555.0,36705.72798862614,2201.89697265625,json_report_history,artifacts\benchmark_runs\language\language_partial_untied_50m_20260328.json
language_partial_untied_50m_20260328 [language],short_lm,13,50001424.0,5.332345515489578,5.332345515489578,50001424.0,8069555.0,36705.72798862614,2201.89697265625,csv_curve,artifacts\benchmark_runs\language\language_partial_untied_50m_20260328.json
partial_untied_watch_50m_20260328 [partial_untied_watch_50m_20260328],short_lm,13,50001424.0,5.336977809667587,5.336977809667587,50001424.0,8069555.0,37517.13712351116,2201.89697265625,csv_curve,artifacts\watch_runs\partial_untied_watch_50m_20260328\final.json
partial_untied_watch_50m_20260328,short_lm,98,50001424.0,5.338553488254547,5.338553488254547,50001424.0,,,,jsonl_metric,artifacts\watch_runs\partial_untied_watch_50m_20260328\metrics.jsonl
nanochat_watch_50m_20260328_retry2 [nanochat_watch_50m_20260328_retry2],short_lm,13,50001424.0,5.3957759737968445,5.3957759737968445,50001424.0,8125570.0,39919.828459079865,3931.23583984375,csv_curve,artifacts\watch_runs\nanochat_watch_50m_20260328_retry2\final.json
nanochat_watch_50m_20260328_retry2,short_lm,98,50001424.0,5.401207327842712,5.401207327842712,50001424.0,,,,jsonl_metric,artifacts\watch_runs\nanochat_watch_50m_20260328_retry2\metrics.jsonl
wave3_host2080_gated_45m_stride8,long_context_lm,1,44998640.0,5.7421,5.7421,44998640.0,,,,log_eval,artifacts\benchmark_runs\language\wave3_gated_block_20260604\host_2080_gated.stdout.log
wave3_host2080_gated_45m_stride8/standalone_longseq_anchor_train,long_context_lm,1,44998640.0,5.742143817492358,5.742143817492358,44998640.0,51844145.0,105908.607993911,3022.13037109375,json_report_history,artifacts\benchmark_runs\language\wave3_gated_block_20260604\wave3_host2080_gated_45m_stride8\result.json
wave13_2060_lowrank_conv_memory_memoryrank128_stride4_30m [20260605-011722-017e5b],long_context_lm,1,30002480.0,5.6252,5.6252,30002480.0,,,,csv_curve,E:\CODEXRESEARCH\house_compute_hub\runs\20260605-011722-017e5b\Chichen-JoshS-10a81805.log
wave13_2060_lowrank_conv_memory_memoryrank128_kernel15_stride4_30m [20260605-014244-e3b907],long_context_lm,1,30002480.0,5.6257,5.6257,30002480.0,,,,csv_curve,E:\CODEXRESEARCH\house_compute_hub\runs\20260605-014244-e3b907\Chichen-JoshS-10a81805.log
wave13_2060_lowrank_conv_memory_kernel15_stride4_30m [20260605-011722-0e3c28],long_context_lm,1,30002480.0,5.6322,5.6322,30002480.0,,,,csv_curve,E:\CODEXRESEARCH\house_compute_hub\runs\20260605-011722-0e3c28\Chichen-JoshS-10a81805.log
wave13_2060_lowrank_conv_memory_memoryrank128_landmark64_stride4_30m [20260605-013355-bca176],long_context_lm,1,30002480.0,5.6344,5.6344,30002480.0,,,,csv_curve,E:\CODEXRESEARCH\house_compute_hub\runs\20260605-013355-bca176\Chichen-JoshS-10a81805.log
wave10_2060_lowrank_conv_memory_stride4_30m [20260604-202610-99d094],long_context_lm,1,30002480.0,5.636,5.636,30002480.0,,,,csv_curve,E:\CODEXRESEARCH\house_compute_hub\runs\20260604-202610-99d094\Chichen-JoshS-10a81805.log
wave12_2060_token_gated_lowrank_conv_memory_stride4_30m [20260605-010823-a88076],long_context_lm,1,30002480.0,5.6382,5.6382,30002480.0,,,,csv_curve,E:\CODEXRESEARCH\house_compute_hub\runs\20260605-010823-a88076\Chichen-JoshS-10a81805.log
wave9_2060_multiscale_memory_stride4_30m [20260604-201956-a0f255],long_context_lm,1,30002480.0,5.8155,5.8155,30002480.0,,,,csv_curve,E:\CODEXRESEARCH\house_compute_hub\runs\20260604-201956-a0f255\Chichen-JoshS-10a81805.log
wave8_2060_adaptive_multiscale_stride4_30m [20260604-200613-b5ffe3],long_context_lm,1,30002480.0,5.8203,5.8203,30002480.0,,,,csv_curve,E:\CODEXRESEARCH\house_compute_hub\runs\20260604-200613-b5ffe3\Chichen-JoshS-10a81805.log
wave6_2060_multiscale_stride4_30m [20260604-181838-9e8078],long_context_lm,1,30002480.0,5.8227,5.8227,30002480.0,,,,csv_curve,E:\CODEXRESEARCH\house_compute_hub\runs\20260604-181838-9e8078\Chichen-JoshS-10a81805.log
wave7_2060_dilated_multiscale_stride4_30m [20260604-184957-41c58c],long_context_lm,1,30002480.0,5.8486,5.8486,30002480.0,,,,csv_curve,E:\CODEXRESEARCH\house_compute_hub\runs\20260604-184957-41c58c\Chichen-JoshS-10a81805.log
wave3_2060_dense_stride4_45m_30m [20260604-172422-381ac5],long_context_lm,1,30002480.0,5.8767,5.8767,30002480.0,,,,csv_curve,E:\CODEXRESEARCH\house_compute_hub\runs\20260604-172422-381ac5\Chichen-JoshS-10a81805.log
wave8_2060_multiscale_stride8_30m [20260604-191352-f03dcf],long_context_lm,1,30002480.0,5.8959,5.8959,30002480.0,,,,csv_curve,E:\CODEXRESEARCH\house_compute_hub\runs\20260604-191352-f03dcf\Chichen-JoshS-10a81805.log
wave5_2060_landmark_stride4_30m [20260604-180347-ba3b2c],long_context_lm,1,30002480.0,5.9204,5.9204,30002480.0,,,,csv_curve,E:\CODEXRESEARCH\house_compute_hub\runs\20260604-180347-ba3b2c\Chichen-JoshS-10a81805.log
wave3_2060_gated_stride8_35m_30m_venv_fix2 [20260604-171638-85e8f5],long_context_lm,1,30002480.0,6.0484,6.0484,30002480.0,,,,csv_curve,E:\CODEXRESEARCH\house_compute_hub\runs\20260604-171638-85e8f5\Chichen-JoshS-10a81805.log
chichen_anchor4_prefixmem_seq635_bigcache_20m_30mtok_20260603 [20260603-144034-c8e37a],long_context_lm,4,29999940.0,5.5323,5.5323,29999940.0,,,,csv_curve,E:\CODEXRESEARCH\house_compute_hub\runs\20260603-144034-c8e37a\Chichen-JoshS-10a81805.log
chichen_anchor4_chunkmem_seq635_bigcache_20m_30mtok_20260603 [20260603-144034-c8e37a],long_context_lm,4,29999940.0,5.5715,5.5715,29999940.0,,,,csv_curve,E:\CODEXRESEARCH\house_compute_hub\runs\20260603-144034-c8e37a\Chichen-JoshS-10a81805.log
chichen_anchor4_baseline_seq635_bigcache_20m_30mtok_20260603 [20260603-144034-c8e37a],long_context_lm,4,29999940.0,5.7425,5.7425,29999940.0,,,,csv_curve,E:\CODEXRESEARCH\house_compute_hub\runs\20260603-144034-c8e37a\Chichen-JoshS-10a81805.log
chichen_anchor4_noconv_seq635_bigcache_20m_30mtok_20260603 [20260603-144034-c8e37a],long_context_lm,4,29999940.0,5.9507,5.9507,29999940.0,,,,csv_curve,E:\CODEXRESEARCH\house_compute_hub\runs\20260603-144034-c8e37a\Chichen-JoshS-10a81805.log
neuron_search/screen_2048_seed31_real_seq10160_val8_seed31_hidden_drop_p35_2048_v1_hidden_drop_p35_square_neuron/result/standalone_longseq_anchor_train,neuron_search,1,20807680.0,6.6740689311440535,6.6740689311440535,20807680.0,40437009.0,81037.53364176169,4150.90283203125,json_report_history,artifacts\benchmark_runs\language\neuron_search_20260605\manual_self\screen_2048_seed31_real_seq10160_val8_seed31_hidden_drop_p35_2048_v1_hidden_drop_p35_square_neuron\result.json
neuron_search/screen_2048_seed31_real_seq10160_val8_seed31_hidden_drop_p25_p30_2048_v1_hidden_drop_p30_square_neuron/result/standalone_longseq_anchor_train,neuron_search,1,20807680.0,6.677765361906037,6.677765361906037,20807680.0,40437009.0,82776.36496954346,4616.77587890625,json_report_history,artifacts\benchmark_runs\language\neuron_search_20260605\manual_self\screen_2048_seed31_real_seq10160_val8_seed31_hidden_drop_p25_p30_2048_v1_hidden_drop_p30_square_neuron\result.json
neuron_search/screen_2048_seed31_real_seq10160_val8_seed31_hidden_drop_p25_p30_2048_v1_hidden_drop_p25_square_neuron/result/standalone_longseq_anchor_train,neuron_search,1,20807680.0,6.686021690199694,6.686021690199694,20807680.0,40437009.0,82409.24245380785,4150.90283203125,json_report_history,artifacts\benchmark_runs\language\neuron_search_20260605\manual_self\screen_2048_seed31_real_seq10160_val8_seed31_hidden_drop_p25_p30_2048_v1_hidden_drop_p25_square_neuron\result.json
neuron_search/screen_2048_seed31_real_seq10160_val8_seed31_hidden_drop_extreme_2048_v1_hidden_drop_extreme_square_neuron/result/standalone_longseq_anchor_train,neuron_search,1,20807680.0,6.696503792785284,6.696503792785284,20807680.0,40437009.0,82813.36841534953,4150.90283203125,json_report_history,artifacts\benchmark_runs\language\neuron_search_20260605\manual_self\screen_2048_seed31_real_seq10160_val8_seed31_hidden_drop_extreme_2048_v1_hidden_drop_extreme_square_neuron\result.json
neuron_search/screen_2048_seed31_real_seq10160_val8_seed31_hidden_drop_ultra_2048_v1_hidden_drop_ultra_square_neuron/result/standalone_longseq_anchor_train,neuron_search,1,20807680.0,6.710196517583892,6.710196517583892,20807680.0,40437009.0,82707.87350979594,4150.90283203125,json_report_history,artifacts\benchmark_runs\language\neuron_search_20260605\manual_self\screen_2048_seed31_real_seq10160_val8_seed31_hidden_drop_ultra_2048_v1_hidden_drop_ultra_square_neuron\result.json
neuron_search/screen_2048_seed31_real_seq10160_val8_seed31_hidden_drop_strength_2048_v1_hidden_drop_high_square_neuron/result/standalone_longseq_anchor_train,neuron_search,1,20807680.0,6.729147533638271,6.729147533638271,20807680.0,40437009.0,82618.84588489232,4616.77587890625,json_report_history,artifacts\benchmark_runs\language\neuron_search_20260605\manual_self\screen_2048_seed31_real_seq10160_val8_seed31_hidden_drop_strength_2048_v1_hidden_drop_high_square_neuron\result.json
neuron_search/screen_2048_seed31_real_seq10160_val8_seed31_hidden_drop_strength_2048_v1_hidden_drop_mid_square_neuron/result/standalone_longseq_anchor_train,neuron_search,1,20807680.0,6.740041240463107,6.740041240463107,20807680.0,40437009.0,82717.18695445798,4150.90283203125,json_report_history,artifacts\benchmark_runs\language\neuron_search_20260605\manual_self\screen_2048_seed31_real_seq10160_val8_seed31_hidden_drop_strength_2048_v1_hidden_drop_mid_square_neuron\result.json
neuron_search/screen_2048_seed31_real_seq10160_val8_seed31_hidden_regularizer_2048_v1_hidden_drop_square_neuron/result/standalone_longseq_anchor_train,neuron_search,1,20807680.0,6.7520684124916555,6.7520684124916555,20807680.0,40437009.0,82663.72773890902,4150.90283203125,json_report_history,artifacts\benchmark_runs\language\neuron_search_20260605\manual_self\screen_2048_seed31_real_seq10160_val8_seed31_hidden_regularizer_2048_v1_hidden_drop_square_neuron\result.json
neuron_search/screen_2048_seed31_real_seq10160_val8_seed31_hidden_regularizer_2048_v1_rank_competition_fixed_feather_hidden_drop_neuron/result/standalone_longseq_anchor_train,neuron_search,1,20807680.0,6.75246383430451,6.75246383430451,20807680.0,40437009.0,81489.0938526557,4656.98681640625,json_report_history,artifacts\benchmark_runs\language\neuron_search_20260605\manual_self\screen_2048_seed31_real_seq10160_val8_seed31_hidden_regularizer_2048_v1_rank_competition_fixed_feather_hidden_drop_neuron\result.json
neuron_search/screen_2048_seed13_real_seq10160_val8_seed13_hidden_drop_2048_v1_hidden_drop_square_neuron/result/standalone_longseq_anchor_train,neuron_search,1,20807680.0,6.760132321410292,6.760132321410292,20807680.0,40437009.0,82666.27378970767,4150.935546875,json_report_history,artifacts\benchmark_runs\language\neuron_search_20260605\manual_self\screen_2048_seed13_real_seq10160_val8_seed13_hidden_drop_2048_v1_hidden_drop_square_neuron\result.json
neuron_search/screen_2048_seed17_real_seq10160_val8_seed17_hidden_drop_2048_v1_hidden_drop_square_neuron/result/standalone_longseq_anchor_train,neuron_search,1,20807680.0,6.765906025481036,6.765906025481036,20807680.0,40437009.0,82742.83883206875,4150.90771484375,json_report_history,artifacts\benchmark_runs\language\neuron_search_20260605\manual_self\screen_2048_seed17_real_seq10160_val8_seed17_hidden_drop_2048_v1_hidden_drop_square_neuron\result.json
neuron_search/screen_2048_seed31_real_seq10160_val8_seed31_rankcheap_2048_v1_baseline/result/standalone_longseq_anchor_train,neuron_search,1,20807680.0,6.788070307097097,6.788070307097097,20807680.0,40437009.0,83715.21083270812,3672.59912109375,json_report_history,artifacts\benchmark_runs\language\neuron_search_20260605\manual_self\screen_2048_seed31_real_seq10160_val8_seed31_rankcheap_2048_v1_baseline\result.json
neuron_search/screen_2048_seed31_real_seq10160_val8_seed31_rank_pressure_fixed_feather_2048_v1_rank_competition_fixed_feather_neuron/result/standalone_longseq_anchor_train,neuron_search,1,20807680.0,6.788181459528254,6.788181459528254,20807680.0,40437009.0,82062.45366717703,4170.87158203125,json_report_history,artifacts\benchmark_runs\language\neuron_search_20260605\manual_self\screen_2048_seed31_real_seq10160_val8_seed31_rank_pressure_fixed_feather_2048_v1_rank_competition_fixed_feather_neuron\result.json
neuron_search/screen_2048_seed31_real_seq10160_val8_seed31_rank_pressure_ultrasoft_2048_v1_rank_competition_feather_neuron/result/standalone_longseq_anchor_train,neuron_search,1,20807680.0,6.788191381214172,6.788191381214172,20807680.0,40437011.0,82109.442355868,4634.2939453125,json_report_history,artifacts\benchmark_runs\language\neuron_search_20260605\manual_self\screen_2048_seed31_real_seq10160_val8_seed31_rank_pressure_ultrasoft_2048_v1_rank_competition_feather_neuron\result.json
neuron_search/screen_2048_seed31_real_seq10160_val8_seed31_rank_pressure_ultrasoft_2048_v1_rank_competition_ultrasoft_neuron/result/standalone_longseq_anchor_train,neuron_search,1,20807680.0,6.7890008991158854,6.7890008991158854,20807680.0,40437011.0,82204.79777751768,4171.18505859375,json_report_history,artifacts\benchmark_runs\language\neuron_search_20260605\manual_self\screen_2048_seed31_real_seq10160_val8_seed31_rank_pressure_ultrasoft_2048_v1_rank_competition_ultrasoft_neuron\result.json
neuron_search/screen_2048_seed31_real_seq10160_val8_seed31_rankcheap_2048_v1_rank_competition_centered_residual_neuron/result/standalone_longseq_anchor_train,neuron_search,1,20807680.0,6.789162986297307,6.789162986297307,20807680.0,40439059.0,74563.97048818138,5032.73046875,json_report_history,artifacts\benchmark_runs\language\neuron_search_20260605\manual_self\screen_2048_seed31_real_seq10160_val8_seed31_rankcheap_2048_v1_rank_competition_centered_residual_neuron\result.json
neuron_search/screen_2048_seed31_real_seq10160_val8_seed31_rank_pressure_2048_v1_rank_competition_soft_neuron/result/standalone_longseq_anchor_train,neuron_search,1,20807680.0,6.7916145317197785,6.7916145317197785,20807680.0,40437011.0,82197.68075527773,4634.2939453125,json_report_history,artifacts\benchmark_runs\language\neuron_search_20260605\manual_self\screen_2048_seed31_real_seq10160_val8_seed31_rank_pressure_2048_v1_rank_competition_soft_neuron\result.json
neuron_search/screen_2048_seed31_real_seq10160_val8_seed31_rank_pressure_2048_v1_rank_competition_mild_neuron/result/standalone_longseq_anchor_train,neuron_search,1,20807680.0,6.7956020523244005,6.7956020523244005,20807680.0,40437011.0,82192.21680362379,4171.18505859375,json_report_history,artifacts\benchmark_runs\language\neuron_search_20260605\manual_self\screen_2048_seed31_real_seq10160_val8_seed31_rank_pressure_2048_v1_rank_competition_mild_neuron\result.json
neuron_search/screen_2048_seed31_real_seq10160_val8_seed31_suppressed_stopgrad_2048_v1_rank_competition_memory_suppressed_stopgrad_mask_centered_gate_neuron/result/standalone_longseq_anchor_train,neuron_search,1,20807680.0,6.796138498163598,6.796138498163598,20807680.0,40572179.0,70939.63037142166,4811.39306640625,json_report_history,artifacts\benchmark_runs\language\neuron_search_20260605\manual_self\screen_2048_seed31_real_seq10160_val8_seed31_suppressed_stopgrad_2048_v1_rank_competition_memory_suppressed_stopgrad_mask_centered_gate_neuron\result.json
neuron_search/screen_2048_seed13_real_seq10160_val8_seed13_hidden_drop_2048_v1_baseline/result/standalone_longseq_anchor_train,neuron_search,1,20807680.0,6.796638631726813,6.796638631726813,20807680.0,40437009.0,83544.80790843113,3672.6318359375,json_report_history,artifacts\benchmark_runs\language\neuron_search_20260605\manual_self\screen_2048_seed13_real_seq10160_val8_seed13_hidden_drop_2048_v1_baseline\result.json
neuron_search/screen_2048_seed17_real_seq10160_val8_seed17_hidden_drop_2048_v1_baseline/result/standalone_longseq_anchor_train,neuron_search,1,20807680.0,6.797128779118455,6.797128779118455,20807680.0,40437009.0,83955.25306148773,3672.60400390625,json_report_history,artifacts\benchmark_runs\language\neuron_search_20260605\manual_self\screen_2048_seed17_real_seq10160_val8_seed17_hidden_drop_2048_v1_baseline\result.json
neuron_search/screen_2048_seed31_real_seq10160_val8_seed31_rankcheap_2048_v1_rank_competition_neuron/result/standalone_longseq_anchor_train,neuron_search,1,20807680.0,6.800185562963561,6.800185562963561,20807680.0,40437011.0,82213.29645303833,4171.18505859375,json_report_history,artifacts\benchmark_runs\language\neuron_search_20260605\manual_self\screen_2048_seed31_real_seq10160_val8_seed31_rankcheap_2048_v1_rank_competition_neuron\result.json
seq10160_1024_seed13_factor_gated_scale_256/standalone_longseq_anchor_train,long_context_lm,2,10403840.0,6.373564682607576,6.373564682607576,10403840.0,40437785.0,109328.47644303885,3054.703125,json_report_history,artifacts\benchmark_runs\language\token_recall_search_20260616\screen_seq10160_1024_seed13_factor\seq10160_1024_seed13_factor_gated_scale_256\result.json
neuron_search/screen_1024_seed13_real_seq10160_40m_1024_phase_residual_memory_bounded_gate_neuron/result/standalone_longseq_anchor_train,neuron_search,1,10403840.0,6.386042435150447,6.386042435150447,10403840.0,40572177.0,73855.77587735439,4878.85400390625,json_report_history,artifacts\benchmark_runs\language\neuron_search_20260605\manual_self\screen_1024_seed13_real_seq10160_40m_1024_phase_residual_memory_bounded_gate_neuron\result.json
neuron_search/screen_1024_seed13_real_seq10160_40m_1024_phase_residual_memory_rms_gate_neuron/result/standalone_longseq_anchor_train,neuron_search,1,10403840.0,6.386190266496553,6.386190266496553,10403840.0,40572177.0,71638.48230539009,4311.24072265625,json_report_history,artifacts\benchmark_runs\language\neuron_search_20260605\manual_self\screen_1024_seed13_real_seq10160_40m_1024_phase_residual_memory_rms_gate_neuron\result.json
neuron_search/screen_1024_seed13_real_seq10160_40m_1024_phase_residual_memory_delta_gate_neuron/result/standalone_longseq_anchor_train,neuron_search,1,10403840.0,6.386283665942395,6.386283665942395,10403840.0,40572177.0,74475.57403094527,4661.7587890625,json_report_history,artifacts\benchmark_runs\language\neuron_search_20260605\manual_self\screen_1024_seed13_real_seq10160_40m_1024_phase_residual_memory_delta_gate_neuron\result.json
seq10160_1024_seed17_factor_gated_scale_256/standalone_longseq_anchor_train,long_context_lm,2,10403840.0,6.388942067641912,6.388942067641912,10403840.0,40437785.0,109333.09190019751,3054.0185546875,json_report_history,artifacts\benchmark_runs\language\token_recall_search_20260616\screen_seq10160_1024_seed17_factor\seq10160_1024_seed17_factor_gated_scale_256\result.json
seq10160_1024_seed17_none/standalone_longseq_anchor_train,long_context_lm,2,10403840.0,6.408036980478783,6.408036980478783,10403840.0,40437009.0,123501.55683633847,2973.66259765625,json_report_history,artifacts\benchmark_runs\language\token_recall_search_20260616\screen_seq10160_1024_seed17_factor\seq10160_1024_seed17_none\result.json
seq10160_1024_seed13_none/standalone_longseq_anchor_train,long_context_lm,2,10403840.0,6.414751662982731,6.414751662982731,10403840.0,40437009.0,123801.29006192146,2975.12060546875,json_report_history,artifacts\benchmark_runs\language\token_recall_search_20260616\screen_seq10160_1024_seed13_factor\seq10160_1024_seed13_none\result.json
neuron_search/screen_1024_seed17_real_seq10160_40m_1024_rank_competition_memory_suppressed_centered_gate_neuron/result/standalone_longseq_anchor_train,neuron_search,1,10403840.0,6.474003679921308,6.474003679921308,10403840.0,40572179.0,69706.88795116558,4392.14794921875,json_report_history,artifacts\benchmark_runs\language\neuron_search_20260605\manual_self\screen_1024_seed17_real_seq10160_40m_1024_rank_competition_memory_suppressed_centered_gate_neuron\result.json
neuron_search/screen_1024_seed43_real_seq10160_val8_fullhybrid_extra_1024_v1_rank_competition_memory_suppressed_centered_gate_neuron/result/standalone_longseq_anchor_train,neuron_search,1,10403840.0,6.478143745895446,6.478143745895446,10403840.0,40572179.0,69896.92962787877,4392.14794921875,json_report_history,artifacts\benchmark_runs\language\neuron_search_20260605\manual_self\screen_1024_seed43_real_seq10160_val8_fullhybrid_extra_1024_v1_rank_competition_memory_suppressed_centered_gate_neuron\result.json
neuron_search/screen_1024_seed17_real_seq10160_40m_1024_rank_competition_memory_centered_gate_neuron/result/standalone_longseq_anchor_train,neuron_search,1,10403840.0,6.478446355391675,6.478446355391675,10403840.0,40572179.0,72360.51548636852,4231.83740234375,json_report_history,artifacts\benchmark_runs\language\neuron_search_20260605\manual_self\screen_1024_seed17_real_seq10160_40m_1024_rank_competition_memory_centered_gate_neuron\result.json
neuron_search/screen_1024_seed17_real_seq10160_40m_1024_phase_residual_memory_gate_neuron/result/standalone_longseq_anchor_train,neuron_search,1,10403840.0,6.478981038529104,6.478981038529104,10403840.0,40572177.0,74449.51607724414,4656.548828125,json_report_history,artifacts\benchmark_runs\language\neuron_search_20260605\manual_self\screen_1024_seed17_real_seq10160_40m_1024_phase_residual_memory_gate_neuron\result.json
neuron_search/screen_1024_seed17_real_seq10160_40m_1024_phase_residual_memory_centered_gate_neuron/result/standalone_longseq_anchor_train,neuron_search,1,10403840.0,6.4810182582675,6.4810182582675,10403840.0,40572177.0,73466.40081683341,4654.7197265625,json_report_history,artifacts\benchmark_runs\language\neuron_search_20260605\manual_self\screen_1024_seed17_real_seq10160_40m_1024_phase_residual_memory_centered_gate_neuron\result.json
neuron_search/screen_1024_seed29_real_seq10160_40m_1024_rank_competition_memory_suppressed_centered_gate_neuron/result/standalone_longseq_anchor_train,neuron_search,1,10403840.0,6.48196838286918,6.48196838286918,10403840.0,40572179.0,69714.21407152496,4392.14794921875,json_report_history,artifacts\benchmark_runs\language\neuron_search_20260605\manual_self\screen_1024_seed29_real_seq10160_40m_1024_rank_competition_memory_suppressed_centered_gate_neuron\result.json
neuron_search/screen_1024_seed43_real_seq10160_val8_fullhybrid_extra_1024_v1_rank_competition_memory_centered_gate_neuron/result/standalone_longseq_anchor_train,neuron_search,1,10403840.0,6.482294282199829,6.482294282199829,10403840.0,40572179.0,72418.70476694823,4691.6044921875,json_report_history,artifacts\benchmark_runs\language\neuron_search_20260605\manual_self\screen_1024_seed43_real_seq10160_val8_fullhybrid_extra_1024_v1_rank_competition_memory_centered_gate_neuron\result.json
neuron_search/screen_1024_seed13_real_seq10160_40m_1024_rank_competition_memory_suppressed_centered_gate_neuron/result/standalone_longseq_anchor_train,neuron_search,1,10403840.0,6.482527013651029,6.482527013651029,10403840.0,40572179.0,70215.63632489897,4392.14794921875,json_report_history,artifacts\benchmark_runs\language\neuron_search_20260605\manual_self\screen_1024_seed13_real_seq10160_40m_1024_rank_competition_memory_suppressed_centered_gate_neuron\result.json
neuron_search/screen_1024_seed43_real_seq10160_40m_1024_extra_phase_residual_memory_centered_gate_neuron/result/standalone_longseq_anchor_train,neuron_search,1,10403840.0,6.48502589924129,6.48502589924129,10403840.0,40572177.0,73595.7843505293,4795.72509765625,json_report_history,artifacts\benchmark_runs\language\neuron_search_20260605\manual_self\screen_1024_seed43_real_seq10160_40m_1024_extra_phase_residual_memory_centered_gate_neuron\result.json
neuron_search/screen_1024_seed31_real_seq10160_val8_seed31_hidden_drop_endpoint_1024_v1_hidden_drop_ultra_square_neuron/result/standalone_longseq_anchor_train,neuron_search,1,10403840.0,6.485865390863944,6.485865390863944,10403840.0,40437009.0,82719.60772025741,4150.90283203125,json_report_history,artifacts\benchmark_runs\language\neuron_search_20260605\manual_self\screen_1024_seed31_real_seq10160_val8_seed31_hidden_drop_endpoint_1024_v1_hidden_drop_ultra_square_neuron\result.json
neuron_search/screen_1024_seed13_real_seq10160_40m_1024_rank_competition_neuron/result/standalone_longseq_anchor_train,neuron_search,1,10403840.0,6.486382225930221,6.486382225930221,10403840.0,40437011.0,82695.81252328063,3711.38623046875,json_report_history,artifacts\benchmark_runs\language\neuron_search_20260605\manual_self\screen_1024_seed13_real_seq10160_40m_1024_rank_competition_neuron\result.json
neuron_search/screen_1024_seed43_real_seq10160_40m_1024_extra_phase_residual_memory_gate_neuron/result/standalone_longseq_anchor_train,neuron_search,1,10403840.0,6.486451147860429,6.486451147860429,10403840.0,40572177.0,74691.08867541415,4652.52001953125,json_report_history,artifacts\benchmark_runs\language\neuron_search_20260605\manual_self\screen_1024_seed43_real_seq10160_40m_1024_extra_phase_residual_memory_gate_neuron\result.json
neuron_search/screen_1024_seed31_real_seq10160_val8_seed31_hidden_drop_endpoint_1024_v1_hidden_drop_extreme_square_neuron/result/standalone_longseq_anchor_train,neuron_search,1,10403840.0,6.486462109201536,6.486462109201536,10403840.0,40437009.0,82703.8786275131,4300.447265625,json_report_history,artifacts\benchmark_runs\language\neuron_search_20260605\manual_self\screen_1024_seed31_real_seq10160_val8_seed31_hidden_drop_endpoint_1024_v1_hidden_drop_extreme_square_neuron\result.json
neuron_search/screen_1024_seed31_real_seq10160_val8_seed31_hidden_drop_p25_p30_1024_v1_hidden_drop_p25_square_neuron/result/standalone_longseq_anchor_train,neuron_search,1,10403840.0,6.486498386277927,6.486498386277927,10403840.0,40437009.0,82827.53616149665,4150.90283203125,json_report_history,artifacts\benchmark_runs\language\neuron_search_20260605\manual_self\screen_1024_seed31_real_seq10160_val8_seed31_hidden_drop_p25_p30_1024_v1_hidden_drop_p25_square_neuron\result.json
neuron_search/screen_1024_seed29_real_seq10160_40m_1024_rank_competition_memory_centered_gate_neuron/result/standalone_longseq_anchor_train,neuron_search,1,10403840.0,6.486530396882005,6.486530396882005,10403840.0,40572179.0,72293.29815993908,4231.83740234375,json_report_history,artifacts\benchmark_runs\language\neuron_search_20260605\manual_self\screen_1024_seed29_real_seq10160_40m_1024_rank_competition_memory_centered_gate_neuron\result.json
neuron_search/screen_1024_seed13_real_seq10160_val8_rankcost_1024_v1_rank_competition_centered_residual_neuron/result/standalone_longseq_anchor_train,neuron_search,1,10403840.0,6.486663895235287,6.486663895235287,10403840.0,40439059.0,74592.84701233228,4713.076171875,json_report_history,artifacts\benchmark_runs\language\neuron_search_20260605\manual_self\screen_1024_seed13_real_seq10160_val8_rankcost_1024_v1_rank_competition_centered_residual_neuron\result.json
neuron_search/screen_1024_seed31_real_seq10160_val8_seed31_hidden_drop_strength_1024_v1_hidden_drop_high_square_neuron/result/standalone_longseq_anchor_train,neuron_search,1,10403840.0,6.4869172229541565,6.4869172229541565,10403840.0,40437009.0,82737.40300017096,4300.447265625,json_report_history,artifacts\benchmark_runs\language\neuron_search_20260605\manual_self\screen_1024_seed31_real_seq10160_val8_seed31_hidden_drop_strength_1024_v1_hidden_drop_high_square_neuron\result.json
neuron_search/screen_1024_seed43_real_seq10160_40m_1024_extra_baseline/result/standalone_longseq_anchor_train,neuron_search,1,10403840.0,6.487358072235828,6.487358072235828,10403840.0,40437009.0,83571.85382212001,3672.6181640625,json_report_history,artifacts\benchmark_runs\language\neuron_search_20260605\manual_self\screen_1024_seed43_real_seq10160_40m_1024_extra_baseline\result.json
neuron_search/screen_1024_seed31_real_seq10160_val8_seed31_hidden_drop_p25_p30_1024_v1_hidden_drop_p30_square_neuron/result/standalone_longseq_anchor_train,neuron_search,1,10403840.0,6.487752128586056,6.487752128586056,10403840.0,40437009.0,82790.53682324536,4300.447265625,json_report_history,artifacts\benchmark_runs\language\neuron_search_20260605\manual_self\screen_1024_seed31_real_seq10160_val8_seed31_hidden_drop_p25_p30_1024_v1_hidden_drop_p30_square_neuron\result.json
neuron_search/screen_1024_seed31_real_seq10160_val8_seed31_hidden_drop_strength_1024_v1_hidden_drop_mid_square_neuron/result/standalone_longseq_anchor_train,neuron_search,1,10403840.0,6.487987487053308,6.487987487053308,10403840.0,40437009.0,82756.5697424921,4150.90283203125,json_report_history,artifacts\benchmark_runs\language\neuron_search_20260605\manual_self\screen_1024_seed31_real_seq10160_val8_seed31_hidden_drop_strength_1024_v1_hidden_drop_mid_square_neuron\result.json
neuron_search/screen_1024_seed17_real_seq10160_val8_rankcost_1024_v1_rank_competition_centered_residual_neuron/result/standalone_longseq_anchor_train,neuron_search,1,10403840.0,6.488046152103604,6.488046152103604,10403840.0,40439059.0,74383.55241515578,4717.875,json_report_history,artifacts\benchmark_runs\language\neuron_search_20260605\manual_self\screen_1024_seed17_real_seq10160_val8_rankcost_1024_v1_rank_competition_centered_residual_neuron\result.json
neuron_search/screen_1024_seed13_real_seq10160_40m_1024_rank_competition_memory_centered_gate_neuron/result/standalone_longseq_anchor_train,neuron_search,1,10403840.0,6.488335163386788,6.488335163386788,10403840.0,40572179.0,72766.06474994417,4231.83740234375,json_report_history,artifacts\benchmark_runs\language\neuron_search_20260605\manual_self\screen_1024_seed13_real_seq10160_40m_1024_rank_competition_memory_centered_gate_neuron\result.json
neuron_search/screen_1024_seed31_real_seq10160_val8_seed31_rank_pressure_1024_v1_rank_competition_mild_neuron/result/standalone_longseq_anchor_train,neuron_search,1,10403840.0,6.488402558874896,6.488402558874896,10403840.0,40437011.0,82280.29010049796,4171.18505859375,json_report_history,artifacts\benchmark_runs\language\neuron_search_20260605\manual_self\screen_1024_seed31_real_seq10160_val8_seed31_rank_pressure_1024_v1_rank_competition_mild_neuron\result.json
neuron_search/screen_1024_seed31_real_seq10160_val8_seed31_hidden_drop_p35_p40_1024_v1_hidden_drop_p35_square_neuron/result/standalone_longseq_anchor_train,neuron_search,1,10403840.0,6.488544294026893,6.488544294026893,10403840.0,40437009.0,82949.05520195396,4150.90283203125,json_report_history,artifacts\benchmark_runs\language\neuron_search_20260605\manual_self\screen_1024_seed31_real_seq10160_val8_seed31_hidden_drop_p35_p40_1024_v1_hidden_drop_p35_square_neuron\result.json
neuron_search/screen_1024_seed31_real_seq10160_val8_seed31_hidden_regularizer_1024_v1_rank_competition_fixed_feather_hidden_drop_neuron/result/standalone_longseq_anchor_train,neuron_search,1,10403840.0,6.488661163247476,6.488661163247476,10403840.0,40437009.0,81599.08282225367,4337.9853515625,json_report_history,artifacts\benchmark_runs\language\neuron_search_20260605\manual_self\screen_1024_seed31_real_seq10160_val8_seed31_hidden_regularizer_1024_v1_rank_competition_fixed_feather_hidden_drop_neuron\result.json
neuron_search/screen_1024_seed31_real_seq10160_val8_seed31_hidden_regularizer_1024_v1_hidden_drop_square_neuron/result/standalone_longseq_anchor_train,neuron_search,1,10403840.0,6.488811957085226,6.488811957085226,10403840.0,40437009.0,82857.21234728894,4150.90283203125,json_report_history,artifacts\benchmark_runs\language\neuron_search_20260605\manual_self\screen_1024_seed31_real_seq10160_val8_seed31_hidden_regularizer_1024_v1_hidden_drop_square_neuron\result.json
neuron_search/screen_1024_seed29_real_seq10160_40m_1024_phase_residual_memory_centered_gate_neuron/result/standalone_longseq_anchor_train,neuron_search,1,10403840.0,6.489002096183657,6.489002096183657,10403840.0,40572177.0,73519.48234799498,4654.7197265625,json_report_history,artifacts\benchmark_runs\language\neuron_search_20260605\manual_self\screen_1024_seed29_real_seq10160_40m_1024_phase_residual_memory_centered_gate_neuron\result.json
neuron_search/screen_1024_seed29_real_seq10160_40m_1024_phase_residual_memory_gate_neuron/result/standalone_longseq_anchor_train,neuron_search,1,10403840.0,6.489210685876411,6.489210685876411,10403840.0,40572177.0,74297.91343010562,4656.548828125,json_report_history,artifacts\benchmark_runs\language\neuron_search_20260605\manual_self\screen_1024_seed29_real_seq10160_40m_1024_phase_residual_memory_gate_neuron\result.json
neuron_search/screen_1024_seed31_real_seq10160_val8_seed31_rank_pressure_1024_v1_rank_competition_soft_neuron/result/standalone_longseq_anchor_train,neuron_search,1,10403840.0,6.489584335098116,6.489584335098116,10403840.0,40437011.0,82163.73970417751,4321.375,json_report_history,artifacts\benchmark_runs\language\neuron_search_20260605\manual_self\screen_1024_seed31_real_seq10160_val8_seed31_rank_pressure_1024_v1_rank_competition_soft_neuron\result.json
neuron_search/screen_1024_seed17_real_seq10160_40m_1024_rank_competition_neuron/result/standalone_longseq_anchor_train,neuron_search,1,10403840.0,6.4899042676752945,6.4899042676752945,10403840.0,40437011.0,82056.56525543741,3711.3583984375,json_report_history,artifacts\benchmark_runs\language\neuron_search_20260605\manual_self\screen_1024_seed17_real_seq10160_40m_1024_rank_competition_neuron\result.json
neuron_search/screen_1024_seed17_real_seq10160_val8_rankcost_1024_v1_rank_competition_memory_scalar_centered_gate_neuron/result/standalone_longseq_anchor_train,neuron_search,1,10403840.0,6.490093801434584,6.490093801434584,10403840.0,40439189.0,73219.85942781456,4651.03173828125,json_report_history,artifacts\benchmark_runs\language\neuron_search_20260605\manual_self\screen_1024_seed17_real_seq10160_val8_rankcost_1024_v1_rank_competition_memory_scalar_centered_gate_neuron\result.json
neuron_search/screen_1024_seed31_real_seq10160_val8_seed31_rank_pressure_1024_v1_rank_competition_mild_centered_residual_neuron/result/standalone_longseq_anchor_train,neuron_search,1,10403840.0,6.490098289805134,6.490098289805134,10403840.0,40439059.0,74468.35064462708,4716.9365234375,json_report_history,artifacts\benchmark_runs\language\neuron_search_20260605\manual_self\screen_1024_seed31_real_seq10160_val8_seed31_rank_pressure_1024_v1_rank_competition_mild_centered_residual_neuron\result.json
neuron_search/screen_1024_seed31_real_seq10160_val8_seed31_hidden_drop_strength_1024_v1_memory_energy_drop_square_neuron/result/standalone_longseq_anchor_train,neuron_search,1,10403840.0,6.490110675650318,6.490110675650318,10403840.0,40437009.0,79341.26942774994,4525.2734375,json_report_history,artifacts\benchmark_runs\language\neuron_search_20260605\manual_self\screen_1024_seed31_real_seq10160_val8_seed31_hidden_drop_strength_1024_v1_memory_energy_drop_square_neuron\result.json
neuron_search/screen_1024_seed31_real_seq10160_val8_seed31_suppressed_guarded_1024_v1_rank_competition_memory_suppressed_stopgrad_mask_centered_gate_neuron/result/standalone_longseq_anchor_train,neuron_search,1,10403840.0,6.490351336959779,6.490351336959779,10403840.0,40572179.0,71016.55032972954,4959.1533203125,json_report_history,artifacts\benchmark_runs\language\neuron_search_20260605\manual_self\screen_1024_seed31_real_seq10160_val8_seed31_suppressed_guarded_1024_v1_rank_competition_memory_suppressed_stopgrad_mask_centered_gate_neuron\result.json
neuron_search/screen_1024_seed31_real_seq10160_val8_seed31_rank_pressure_ultrasoft_1024_v1_rank_competition_ultrasoft_neuron/result/standalone_longseq_anchor_train,neuron_search,1,10403840.0,6.490355917975658,6.490355917975658,10403840.0,40437011.0,82136.08056090839,4171.18505859375,json_report_history,artifacts\benchmark_runs\language\neuron_search_20260605\manual_self\screen_1024_seed31_real_seq10160_val8_seed31_rank_pressure_ultrasoft_1024_v1_rank_competition_ultrasoft_neuron\result.json
neuron_search/screen_1024_seed13_real_seq10160_40m_1024_phase_residual_memory_tiny_gate_neuron/result/standalone_longseq_anchor_train,neuron_search,1,10403840.0,6.490360572112827,6.490360572112827,10403840.0,40572177.0,74711.26697821864,4655.6015625,json_report_history,artifacts\benchmark_runs\language\neuron_search_20260605\manual_self\screen_1024_seed13_real_seq10160_40m_1024_phase_residual_memory_tiny_gate_neuron\result.json
neuron_search/screen_1024_seed31_real_seq10160_val8_seed31_hidden_drop_p35_p40_1024_v1_hidden_drop_p40_square_neuron/result/standalone_longseq_anchor_train,neuron_search,1,10403840.0,6.490488214286294,6.490488214286294,10403840.0,40437009.0,83036.59306695264,4300.447265625,json_report_history,artifacts\benchmark_runs\language\neuron_search_20260605\manual_self\screen_1024_seed31_real_seq10160_val8_seed31_hidden_drop_p35_p40_1024_v1_hidden_drop_p40_square_neuron\result.json
neuron_search/screen_1024_seed31_real_seq10160_val8_seed31_rank_pressure_fixed_1024_v1_rank_competition_fixed_feather_neuron/result/standalone_longseq_anchor_train,neuron_search,1,10403840.0,6.490631772401764,6.490631772401764,10403840.0,40437009.0,82325.51005170224,4170.87158203125,json_report_history,artifacts\benchmark_runs\language\neuron_search_20260605\manual_self\screen_1024_seed31_real_seq10160_val8_seed31_rank_pressure_fixed_1024_v1_rank_competition_fixed_feather_neuron\result.json
neuron_search/screen_1024_seed31_real_seq10160_val8_seed31_rank_pressure_ultrasoft_1024_v1_rank_competition_feather_neuron/result/standalone_longseq_anchor_train,neuron_search,1,10403840.0,6.490636066752156,6.490636066752156,10403840.0,40437011.0,82146.92291872065,4321.375,json_report_history,artifacts\benchmark_runs\language\neuron_search_20260605\manual_self\screen_1024_seed31_real_seq10160_val8_seed31_rank_pressure_ultrasoft_1024_v1_rank_competition_feather_neuron\result.json
neuron_search/screen_1024_seed31_real_seq10160_val8_seed31_competition_masks_1024_v1_rank_competition_memory_suppressed_centered_gate_neuron/result/standalone_longseq_anchor_train,neuron_search,1,10403840.0,6.490653623746136,6.490653623746136,10403840.0,40572179.0,70040.03121998637,4999.1513671875,json_report_history,artifacts\benchmark_runs\language\neuron_search_20260605\manual_self\screen_1024_seed31_real_seq10160_val8_seed31_competition_masks_1024_v1_rank_competition_memory_suppressed_centered_gate_neuron\result.json
neuron_search/screen_1024_seed31_real_seq10160_val8_seed31_suppressed_stable_1024_v1_rank_competition_memory_suppressed_bounded_centered_gate_neuron/result/standalone_longseq_anchor_train,neuron_search,1,10403840.0,6.490695723398464,6.490695723398464,10403840.0,40572179.0,69213.89943689831,4999.2294921875,json_report_history,artifacts\benchmark_runs\language\neuron_search_20260605\manual_self\screen_1024_seed31_real_seq10160_val8_seed31_suppressed_stable_1024_v1_rank_competition_memory_suppressed_bounded_centered_gate_neuron\result.json
neuron_search/screen_1024_seed31_real_seq10160_val8_seed31_rank_pressure_fixed_1024_v1_rank_competition_fixed_trace_neuron/result/standalone_longseq_anchor_train,neuron_search,1,10403840.0,6.490721572853449,6.490721572853449,10403840.0,40437009.0,82162.35903314178,4321.0615234375,json_report_history,artifacts\benchmark_runs\language\neuron_search_20260605\manual_self\screen_1024_seed31_real_seq10160_val8_seed31_rank_pressure_fixed_1024_v1_rank_competition_fixed_trace_neuron\result.json
neuron_search/screen_1024_seed13_real_seq10160_40m_1024_baseline/result/standalone_longseq_anchor_train,neuron_search,1,10403840.0,6.490743960639623,6.490743960639623,10403840.0,40437009.0,82940.16269500328,3672.6318359375,json_report_history,artifacts\benchmark_runs\language\neuron_search_20260605\manual_self\screen_1024_seed13_real_seq10160_40m_1024_baseline\result.json
neuron_search/screen_1024_seed31_real_seq10160_val8_seed31_hidden_regularizer_1024_v1_hidden_drop_low_square_neuron/result/standalone_longseq_anchor_train,neuron_search,1,10403840.0,6.4907588776641,6.4907588776641,10403840.0,40437009.0,82797.50780704187,4300.447265625,json_report_history,artifacts\benchmark_runs\language\neuron_search_20260605\manual_self\screen_1024_seed31_real_seq10160_val8_seed31_hidden_regularizer_1024_v1_hidden_drop_low_square_neuron\result.json
neuron_search/screen_1024_seed31_real_seq10160_val8_seed31_rank_pressure_fixed_1024_v1_rank_competition_fixed_dust_neuron/result/standalone_longseq_anchor_train,neuron_search,1,10403840.0,6.490779493831274,6.490779493831274,10403840.0,40437009.0,82189.04837381384,4318.103515625,json_report_history,artifacts\benchmark_runs\language\neuron_search_20260605\manual_self\screen_1024_seed31_real_seq10160_val8_seed31_rank_pressure_fixed_1024_v1_rank_competition_fixed_dust_neuron\result.json
neuron_search/screen_1024_seed31_real_seq10160_40m_1024_extra_baseline/result/standalone_longseq_anchor_train,neuron_search,1,10403840.0,6.490791113921038,6.490791113921038,10403840.0,40437009.0,84116.30187691773,3672.59912109375,json_report_history,artifacts\benchmark_runs\language\neuron_search_20260605\manual_self\screen_1024_seed31_real_seq10160_40m_1024_extra_baseline\result.json
neuron_search/screen_1024_seed31_real_seq10160_val8_seed31_hidden_regularizer_1024_v1_rank_competition_fixed_feather_channel_drop_neuron/result/standalone_longseq_anchor_train,neuron_search,1,10403840.0,6.490867328456067,6.490867328456067,10403840.0,40437009.0,81646.5393172184,4318.3955078125,json_report_history,artifacts\benchmark_runs\language\neuron_search_20260605\manual_self\screen_1024_seed31_real_seq10160_val8_seed31_hidden_regularizer_1024_v1_rank_competition_fixed_feather_channel_drop_neuron\result.json
neuron_search/screen_1024_seed31_real_seq10160_val8_seed31_suppressed_guarded_1024_v1_rank_competition_memory_suppressed_energy_matched_centered_gate_neuron/result/standalone_longseq_anchor_train,neuron_search,1,10403840.0,6.490949440377904,6.490949440377904,10403840.0,40572179.0,66960.98915442127,4931.23486328125,json_report_history,artifacts\benchmark_runs\language\neuron_search_20260605\manual_self\screen_1024_seed31_real_seq10160_val8_seed31_suppressed_guarded_1024_v1_rank_competition_memory_suppressed_energy_matched_centered_gate_neuron\result.json
neuron_search/screen_1024_seed31_real_seq10160_val8_seed31_hidden_regularizer_1024_v1_channel_drop_square_neuron/result/standalone_longseq_anchor_train,neuron_search,1,10403840.0,6.491031453083819,6.491031453083819,10403840.0,40437009.0,82879.11939234084,4282.2705078125,json_report_history,artifacts\benchmark_runs\language\neuron_search_20260605\manual_self\screen_1024_seed31_real_seq10160_val8_seed31_hidden_regularizer_1024_v1_channel_drop_square_neuron\result.json
neuron_search/screen_1024_seed13_real_seq10160_40m_1024_phase_residual_blend_centered_neuron/result/standalone_longseq_anchor_train,neuron_search,1,10403840.0,6.491135826636487,6.491135826636487,10403840.0,40439057.0,76128.70797410814,4069.31689453125,json_report_history,artifacts\benchmark_runs\language\neuron_search_20260605\manual_self\screen_1024_seed13_real_seq10160_40m_1024_phase_residual_blend_centered_neuron\result.json
neuron_search/screen_1024_seed13_real_seq10160_40m_1024_phase_residual_memory_small_gate_neuron/result/standalone_longseq_anchor_train,neuron_search,1,10403840.0,6.491292481628928,6.491292481628928,10403840.0,40572177.0,75513.9999258754,4193.02685546875,json_report_history,artifacts\benchmark_runs\language\neuron_search_20260605\manual_self\screen_1024_seed13_real_seq10160_40m_1024_phase_residual_memory_small_gate_neuron\result.json
neuron_search/screen_1024_seed31_real_seq10160_val8_seed31_suppressed_stable_1024_v1_rank_competition_memory_suppressed_small_centered_gate_neuron/result/standalone_longseq_anchor_train,neuron_search,1,10403840.0,6.49137834366851,6.49137834366851,10403840.0,40572179.0,69808.65347726938,4851.84130859375,json_report_history,artifacts\benchmark_runs\language\neuron_search_20260605\manual_self\screen_1024_seed31_real_seq10160_val8_seed31_suppressed_stable_1024_v1_rank_competition_memory_suppressed_small_centered_gate_neuron\result.json
neuron_search/screen_1024_seed31_real_seq10160_val8_seed31_suppressed_stable_1024_v1_rank_competition_memory_suppressed_bounded_small_centered_gate_neuron/result/standalone_longseq_anchor_train,neuron_search,1,10403840.0,6.491415230026395,6.491415230026395,10403840.0,40572179.0,69218.58503817915,4998.4267578125,json_report_history,artifacts\benchmark_runs\language\neuron_search_20260605\manual_self\screen_1024_seed31_real_seq10160_val8_seed31_suppressed_stable_1024_v1_rank_competition_memory_suppressed_bounded_small_centered_gate_neuron\result.json
neuron_search/screen_1024_seed31_real_seq10160_val8_seed31_suppressed_stable_1024_v1_rank_competition_memory_suppressed_normed_centered_gate_neuron/result/standalone_longseq_anchor_train,neuron_search,1,10403840.0,6.4914293403700585,6.4914293403700585,10403840.0,40572179.0,66911.96444417172,5076.841796875,json_report_history,artifacts\benchmark_runs\language\neuron_search_20260605\manual_self\screen_1024_seed31_real_seq10160_val8_seed31_suppressed_stable_1024_v1_rank_competition_memory_suppressed_normed_centered_gate_neuron\result.json
neuron_search/screen_1024_seed13_real_seq10160_40m_1024_phase_residual_blend_normed_neuron/result/standalone_longseq_anchor_train,neuron_search,1,10403840.0,6.491492923976868,6.491492923976868,10403840.0,40439057.0,73162.46889194878,4753.5,json_report_history,artifacts\benchmark_runs\language\neuron_search_20260605\manual_self\screen_1024_seed13_real_seq10160_40m_1024_phase_residual_blend_normed_neuron\result.json
neuron_search/screen_1024_seed17_real_seq10160_40m_1024_phase_residual_blend_centered_neuron/result/standalone_longseq_anchor_train,neuron_search,1,10403840.0,6.491495132540154,6.491495132540154,10403840.0,40439057.0,75374.09232134391,4069.31689453125,json_report_history,artifacts\benchmark_runs\language\neuron_search_20260605\manual_self\screen_1024_seed17_real_seq10160_40m_1024_phase_residual_blend_centered_neuron\result.json
neuron_search/screen_1024_seed13_real_seq10160_40m_1024_phase_residual_memory_centered_gate_neuron/result/standalone_longseq_anchor_train,neuron_search,1,10403840.0,6.491577075691674,6.491577075691674,10403840.0,40572177.0,73480.94226597626,4654.7197265625,json_report_history,artifacts\benchmark_runs\language\neuron_search_20260605\manual_self\screen_1024_seed13_real_seq10160_40m_1024_phase_residual_memory_centered_gate_neuron\result.json
neuron_search/screen_1024_seed13_real_seq10160_40m_1024_phase_residual_blend_half_neuron/result/standalone_longseq_anchor_train,neuron_search,1,10403840.0,6.491696851929341,6.491696851929341,10403840.0,40439057.0,76832.69009769111,4207.14111328125,json_report_history,artifacts\benchmark_runs\language\neuron_search_20260605\manual_self\screen_1024_seed13_real_seq10160_40m_1024_phase_residual_blend_half_neuron\result.json
neuron_search/screen_1024_seed13_real_seq10160_40m_1024_phase_residual_conv_energy_gate_neuron/result/standalone_longseq_anchor_train,neuron_search,1,10403840.0,6.491700165008935,6.491700165008935,10403840.0,40439059.0,74364.36481909057,4794.34716796875,json_report_history,artifacts\benchmark_runs\language\neuron_search_20260605\manual_self\screen_1024_seed13_real_seq10160_40m_1024_phase_residual_conv_energy_gate_neuron\result.json
neuron_search/screen_1024_seed13_real_seq10160_40m_1024_verify_val8_v4_phase_residual_memory_bounded_gate_neuron/result/standalone_longseq_anchor_train,neuron_search,1,10403840.0,6.491803382982419,6.491803382982419,10403840.0,40572177.0,73807.86046535126,4873.13818359375,json_report_history,artifacts\benchmark_runs\language\neuron_search_20260605\manual_self\screen_1024_seed13_real_seq10160_40m_1024_verify_val8_v4_phase_residual_memory_bounded_gate_neuron\result.json
neuron_search/screen_1024_seed31_real_seq10160_val8_seed31_competition_masks_1024_v1_rank_competition_memory_uncertainty_centered_gate_neuron/result/standalone_longseq_anchor_train,neuron_search,1,10403840.0,6.491906745227303,6.491906745227303,10403840.0,40572179.0,69076.08963358926,4930.92236328125,json_report_history,artifacts\benchmark_runs\language\neuron_search_20260605\manual_self\screen_1024_seed31_real_seq10160_val8_seed31_competition_masks_1024_v1_rank_competition_memory_uncertainty_centered_gate_neuron\result.json
neuron_search/screen_1024_seed13_real_seq10160_40m_1024_verify_val8_v4_phase_residual_memory_rms_gate_neuron/result/standalone_longseq_anchor_train,neuron_search,1,10403840.0,6.491938723260024,6.491938723260024,10403840.0,40572177.0,71236.78543300119,4913.88623046875,json_report_history,artifacts\benchmark_runs\language\neuron_search_20260605\manual_self\screen_1024_seed13_real_seq10160_40m_1024_verify_val8_v4_phase_residual_memory_rms_gate_neuron\result.json
neuron_search/screen_1024_seed13_real_seq10160_40m_1024_phase_residual_memory_gate_neuron/result/standalone_longseq_anchor_train,neuron_search,1,10403840.0,6.491958728925449,6.491958728925449,10403840.0,40572177.0,74519.25780142342,4656.548828125,json_report_history,artifacts\benchmark_runs\language\neuron_search_20260605\manual_self\screen_1024_seed13_real_seq10160_40m_1024_phase_residual_memory_gate_neuron\result.json
neuron_search/screen_1024_seed13_real_seq10160_40m_1024_phase_residual_memory_zero_mean_gate_neuron/result/standalone_longseq_anchor_train,neuron_search,1,10403840.0,6.491961954522321,6.491961954522321,10403840.0,40572177.0,74169.26914986355,4799.53564453125,json_report_history,artifacts\benchmark_runs\language\neuron_search_20260605\manual_self\screen_1024_seed13_real_seq10160_40m_1024_phase_residual_memory_zero_mean_gate_neuron\result.json
neuron_search/screen_1024_seed31_real_seq10160_val8_seed31_rank_pressure_1024_v1_rank_competition_soft_centered_residual_neuron/result/standalone_longseq_anchor_train,neuron_search,1,10403840.0,6.492003682091481,6.492003682091481,10403840.0,40439059.0,74552.22684301494,4716.599609375,json_report_history,artifacts\benchmark_runs\language\neuron_search_20260605\manual_self\screen_1024_seed31_real_seq10160_val8_seed31_rank_pressure_1024_v1_rank_competition_soft_centered_residual_neuron\result.json
neuron_search/screen_1024_seed17_real_seq10160_40m_1024_phase_residual_blend_normed_neuron/result/standalone_longseq_anchor_train,neuron_search,1,10403840.0,6.492040767068938,6.492040767068938,10403840.0,40439057.0,73316.58761133005,4759.421875,json_report_history,artifacts\benchmark_runs\language\neuron_search_20260605\manual_self\screen_1024_seed17_real_seq10160_40m_1024_phase_residual_blend_normed_neuron\result.json
neuron_search/screen_1024_seed17_real_seq10160_40m_1024_phase_residual_blend_half_neuron/result/standalone_longseq_anchor_train,neuron_search,1,10403840.0,6.492086674003151,6.492086674003151,10403840.0,40439057.0,76629.32321050504,4212.08837890625,json_report_history,artifacts\benchmark_runs\language\neuron_search_20260605\manual_self\screen_1024_seed17_real_seq10160_40m_1024_phase_residual_blend_half_neuron\result.json
neuron_search/screen_1024_seed17_real_seq10160_40m_1024_phase_residual_conv_energy_gate_neuron/result/standalone_longseq_anchor_train,neuron_search,1,10403840.0,6.49214927342933,6.49214927342933,10403840.0,40439059.0,74413.52574664287,4800.296875,json_report_history,artifacts\benchmark_runs\language\neuron_search_20260605\manual_self\screen_1024_seed17_real_seq10160_40m_1024_phase_residual_conv_energy_gate_neuron\result.json
neuron_search/screen_1024_seed13_real_seq10160_val8_rankcost_1024_v1_rank_competition_memory_scalar_centered_gate_neuron/result/standalone_longseq_anchor_train,neuron_search,1,10403840.0,6.492792820930481,6.492792820930481,10403840.0,40439189.0,73405.05065332747,4651.18017578125,json_report_history,artifacts\benchmark_runs\language\neuron_search_20260605\manual_self\screen_1024_seed13_real_seq10160_val8_rankcost_1024_v1_rank_competition_memory_scalar_centered_gate_neuron\result.json
neuron_search/screen_1024_seed17_real_seq10160_40m_1024_baseline/result/standalone_longseq_anchor_train,neuron_search,1,10403840.0,6.493108171553124,6.493108171553124,10403840.0,40437009.0,83392.29651060654,3672.60400390625,json_report_history,artifacts\benchmark_runs\language\neuron_search_20260605\manual_self\screen_1024_seed17_real_seq10160_40m_1024_baseline\result.json
neuron_search/screen_1024_seed31_real_seq10160_40m_1024_extra_phase_residual_memory_gate_neuron/result/standalone_longseq_anchor_train,neuron_search,1,10403840.0,6.493193677185088,6.493193677185088,10403840.0,40572177.0,74509.97169810852,4652.41845703125,json_report_history,artifacts\benchmark_runs\language\neuron_search_20260605\manual_self\screen_1024_seed31_real_seq10160_40m_1024_extra_phase_residual_memory_gate_neuron\result.json
neuron_search/screen_1024_seed31_real_seq10160_40m_1024_extra_phase_residual_memory_zero_mean_gate_neuron/result/standalone_longseq_anchor_train,neuron_search,1,10403840.0,6.493214203147438,6.493214203147438,10403840.0,40572177.0,74112.33310839707,4806.333984375,json_report_history,artifacts\benchmark_runs\language\neuron_search_20260605\manual_self\screen_1024_seed31_real_seq10160_40m_1024_extra_phase_residual_memory_zero_mean_gate_neuron\result.json
neuron_search/screen_1024_seed31_real_seq10160_40m_1024_extra_phase_residual_memory_tiny_gate_neuron/result/standalone_longseq_anchor_train,neuron_search,1,10403840.0,6.493510592453123,6.493510592453123,10403840.0,40572177.0,74764.1121850167,4655.56884765625,json_report_history,artifacts\benchmark_runs\language\neuron_search_20260605\manual_self\screen_1024_seed31_real_seq10160_40m_1024_extra_phase_residual_memory_tiny_gate_neuron\result.json
neuron_search/screen_1024_seed31_real_seq10160_40m_1024_extra_phase_residual_memory_small_gate_neuron/result/standalone_longseq_anchor_train,neuron_search,1,10403840.0,6.493580949400354,6.493580949400354,10403840.0,40572177.0,74643.39675459077,4192.994140625,json_report_history,artifacts\benchmark_runs\language\neuron_search_20260605\manual_self\screen_1024_seed31_real_seq10160_40m_1024_extra_phase_residual_memory_small_gate_neuron\result.json
neuron_search/screen_1024_seed31_real_seq10160_val8_seed31_regularized_1024_v1_rank_competition_memory_small_centered_gate_neuron/result/standalone_longseq_anchor_train,neuron_search,1,10403840.0,6.493618178743077,6.493618178743077,10403840.0,40572179.0,72504.15214258598,4691.58544921875,json_report_history,artifacts\benchmark_runs\language\neuron_search_20260605\manual_self\screen_1024_seed31_real_seq10160_val8_seed31_regularized_1024_v1_rank_competition_memory_small_centered_gate_neuron\result.json
neuron_search/screen_1024_seed17_real_seq10160_40m_1024_phase_residual_memory_scalar_gate_neuron/result/standalone_longseq_anchor_train,neuron_search,1,10403840.0,6.493775763567977,6.493775763567977,10403840.0,40439187.0,75738.19298794995,4761.8916015625,json_report_history,artifacts\benchmark_runs\language\neuron_search_20260605\manual_self\screen_1024_seed17_real_seq10160_40m_1024_phase_residual_memory_scalar_gate_neuron\result.json
neuron_search/screen_1024_seed17_real_seq10160_40m_1024_phase_residual_memory_scalar_centered_gate_neuron/result/standalone_longseq_anchor_train,neuron_search,1,10403840.0,6.4939430381369405,6.4939430381369405,10403840.0,40439187.0,74405.88256175943,4149.35693359375,json_report_history,artifacts\benchmark_runs\language\neuron_search_20260605\manual_self\screen_1024_seed17_real_seq10160_40m_1024_phase_residual_memory_scalar_centered_gate_neuron\result.json
neuron_search/screen_1024_seed29_real_seq10160_40m_1024_rank_competition_neuron/result/standalone_longseq_anchor_train,neuron_search,1,10403840.0,6.493997481207209,6.493997481207209,10403840.0,40437011.0,82116.39059428943,3711.3740234375,json_report_history,artifacts\benchmark_runs\language\neuron_search_20260605\manual_self\screen_1024_seed29_real_seq10160_40m_1024_rank_competition_neuron\result.json
neuron_search/screen_1024_seed31_real_seq10160_val8_seed31_regularized_1024_v1_rank_competition_memory_normed_centered_gate_neuron/result/standalone_longseq_anchor_train,neuron_search,1,10403840.0,6.494292539780534,6.494292539780534,10403840.0,40572179.0,65844.1788783238,5040.0283203125,json_report_history,artifacts\benchmark_runs\language\neuron_search_20260605\manual_self\screen_1024_seed31_real_seq10160_val8_seed31_regularized_1024_v1_rank_competition_memory_normed_centered_gate_neuron\result.json
neuron_search/screen_1024_seed31_real_seq10160_val8_fullhybrid_extra_1024_v1_rank_competition_memory_centered_gate_neuron/result/standalone_longseq_anchor_train,neuron_search,1,10403840.0,6.494787213182825,6.494787213182825,10403840.0,40572179.0,72542.55804008748,4691.58544921875,json_report_history,artifacts\benchmark_runs\language\neuron_search_20260605\manual_self\screen_1024_seed31_real_seq10160_val8_fullhybrid_extra_1024_v1_rank_competition_memory_centered_gate_neuron\result.json
neuron_search/screen_1024_seed13_real_seq10160_40m_1024_phase_residual_memory_scalar_centered_gate_neuron/result/standalone_longseq_anchor_train,neuron_search,1,10403840.0,6.4948057833619,6.4948057833619,10403840.0,40439187.0,74843.18297394234,4149.35693359375,json_report_history,artifacts\benchmark_runs\language\neuron_search_20260605\manual_self\screen_1024_seed13_real_seq10160_40m_1024_phase_residual_memory_scalar_centered_gate_neuron\result.json
neuron_search/screen_1024_seed13_real_seq10160_40m_1024_memory_square_scalar_gain_neuron/result/standalone_longseq_anchor_train,neuron_search,1,10403840.0,6.4948093449036906,6.4948093449036906,10403840.0,40437139.0,92858.75398031113,3751.15771484375,json_report_history,artifacts\benchmark_runs\language\neuron_search_20260605\manual_self\screen_1024_seed13_real_seq10160_40m_1024_memory_square_scalar_gain_neuron\result.json
neuron_search/screen_1024_seed31_real_seq10160_val8_seed31_competition_masks_1024_v1_rank_competition_memory_within_group_centered_gate_neuron/result/standalone_longseq_anchor_train,neuron_search,1,10403840.0,6.494897322485766,6.494897322485766,10403840.0,40572179.0,72616.49805976359,4840.537109375,json_report_history,artifacts\benchmark_runs\language\neuron_search_20260605\manual_self\screen_1024_seed31_real_seq10160_val8_seed31_competition_masks_1024_v1_rank_competition_memory_within_group_centered_gate_neuron\result.json
neuron_search/screen_1024_seed13_real_seq10160_40m_1024_phase_residual_memory_scalar_gate_neuron/result/standalone_longseq_anchor_train,neuron_search,1,10403840.0,6.495215996043888,6.495215996043888,10403840.0,40439187.0,75704.61812601896,4754.95166015625,json_report_history,artifacts\benchmark_runs\language\neuron_search_20260605\manual_self\screen_1024_seed13_real_seq10160_40m_1024_phase_residual_memory_scalar_gate_neuron\result.json
neuron_search/screen_1024_seed29_real_seq10160_val8_rankcost_1024_v1_rank_competition_centered_residual_neuron/result/standalone_longseq_anchor_train,neuron_search,1,10403840.0,6.495301617881444,6.495301617881444,10403840.0,40439059.0,74566.67829839443,4715.162109375,json_report_history,artifacts\benchmark_runs\language\neuron_search_20260605\manual_self\screen_1024_seed29_real_seq10160_val8_rankcost_1024_v1_rank_competition_centered_residual_neuron\result.json
neuron_search/screen_1024_seed31_real_seq10160_40m_1024_extra_phase_residual_memory_centered_gate_neuron/result/standalone_longseq_anchor_train,neuron_search,1,10403840.0,6.495628151180237,6.495628151180237,10403840.0,40572177.0,73390.4453102986,4799.02734375,json_report_history,artifacts\benchmark_runs\language\neuron_search_20260605\manual_self\screen_1024_seed31_real_seq10160_40m_1024_extra_phase_residual_memory_centered_gate_neuron\result.json
neuron_search/screen_1024_seed29_real_seq10160_40m_1024_phase_residual_memory_scalar_gate_neuron/result/standalone_longseq_anchor_train,neuron_search,1,10403840.0,6.496270082785388,6.496270082785388,10403840.0,40439187.0,75754.07320420472,4758.1044921875,json_report_history,artifacts\benchmark_runs\language\neuron_search_20260605\manual_self\screen_1024_seed29_real_seq10160_40m_1024_phase_residual_memory_scalar_gate_neuron\result.json
neuron_search/screen_1024_seed29_real_seq10160_val8_rankcost_1024_v1_rank_competition_memory_scalar_centered_gate_neuron/result/standalone_longseq_anchor_train,neuron_search,1,10403840.0,6.4965037546758575,6.4965037546758575,10403840.0,40439189.0,73378.63874267766,4651.11572265625,json_report_history,artifacts\benchmark_runs\language\neuron_search_20260605\manual_self\screen_1024_seed29_real_seq10160_val8_rankcost_1024_v1_rank_competition_memory_scalar_centered_gate_neuron\result.json
neuron_search/screen_1024_seed29_real_seq10160_40m_1024_phase_residual_memory_scalar_centered_gate_neuron/result/standalone_longseq_anchor_train,neuron_search,1,10403840.0,6.496689305343027,6.496689305343027,10403840.0,40439187.0,74355.88617895449,4149.35693359375,json_report_history,artifacts\benchmark_runs\language\neuron_search_20260605\manual_self\screen_1024_seed29_real_seq10160_40m_1024_phase_residual_memory_scalar_centered_gate_neuron\result.json
neuron_search/screen_1024_seed29_real_seq10160_40m_1024_phase_residual_blend_half_neuron/result/standalone_longseq_anchor_train,neuron_search,1,10403840.0,6.497892729691633,6.497892729691633,10403840.0,40439057.0,76773.7516324067,4209.29150390625,json_report_history,artifacts\benchmark_runs\language\neuron_search_20260605\manual_self\screen_1024_seed29_real_seq10160_40m_1024_phase_residual_blend_half_neuron\result.json
neuron_search/screen_1024_seed29_real_seq10160_40m_1024_phase_residual_blend_normed_neuron/result/standalone_longseq_anchor_train,neuron_search,1,10403840.0,6.497902897493107,6.497902897493107,10403840.0,40439057.0,73473.42500167742,4756.640625,json_report_history,artifacts\benchmark_runs\language\neuron_search_20260605\manual_self\screen_1024_seed29_real_seq10160_40m_1024_phase_residual_blend_normed_neuron\result.json
neuron_search/screen_1024_seed29_real_seq10160_40m_1024_phase_residual_conv_energy_gate_neuron/result/standalone_longseq_anchor_train,neuron_search,1,10403840.0,6.497923070990194,6.497923070990194,10403840.0,40439059.0,74412.27329305468,4797.5,json_report_history,artifacts\benchmark_runs\language\neuron_search_20260605\manual_self\screen_1024_seed29_real_seq10160_40m_1024_phase_residual_conv_energy_gate_neuron\result.json
neuron_search/screen_1024_seed29_real_seq10160_40m_1024_memory_square_scalar_gain_neuron/result/standalone_longseq_anchor_train,neuron_search,1,10403840.0,6.497931173748857,6.497931173748857,10403840.0,40437139.0,89196.22213447928,3751.1455078125,json_report_history,artifacts\benchmark_runs\language\neuron_search_20260605\manual_self\screen_1024_seed29_real_seq10160_40m_1024_memory_square_scalar_gain_neuron\result.json
neuron_search/screen_1024_seed29_real_seq10160_40m_1024_baseline/result/standalone_longseq_anchor_train,neuron_search,1,10403840.0,6.498115837198543,6.498115837198543,10403840.0,40437009.0,83133.10710084398,3672.61962890625,json_report_history,artifacts\benchmark_runs\language\neuron_search_20260605\manual_self\screen_1024_seed29_real_seq10160_40m_1024_baseline\result.json
neuron_search/screen_1024_seed29_real_seq10160_40m_1024_phase_residual_blend_centered_neuron/result/standalone_longseq_anchor_train,neuron_search,1,10403840.0,6.498497071697956,6.498497071697956,10403840.0,40439057.0,75341.79122108428,4069.31689453125,json_report_history,artifacts\benchmark_runs\language\neuron_search_20260605\manual_self\screen_1024_seed29_real_seq10160_40m_1024_phase_residual_blend_centered_neuron\result.json
neuron_search/screen_1024_seed31_real_seq10160_val8_seed31_suppressed_guarded_1024_v1_rank_competition_memory_suppressed_aux_head_centered_gate_neuron/result/standalone_longseq_anchor_train,neuron_search,1,10403840.0,31.40754250241077,31.40754250241077,10403840.0,41620757.0,67993.6814939886,5065.82421875,json_report_history,artifacts\benchmark_runs\language\neuron_search_20260605\manual_self\screen_1024_seed31_real_seq10160_val8_seed31_suppressed_guarded_1024_v1_rank_competition_memory_suppressed_aux_head_centered_gate_neuron\result.json
phrase23_semantic_t2k3_stride24_1000_seed13/standalone_longseq_anchor_train,long_context_lm,4,10160000.0,6.376552995358865,6.376552995358865,10160000.0,38342946.0,91146.18034361099,1761.81201171875,json_report_history,artifacts\benchmark_runs\language\training_system_search_20260712\phrase23_semantic_t2k3_stride24_1000_seed13\result.json
phrase_induction_orders23_stride24_1000_seed13/standalone_longseq_anchor_train,long_context_lm,4,10160000.0,6.401320573194759,6.401320573194759,10160000.0,38326367.0,114029.00293347244,1622.23291015625,json_report_history,artifacts\benchmark_runs\language\training_system_search_20260712\phrase_induction_orders23_stride24_1000_seed13\result.json
longconfirm_candidate_1000_seed13/standalone_longseq_anchor_train,long_context_lm,1,10160000.0,6.477781309762339,6.477781309762339,10160000.0,38325979.0,161559.8514609761,1621.80517578125,json_report_history,artifacts\benchmark_runs\language\training_system_search_20260712\longconfirm_candidate_1000_seed13\result.json
longconfirm_reference_654_seed13/standalone_longseq_anchor_train,long_context_lm,1,6644640.0,6.5036235972652285,6.5036235972652285,6644640.0,40437785.0,100114.19150667096,3054.703125,json_report_history,artifacts\benchmark_runs\language\training_system_search_20260712\longconfirm_reference_654_seed13\result.json
identity_head_rank224_stride12_vocab4096_400_seed13/standalone_longseq_anchor_train,long_context_lm,1,4064000.0,6.773822012848742,6.773822012848742,4064000.0,39950521.0,153107.73937703963,1821.0,json_report_history,artifacts\benchmark_runs\language\training_system_search_20260712\identity_head_rank224_stride12_vocab4096_400_seed13\result.json
identity_head_rank224_stride12_vocab4096_400_seed17/standalone_longseq_anchor_train,long_context_lm,1,4064000.0,6.776131821241904,6.776131821241904,4064000.0,39950521.0,132141.69530574413,1821.22900390625,json_report_history,artifacts\benchmark_runs\language\training_system_search_20260712\identity_head_rank224_stride12_vocab4096_400_seed17\result.json
identity_head_rank192_stride12_vocab4096_400_seed13/standalone_longseq_anchor_train,long_context_lm,1,4064000.0,6.7853822508196195,6.7853822508196195,4064000.0,38325785.0,154812.34734061887,1786.5908203125,json_report_history,artifacts\benchmark_runs\language\training_system_search_20260712\identity_head_rank192_stride12_vocab4096_400_seed13\result.json
wallclock380_collapsed_rotating_stride8_vocab2048_matched_seed13/standalone_longseq_anchor_train,long_context_lm,1,3860800.0,6.811357980168711,6.811357980168711,3860800.0,39743513.0,92683.07323186257,1911.890625,json_report_history,artifacts\benchmark_runs\language\training_system_search_20260712\wallclock380_collapsed_rotating_stride8_vocab2048_matched_seed13\result.json
wallclock380_collapsed_rotating_stride8_vocab2048_seed13/standalone_longseq_anchor_train,long_context_lm,1,3860800.0,7.355495881189512,7.355495881189512,3860800.0,39743513.0,93998.21769562126,1911.890625,json_report_history,artifacts\benchmark_runs\language\training_system_search_20260712\wallclock380_collapsed_rotating_stride8_vocab2048_seed13\result.json
sparse_exact_unique512_identity_rank192_stride12_vocab4096_350_seed13/standalone_longseq_anchor_train,long_context_lm,7,3556000.0,6.601215885098525,6.601215885098525,3556000.0,38325979.0,115788.69961165369,1874.69580078125,json_report_history,artifacts\benchmark_runs\language\training_system_search_20260712\sparse_exact_unique512_identity_rank192_stride12_vocab4096_350_seed13\result.json
bloom512_identity_rank192_stride12_vocab4096_350_seed13/standalone_longseq_anchor_train,long_context_lm,1,3556000.0,6.601726542119905,6.601726542119905,3556000.0,38325979.0,96658.6207515994,1951.4091796875,json_report_history,artifacts\benchmark_runs\language\training_system_search_20260712\bloom512_identity_rank192_stride12_vocab4096_350_seed13\result.json
sparse_exact_unique128_identity_rank192_stride12_vocab4096_350_seed13/standalone_longseq_anchor_train,long_context_lm,7,3556000.0,6.67036838831864,6.67036838831864,3556000.0,38325979.0,124456.38136845957,1869.232421875,json_report_history,artifacts\benchmark_runs\language\training_system_search_20260712\sparse_exact_unique128_identity_rank192_stride12_vocab4096_350_seed13\result.json
phrase234_semantic_t2k3_stride24_350_seed13/standalone_longseq_anchor_train,long_context_lm,1,3556000.0,6.6864754542591065,6.6864754542591065,3556000.0,38343140.0,95875.86334016816,1762.08447265625,json_report_history,artifacts\benchmark_runs\language\training_system_search_20260712\phrase234_semantic_t2k3_stride24_350_seed13\result.json
sparse_exact_unique512_identity_rank128_stride12_vocab4096_350_seed13/standalone_longseq_anchor_train,long_context_lm,7,3556000.0,6.687639491482982,6.687639491482982,3556000.0,35076443.0,136666.9339921858,1806.51220703125,json_report_history,artifacts\benchmark_runs\language\training_system_search_20260712\sparse_exact_unique512_identity_rank128_stride12_vocab4096_350_seed13\result.json
phrase234_semantic_t2k3_stride24_350_seed17/standalone_longseq_anchor_train,long_context_lm,1,3556000.0,6.688571356225202,6.688571356225202,3556000.0,38343140.0,89643.31180844258,1760.66015625,json_report_history,artifacts\benchmark_runs\language\training_system_search_20260712\phrase234_semantic_t2k3_stride24_350_seed17\result.json
sparse_exact_recency128_identity_rank192_stride12_vocab4096_350_seed13/standalone_longseq_anchor_train,long_context_lm,7,3556000.0,6.698085539641343,6.698085539641343,3556000.0,38325979.0,122947.60904348636,1874.50830078125,json_report_history,artifacts\benchmark_runs\language\training_system_search_20260712\sparse_exact_recency128_identity_rank192_stride12_vocab4096_350_seed13\result.json
phrase23_semantic_t2k3_stride24_350_seed13/standalone_longseq_anchor_train,long_context_lm,1,3556000.0,6.699442346734325,6.699442346734325,3556000.0,38342946.0,95061.70762601707,1649.201171875,json_report_history,artifacts\benchmark_runs\language\training_system_search_20260712\phrase23_semantic_t2k3_stride24_350_seed13\result.json
phrase23_semantic_t2k3_stride24_350_seed17/standalone_longseq_anchor_train,long_context_lm,1,3556000.0,6.702749978181884,6.702749978181884,3556000.0,38342946.0,88711.4491375443,1760.3876953125,json_report_history,artifacts\benchmark_runs\language\training_system_search_20260712\phrase23_semantic_t2k3_stride24_350_seed17\result.json
phrase_induction_orders234_stride24_350_seed13/standalone_longseq_anchor_train,long_context_lm,1,3556000.0,6.705375320704904,6.705375320704904,3556000.0,38326561.0,116870.17990414031,1734.8447265625,json_report_history,artifacts\benchmark_runs\language\training_system_search_20260712\phrase_induction_orders234_stride24_350_seed13\result.json
phrase23_semantic_t1k2_stride24_350_seed13/standalone_longseq_anchor_train,long_context_lm,1,3556000.0,6.709652270388416,6.709652270388416,3556000.0,38342946.0,77969.84571470211,1641.48486328125,json_report_history,artifacts\benchmark_runs\language\training_system_search_20260712\phrase23_semantic_t1k2_stride24_350_seed13\result.json
phrase_induction_orders23_history2_stride24_350_seed13/standalone_longseq_anchor_train,long_context_lm,1,3556000.0,6.716641806805228,6.716641806805228,3556000.0,38326367.0,97922.1487304917,1734.9794921875,json_report_history,artifacts\benchmark_runs\language\training_system_search_20260712\phrase_induction_orders23_history2_stride24_350_seed13\result.json
phrase_induction_orders23_stride24_350_seed13/standalone_longseq_anchor_train,long_context_lm,1,3556000.0,6.719643487141827,6.719643487141827,3556000.0,38326367.0,98030.72618733457,1622.23291015625,json_report_history,artifacts\benchmark_runs\language\training_system_search_20260712\phrase_induction_orders23_stride24_350_seed13\result.json
sorted_induction_identity_rank192_stride12_vocab4096_350_seed13/standalone_longseq_anchor_train,long_context_lm,7,3556000.0,6.721169375903963,6.721169375903963,3556000.0,38325979.0,137388.33483943113,1787.623046875,json_report_history,artifacts\benchmark_runs\language\training_system_search_20260712\sorted_induction_identity_rank192_stride12_vocab4096_350_seed13\result.json
phrase_induction_orders23_stride24_350_seed17/standalone_longseq_anchor_train,long_context_lm,1,3556000.0,6.72299615135343,6.72299615135343,3556000.0,38326367.0,124406.49469493647,1622.47021484375,json_report_history,artifacts\benchmark_runs\language\training_system_search_20260712\phrase_induction_orders23_stride24_350_seed17\result.json
phrase_induction_order2_stride24_350_seed13/standalone_longseq_anchor_train,long_context_lm,1,3556000.0,6.743964307514701,6.743964307514701,3556000.0,38326173.0,123225.71730419085,1622.01904296875,json_report_history,artifacts\benchmark_runs\language\training_system_search_20260712\phrase_induction_order2_stride24_350_seed13\result.json
rank224_wave10_collapsed_rotating_stride8_vocab4096_350_seed13/standalone_longseq_anchor_train,long_context_lm,1,3556000.0,6.748323657850581,6.748323657850581,3556000.0,42050233.0,128031.62441609846,2225.84619140625,json_report_history,artifacts\benchmark_runs\language\training_system_search_20260712\rank224_wave10_collapsed_rotating_stride8_vocab4096_350_seed13\result.json
phrase_induction_order3_stride24_350_seed13/standalone_longseq_anchor_train,long_context_lm,1,3556000.0,6.760851507956588,6.760851507956588,3556000.0,38326173.0,127190.20386479817,1622.01904296875,json_report_history,artifacts\benchmark_runs\language\training_system_search_20260712\phrase_induction_order3_stride24_350_seed13\result.json
wallclock350_collapsed_rotating_stride8_vocab4096_seed13/standalone_longseq_anchor_train,long_context_lm,1,3556000.0,6.762772710680023,6.762772710680023,3556000.0,40425497.0,133499.8702918924,2192.34912109375,json_report_history,artifacts\benchmark_runs\language\training_system_search_20260712\wallclock350_collapsed_rotating_stride8_vocab4096_seed13\result.json
semantic_successor_t2k3_rank32_stride24_350_seed13/standalone_longseq_anchor_train,long_context_lm,1,3556000.0,6.765414855048412,6.765414855048412,3556000.0,38342558.0,113649.45739558167,1648.7734375,json_report_history,artifacts\benchmark_runs\language\training_system_search_20260712\semantic_successor_t2k3_rank32_stride24_350_seed13\result.json
semantic_successor_stopgrad_t2k3_rank32_stride24_350_seed13/standalone_longseq_anchor_train,long_context_lm,1,3556000.0,6.770806206305196,6.770806206305196,3556000.0,38342558.0,113929.48244327147,1626.37841796875,json_report_history,artifacts\benchmark_runs\language\training_system_search_20260712\semantic_successor_stopgrad_t2k3_rank32_stride24_350_seed13\result.json
semantic_successor_t1k2_rank32_stride24_350_seed13/standalone_longseq_anchor_train,long_context_lm,1,3556000.0,6.779016443969697,6.779016443969697,3556000.0,38342558.0,92311.58294102942,1641.05712890625,json_report_history,artifacts\benchmark_runs\language\training_system_search_20260712\semantic_successor_t1k2_rank32_stride24_350_seed13\result.json
selective_memory_self_stride24_350_seed13/standalone_longseq_anchor_train,long_context_lm,1,3556000.0,6.790956103613996,6.790956103613996,3556000.0,38326491.0,119567.15439287701,1649.65673828125,json_report_history,artifacts\benchmark_runs\language\training_system_search_20260712\selective_memory_self_stride24_350_seed13\result.json
sorted_induction_identity_rank192_stride24_vocab4096_350_seed13/standalone_longseq_anchor_train,long_context_lm,1,3556000.0,6.790969814184144,6.790969814184144,3556000.0,38325979.0,152939.46314984845,1621.80517578125,json_report_history,artifacts\benchmark_runs\language\training_system_search_20260712\sorted_induction_identity_rank192_stride24_vocab4096_350_seed13\result.json
rank224_wave10_collapsed_rotating_stride12_vocab4096_350_seed13/standalone_longseq_anchor_train,long_context_lm,1,3556000.0,6.793358311315221,6.793358311315221,3556000.0,42050233.0,132289.72956706444,2021.0,json_report_history,artifacts\benchmark_runs\language\training_system_search_20260712\rank224_wave10_collapsed_rotating_stride12_vocab4096_350_seed13\result.json
sorted_induction_identity_rank192_stride24_vocab4096_350_seed17/standalone_longseq_anchor_train,long_context_lm,1,3556000.0,6.794832575321197,6.794832575321197,3556000.0,38325979.0,145116.5934087692,1622.04248046875,json_report_history,artifacts\benchmark_runs\language\training_system_search_20260712\sorted_induction_identity_rank192_stride24_vocab4096_350_seed17\result.json
hybrid_localattn64_induction_stride24_350_seed13/standalone_longseq_anchor_train,long_context_lm,1,3556000.0,6.795130366133892,6.795130366133892,3556000.0,38441693.0,128330.98990333959,1681.47900390625,json_report_history,artifacts\benchmark_runs\language\training_system_search_20260712\hybrid_localattn64_induction_stride24_350_seed13\result.json
multigrid_rank224_stride12_vocab4096_350_seed13/standalone_longseq_anchor_train,long_context_lm,1,3556000.0,6.795476715677366,6.795476715677366,3556000.0,42038465.0,132856.13074986762,2060.30078125,json_report_history,artifacts\benchmark_runs\language\training_system_search_20260712\multigrid_rank224_stride12_vocab4096_350_seed13\result.json
dualpath_one_localattn64_induction_stride24_350_seed13/standalone_longseq_anchor_train,long_context_lm,1,3556000.0,6.799531048113906,6.799531048113906,3556000.0,38457564.0,137112.43585274921,1692.35400390625,json_report_history,artifacts\benchmark_runs\language\training_system_search_20260712\dualpath_one_localattn64_induction_stride24_350_seed13\result.json
hybrid_one_localattn64_induction_stride24_350_seed13/standalone_longseq_anchor_train,long_context_lm,1,3556000.0,6.803238419191105,6.803238419191105,3556000.0,38383836.0,149178.60606612667,1652.5244140625,json_report_history,artifacts\benchmark_runs\language\training_system_search_20260712\hybrid_one_localattn64_induction_stride24_350_seed13\result.json
selective_memory_rankwise_stride24_350_seed13/standalone_longseq_anchor_train,long_context_lm,1,3556000.0,6.804174854154662,6.804174854154662,3556000.0,38457307.0,99899.5658197818,1678.7626953125,json_report_history,artifacts\benchmark_runs\language\training_system_search_20260712\selective_memory_rankwise_stride24_350_seed13\result.json
rank224_wave10_collapsed_rotating_stride12_vocab3072_350_seed13/standalone_longseq_anchor_train,long_context_lm,1,3556000.0,6.8054238332538155,6.8054238332538155,3556000.0,42050233.0,134110.88936259807,1971.8076171875,json_report_history,artifacts\benchmark_runs\language\training_system_search_20260712\rank224_wave10_collapsed_rotating_stride12_vocab3072_350_seed13\result.json
accum2_lr1500_rank224_stride12_vocab4096_350_seed13/standalone_longseq_anchor_train,long_context_lm,1,3556000.0,6.8059257295188,6.8059257295188,3556000.0,42050233.0,140069.67032313917,2177.61474609375,json_report_history,artifacts\benchmark_runs\language\training_system_search_20260712\accum2_lr1500_rank224_stride12_vocab4096_350_seed13\result.json
head2x_rank224_stride12_vocab4096_350_seed13/standalone_longseq_anchor_train,long_context_lm,1,3556000.0,6.80913751416319,6.80913751416319,3556000.0,41000633.0,131566.23355722363,1926.7158203125,json_report_history,artifacts\benchmark_runs\language\training_system_search_20260712\head2x_rank224_stride12_vocab4096_350_seed13\result.json
residual_head1x_rank224_stride12_vocab4096_350_seed13/standalone_longseq_anchor_train,long_context_lm,1,3556000.0,6.809701785515612,6.809701785515612,3556000.0,40475833.0,144030.7883712966,1879.591796875,json_report_history,artifacts\benchmark_runs\language\training_system_search_20260712\residual_head1x_rank224_stride12_vocab4096_350_seed13\result.json
rank224_wave10_collapsed_rotating_stride12_vocab2048_350_seed13/standalone_longseq_anchor_train,long_context_lm,1,3556000.0,6.817109543976821,6.817109543976821,3556000.0,42050233.0,137128.37314298234,1928.15869140625,json_report_history,artifacts\benchmark_runs\language\training_system_search_20260712\rank224_wave10_collapsed_rotating_stride12_vocab2048_350_seed13\result.json
accum2_lr1200_rank224_stride12_vocab4096_350_seed13/standalone_longseq_anchor_train,long_context_lm,1,3556000.0,6.820209931482481,6.820209931482481,3556000.0,42050233.0,143421.67064982225,2177.61474609375,json_report_history,artifacts\benchmark_runs\language\training_system_search_20260712\accum2_lr1200_rank224_stride12_vocab4096_350_seed13\result.json
layerscale01_residual_head1x_rank224_stride12_vocab4096_350_seed13/standalone_longseq_anchor_train,long_context_lm,1,3556000.0,6.824153134766526,6.824153134766526,3556000.0,40475834.0,145129.2007812439,1888.55615234375,json_report_history,artifacts\benchmark_runs\language\training_system_search_20260712\layerscale01_residual_head1x_rank224_stride12_vocab4096_350_seed13\result.json
identity_head_rank224_stride12_vocab4096_350_seed13/standalone_longseq_anchor_train,long_context_lm,1,3556000.0,6.826876127344417,6.826876127344417,3556000.0,39950521.0,151783.2407271938,1821.0,json_report_history,artifacts\benchmark_runs\language\training_system_search_20260712\identity_head_rank224_stride12_vocab4096_350_seed13\result.json
head1x_rank224_stride12_vocab4096_350_seed13/standalone_longseq_anchor_train,long_context_lm,1,3556000.0,6.830683283073696,6.830683283073696,3556000.0,40475833.0,145152.1551751561,1878.890625,json_report_history,artifacts\benchmark_runs\language\training_system_search_20260712\head1x_rank224_stride12_vocab4096_350_seed13\result.json
rank128_wave10_collapsed_rotating_stride8_vocab4096_350_seed13/standalone_longseq_anchor_train,long_context_lm,1,3556000.0,6.838623516296777,6.838623516296777,3556000.0,37176025.0,140726.46825801503,2123.51806640625,json_report_history,artifacts\benchmark_runs\language\training_system_search_20260712\rank128_wave10_collapsed_rotating_stride8_vocab4096_350_seed13\result.json
noclip_lr600_rank224_stride12_vocab4096_350_seed13/standalone_longseq_anchor_train,long_context_lm,1,3556000.0,6.8445339311764934,6.8445339311764934,3556000.0,42050233.0,139148.8505854776,2021.0,json_report_history,artifacts\benchmark_runs\language\training_system_search_20260712\noclip_lr600_rank224_stride12_vocab4096_350_seed13\result.json
rank128_rotating_stride8_vocab4096_350_seed13/standalone_longseq_anchor_train,long_context_lm,1,3556000.0,6.898253220742143,6.898253220742143,3556000.0,36494041.0,97880.59068898408,1924.1220703125,json_report_history,artifacts\benchmark_runs\language\training_system_search_20260712\rank128_rotating_stride8_vocab4096_350_seed13\result.json
accum2_rank224_stride12_vocab4096_350_seed13/standalone_longseq_anchor_train,long_context_lm,1,3556000.0,6.934514894354062,6.934514894354062,3556000.0,42050233.0,140837.63516200686,2177.61474609375,json_report_history,artifacts\benchmark_runs\language\training_system_search_20260712\accum2_rank224_stride12_vocab4096_350_seed13\result.json
noclip_lr250_rank224_stride12_vocab4096_350_seed13/standalone_longseq_anchor_train,long_context_lm,1,3556000.0,7.109079096824165,7.109079096824165,3556000.0,42050233.0,135532.65997128797,2021.0,json_report_history,artifacts\benchmark_runs\language\training_system_search_20260712\noclip_lr250_rank224_stride12_vocab4096_350_seed13\result.json
wallclock290_collapsed_rotating_stride8_seed13/standalone_longseq_anchor_train,long_context_lm,1,2946400.0,6.809257732038422,6.809257732038422,2946400.0,40425497.0,122425.11182695653,2397.69091796875,json_report_history,artifacts\benchmark_runs\language\training_system_search_20260712\wallclock290_collapsed_rotating_stride8_seed13\result.json
wallclock290_collapsed_stride8_seed13/standalone_longseq_anchor_train,long_context_lm,1,2946400.0,6.817155486204493,6.817155486204493,2946400.0,40425497.0,114004.48347472929,2397.67431640625,json_report_history,artifacts\benchmark_runs\language\training_system_search_20260712\wallclock290_collapsed_stride8_seed13\result.json
seq10160_256_seed13_factor_gated_scale_256/standalone_longseq_anchor_train,long_context_lm,1,2600960.0,6.670345547631031,6.670345547631031,2600960.0,40437785.0,108295.74123982237,3054.703125,json_report_history,artifacts\benchmark_runs\language\token_recall_search_20260616\screen_seq10160_256_factor_confirm\seq10160_256_seed13_factor_gated_scale_256\result.json
seq10160_256_seed13_factor_gated_scale_128/standalone_longseq_anchor_train,long_context_lm,1,2600960.0,6.67655350711402,6.67655350711402,2600960.0,40437785.0,108804.24256222195,3054.703125,json_report_history,artifacts\benchmark_runs\language\token_recall_search_20260616\screen_seq10160_256_factor_confirm\seq10160_256_seed13_factor_gated_scale_128\result.json
seq10160_256_seed17_factor_gated_scale_256/standalone_longseq_anchor_train,long_context_lm,1,2600960.0,6.682919273601742,6.682919273601742,2600960.0,40437785.0,108916.60299557356,3054.0185546875,json_report_history,artifacts\benchmark_runs\language\token_recall_search_20260616\screen_seq10160_256_factor_boundary\seq10160_256_seed17_factor_gated_scale_256\result.json
seq10160_256_seed17_factor_gated_scale_128/standalone_longseq_anchor_train,long_context_lm,1,2600960.0,6.687421418174984,6.687421418174984,2600960.0,40437785.0,107897.23722360007,3054.0185546875,json_report_history,artifacts\benchmark_runs\language\token_recall_search_20260616\screen_seq10160_256_factor_confirm\seq10160_256_seed17_factor_gated_scale_128\result.json
seq10160_256_seed13_factor_gated_scale_512/standalone_longseq_anchor_train,long_context_lm,1,2600960.0,6.715036486452958,6.715036486452958,2600960.0,40437785.0,108196.40111098661,3054.703125,json_report_history,artifacts\benchmark_runs\language\token_recall_search_20260616\screen_seq10160_256_factor_boundary\seq10160_256_seed13_factor_gated_scale_512\result.json
seq10160_256_seed17_none/standalone_longseq_anchor_train,long_context_lm,1,2600960.0,6.736538205559798,6.736538205559798,2600960.0,40437009.0,121140.71634633391,2973.66259765625,json_report_history,artifacts\benchmark_runs\language\token_recall_search_20260616\screen_seq10160_256_factor_confirm\seq10160_256_seed17_none\result.json
seq10160_256_seed13_none/standalone_longseq_anchor_train,long_context_lm,1,2600960.0,6.739191940825755,6.739191940825755,2600960.0,40437009.0,122285.63097950077,2975.12060546875,json_report_history,artifacts\benchmark_runs\language\token_recall_search_20260616\screen_seq10160_256_factor_confirm\seq10160_256_seed13_none\result.json
real256_baseline_factor_seed13/standalone_longseq_anchor_train,long_context_lm,1,2600960.0,6.797395098303246,6.797395098303246,2600960.0,40437785.0,97007.10031285514,3054.703125,json_report_history,artifacts\benchmark_runs\language\training_system_search_20260712\real256_baseline_factor_seed13\result.json
real256_fused_factor_seed13_retry1/standalone_longseq_anchor_train,long_context_lm,1,2600960.0,6.797406949771671,6.797406949771671,2600960.0,40458265.0,88168.29818153412,3013.46875,json_report_history,artifacts\benchmark_runs\language\training_system_search_20260712\real256_fused_factor_seed13_retry1\result.json
real256_collapsed_factor_seed13/standalone_longseq_anchor_train,long_context_lm,1,2600960.0,6.797415021460826,6.797415021460826,2600960.0,40425497.0,104748.55961971062,3014.810546875,json_report_history,artifacts\benchmark_runs\language\training_system_search_20260712\real256_collapsed_factor_seed13\result.json
real256_baseline_factor_seed17/standalone_longseq_anchor_train,long_context_lm,1,2600960.0,6.818092964953325,6.818092964953325,2600960.0,40437785.0,93576.4614069902,3054.0185546875,json_report_history,artifacts\benchmark_runs\language\training_system_search_20260712\real256_baseline_factor_seed17\result.json
real256_collapsed_stride8_seed13/standalone_longseq_anchor_train,long_context_lm,1,2600960.0,6.854066542189891,6.854066542189891,2600960.0,40425497.0,118656.70099891156,2397.67431640625,json_report_history,artifacts\benchmark_runs\language\training_system_search_20260712\real256_collapsed_stride8_seed13\result.json
real256_collapsed_rotating_stride8_vocab4096_seed13/standalone_longseq_anchor_train,long_context_lm,1,2600960.0,6.8785447999248355,6.8785447999248355,2600960.0,40425497.0,132290.1688745002,2192.34912109375,json_report_history,artifacts\benchmark_runs\language\training_system_search_20260712\real256_collapsed_rotating_stride8_vocab4096_seed13\result.json
real256_collapsed_stride16_seed13/standalone_longseq_anchor_train,long_context_lm,1,2600960.0,6.928329066122611,6.928329066122611,2600960.0,40425497.0,118842.79641610415,2164.84912109375,json_report_history,artifacts\benchmark_runs\language\training_system_search_20260712\real256_collapsed_stride16_seed13\result.json
side_neuron_variants_20260605/standalone_longseq_anchor_train,neuron_search,2,2600960.0,6.930970085793593,6.930970085793593,2600960.0,39033617.0,129440.32234351977,2316.8671875,json_report_history,artifacts\benchmark_runs\language\side_neuron_variants_20260605\result.json
chichen_anchor2_dynoffset_seq635_bigcache_20m_3000steps_20260603 [20260603-143148-1e82e0],long_context_lm,3,1905000.0,6.5183,6.5183,1905000.0,,,,csv_curve,E:\CODEXRESEARCH\house_compute_hub\runs\20260603-143148-1e82e0\Chichen-JoshS-10a81805.log
chichen_anchor2_seq635_bigcache_20m_3000steps_20260603 [20260603-142530-15952d],long_context_lm,3,1905000.0,6.5222,6.5222,1905000.0,,,,csv_curve,E:\CODEXRESEARCH\house_compute_hub\runs\20260603-142530-15952d\Chichen-JoshS-10a81805.log
chichen_anchor4_rank192_seq635_bigcache_3000steps_20260603 [20260603-143619-027d0a],long_context_lm,3,1905000.0,6.5303,6.5303,1905000.0,,,,csv_curve,E:\CODEXRESEARCH\house_compute_hub\runs\20260603-143619-027d0a\Chichen-JoshS-10a81805.log
chichen_anchor4_dynoffset_seq635_bigcache_20m_3000steps_20260603 [20260603-143148-1e82e0],long_context_lm,3,1905000.0,6.5642,6.5642,1905000.0,,,,csv_curve,E:\CODEXRESEARCH\house_compute_hub\runs\20260603-143148-1e82e0\Chichen-JoshS-10a81805.log
chichen_anchor4_seq635_bigcache_20m_3000steps_20260603 [20260603-142530-15952d],long_context_lm,3,1905000.0,6.5654,6.5654,1905000.0,,,,csv_curve,E:\CODEXRESEARCH\house_compute_hub\runs\20260603-142530-15952d\Chichen-JoshS-10a81805.log
chichen_anchor4_k31_seq635_bigcache_20m_3000steps_20260603 [20260603-143319-5e1de4],long_context_lm,3,1905000.0,6.579,6.579,1905000.0,,,,csv_curve,E:\CODEXRESEARCH\house_compute_hub\runs\20260603-143319-5e1de4\Chichen-JoshS-10a81805.log
chichen_anchor4_k127_seq635_bigcache_20m_3000steps_20260603 [20260603-143319-5e1de4],long_context_lm,3,1905000.0,6.582,6.582,1905000.0,,,,csv_curve,E:\CODEXRESEARCH\house_compute_hub\runs\20260603-143319-5e1de4\Chichen-JoshS-10a81805.log
chichen_anchor4_noconv_seq635_bigcache_20m_3000steps_20260603 [20260603-143319-5e1de4],long_context_lm,3,1905000.0,6.5931,6.5931,1905000.0,,,,csv_curve,E:\CODEXRESEARCH\house_compute_hub\runs\20260603-143319-5e1de4\Chichen-JoshS-10a81805.log
chichen_anchor4_rank64_seq635_bigcache_3000steps_20260603 [20260603-143619-027d0a],long_context_lm,3,1905000.0,6.5965,6.5965,1905000.0,,,,csv_curve,E:\CODEXRESEARCH\house_compute_hub\runs\20260603-143619-027d0a\Chichen-JoshS-10a81805.log
chichen_anchor4_vocab8192_seq635_bigcache_20m_3000steps_20260603 [20260603-142822-bc48e6],long_context_lm,3,1905000.0,6.6003,6.6003,1905000.0,,,,csv_curve,E:\CODEXRESEARCH\house_compute_hub\runs\20260603-142822-bc48e6\Chichen-JoshS-10a81805.log
chichen_anchor4_vocab4096_seq635_bigcache_20m_3000steps_20260603 [20260603-142822-bc48e6],long_context_lm,3,1905000.0,6.6537,6.6537,1905000.0,,,,csv_curve,E:\CODEXRESEARCH\house_compute_hub\runs\20260603-142822-bc48e6\Chichen-JoshS-10a81805.log
sparse_exact512_identity_rank192_fast150_lr800_seed13/standalone_longseq_anchor_train,long_context_lm,6,1524000.0,6.911897689620341,6.911897689620341,1524000.0,38325979.0,122101.36252621489,1874.69580078125,json_report_history,artifacts\benchmark_runs\language\training_system_search_20260712\sparse_exact512_identity_rank192_fast150_lr800_seed13\result.json
neuron_search/screen_128_seed13_real_seq10160_40m_rank_competition_memory_centered_gate_neuron/result/standalone_longseq_anchor_train,neuron_search,1,1300480.0,7.020336501617131,7.020336501617131,1300480.0,40572179.0,73720.82216934045,4695.6083984375,json_report_history,artifacts\benchmark_runs\language\neuron_search_20260605\manual_self\screen_128_seed13_real_seq10160_40m_rank_competition_memory_centered_gate_neuron\result.json
neuron_search/screen_128_seed29_real_seq10160_40m_phase_residual_memory_scalar_centered_gate_neuron/result/standalone_longseq_anchor_train,neuron_search,1,1300480.0,7.022347320909575,7.022347320909575,1300480.0,40439187.0,74474.54323625892,5079.0771484375,json_report_history,artifacts\benchmark_runs\language\neuron_search_20260605\manual_self\screen_128_seed29_real_seq10160_40m_phase_residual_memory_scalar_centered_gate_neuron\result.json
neuron_search/screen_128_seed13_real_seq10160_40m_phase_residual_blend_centered_neuron/result/standalone_longseq_anchor_train,neuron_search,1,1300480.0,7.026332554854746,7.026332554854746,1300480.0,40439057.0,76456.74083978334,4996.18212890625,json_report_history,artifacts\benchmark_runs\language\neuron_search_20260605\manual_self\screen_128_seed13_real_seq10160_40m_phase_residual_blend_centered_neuron\result.json
neuron_search/screen_128_seed13_real_seq10160_40m_phase_residual_memory_conv_centered_agreement_neuron/result/standalone_longseq_anchor_train,neuron_search,1,1300480.0,7.026336921106173,7.026336921106173,1300480.0,40439059.0,71697.11782796531,5240.0361328125,json_report_history,artifacts\benchmark_runs\language\neuron_search_20260605\manual_self\screen_128_seed13_real_seq10160_40m_phase_residual_memory_conv_centered_agreement_neuron\result.json
neuron_search/screen_128_seed17_real_seq10160_40m_rank_competition_memory_centered_gate_neuron/result/standalone_longseq_anchor_train,neuron_search,1,1300480.0,7.02715840715123,7.02715840715123,1300480.0,40572179.0,73526.7931316886,4695.58056640625,json_report_history,artifacts\benchmark_runs\language\neuron_search_20260605\manual_self\screen_128_seed17_real_seq10160_40m_rank_competition_memory_centered_gate_neuron\result.json
neuron_search/screen_128_seed29_real_seq10160_40m_rank_competition_memory_centered_gate_neuron/result/standalone_longseq_anchor_train,neuron_search,1,1300480.0,7.029355999240725,7.029355999240725,1300480.0,40572179.0,73411.9188444867,4695.59619140625,json_report_history,artifacts\benchmark_runs\language\neuron_search_20260605\manual_self\screen_128_seed29_real_seq10160_40m_rank_competition_memory_centered_gate_neuron\result.json
neuron_search/screen_128_seed13_real_seq10160_40m_phase_residual_memory_centered_gate_neuron/result/standalone_longseq_anchor_train,neuron_search,1,1300480.0,7.031217403674689,7.031217403674689,1300480.0,40572177.0,74313.1093101665,4654.21875,json_report_history,artifacts\benchmark_runs\language\neuron_search_20260605\manual_self\screen_128_seed13_real_seq10160_40m_phase_residual_memory_centered_gate_neuron\result.json
neuron_search/screen_128_seed13_real_seq10160_40m_phase_residual_memory_novelty_centered_gate_neuron/result/standalone_longseq_anchor_train,neuron_search,1,1300480.0,7.031236404884519,7.031236404884519,1300480.0,40572177.0,70119.20464289644,4659.228515625,json_report_history,artifacts\benchmark_runs\language\neuron_search_20260605\manual_self\screen_128_seed13_real_seq10160_40m_phase_residual_memory_novelty_centered_gate_neuron\result.json
neuron_search/screen_128_seed13_real_seq10160_40m_phase_residual_memory_bounded_centered_gate_neuron/result/standalone_longseq_anchor_train,neuron_search,1,1300480.0,7.031265383630287,7.031265383630287,1300480.0,40572177.0,73975.34311864893,4735.2890625,json_report_history,artifacts\benchmark_runs\language\neuron_search_20260605\manual_self\screen_128_seed13_real_seq10160_40m_phase_residual_memory_bounded_centered_gate_neuron\result.json
neuron_search/screen_128_seed13_real_seq10160_40m_phase_residual_memory_sparse_centered_gate_neuron/result/standalone_longseq_anchor_train,neuron_search,1,1300480.0,7.031266055520125,7.031266055520125,1300480.0,40572177.0,71538.81566868113,5241.36962890625,json_report_history,artifacts\benchmark_runs\language\neuron_search_20260605\manual_self\screen_128_seed13_real_seq10160_40m_phase_residual_memory_sparse_centered_gate_neuron\result.json
neuron_search/screen_128_seed17_real_seq10160_40m_phase_residual_memory_novelty_centered_gate_neuron/result/standalone_longseq_anchor_train,neuron_search,1,1300480.0,7.0320876975697795,7.0320876975697795,1300480.0,40572177.0,69373.86443895087,4659.20068359375,json_report_history,artifacts\benchmark_runs\language\neuron_search_20260605\manual_self\screen_128_seed17_real_seq10160_40m_phase_residual_memory_novelty_centered_gate_neuron\result.json
neuron_search/screen_128_seed17_real_seq10160_40m_phase_residual_memory_centered_gate_neuron/result/standalone_longseq_anchor_train,neuron_search,1,1300480.0,7.032095221834859,7.032095221834859,1300480.0,40572177.0,73774.9947413335,4654.21875,json_report_history,artifacts\benchmark_runs\language\neuron_search_20260605\manual_self\screen_128_seed17_real_seq10160_40m_phase_residual_memory_centered_gate_neuron\result.json
neuron_search/screen_128_seed17_real_seq10160_40m_phase_residual_memory_sparse_centered_gate_neuron/result/standalone_longseq_anchor_train,neuron_search,1,1300480.0,7.032097364786103,7.032097364786103,1300480.0,40572177.0,70534.2368581064,5241.36962890625,json_report_history,artifacts\benchmark_runs\language\neuron_search_20260605\manual_self\screen_128_seed17_real_seq10160_40m_phase_residual_memory_sparse_centered_gate_neuron\result.json
neuron_search/screen_128_seed17_real_seq10160_40m_phase_residual_memory_bounded_centered_gate_neuron/result/standalone_longseq_anchor_train,neuron_search,1,1300480.0,7.032111849559573,7.032111849559573,1300480.0,40572177.0,73624.01951020137,4735.26123046875,json_report_history,artifacts\benchmark_runs\language\neuron_search_20260605\manual_self\screen_128_seed17_real_seq10160_40m_phase_residual_memory_bounded_centered_gate_neuron\result.json
neuron_search/screen_128_seed13_real_seq10160_40m_phase_residual_memory_scalar_centered_gate_neuron/result/standalone_longseq_anchor_train,neuron_search,1,1300480.0,7.032526553146482,7.032526553146482,1300480.0,40439187.0,75347.25290322413,5079.0771484375,json_report_history,artifacts\benchmark_runs\language\neuron_search_20260605\manual_self\screen_128_seed13_real_seq10160_40m_phase_residual_memory_scalar_centered_gate_neuron\result.json
neuron_search/screen_128_seed17_real_seq10160_40m_phase_residual_memory_scalar_centered_gate_neuron/result/standalone_longseq_anchor_train,neuron_search,1,1300480.0,7.033710099956182,7.033710099956182,1300480.0,40439187.0,74873.2090073618,5079.0771484375,json_report_history,artifacts\benchmark_runs\language\neuron_search_20260605\manual_self\screen_128_seed17_real_seq10160_40m_phase_residual_memory_scalar_centered_gate_neuron\result.json
neuron_search/screen_128_seed29_real_seq10160_40m_phase_residual_memory_conv_centered_agreement_neuron/result/standalone_longseq_anchor_train,neuron_search,1,1300480.0,7.037223885753962,7.037223885753962,1300480.0,40439059.0,71103.46500025208,5240.02392578125,json_report_history,artifacts\benchmark_runs\language\neuron_search_20260605\manual_self\screen_128_seed29_real_seq10160_40m_phase_residual_memory_conv_centered_agreement_neuron\result.json
neuron_search/screen_128_seed29_real_seq10160_40m_phase_residual_blend_centered_neuron/result/standalone_longseq_anchor_train,neuron_search,1,1300480.0,7.037226036965378,7.037226036965378,1300480.0,40439057.0,75791.73391050861,4996.18212890625,json_report_history,artifacts\benchmark_runs\language\neuron_search_20260605\manual_self\screen_128_seed29_real_seq10160_40m_phase_residual_blend_centered_neuron\result.json
neuron_search/screen_128_seed13_real_seq10160_40m_phase_residual_boundary_centered_neuron/result/standalone_longseq_anchor_train,neuron_search,1,1300480.0,7.037923017449266,7.037923017449266,1300480.0,40439057.0,73931.92828894552,4732.30859375,json_report_history,artifacts\benchmark_runs\language\neuron_search_20260605\manual_self\screen_128_seed13_real_seq10160_40m_phase_residual_boundary_centered_neuron\result.json
neuron_search/screen_128_seed13_real_seq10160_40m_phase_residual_memory_conv_agreement_neuron/result/standalone_longseq_anchor_train,neuron_search,1,1300480.0,7.038150843109672,7.038150843109672,1300480.0,40439059.0,71258.67751449485,4313.5205078125,json_report_history,artifacts\benchmark_runs\language\neuron_search_20260605\manual_self\screen_128_seed13_real_seq10160_40m_phase_residual_memory_conv_agreement_neuron\result.json
neuron_search/screen_128_seed13_real_seq10160_40m_phase_residual_memory_conv_disagreement_damp_neuron/result/standalone_longseq_anchor_train,neuron_search,1,1300480.0,7.038156107279259,7.038156107279259,1300480.0,40439059.0,72804.9912084695,4777.54443359375,json_report_history,artifacts\benchmark_runs\language\neuron_search_20260605\manual_self\screen_128_seed13_real_seq10160_40m_phase_residual_memory_conv_disagreement_damp_neuron\result.json
neuron_search/screen_128_seed13_real_seq10160_40m_phase_residual_blend_half_neuron/result/standalone_longseq_anchor_train,neuron_search,1,1300480.0,7.038164809369666,7.038164809369666,1300480.0,40439057.0,76516.89141800422,4531.6982421875,json_report_history,artifacts\benchmark_runs\language\neuron_search_20260605\manual_self\screen_128_seed13_real_seq10160_40m_phase_residual_blend_half_neuron\result.json
neuron_search/screen_128_seed13_real_seq10160_40m_bottleneck_aware_neuron/result/standalone_longseq_anchor_train,neuron_search,1,1300480.0,7.038247890547504,7.038247890547504,1300480.0,41684241.0,79756.60448975161,5204.72265625,json_report_history,artifacts\benchmark_runs\language\neuron_search_20260605\manual_self\screen_128_seed13_real_seq10160_40m_bottleneck_aware_neuron\result.json
neuron_search/screen_128_seed13_real_seq10160_40m_phase_residual_conv_energy_gate_neuron/result/standalone_longseq_anchor_train,neuron_search,1,1300480.0,7.03863980751338,7.03863980751338,1300480.0,40439059.0,75079.1782874251,5581.90966796875,json_report_history,artifacts\benchmark_runs\language\neuron_search_20260605\manual_self\screen_128_seed13_real_seq10160_40m_phase_residual_conv_energy_gate_neuron\result.json
neuron_search/screen_128_seed29_real_seq10160_40m_phase_residual_memory_scalar_gate_neuron/result/standalone_longseq_anchor_train,neuron_search,1,1300480.0,7.038685446085893,7.038685446085893,1300480.0,40439187.0,74494.82808041437,4150.71533203125,json_report_history,artifacts\benchmark_runs\language\neuron_search_20260605\manual_self\screen_128_seed29_real_seq10160_40m_phase_residual_memory_scalar_gate_neuron\result.json
neuron_search/screen_128_seed17_real_seq10160_40m_rank_competition_memory_gate_neuron/result/standalone_longseq_anchor_train,neuron_search,1,1300480.0,7.0393344113207235,7.0393344113207235,1300480.0,40572179.0,73187.66174021972,4233.314453125,json_report_history,artifacts\benchmark_runs\language\neuron_search_20260605\manual_self\screen_128_seed17_real_seq10160_40m_rank_competition_memory_gate_neuron\result.json
neuron_search/screen_128_seed13_real_seq10160_40m_phase_residual_memory_rms_gate_neuron/result/standalone_longseq_anchor_train,neuron_search,1,1300480.0,7.040075049813338,7.040075049813338,1300480.0,40572177.0,72697.74048966792,4779.19677734375,json_report_history,artifacts\benchmark_runs\language\neuron_search_20260605\manual_self\screen_128_seed13_real_seq10160_40m_phase_residual_memory_rms_gate_neuron\result.json
neuron_search/screen_128_seed13_real_seq10160_40m_phase_residual_memory_gate_neuron/result/standalone_longseq_anchor_train,neuron_search,1,1300480.0,7.040080363168491,7.040080363168491,1300480.0,40572177.0,75039.53065954495,5580.60498046875,json_report_history,artifacts\benchmark_runs\language\neuron_search_20260605\manual_self\screen_128_seed13_real_seq10160_40m_phase_residual_memory_gate_neuron\result.json
neuron_search/screen_128_seed13_real_seq10160_40m_phase_residual_memory_delta_gate_neuron/result/standalone_longseq_anchor_train,neuron_search,1,1300480.0,7.040086772498183,7.040086772498183,1300480.0,40572177.0,75361.29138248622,5590.34912109375,json_report_history,artifacts\benchmark_runs\language\neuron_search_20260605\manual_self\screen_128_seed13_real_seq10160_40m_phase_residual_memory_delta_gate_neuron\result.json
neuron_search/screen_128_seed13_real_seq10160_40m_rank_competition_memory_gate_neuron/result/standalone_longseq_anchor_train,neuron_search,1,1300480.0,7.040089718187888,7.040089718187888,1300480.0,40572179.0,73607.51222260098,4233.34228515625,json_report_history,artifacts\benchmark_runs\language\neuron_search_20260605\manual_self\screen_128_seed13_real_seq10160_40m_rank_competition_memory_gate_neuron\result.json
neuron_search/screen_128_seed13_real_seq10160_40m_phase_residual_memory_bounded_gate_neuron/result/standalone_longseq_anchor_train,neuron_search,1,1300480.0,7.040091356893224,7.040091356893224,1300480.0,40572177.0,73822.80042690363,4273.02685546875,json_report_history,artifacts\benchmark_runs\language\neuron_search_20260605\manual_self\screen_128_seed13_real_seq10160_40m_phase_residual_memory_bounded_gate_neuron\result.json
neuron_search/screen_128_seed13_real_seq10160_40m_phase_residual_memory_sparse_gate_neuron/result/standalone_longseq_anchor_train,neuron_search,1,1300480.0,7.040096959542102,7.040096959542102,1300480.0,40572177.0,72646.61660340407,5240.56494140625,json_report_history,artifacts\benchmark_runs\language\neuron_search_20260605\manual_self\screen_128_seed13_real_seq10160_40m_phase_residual_memory_sparse_gate_neuron\result.json
neuron_search/screen_128_seed13_real_seq10160_40m_phase_residual_memory_novelty_gate_neuron/result/standalone_longseq_anchor_train,neuron_search,1,1300480.0,7.040097518980972,7.040097518980972,1300480.0,40572177.0,69899.22489090415,4194.9794921875,json_report_history,artifacts\benchmark_runs\language\neuron_search_20260605\manual_self\screen_128_seed13_real_seq10160_40m_phase_residual_memory_novelty_gate_neuron\result.json
neuron_search/screen_128_seed29_real_seq10160_40m_phase_residual_memory_group_gate_neuron/result/standalone_longseq_anchor_train,neuron_search,1,1300480.0,7.0401680968877836,7.0401680968877836,1300480.0,40441137.0,75871.67186002531,4612.72705078125,json_report_history,artifacts\benchmark_runs\language\neuron_search_20260605\manual_self\screen_128_seed29_real_seq10160_40m_phase_residual_memory_group_gate_neuron\result.json
neuron_search/screen_128_seed13_real_seq10160_40m_phase_residual_blend_normed_neuron/result/standalone_longseq_anchor_train,neuron_search,1,1300480.0,7.040292317473043,7.040292317473043,1300480.0,40439057.0,74398.30681154331,5074.47314453125,json_report_history,artifacts\benchmark_runs\language\neuron_search_20260605\manual_self\screen_128_seed13_real_seq10160_40m_phase_residual_blend_normed_neuron\result.json
neuron_search/screen_128_seed29_real_seq10160_40m_phase_residual_memory_centered_gate_neuron/result/standalone_longseq_anchor_train,neuron_search,1,1300480.0,7.040407583844943,7.040407583844943,1300480.0,40572177.0,73795.07863409049,4654.21875,json_report_history,artifacts\benchmark_runs\language\neuron_search_20260605\manual_self\screen_128_seed29_real_seq10160_40m_phase_residual_memory_centered_gate_neuron\result.json
neuron_search/screen_128_seed29_real_seq10160_40m_phase_residual_memory_novelty_centered_gate_neuron/result/standalone_longseq_anchor_train,neuron_search,1,1300480.0,7.040418833071791,7.040418833071791,1300480.0,40572177.0,69441.91920451482,4659.21630859375,json_report_history,artifacts\benchmark_runs\language\neuron_search_20260605\manual_self\screen_128_seed29_real_seq10160_40m_phase_residual_memory_novelty_centered_gate_neuron\result.json
neuron_search/screen_128_seed29_real_seq10160_40m_phase_residual_memory_bounded_centered_gate_neuron/result/standalone_longseq_anchor_train,neuron_search,1,1300480.0,7.040430846176748,7.040430846176748,1300480.0,40572177.0,73598.40061108637,4735.27685546875,json_report_history,artifacts\benchmark_runs\language\neuron_search_20260605\manual_self\screen_128_seed29_real_seq10160_40m_phase_residual_memory_bounded_centered_gate_neuron\result.json
neuron_search/screen_128_seed29_real_seq10160_40m_phase_residual_memory_sparse_centered_gate_neuron/result/standalone_longseq_anchor_train,neuron_search,1,1300480.0,7.0404345508635515,7.0404345508635515,1300480.0,40572177.0,70815.21364396196,5241.36962890625,json_report_history,artifacts\benchmark_runs\language\neuron_search_20260605\manual_self\screen_128_seed29_real_seq10160_40m_phase_residual_memory_sparse_centered_gate_neuron\result.json
neuron_search/screen_128_seed17_real_seq10160_40m_phase_residual_memory_scalar_gate_neuron/result/standalone_longseq_anchor_train,neuron_search,1,1300480.0,7.0414857768636985,7.0414857768636985,1300480.0,40439187.0,74566.92050576895,4150.71533203125,json_report_history,artifacts\benchmark_runs\language\neuron_search_20260605\manual_self\screen_128_seed17_real_seq10160_40m_phase_residual_memory_scalar_gate_neuron\result.json
neuron_search/screen_128_seed13_real_seq10160_40m_phase_residual_memory_normed_gate_neuron/result/standalone_longseq_anchor_train,neuron_search,1,1300480.0,7.0420074307073754,7.0420074307073754,1300480.0,40572177.0,72176.81432498325,5199.8974609375,json_report_history,artifacts\benchmark_runs\language\neuron_search_20260605\manual_self\screen_128_seed13_real_seq10160_40m_phase_residual_memory_normed_gate_neuron\result.json
neuron_search/screen_128_seed29_real_seq10160_40m_phase_residual_memory_boundary_scalar_gate_neuron/result/standalone_longseq_anchor_train,neuron_search,1,1300480.0,7.042191000059834,7.042191000059834,1300480.0,40439187.0,72779.19937711832,5281.525390625,json_report_history,artifacts\benchmark_runs\language\neuron_search_20260605\manual_self\screen_128_seed29_real_seq10160_40m_phase_residual_memory_boundary_scalar_gate_neuron\result.json
neuron_search/screen_128_seed13_real_seq10160_40m_phase_residual_memory_boundary_centered_gate_neuron/result/standalone_longseq_anchor_train,neuron_search,1,1300480.0,7.042244796865568,7.042244796865568,1300480.0,40572177.0,71518.05266322996,4859.57666015625,json_report_history,artifacts\benchmark_runs\language\neuron_search_20260605\manual_self\screen_128_seed13_real_seq10160_40m_phase_residual_memory_boundary_centered_gate_neuron\result.json
neuron_search/screen_128_seed13_real_seq10160_40m_phase_residual_blend_large_neuron/result/standalone_longseq_anchor_train,neuron_search,1,1300480.0,7.042631525692977,7.042631525692977,1300480.0,40439057.0,78075.58898291177,4993.30908203125,json_report_history,artifacts\benchmark_runs\language\neuron_search_20260605\manual_self\screen_128_seed13_real_seq10160_40m_phase_residual_blend_large_neuron\result.json
neuron_search/screen_128_seed17_real_seq10160_40m_phase_residual_memory_novelty_gate_neuron/result/standalone_longseq_anchor_train,neuron_search,1,1300480.0,7.042762932251757,7.042762932251757,1300480.0,40572177.0,69281.16919308771,4194.9794921875,json_report_history,artifacts\benchmark_runs\language\neuron_search_20260605\manual_self\screen_128_seed17_real_seq10160_40m_phase_residual_memory_novelty_gate_neuron\result.json
neuron_search/screen_128_seed17_real_seq10160_40m_phase_residual_memory_gate_neuron/result/standalone_longseq_anchor_train,neuron_search,1,1300480.0,7.042769932934618,7.042769932934618,1300480.0,40572177.0,74681.23256988636,5580.60498046875,json_report_history,artifacts\benchmark_runs\language\neuron_search_20260605\manual_self\screen_128_seed17_real_seq10160_40m_phase_residual_memory_gate_neuron\result.json
neuron_search/screen_128_seed17_real_seq10160_40m_phase_residual_memory_delta_gate_neuron/result/standalone_longseq_anchor_train,neuron_search,1,1300480.0,7.042770294880304,7.042770294880304,1300480.0,40572177.0,74924.53692568457,5590.34912109375,json_report_history,artifacts\benchmark_runs\language\neuron_search_20260605\manual_self\screen_128_seed17_real_seq10160_40m_phase_residual_memory_delta_gate_neuron\result.json
neuron_search/screen_128_seed17_real_seq10160_40m_phase_residual_memory_sparse_gate_neuron/result/standalone_longseq_anchor_train,neuron_search,1,1300480.0,7.042771711875135,7.042771711875135,1300480.0,40572177.0,71659.50301234226,5240.56494140625,json_report_history,artifacts\benchmark_runs\language\neuron_search_20260605\manual_self\screen_128_seed17_real_seq10160_40m_phase_residual_memory_sparse_gate_neuron\result.json
neuron_search/screen_128_seed17_real_seq10160_40m_phase_residual_memory_bounded_gate_neuron/result/standalone_longseq_anchor_train,neuron_search,1,1300480.0,7.042775789020569,7.042775789020569,1300480.0,40572177.0,72827.42387526268,4272.9990234375,json_report_history,artifacts\benchmark_runs\language\neuron_search_20260605\manual_self\screen_128_seed17_real_seq10160_40m_phase_residual_memory_bounded_gate_neuron\result.json
neuron_search/screen_128_seed17_real_seq10160_40m_phase_residual_memory_rms_gate_neuron/result/standalone_longseq_anchor_train,neuron_search,1,1300480.0,7.0427771211609125,7.0427771211609125,1300480.0,40572177.0,71344.64075219496,4779.19677734375,json_report_history,artifacts\benchmark_runs\language\neuron_search_20260605\manual_self\screen_128_seed17_real_seq10160_40m_phase_residual_memory_rms_gate_neuron\result.json
neuron_search/screen_128_seed13_real_seq10160_40m_phase_residual_blend_quarter_neuron/result/standalone_longseq_anchor_train,neuron_search,1,1300480.0,7.042939077963041,7.042939077963041,1300480.0,40439057.0,77938.83566952839,4531.30908203125,json_report_history,artifacts\benchmark_runs\language\neuron_search_20260605\manual_self\screen_128_seed13_real_seq10160_40m_phase_residual_blend_quarter_neuron\result.json
neuron_search/screen_128_seed17_real_seq10160_40m_phase_residual_memory_boundary_centered_gate_neuron/result/standalone_longseq_anchor_train,neuron_search,1,1300480.0,7.04339751615299,7.04339751615299,1300480.0,40572177.0,70679.22003265156,4859.57666015625,json_report_history,artifacts\benchmark_runs\language\neuron_search_20260605\manual_self\screen_128_seed17_real_seq10160_40m_phase_residual_memory_boundary_centered_gate_neuron\result.json
neuron_search/screen_128_seed29_real_seq10160_40m_rank_competition_neuron/result/standalone_longseq_anchor_train,neuron_search,1,1300480.0,7.043496329202426,7.043496329202426,1300480.0,40437011.0,82603.47651443908,4177.48486328125,json_report_history,artifacts\benchmark_runs\language\neuron_search_20260605\manual_self\screen_128_seed29_real_seq10160_40m_rank_competition_neuron\result.json
neuron_search/screen_128_seed29_real_seq10160_40m_memory_square_conv_agreement_gain_neuron/result/standalone_longseq_anchor_train,neuron_search,1,1300480.0,7.043515626839765,7.043515626839765,1300480.0,40437141.0,77945.82635600785,4385.3212890625,json_report_history,artifacts\benchmark_runs\language\neuron_search_20260605\manual_self\screen_128_seed29_real_seq10160_40m_memory_square_conv_agreement_gain_neuron\result.json
neuron_search/screen_128_seed17_real_seq10160_40m_phase_residual_memory_normed_gate_neuron/result/standalone_longseq_anchor_train,neuron_search,1,1300480.0,7.043527816224286,7.043527816224286,1300480.0,40572177.0,71506.94435484345,5199.8974609375,json_report_history,artifacts\benchmark_runs\language\neuron_search_20260605\manual_self\screen_128_seed17_real_seq10160_40m_phase_residual_memory_normed_gate_neuron\result.json
neuron_search/screen_128_seed29_real_seq10160_40m_memory_square_scalar_gain_neuron/result/standalone_longseq_anchor_train,neuron_search,1,1300480.0,7.04353029915667,7.04353029915667,1300480.0,40437139.0,92877.9785134211,4217.27001953125,json_report_history,artifacts\benchmark_runs\language\neuron_search_20260605\manual_self\screen_128_seed29_real_seq10160_40m_memory_square_scalar_gain_neuron\result.json
neuron_search/screen_128_seed13_real_seq10160_40m_rank_competition_neuron/result/standalone_longseq_anchor_train,neuron_search,1,1300480.0,7.043744628635917,7.043744628635917,1300480.0,40437011.0,83614.80279042355,4177.4970703125,json_report_history,artifacts\benchmark_runs\language\neuron_search_20260605\manual_self\screen_128_seed13_real_seq10160_40m_rank_competition_neuron\result.json
neuron_search/screen_128_seed13_real_seq10160_40m_phase_residual_memory_novelty_tiny_gate_neuron/result/standalone_longseq_anchor_train,neuron_search,1,1300480.0,7.044324226454487,7.044324226454487,1300480.0,40572177.0,71024.90564160152,4661.97119140625,json_report_history,artifacts\benchmark_runs\language\neuron_search_20260605\manual_self\screen_128_seed13_real_seq10160_40m_phase_residual_memory_novelty_tiny_gate_neuron\result.json
neuron_search/screen_128_seed13_real_seq10160_40m_phase_residual_boundary_blend_neuron/result/standalone_longseq_anchor_train,neuron_search,1,1300480.0,7.045030746872969,7.045030746872969,1300480.0,40439057.0,73532.29625996911,4271.25927734375,json_report_history,artifacts\benchmark_runs\language\neuron_search_20260605\manual_self\screen_128_seed13_real_seq10160_40m_phase_residual_boundary_blend_neuron\result.json
neuron_search/screen_128_seed13_real_seq10160_40m_phase_residual_blend_neuron/result/standalone_longseq_anchor_train,neuron_search,1,1300480.0,7.045201171289278,7.045201171289278,1300480.0,40439057.0,76474.61031820241,4070.67529296875,json_report_history,artifacts\benchmark_runs\language\neuron_search_20260605\manual_self\screen_128_seed13_real_seq10160_40m_phase_residual_blend_neuron\result.json
neuron_search/screen_128_seed17_real_seq10160_40m_phase_residual_memory_novelty_tiny_gate_neuron/result/standalone_longseq_anchor_train,neuron_search,1,1300480.0,7.045542271681658,7.045542271681658,1300480.0,40572177.0,70304.29512983483,4661.943359375,json_report_history,artifacts\benchmark_runs\language\neuron_search_20260605\manual_self\screen_128_seed17_real_seq10160_40m_phase_residual_memory_novelty_tiny_gate_neuron\result.json
neuron_search/screen_128_seed29_real_seq10160_40m_stable_competition_neuron/result/standalone_longseq_anchor_train,neuron_search,1,1300480.0,7.046164831777257,7.046164831777257,1300480.0,40437013.0,76560.92389620696,5222.6123046875,json_report_history,artifacts\benchmark_runs\language\neuron_search_20260605\manual_self\screen_128_seed29_real_seq10160_40m_stable_competition_neuron\result.json
neuron_search/screen_128_seed17_real_seq10160_40m_phase_residual_memory_group_gate_neuron/result/standalone_longseq_anchor_train,neuron_search,1,1300480.0,7.046197004768792,7.046197004768792,1300480.0,40441137.0,76001.89275373261,4612.72705078125,json_report_history,artifacts\benchmark_runs\language\neuron_search_20260605\manual_self\screen_128_seed17_real_seq10160_40m_phase_residual_memory_group_gate_neuron\result.json
neuron_search/screen_128_seed17_real_seq10160_40m_mem_threshold_neuron/result/standalone_longseq_anchor_train,neuron_search,1,1300480.0,7.046262966366265,7.046262966366265,1300480.0,40703249.0,78516.63642483555,3873.48291015625,json_report_history,artifacts\benchmark_runs\language\neuron_search_20260605\manual_self\screen_128_seed17_real_seq10160_40m_mem_threshold_neuron\result.json
neuron_search/screen_128_seed13_real_seq10160_40m_stateful_threshold_neuron/result/standalone_longseq_anchor_train,neuron_search,1,1300480.0,7.046730247257263,7.046730247257263,1300480.0,40437011.0,73926.9127575403,4637.76806640625,json_report_history,artifacts\benchmark_runs\language\neuron_search_20260605\manual_self\screen_128_seed13_real_seq10160_40m_stateful_threshold_neuron\result.json
neuron_search/screen_128_seed13_real_seq10160_40m_phase_residual_memory_boundary_gate_neuron/result/standalone_longseq_anchor_train,neuron_search,1,1300480.0,7.046788743349511,7.046788743349511,1300480.0,40572177.0,72688.62843853283,5318.36181640625,json_report_history,artifacts\benchmark_runs\language\neuron_search_20260605\manual_self\screen_128_seed13_real_seq10160_40m_phase_residual_memory_boundary_gate_neuron\result.json
neuron_search/screen_128_seed13_real_seq10160_40m_phase_residual_memory_scalar_gate_neuron/result/standalone_longseq_anchor_train,neuron_search,1,1300480.0,7.046850820413725,7.046850820413725,1300480.0,40439187.0,74383.60878746073,4150.71533203125,json_report_history,artifacts\benchmark_runs\language\neuron_search_20260605\manual_self\screen_128_seed13_real_seq10160_40m_phase_residual_memory_scalar_gate_neuron\result.json
neuron_search/screen_128_seed13_real_seq10160_40m_phase_residual_blend_tiny_neuron/result/standalone_longseq_anchor_train,neuron_search,1,1300480.0,7.0471584290031375,7.0471584290031375,1300480.0,40439057.0,78361.80916528418,4532.07470703125,json_report_history,artifacts\benchmark_runs\language\neuron_search_20260605\manual_self\screen_128_seed13_real_seq10160_40m_phase_residual_blend_tiny_neuron\result.json
neuron_search/screen_128_seed29_real_seq10160_40m_rank_competition_memory_gate_neuron/result/standalone_longseq_anchor_train,neuron_search,1,1300480.0,7.047466100857952,7.047466100857952,1300480.0,40572179.0,72921.36321846646,4233.330078125,json_report_history,artifacts\benchmark_runs\language\neuron_search_20260605\manual_self\screen_128_seed29_real_seq10160_40m_rank_competition_memory_gate_neuron\result.json
neuron_search/screen_128_seed13_real_seq10160_40m_baseline/result/standalone_longseq_anchor_train,neuron_search,1,1300480.0,7.04758435384495,7.04758435384495,1300480.0,40437009.0,81002.62927800292,3672.6318359375,json_report_history,artifacts\benchmark_runs\language\neuron_search_20260605\manual_self\screen_128_seed13_real_seq10160_40m_baseline\result.json
neuron_search/screen_128_seed17_real_seq10160_40m_phase_residual_memory_boundary_gate_neuron/result/standalone_longseq_anchor_train,neuron_search,1,1300480.0,7.047752521357198,7.047752521357198,1300480.0,40572177.0,72023.32344364935,5318.36181640625,json_report_history,artifacts\benchmark_runs\language\neuron_search_20260605\manual_self\screen_128_seed17_real_seq10160_40m_phase_residual_memory_boundary_gate_neuron\result.json
neuron_search/screen_128_seed29_real_seq10160_40m_phase_residual_boundary_centered_neuron/result/standalone_longseq_anchor_train,neuron_search,1,1300480.0,7.048473999631686,7.048473999631686,1300480.0,40439057.0,73232.66559815189,4732.29638671875,json_report_history,artifacts\benchmark_runs\language\neuron_search_20260605\manual_self\screen_128_seed29_real_seq10160_40m_phase_residual_boundary_centered_neuron\result.json
neuron_search/screen_128_seed29_real_seq10160_40m_phase_residual_memory_conv_disagreement_damp_neuron/result/standalone_longseq_anchor_train,neuron_search,1,1300480.0,7.049205162956959,7.049205162956959,1300480.0,40439059.0,72102.39324920178,4777.5322265625,json_report_history,artifacts\benchmark_runs\language\neuron_search_20260605\manual_self\screen_128_seed29_real_seq10160_40m_phase_residual_memory_conv_disagreement_damp_neuron\result.json
neuron_search/screen_128_seed29_real_seq10160_40m_phase_residual_memory_conv_agreement_neuron/result/standalone_longseq_anchor_train,neuron_search,1,1300480.0,7.049207873044051,7.049207873044051,1300480.0,40439059.0,70843.38524997958,4313.5205078125,json_report_history,artifacts\benchmark_runs\language\neuron_search_20260605\manual_self\screen_128_seed29_real_seq10160_40m_phase_residual_memory_conv_agreement_neuron\result.json
neuron_search/screen_128_seed29_real_seq10160_40m_phase_residual_blend_half_neuron/result/standalone_longseq_anchor_train,neuron_search,1,1300480.0,7.04920916388354,7.04920916388354,1300480.0,40439057.0,77564.54856394303,4531.68603515625,json_report_history,artifacts\benchmark_runs\language\neuron_search_20260605\manual_self\screen_128_seed29_real_seq10160_40m_phase_residual_blend_half_neuron\result.json
neuron_search/screen_128_seed29_real_seq10160_40m_phase_residual_conv_energy_gate_neuron/result/standalone_longseq_anchor_train,neuron_search,1,1300480.0,7.049791042448029,7.049791042448029,1300480.0,40439059.0,74450.49593886931,5581.90966796875,json_report_history,artifacts\benchmark_runs\language\neuron_search_20260605\manual_self\screen_128_seed29_real_seq10160_40m_phase_residual_conv_energy_gate_neuron\result.json
neuron_search/screen_128_seed29_real_seq10160_40m_stateful_threshold_neuron/result/standalone_longseq_anchor_train,neuron_search,1,1300480.0,7.050219633635574,7.050219633635574,1300480.0,40437011.0,73439.7884992209,4637.755859375,json_report_history,artifacts\benchmark_runs\language\neuron_search_20260605\manual_self\screen_128_seed29_real_seq10160_40m_stateful_threshold_neuron\result.json
neuron_search/screen_128_seed13_real_seq10160_40m_memory_square_centered_gain_neuron/result/standalone_longseq_anchor_train,neuron_search,1,1300480.0,7.050359352554862,7.050359352554862,1300480.0,40570129.0,91864.05964273875,4295.7939453125,json_report_history,artifacts\benchmark_runs\language\neuron_search_20260605\manual_self\screen_128_seed13_real_seq10160_40m_memory_square_centered_gain_neuron\result.json
neuron_search/screen_128_seed13_real_seq10160_40m_memory_square_gain_neuron/result/standalone_longseq_anchor_train,neuron_search,1,1300480.0,7.0503677704202845,7.0503677704202845,1300480.0,40570129.0,90339.84922084383,3832.84619140625,json_report_history,artifacts\benchmark_runs\language\neuron_search_20260605\manual_self\screen_128_seed13_real_seq10160_40m_memory_square_gain_neuron\result.json
neuron_search/screen_128_seed13_real_seq10160_40m_memory_square_small_gain_neuron/result/standalone_longseq_anchor_train,neuron_search,1,1300480.0,7.050469693424195,7.050469693424195,1300480.0,40570129.0,92651.04081354506,4759.6884765625,json_report_history,artifacts\benchmark_runs\language\neuron_search_20260605\manual_self\screen_128_seed13_real_seq10160_40m_memory_square_small_gain_neuron\result.json
neuron_search/screen_128_seed13_real_seq10160_40m_memory_square_novelty_gain_neuron/result/standalone_longseq_anchor_train,neuron_search,1,1300480.0,7.050522811018576,7.050522811018576,1300480.0,40570129.0,76305.00477761554,4769.94140625,json_report_history,artifacts\benchmark_runs\language\neuron_search_20260605\manual_self\screen_128_seed13_real_seq10160_40m_memory_square_novelty_gain_neuron\result.json
neuron_search/screen_128_seed13_real_seq10160_40m_conv_disagreement_neuron/result/standalone_longseq_anchor_train,neuron_search,1,1300480.0,7.050714299434752,7.050714299434752,1300480.0,40437009.0,81490.45010605718,4275.9208984375,json_report_history,artifacts\benchmark_runs\language\neuron_search_20260605\manual_self\screen_128_seed13_real_seq10160_40m_conv_disagreement_neuron\result.json
neuron_search/screen_128_seed17_real_seq10160_40m_memory_square_centered_gain_neuron/result/standalone_longseq_anchor_train,neuron_search,1,1300480.0,7.050852163382403,7.050852163382403,1300480.0,40570129.0,91295.48822921439,4295.76611328125,json_report_history,artifacts\benchmark_runs\language\neuron_search_20260605\manual_self\screen_128_seed17_real_seq10160_40m_memory_square_centered_gain_neuron\result.json
neuron_search/screen_128_seed17_real_seq10160_40m_memory_square_gain_neuron/result/standalone_longseq_anchor_train,neuron_search,1,1300480.0,7.05086139769066,7.05086139769066,1300480.0,40570129.0,89971.1270914001,3832.818359375,json_report_history,artifacts\benchmark_runs\language\neuron_search_20260605\manual_self\screen_128_seed17_real_seq10160_40m_memory_square_gain_neuron\result.json
neuron_search/screen_128_seed17_real_seq10160_40m_memory_square_novelty_gain_neuron/result/standalone_longseq_anchor_train,neuron_search,1,1300480.0,7.050877184567489,7.050877184567489,1300480.0,40570129.0,75303.79046943072,4769.91357421875,json_report_history,artifacts\benchmark_runs\language\neuron_search_20260605\manual_self\screen_128_seed17_real_seq10160_40m_memory_square_novelty_gain_neuron\result.json
neuron_search/screen_128_seed17_real_seq10160_40m_memory_square_small_gain_neuron/result/standalone_longseq_anchor_train,neuron_search,1,1300480.0,7.050904513719514,7.050904513719514,1300480.0,40570129.0,91889.00939890071,4759.6884765625,json_report_history,artifacts\benchmark_runs\language\neuron_search_20260605\manual_self\screen_128_seed17_real_seq10160_40m_memory_square_small_gain_neuron\result.json
neuron_search/screen_128_seed29_real_seq10160_40m_phase_residual_blend_normed_neuron/result/standalone_longseq_anchor_train,neuron_search,1,1300480.0,7.051510687700406,7.051510687700406,1300480.0,40439057.0,73600.63279516611,5074.47314453125,json_report_history,artifacts\benchmark_runs\language\neuron_search_20260605\manual_self\screen_128_seed29_real_seq10160_40m_phase_residual_blend_normed_neuron\result.json
neuron_search/screen_128_seed29_real_seq10160_40m_phase_residual_memory_boundary_centered_gate_neuron/result/standalone_longseq_anchor_train,neuron_search,1,1300480.0,7.051686743676193,7.051686743676193,1300480.0,40572177.0,70669.91068195543,4859.57666015625,json_report_history,artifacts\benchmark_runs\language\neuron_search_20260605\manual_self\screen_128_seed29_real_seq10160_40m_phase_residual_memory_boundary_centered_gate_neuron\result.json
neuron_search/screen_128_seed17_real_seq10160_40m_phase_residual_blend_centered_neuron/result/standalone_longseq_anchor_train,neuron_search,1,1300480.0,7.05188516012327,7.05188516012327,1300480.0,40439057.0,76140.89280634999,4996.18212890625,json_report_history,artifacts\benchmark_runs\language\neuron_search_20260605\manual_self\screen_128_seed17_real_seq10160_40m_phase_residual_blend_centered_neuron\result.json
neuron_search/screen_128_seed17_real_seq10160_40m_phase_residual_memory_conv_centered_agreement_neuron/result/standalone_longseq_anchor_train,neuron_search,1,1300480.0,7.05189493171812,7.05189493171812,1300480.0,40439059.0,71331.09115702276,5240.00830078125,json_report_history,artifacts\benchmark_runs\language\neuron_search_20260605\manual_self\screen_128_seed17_real_seq10160_40m_phase_residual_memory_conv_centered_agreement_neuron\result.json
neuron_search/screen_128_seed13_real_seq10160_40m_phase_residual_memory_boundary_scalar_gate_neuron/result/standalone_longseq_anchor_train,neuron_search,1,1300480.0,7.052209139433433,7.052209139433433,1300480.0,40439187.0,73106.6894791882,5281.525390625,json_report_history,artifacts\benchmark_runs\language\neuron_search_20260605\manual_self\screen_128_seed13_real_seq10160_40m_phase_residual_memory_boundary_scalar_gate_neuron\result.json
neuron_search/screen_128_seed29_real_seq10160_40m_phase_residual_memory_gate_neuron/result/standalone_longseq_anchor_train,neuron_search,1,1300480.0,7.053320954540583,7.053320954540583,1300480.0,40572177.0,74481.24660511217,5580.60498046875,json_report_history,artifacts\benchmark_runs\language\neuron_search_20260605\manual_self\screen_128_seed29_real_seq10160_40m_phase_residual_memory_gate_neuron\result.json
neuron_search/screen_128_seed29_real_seq10160_40m_phase_residual_memory_rms_gate_neuron/result/standalone_longseq_anchor_train,neuron_search,1,1300480.0,7.053324307794646,7.053324307794646,1300480.0,40572177.0,71748.38411948652,4779.19677734375,json_report_history,artifacts\benchmark_runs\language\neuron_search_20260605\manual_self\screen_128_seed29_real_seq10160_40m_phase_residual_memory_rms_gate_neuron\result.json
neuron_search/screen_128_seed29_real_seq10160_40m_phase_residual_memory_sparse_gate_neuron/result/standalone_longseq_anchor_train,neuron_search,1,1300480.0,7.053341187266853,7.053341187266853,1300480.0,40572177.0,71987.828627841,5240.56494140625,json_report_history,artifacts\benchmark_runs\language\neuron_search_20260605\manual_self\screen_128_seed29_real_seq10160_40m_phase_residual_memory_sparse_gate_neuron\result.json
neuron_search/screen_128_seed29_real_seq10160_40m_phase_residual_memory_novelty_gate_neuron/result/standalone_longseq_anchor_train,neuron_search,1,1300480.0,7.053344938323254,7.053344938323254,1300480.0,40572177.0,68998.23448284218,4194.9794921875,json_report_history,artifacts\benchmark_runs\language\neuron_search_20260605\manual_self\screen_128_seed29_real_seq10160_40m_phase_residual_memory_novelty_gate_neuron\result.json
neuron_search/screen_128_seed29_real_seq10160_40m_phase_residual_memory_delta_gate_neuron/result/standalone_longseq_anchor_train,neuron_search,1,1300480.0,7.053347130835526,7.053347130835526,1300480.0,40572177.0,74737.5947404831,5590.34912109375,json_report_history,artifacts\benchmark_runs\language\neuron_search_20260605\manual_self\screen_128_seed29_real_seq10160_40m_phase_residual_memory_delta_gate_neuron\result.json
neuron_search/screen_128_seed29_real_seq10160_40m_phase_residual_memory_bounded_gate_neuron/result/standalone_longseq_anchor_train,neuron_search,1,1300480.0,7.053350302929014,7.053350302929014,1300480.0,40572177.0,73367.3451258369,4273.0146484375,json_report_history,artifacts\benchmark_runs\language\neuron_search_20260605\manual_self\screen_128_seed29_real_seq10160_40m_phase_residual_memory_bounded_gate_neuron\result.json
neuron_search/screen_128_seed29_real_seq10160_40m_phase_residual_blend_large_neuron/result/standalone_longseq_anchor_train,neuron_search,1,1300480.0,7.054160238814166,7.054160238814166,1300480.0,40439057.0,77220.8154419345,4993.30908203125,json_report_history,artifacts\benchmark_runs\language\neuron_search_20260605\manual_self\screen_128_seed29_real_seq10160_40m_phase_residual_blend_large_neuron\result.json
neuron_search/screen_128_seed29_real_seq10160_40m_phase_residual_blend_quarter_neuron/result/standalone_longseq_anchor_train,neuron_search,1,1300480.0,7.0544830699605265,7.0544830699605265,1300480.0,40439057.0,76543.48935705736,4531.30908203125,json_report_history,artifacts\benchmark_runs\language\neuron_search_20260605\manual_self\screen_128_seed29_real_seq10160_40m_phase_residual_blend_quarter_neuron\result.json
neuron_search/screen_128_seed29_real_seq10160_40m_phase_residual_memory_normed_gate_neuron/result/standalone_longseq_anchor_train,neuron_search,1,1300480.0,7.054856070571058,7.054856070571058,1300480.0,40572177.0,71448.64030133447,5199.8974609375,json_report_history,artifacts\benchmark_runs\language\neuron_search_20260605\manual_self\screen_128_seed29_real_seq10160_40m_phase_residual_memory_normed_gate_neuron\result.json
neuron_search/screen_128_seed13_real_seq10160_40m_stable_competition_neuron/result/standalone_longseq_anchor_train,neuron_search,1,1300480.0,7.054999172218203,7.054999172218203,1300480.0,40437013.0,77443.00454088821,5222.62451171875,json_report_history,artifacts\benchmark_runs\language\neuron_search_20260605\manual_self\screen_128_seed13_real_seq10160_40m_stable_competition_neuron\result.json
neuron_search/screen_128_seed13_real_seq10160_40m_memory_square_scalar_gain_neuron/result/standalone_longseq_anchor_train,neuron_search,1,1300480.0,7.055484792754406,7.055484792754406,1300480.0,40437139.0,93903.83194256198,4217.27001953125,json_report_history,artifacts\benchmark_runs\language\neuron_search_20260605\manual_self\screen_128_seed13_real_seq10160_40m_memory_square_scalar_gain_neuron\result.json
neuron_search/screen_128_seed13_real_seq10160_40m_memory_square_conv_agreement_gain_neuron/result/standalone_longseq_anchor_train,neuron_search,1,1300480.0,7.055593721134456,7.055593721134456,1300480.0,40437141.0,78558.93217180295,4385.33349609375,json_report_history,artifacts\benchmark_runs\language\neuron_search_20260605\manual_self\screen_128_seed13_real_seq10160_40m_memory_square_conv_agreement_gain_neuron\result.json
neuron_search/screen_128_seed13_real_seq10160_40m_mem_threshold_neuron/result/standalone_longseq_anchor_train,neuron_search,1,1300480.0,7.055655684058122,7.055655684058122,1300480.0,40703249.0,79318.7439166522,3873.48291015625,json_report_history,artifacts\benchmark_runs\language\neuron_search_20260605\manual_self\screen_128_seed13_real_seq10160_40m_mem_threshold_neuron\result.json
neuron_search/screen_128_seed29_real_seq10160_40m_phase_residual_boundary_blend_neuron/result/standalone_longseq_anchor_train,neuron_search,1,1300480.0,7.055994313157449,7.055994313157449,1300480.0,40439057.0,73241.28593407068,4271.2470703125,json_report_history,artifacts\benchmark_runs\language\neuron_search_20260605\manual_self\screen_128_seed29_real_seq10160_40m_phase_residual_boundary_blend_neuron\result.json
neuron_search/screen_128_seed29_real_seq10160_40m_baseline/result/standalone_longseq_anchor_train,neuron_search,1,1300480.0,7.056069083852092,7.056069083852092,1300480.0,40437009.0,81108.44853434319,3672.61962890625,json_report_history,artifacts\benchmark_runs\language\neuron_search_20260605\manual_self\screen_128_seed29_real_seq10160_40m_baseline\result.json
neuron_search/screen_128_seed29_real_seq10160_40m_conv_disagreement_neuron/result/standalone_longseq_anchor_train,neuron_search,1,1300480.0,7.056151428748303,7.056151428748303,1300480.0,40437009.0,80650.2730904845,4275.90869140625,json_report_history,artifacts\benchmark_runs\language\neuron_search_20260605\manual_self\screen_128_seed29_real_seq10160_40m_conv_disagreement_neuron\result.json
neuron_search/screen_128_seed29_real_seq10160_40m_phase_residual_blend_tiny_neuron/result/standalone_longseq_anchor_train,neuron_search,1,1300480.0,7.056257048366577,7.056257048366577,1300480.0,40439057.0,76991.141116867,4532.07470703125,json_report_history,artifacts\benchmark_runs\language\neuron_search_20260605\manual_self\screen_128_seed29_real_seq10160_40m_phase_residual_blend_tiny_neuron\result.json
neuron_search/screen_128_seed29_real_seq10160_40m_phase_residual_blend_neuron/result/standalone_longseq_anchor_train,neuron_search,1,1300480.0,7.056344968878378,7.056344968878378,1300480.0,40439057.0,75970.83338759305,4070.67529296875,json_report_history,artifacts\benchmark_runs\language\neuron_search_20260605\manual_self\screen_128_seed29_real_seq10160_40m_phase_residual_blend_neuron\result.json
neuron_search/screen_128_seed29_real_seq10160_40m_phase_residual_memory_novelty_tiny_gate_neuron/result/standalone_longseq_anchor_train,neuron_search,1,1300480.0,7.056999995952516,7.056999995952516,1300480.0,40572177.0,70463.57978742586,4661.958984375,json_report_history,artifacts\benchmark_runs\language\neuron_search_20260605\manual_self\screen_128_seed29_real_seq10160_40m_phase_residual_memory_novelty_tiny_gate_neuron\result.json
neuron_search/screen_128_seed29_real_seq10160_40m_stable_square_neuron/result/standalone_longseq_anchor_train,neuron_search,1,1300480.0,7.057081586544908,7.057081586544908,1300480.0,40437011.0,78277.5661052625,4719.013671875,json_report_history,artifacts\benchmark_runs\language\neuron_search_20260605\manual_self\screen_128_seed29_real_seq10160_40m_stable_square_neuron\result.json
neuron_search/screen_128_seed17_real_seq10160_40m_phase_residual_memory_boundary_scalar_gate_neuron/result/standalone_longseq_anchor_train,neuron_search,1,1300480.0,7.057935113043297,7.057935113043297,1300480.0,40439187.0,72831.78676485864,5281.525390625,json_report_history,artifacts\benchmark_runs\language\neuron_search_20260605\manual_self\screen_128_seed17_real_seq10160_40m_phase_residual_memory_boundary_scalar_gate_neuron\result.json
neuron_search/screen_128_seed29_real_seq10160_40m_phase_residual_memory_boundary_gate_neuron/result/standalone_longseq_anchor_train,neuron_search,1,1300480.0,7.0589506567932485,7.0589506567932485,1300480.0,40572177.0,72034.22569575746,5318.36181640625,json_report_history,artifacts\benchmark_runs\language\neuron_search_20260605\manual_self\screen_128_seed29_real_seq10160_40m_phase_residual_memory_boundary_gate_neuron\result.json
neuron_search/screen_128_seed13_real_seq10160_40m_phase_residual_memory_group_gate_neuron/result/standalone_longseq_anchor_train,neuron_search,1,1300480.0,7.05901257541236,7.05901257541236,1300480.0,40441137.0,76014.8352846655,4612.72705078125,json_report_history,artifacts\benchmark_runs\language\neuron_search_20260605\manual_self\screen_128_seed13_real_seq10160_40m_phase_residual_memory_group_gate_neuron\result.json
neuron_search/screen_128_seed29_real_seq10160_40m_memory_square_centered_gain_neuron/result/standalone_longseq_anchor_train,neuron_search,1,1300480.0,7.059699588873255,7.059699588873255,1300480.0,40570129.0,90863.00226003534,4295.78173828125,json_report_history,artifacts\benchmark_runs\language\neuron_search_20260605\manual_self\screen_128_seed29_real_seq10160_40m_memory_square_centered_gain_neuron\result.json
neuron_search/screen_128_seed29_real_seq10160_40m_memory_square_novelty_gain_neuron/result/standalone_longseq_anchor_train,neuron_search,1,1300480.0,7.059706900063462,7.059706900063462,1300480.0,40570129.0,75582.2100582782,4769.92919921875,json_report_history,artifacts\benchmark_runs\language\neuron_search_20260605\manual_self\screen_128_seed29_real_seq10160_40m_memory_square_novelty_gain_neuron\result.json
neuron_search/screen_128_seed29_real_seq10160_40m_memory_square_gain_neuron/result/standalone_longseq_anchor_train,neuron_search,1,1300480.0,7.059714368384654,7.059714368384654,1300480.0,40570129.0,89849.50677404641,3832.833984375,json_report_history,artifacts\benchmark_runs\language\neuron_search_20260605\manual_self\screen_128_seed29_real_seq10160_40m_memory_square_gain_neuron\result.json
neuron_search/screen_128_seed29_real_seq10160_40m_memory_square_small_gain_neuron/result/standalone_longseq_anchor_train,neuron_search,1,1300480.0,7.05972711307796,7.05972711307796,1300480.0,40570129.0,91501.9189911583,4759.6884765625,json_report_history,artifacts\benchmark_runs\language\neuron_search_20260605\manual_self\screen_128_seed29_real_seq10160_40m_memory_square_small_gain_neuron\result.json
neuron_search/screen_128_seed17_real_seq10160_40m_memory_square_conv_agreement_gain_neuron/result/standalone_longseq_anchor_train,neuron_search,1,1300480.0,7.05974468621682,7.05974468621682,1300480.0,40437141.0,78042.80025406221,4385.3056640625,json_report_history,artifacts\benchmark_runs\language\neuron_search_20260605\manual_self\screen_128_seed17_real_seq10160_40m_memory_square_conv_agreement_gain_neuron\result.json
neuron_search/screen_128_seed13_real_seq10160_40m_stable_square_neuron/result/standalone_longseq_anchor_train,neuron_search,1,1300480.0,7.059827147130891,7.059827147130891,1300480.0,40437011.0,78644.16130667817,4719.02587890625,json_report_history,artifacts\benchmark_runs\language\neuron_search_20260605\manual_self\screen_128_seed13_real_seq10160_40m_stable_square_neuron\result.json
neuron_search/screen_128_seed17_real_seq10160_40m_memory_square_scalar_gain_neuron/result/standalone_longseq_anchor_train,neuron_search,1,1300480.0,7.059834404442254,7.059834404442254,1300480.0,40437139.0,93217.16663842447,4217.27001953125,json_report_history,artifacts\benchmark_runs\language\neuron_search_20260605\manual_self\screen_128_seed17_real_seq10160_40m_memory_square_scalar_gain_neuron\result.json
neuron_search/screen_128_seed29_real_seq10160_40m_mem_threshold_neuron/result/standalone_longseq_anchor_train,neuron_search,1,1300480.0,7.060812765031349,7.060812765031349,1300480.0,40703249.0,78315.81445960996,3873.48291015625,json_report_history,artifacts\benchmark_runs\language\neuron_search_20260605\manual_self\screen_128_seed29_real_seq10160_40m_mem_threshold_neuron\result.json
neuron_search/screen_128_seed29_real_seq10160_40m_bottleneck_aware_neuron/result/standalone_longseq_anchor_train,neuron_search,1,1300480.0,7.063988913889006,7.063988913889006,1300480.0,41684241.0,79512.67475981299,5204.71044921875,json_report_history,artifacts\benchmark_runs\language\neuron_search_20260605\manual_self\screen_128_seed29_real_seq10160_40m_bottleneck_aware_neuron\result.json
neuron_search/screen_128_seed17_real_seq10160_40m_phase_residual_boundary_centered_neuron/result/standalone_longseq_anchor_train,neuron_search,1,1300480.0,7.064391597988099,7.064391597988099,1300480.0,40439057.0,73223.00956958847,4732.28076171875,json_report_history,artifacts\benchmark_runs\language\neuron_search_20260605\manual_self\screen_128_seed17_real_seq10160_40m_phase_residual_boundary_centered_neuron\result.json
neuron_search/screen_128_seed17_real_seq10160_40m_phase_residual_memory_conv_disagreement_damp_neuron/result/standalone_longseq_anchor_train,neuron_search,1,1300480.0,7.065219109452616,7.065219109452616,1300480.0,40439059.0,72472.17243113485,4777.5166015625,json_report_history,artifacts\benchmark_runs\language\neuron_search_20260605\manual_self\screen_128_seed17_real_seq10160_40m_phase_residual_memory_conv_disagreement_damp_neuron\result.json
neuron_search/screen_128_seed17_real_seq10160_40m_phase_residual_blend_half_neuron/result/standalone_longseq_anchor_train,neuron_search,1,1300480.0,7.065231561097573,7.065231561097573,1300480.0,40439057.0,8594.876841805377,4531.67041015625,json_report_history,artifacts\benchmark_runs\language\neuron_search_20260605\manual_self\screen_128_seed17_real_seq10160_40m_phase_residual_blend_half_neuron\result.json
neuron_search/screen_128_seed17_real_seq10160_40m_phase_residual_memory_conv_agreement_neuron/result/standalone_longseq_anchor_train,neuron_search,1,1300480.0,7.065237092971802,7.065237092971802,1300480.0,40439059.0,70971.27116248122,4313.5205078125,json_report_history,artifacts\benchmark_runs\language\neuron_search_20260605\manual_self\screen_128_seed17_real_seq10160_40m_phase_residual_memory_conv_agreement_neuron\result.json
neuron_search/screen_128_seed17_real_seq10160_40m_phase_residual_conv_energy_gate_neuron/result/standalone_longseq_anchor_train,neuron_search,1,1300480.0,7.06565147572615,7.06565147572615,1300480.0,40439059.0,74546.095999402,5581.90966796875,json_report_history,artifacts\benchmark_runs\language\neuron_search_20260605\manual_self\screen_128_seed17_real_seq10160_40m_phase_residual_conv_energy_gate_neuron\result.json
neuron_search/screen_128_seed17_real_seq10160_40m_rank_competition_neuron/result/standalone_longseq_anchor_train,neuron_search,1,1300480.0,7.066062248597934,7.066062248597934,1300480.0,40437011.0,82481.25807355586,4177.46923828125,json_report_history,artifacts\benchmark_runs\language\neuron_search_20260605\manual_self\screen_128_seed17_real_seq10160_40m_rank_competition_neuron\result.json
neuron_search/screen_128_seed17_real_seq10160_40m_bottleneck_aware_neuron/result/standalone_longseq_anchor_train,neuron_search,1,1300480.0,7.066368136818953,7.066368136818953,1300480.0,41684241.0,79833.25624195447,5204.69482421875,json_report_history,artifacts\benchmark_runs\language\neuron_search_20260605\manual_self\screen_128_seed17_real_seq10160_40m_bottleneck_aware_neuron\result.json
neuron_search/screen_128_seed17_real_seq10160_40m_phase_residual_blend_normed_neuron/result/standalone_longseq_anchor_train,neuron_search,1,1300480.0,7.066812666757839,7.066812666757839,1300480.0,40439057.0,73845.14230524986,5074.47314453125,json_report_history,artifacts\benchmark_runs\language\neuron_search_20260605\manual_self\screen_128_seed17_real_seq10160_40m_phase_residual_blend_normed_neuron\result.json
neuron_search/screen_128_seed17_real_seq10160_40m_phase_residual_blend_large_neuron/result/standalone_longseq_anchor_train,neuron_search,1,1300480.0,7.069295544136228,7.069295544136228,1300480.0,40439057.0,77252.22219088525,4993.30908203125,json_report_history,artifacts\benchmark_runs\language\neuron_search_20260605\manual_self\screen_128_seed17_real_seq10160_40m_phase_residual_blend_large_neuron\result.json
neuron_search/screen_128_seed17_real_seq10160_40m_phase_residual_blend_quarter_neuron/result/standalone_longseq_anchor_train,neuron_search,1,1300480.0,7.069849496000395,7.069849496000395,1300480.0,40439057.0,77089.7993729512,4531.30908203125,json_report_history,artifacts\benchmark_runs\language\neuron_search_20260605\manual_self\screen_128_seed17_real_seq10160_40m_phase_residual_blend_quarter_neuron\result.json
neuron_search/screen_128_seed17_real_seq10160_40m_phase_residual_boundary_blend_neuron/result/standalone_longseq_anchor_train,neuron_search,1,1300480.0,7.071335069025595,7.071335069025595,1300480.0,40439057.0,71875.15088210157,4271.2314453125,json_report_history,artifacts\benchmark_runs\language\neuron_search_20260605\manual_self\screen_128_seed17_real_seq10160_40m_phase_residual_boundary_blend_neuron\result.json
neuron_search/screen_128_seed17_real_seq10160_40m_stateful_threshold_neuron/result/standalone_longseq_anchor_train,neuron_search,1,1300480.0,7.072474304522117,7.072474304522117,1300480.0,40437011.0,72971.46080706862,4637.740234375,json_report_history,artifacts\benchmark_runs\language\neuron_search_20260605\manual_self\screen_128_seed17_real_seq10160_40m_stateful_threshold_neuron\result.json
neuron_search/screen_128_seed17_real_seq10160_40m_phase_residual_blend_neuron/result/standalone_longseq_anchor_train,neuron_search,1,1300480.0,7.073481033730695,7.073481033730695,1300480.0,40439057.0,75852.55883572159,4070.67529296875,json_report_history,artifacts\benchmark_runs\language\neuron_search_20260605\manual_self\screen_128_seed17_real_seq10160_40m_phase_residual_blend_neuron\result.json
neuron_search/screen_128_seed17_real_seq10160_40m_stable_competition_neuron/result/standalone_longseq_anchor_train,neuron_search,1,1300480.0,7.074201697064197,7.074201697064197,1300480.0,40437013.0,77151.39956611805,5222.5966796875,json_report_history,artifacts\benchmark_runs\language\neuron_search_20260605\manual_self\screen_128_seed17_real_seq10160_40m_stable_competition_neuron\result.json
neuron_search/screen_128_seed17_real_seq10160_40m_phase_residual_blend_tiny_neuron/result/standalone_longseq_anchor_train,neuron_search,1,1300480.0,7.075178657929729,7.075178657929729,1300480.0,40439057.0,77781.06590488632,4532.07470703125,json_report_history,artifacts\benchmark_runs\language\neuron_search_20260605\manual_self\screen_128_seed17_real_seq10160_40m_phase_residual_blend_tiny_neuron\result.json
neuron_search/screen_128_seed17_real_seq10160_40m_baseline/result/standalone_longseq_anchor_train,neuron_search,1,1300480.0,7.075411135192931,7.075411135192931,1300480.0,40437009.0,81395.42838319579,3672.60400390625,json_report_history,artifacts\benchmark_runs\language\neuron_search_20260605\manual_self\screen_128_seed17_real_seq10160_40m_baseline\result.json
neuron_search/screen_128_seed17_real_seq10160_40m_adaptive_basis_neuron/result/standalone_longseq_anchor_train,neuron_search,1,1300480.0,7.0757170001352865,7.0757170001352865,1300480.0,40440087.0,75244.72283237445,5019.1142578125,json_report_history,artifacts\benchmark_runs\language\neuron_search_20260605\manual_self\screen_128_seed17_real_seq10160_40m_adaptive_basis_neuron\result.json
neuron_search/screen_128_seed17_real_seq10160_40m_conv_disagreement_neuron/result/standalone_longseq_anchor_train,neuron_search,1,1300480.0,7.076298114258473,7.076298114258473,1300480.0,40437009.0,80853.12832891908,4275.89306640625,json_report_history,artifacts\benchmark_runs\language\neuron_search_20260605\manual_self\screen_128_seed17_real_seq10160_40m_conv_disagreement_neuron\result.json
neuron_search/screen_128_seed17_real_seq10160_40m_stable_square_neuron/result/standalone_longseq_anchor_train,neuron_search,1,1300480.0,7.076431944238858,7.076431944238858,1300480.0,40437011.0,78074.08296798864,4718.998046875,json_report_history,artifacts\benchmark_runs\language\neuron_search_20260605\manual_self\screen_128_seed17_real_seq10160_40m_stable_square_neuron\result.json
neuron_search/screen_128_seed13_real_seq10160_40m_adaptive_basis_neuron/result/standalone_longseq_anchor_train,neuron_search,1,1300480.0,7.078408324249147,7.078408324249147,1300480.0,40440087.0,76433.04614901975,5019.14208984375,json_report_history,artifacts\benchmark_runs\language\neuron_search_20260605\manual_self\screen_128_seed13_real_seq10160_40m_adaptive_basis_neuron\result.json
neuron_search/screen_128_seed29_real_seq10160_40m_adaptive_basis_neuron/result/standalone_longseq_anchor_train,neuron_search,1,1300480.0,7.0810783504501105,7.0810783504501105,1300480.0,40440087.0,75585.65763770705,5019.1298828125,json_report_history,artifacts\benchmark_runs\language\neuron_search_20260605\manual_self\screen_128_seed29_real_seq10160_40m_adaptive_basis_neuron\result.json
neuron_search/screen_128_seed29_real_seq10160_val8_rank_hybrid_cost_v1_rank_competition_memory_scalar_centered_gate_neuron/result/standalone_longseq_anchor_train,neuron_search,1,1300480.0,7.164458171213706,7.164458171213706,1300480.0,40439189.0,73733.07088446518,5112.43896484375,json_report_history,artifacts\benchmark_runs\language\neuron_search_20260605\manual_self\screen_128_seed29_real_seq10160_val8_rank_hybrid_cost_v1_rank_competition_memory_scalar_centered_gate_neuron\result.json
neuron_search/screen_128_seed17_real_seq10160_val8_rank_hybrid_cost_v1_rank_competition_memory_group_centered_gate_neuron/result/standalone_longseq_anchor_train,neuron_search,1,1300480.0,7.166117027425391,7.166117027425391,1300480.0,40441139.0,73490.85286453871,4653.77587890625,json_report_history,artifacts\benchmark_runs\language\neuron_search_20260605\manual_self\screen_128_seed17_real_seq10160_val8_rank_hybrid_cost_v1_rank_competition_memory_group_centered_gate_neuron\result.json
neuron_search/screen_128_seed17_real_seq10160_val8_rank_hybrid_cost_v1_rank_competition_memory_scalar_centered_gate_neuron/result/standalone_longseq_anchor_train,neuron_search,1,1300480.0,7.16716520072907,7.16716520072907,1300480.0,40439189.0,73988.51633915224,5112.3681640625,json_report_history,artifacts\benchmark_runs\language\neuron_search_20260605\manual_self\screen_128_seed17_real_seq10160_val8_rank_hybrid_cost_v1_rank_competition_memory_scalar_centered_gate_neuron\result.json
neuron_search/screen_128_seed29_real_seq10160_val8_rank_hybrid_cost_v1_rank_competition_centered_residual_neuron/result/standalone_longseq_anchor_train,neuron_search,1,1300480.0,7.167313136923031,7.167313136923031,1300480.0,40439059.0,74983.76984350114,4571.63525390625,json_report_history,artifacts\benchmark_runs\language\neuron_search_20260605\manual_self\screen_128_seed29_real_seq10160_val8_rank_hybrid_cost_v1_rank_competition_centered_residual_neuron\result.json
neuron_search/screen_128_seed29_real_seq10160_val8_rank_hybrid_cost_v1_rank_competition_memory_factor_centered_gate_neuron/result/standalone_longseq_anchor_train,neuron_search,1,1300480.0,7.173671487842019,7.173671487842019,1300480.0,40473907.0,72867.79923325781,5157.7587890625,json_report_history,artifacts\benchmark_runs\language\neuron_search_20260605\manual_self\screen_128_seed29_real_seq10160_val8_rank_hybrid_cost_v1_rank_competition_memory_factor_centered_gate_neuron\result.json
neuron_search/screen_128_seed13_real_seq10160_val8_rank_hybrid_cost_v1_rank_competition_memory_scalar_centered_gate_neuron/result/standalone_longseq_anchor_train,neuron_search,1,1300480.0,7.178205793298136,7.178205793298136,1300480.0,40439189.0,74605.46668610598,5112.4931640625,json_report_history,artifacts\benchmark_runs\language\neuron_search_20260605\manual_self\screen_128_seed13_real_seq10160_val8_rank_hybrid_cost_v1_rank_competition_memory_scalar_centered_gate_neuron\result.json
neuron_search/screen_128_seed13_real_seq10160_val8_rank_hybrid_cost_v1_rank_competition_centered_residual_neuron/result/standalone_longseq_anchor_train,neuron_search,1,1300480.0,7.17848646377954,7.17848646377954,1300480.0,40439059.0,76364.87145930226,4571.63525390625,json_report_history,artifacts\benchmark_runs\language\neuron_search_20260605\manual_self\screen_128_seed13_real_seq10160_val8_rank_hybrid_cost_v1_rank_competition_centered_residual_neuron\result.json
neuron_search/screen_128_seed29_real_seq10160_val8_rank_hybrid_cost_v1_rank_competition_memory_group_centered_gate_neuron/result/standalone_longseq_anchor_train,neuron_search,1,1300480.0,7.179897532876082,7.179897532876082,1300480.0,40441139.0,73468.8900113619,4653.8466796875,json_report_history,artifacts\benchmark_runs\language\neuron_search_20260605\manual_self\screen_128_seed29_real_seq10160_val8_rank_hybrid_cost_v1_rank_competition_memory_group_centered_gate_neuron\result.json
neuron_search/screen_128_seed17_real_seq10160_val8_rank_hybrid_cost_v1_rank_competition_memory_factor_centered_gate_neuron/result/standalone_longseq_anchor_train,neuron_search,1,1300480.0,7.180276581903143,7.180276581903143,1300480.0,40473907.0,72845.23396857159,5157.6171875,json_report_history,artifacts\benchmark_runs\language\neuron_search_20260605\manual_self\screen_128_seed17_real_seq10160_val8_rank_hybrid_cost_v1_rank_competition_memory_factor_centered_gate_neuron\result.json
neuron_search/screen_128_seed13_real_seq10160_val8_rank_hybrid_cost_v1_rank_competition_memory_factor_centered_gate_neuron/result/standalone_longseq_anchor_train,neuron_search,1,1300480.0,7.184303937652918,7.184303937652918,1300480.0,40473907.0,73793.5108808135,5157.8671875,json_report_history,artifacts\benchmark_runs\language\neuron_search_20260605\manual_self\screen_128_seed13_real_seq10160_val8_rank_hybrid_cost_v1_rank_competition_memory_factor_centered_gate_neuron\result.json
neuron_search/screen_128_seed17_real_seq10160_val8_rank_hybrid_cost_v1_rank_competition_centered_residual_neuron/result/standalone_longseq_anchor_train,neuron_search,1,1300480.0,7.187743320427542,7.187743320427542,1300480.0,40439059.0,75588.76195853924,4571.63525390625,json_report_history,artifacts\benchmark_runs\language\neuron_search_20260605\manual_self\screen_128_seed17_real_seq10160_val8_rank_hybrid_cost_v1_rank_competition_centered_residual_neuron\result.json
neuron_search/screen_128_seed13_real_seq10160_val8_rank_hybrid_cost_v1_rank_competition_memory_group_centered_gate_neuron/result/standalone_longseq_anchor_train,neuron_search,1,1300480.0,7.194880051124753,7.194880051124753,1300480.0,40441139.0,74297.10614516515,4653.90087890625,json_report_history,artifacts\benchmark_runs\language\neuron_search_20260605\manual_self\screen_128_seed13_real_seq10160_val8_rank_hybrid_cost_v1_rank_competition_memory_group_centered_gate_neuron\result.json
neuron_search/screen_128_seed13_real_seq10160_val8_rank_hybrid_cost_v1_baseline/result/standalone_longseq_anchor_train,neuron_search,1,1300480.0,7.19901418751619,7.19901418751619,1300480.0,40437009.0,83856.16354381685,3672.6318359375,json_report_history,artifacts\benchmark_runs\language\neuron_search_20260605\manual_self\screen_128_seed13_real_seq10160_val8_rank_hybrid_cost_v1_baseline\result.json
neuron_search/screen_128_seed29_real_seq10160_val8_rank_hybrid_cost_v1_baseline/result/standalone_longseq_anchor_train,neuron_search,1,1300480.0,7.199352416842003,7.199352416842003,1300480.0,40437009.0,82317.85997715822,3672.61962890625,json_report_history,artifacts\benchmark_runs\language\neuron_search_20260605\manual_self\screen_128_seed29_real_seq10160_val8_rank_hybrid_cost_v1_baseline\result.json
grad_norm_rank224_stride12_vocab4096_128_seed13/standalone_longseq_anchor_train,long_context_lm,1,1300480.0,7.2109356826684605,7.2109356826684605,1300480.0,42050233.0,121563.13053664565,2021.0,json_report_history,artifacts\benchmark_runs\language\training_system_search_20260712\grad_norm_rank224_stride12_vocab4096_128_seed13\result.json
neuron_search/screen_128_seed17_real_seq10160_val8_rank_hybrid_cost_v1_baseline/result/standalone_longseq_anchor_train,neuron_search,1,1300480.0,7.2147976362799096,7.2147976362799096,1300480.0,40437009.0,82794.30262037336,3672.60400390625,json_report_history,artifacts\benchmark_runs\language\neuron_search_20260605\manual_self\screen_128_seed17_real_seq10160_val8_rank_hybrid_cost_v1_baseline\result.json
language_longseq_anchor16_160m_cosine_speed_probe_20260603/causal_conv_mixer_sampled_vocab_anchor16,long_context_lm,1,1219200.0,7.336325645446777,7.336325645446777,1219200.0,160000566.0,40337.45403545197,4817.4228515625,json_history,artifacts\benchmark_runs\language\language_longseq_anchor16_160m_cosine_speed_probe_20260603.json
seq10160_64_seed13_factor_gated_scale_128/standalone_longseq_anchor_train,long_context_lm,1,650240.0,7.417213455335362,7.417213455335362,650240.0,40437785.0,102665.80419228139,3054.703125,json_report_history,artifacts\benchmark_runs\language\token_recall_search_20260616\screen_seq10160_64_seed13_factor\seq10160_64_seed13_factor_gated_scale_128\result.json
seq10160_64_seed13_factor_gated_scale_64/standalone_longseq_anchor_train,long_context_lm,1,650240.0,7.420871093329482,7.420871093329482,650240.0,40437785.0,102884.14849963044,3054.703125,json_report_history,artifacts\benchmark_runs\language\token_recall_search_20260616\screen_seq10160_64_seed13_factor\seq10160_64_seed13_factor_gated_scale_64\result.json
seq10160_64_seed13_none/standalone_longseq_anchor_train,long_context_lm,1,650240.0,7.515096925750492,7.515096925750492,650240.0,40437009.0,113477.2625848438,2975.12060546875,json_report_history,artifacts\benchmark_runs\language\token_recall_search_20260616\screen_seq10160_64_seed13_factor\seq10160_64_seed13_none\result.json
chichen_anchor4_seq635_bigcache_20m_1000steps_20260603 [20260603-142404-2fa7db],long_context_lm,2,635000.0,6.8821,6.8821,635000.0,,,,csv_curve,E:\CODEXRESEARCH\house_compute_hub\runs\20260603-142404-2fa7db\Chichen-JoshS-10a81805.log
chichen_anchor8_seq635_bigcache_20m_1000steps_20260603 [20260603-141924-bb7c1b],long_context_lm,2,635000.0,6.9346,6.9346,635000.0,,,,csv_curve,E:\CODEXRESEARCH\house_compute_hub\runs\20260603-141924-bb7c1b\Chichen-JoshS-10a81805.log
chichen_anchor16_seq635_bigcache_20m_1000steps_20260603 [20260603-141924-bb7c1b],long_context_lm,2,635000.0,7.0002,7.0002,635000.0,,,,csv_curve,E:\CODEXRESEARCH\house_compute_hub\runs\20260603-141924-bb7c1b\Chichen-JoshS-10a81805.log
chichen_anchor16_conv2_seq635_bigcache_20m_1000steps_20260603 [20260603-142058-a4c3fc],long_context_lm,2,635000.0,7.0443,7.0443,635000.0,,,,csv_curve,E:\CODEXRESEARCH\house_compute_hub\runs\20260603-142058-a4c3fc\Chichen-JoshS-10a81805.log
chichen_anchor32_seq635_bigcache_20m_1000steps_20260603 [20260603-142404-2fa7db],long_context_lm,2,635000.0,7.0833,7.0833,635000.0,,,,csv_curve,E:\CODEXRESEARCH\house_compute_hub\runs\20260603-142404-2fa7db\Chichen-JoshS-10a81805.log
chichen_anchor16_seq635_20m_1000steps_20260603 [20260603-141316-f87bc8],long_context_lm,2,635000.0,8.4534,7.652,317500.0,,,,csv_curve,E:\CODEXRESEARCH\house_compute_hub\runs\20260603-141316-f87bc8\Chichen-JoshS-10a81805.log
chichen_anchor8_seq635_20m_1000steps_20260603 [20260603-141316-f87bc8],long_context_lm,2,635000.0,8.4774,7.5712,317500.0,,,,csv_curve,E:\CODEXRESEARCH\house_compute_hub\runs\20260603-141316-f87bc8\Chichen-JoshS-10a81805.log
loss_history_160m_5b,long_context_lm,51,492126.0,4.58411523998957,4.58411523998957,492126.0,,,,csv_curve,artifacts\benchmark_runs\language\longseq_anchor16_160m_5b_fresh_after2b_20260604_samples_loss\loss_history_160m_5b.csv
language_longseq_seq2540_conv_sampled16384_full4_confirm_finewebedu_96steps_20260602/causal_conv_mixer_20m,long_context_lm,5,487680.0,7.171029031276703,7.171029031276703,487680.0,20034967.0,65376.30506270604,3308.0224609375,json_history,artifacts\benchmark_runs\language\language_longseq_seq2540_conv_sampled16384_full4_confirm_finewebedu_96steps_20260602.json
language_longseq_seq2540_conv_sampled16384_full4_confirm_finewebedu_96steps_20260602/causal_conv_mixer_20m [language],long_context_lm,4,487680.0,7.171029031276703,7.171029031276703,487680.0,20034967.0,65376.30506270604,3308.0224609375,csv_curve,artifacts\benchmark_runs\language\language_longseq_seq2540_conv_sampled16384_full4_confirm_finewebedu_96steps_20260602.json
language_longseq_conv_mixer_sampled_vocab16384_full2_confirm_finewebedu_seq635_96steps_20260602/causal_conv_mixer_sampled_vocab_full4,long_context_lm,5,487680.0,7.178124308586121,7.178124308586121,487680.0,20034967.0,66068.72716437177,3291.41455078125,json_history,artifacts\benchmark_runs\language\language_longseq_conv_mixer_sampled_vocab16384_full2_confirm_finewebedu_seq635_96steps_20260602.json
language_longseq_conv_mixer_sampled_vocab16384_full2_confirm_finewebedu_seq635_96steps_20260602/causal_conv_mixer_sampled_vocab_full4 [language],long_context_lm,4,487680.0,7.178124308586121,7.178124308586121,487680.0,20034967.0,66068.72716437177,3291.41455078125,csv_curve,artifacts\benchmark_runs\language\language_longseq_conv_mixer_sampled_vocab16384_full2_confirm_finewebedu_seq635_96steps_20260602.json
language_longseq_conv_mixer_sampled_vocab16384_full4_confirm_finewebedu_seq635_96steps_20260602/causal_conv_mixer_sampled_vocab_full4,long_context_lm,5,487680.0,7.187328219413757,7.187328219413757,487680.0,20034967.0,67036.24483767823,3291.41455078125,json_history,artifacts\benchmark_runs\language\language_longseq_conv_mixer_sampled_vocab16384_full4_confirm_finewebedu_seq635_96steps_20260602.json
language_longseq_conv_mixer_sampled_vocab16384_full4_confirm_finewebedu_seq635_96steps_20260602/causal_conv_mixer_sampled_vocab_full4 [language],long_context_lm,4,487680.0,7.187328219413757,7.187328219413757,487680.0,20034967.0,67036.24483767823,3291.41455078125,csv_curve,artifacts\benchmark_runs\language\language_longseq_conv_mixer_sampled_vocab16384_full4_confirm_finewebedu_seq635_96steps_20260602.json
language_longseq_conv_mixer_1layer_20m_confirm_finewebedu_seq635_96steps_20260602/causal_conv_mixer_20m,long_context_lm,5,487680.0,7.204640448093414,7.204640448093414,487680.0,20034967.0,66898.46648757183,3291.41455078125,json_history,artifacts\benchmark_runs\language\language_longseq_conv_mixer_1layer_20m_confirm_finewebedu_seq635_96steps_20260602.json
language_longseq_conv_mixer_1layer_20m_confirm_finewebedu_seq635_96steps_20260602/causal_conv_mixer_20m [language],long_context_lm,4,487680.0,7.204640448093414,7.204640448093414,487680.0,20034967.0,66898.46648757183,3291.41455078125,csv_curve,artifacts\benchmark_runs\language\language_longseq_conv_mixer_1layer_20m_confirm_finewebedu_seq635_96steps_20260602.json
language_longseq_conv_mixer_1layer_k31_sampled16384_full4_finewebedu_seq635_96steps_20260602/causal_conv_mixer_sampled_vocab_full4,long_context_lm,5,487680.0,7.204851925373077,7.204851925373077,487680.0,20041735.0,104379.59825759454,3293.041015625,json_history,artifacts\benchmark_runs\language\language_longseq_conv_mixer_1layer_k31_sampled16384_full4_finewebedu_seq635_96steps_20260602.json
language_longseq_conv_mixer_1layer_k31_sampled16384_full4_finewebedu_seq635_96steps_20260602/causal_conv_mixer_sampled_vocab_full4 [language],long_context_lm,4,487680.0,7.204851925373077,7.204851925373077,487680.0,20041735.0,104379.59825759454,3293.041015625,csv_curve,artifacts\benchmark_runs\language\language_longseq_conv_mixer_1layer_k31_sampled16384_full4_finewebedu_seq635_96steps_20260602.json
language_longseq_conv_mixer_2layer_20m_confirm_finewebedu_seq635_96steps_20260602/causal_conv_mixer_20m,long_context_lm,5,487680.0,7.205133676528931,7.205133676528931,487680.0,20001385.0,15316.062485937382,3339.2060546875,json_history,artifacts\benchmark_runs\language\language_longseq_conv_mixer_2layer_20m_confirm_finewebedu_seq635_96steps_20260602.json
language_longseq_conv_mixer_2layer_20m_confirm_finewebedu_seq635_96steps_20260602/causal_conv_mixer_20m [language],long_context_lm,4,487680.0,7.205133676528931,7.205133676528931,487680.0,20001385.0,15316.062485937382,3339.2060546875,csv_curve,artifacts\benchmark_runs\language\language_longseq_conv_mixer_2layer_20m_confirm_finewebedu_seq635_96steps_20260602.json
language_longseq_conv_mixer_1layer_k3_sampled16384_full4_finewebedu_seq635_96steps_20260602/causal_conv_mixer_sampled_vocab_full4,long_context_lm,5,487680.0,7.206340193748474,7.206340193748474,487680.0,20033839.0,108082.8211211719,3292.54638671875,json_history,artifacts\benchmark_runs\language\language_longseq_conv_mixer_1layer_k3_sampled16384_full4_finewebedu_seq635_96steps_20260602.json
language_longseq_conv_mixer_1layer_k3_sampled16384_full4_finewebedu_seq635_96steps_20260602/causal_conv_mixer_sampled_vocab_full4 [language],long_context_lm,4,487680.0,7.206340193748474,7.206340193748474,487680.0,20033839.0,108082.8211211719,3292.54638671875,csv_curve,artifacts\benchmark_runs\language\language_longseq_conv_mixer_1layer_k3_sampled16384_full4_finewebedu_seq635_96steps_20260602.json
language_longseq_conv_mixer_sampled_vocab8192_full2_confirm_finewebedu_seq635_96steps_20260602/causal_conv_mixer_sampled_vocab_full4,long_context_lm,5,487680.0,7.207962810993195,7.207962810993195,487680.0,20034967.0,66975.56435652866,3291.41455078125,json_history,artifacts\benchmark_runs\language\language_longseq_conv_mixer_sampled_vocab8192_full2_confirm_finewebedu_seq635_96steps_20260602.json
language_longseq_conv_mixer_sampled_vocab8192_full2_confirm_finewebedu_seq635_96steps_20260602/causal_conv_mixer_sampled_vocab_full4 [language],long_context_lm,4,487680.0,7.207962810993195,7.207962810993195,487680.0,20034967.0,66975.56435652866,3291.41455078125,csv_curve,artifacts\benchmark_runs\language\language_longseq_conv_mixer_sampled_vocab8192_full2_confirm_finewebedu_seq635_96steps_20260602.json
language_longseq_seq1270_conv_sampled16384_full2_confirm_finewebedu_96steps_20260602/causal_conv_mixer_20m,long_context_lm,5,487680.0,7.2155227065086365,7.2155227065086365,487680.0,20034967.0,64378.918940253105,3296.78369140625,json_history,artifacts\benchmark_runs\language\language_longseq_seq1270_conv_sampled16384_full2_confirm_finewebedu_96steps_20260602.json
language_longseq_seq1270_conv_sampled16384_full2_confirm_finewebedu_96steps_20260602/causal_conv_mixer_20m [language],long_context_lm,4,487680.0,7.2155227065086365,7.2155227065086365,487680.0,20034967.0,64378.918940253105,3296.78369140625,csv_curve,artifacts\benchmark_runs\language\language_longseq_seq1270_conv_sampled16384_full2_confirm_finewebedu_96steps_20260602.json
language_longseq_conv_mixer_sampled_vocab_full2_confirm_finewebedu_seq635_96steps_20260602/causal_conv_mixer_sampled_vocab_full4,long_context_lm,5,487680.0,7.2221760749816895,7.2221760749816895,487680.0,20034967.0,68998.62142822631,3291.41455078125,json_history,artifacts\benchmark_runs\language\language_longseq_conv_mixer_sampled_vocab_full2_confirm_finewebedu_seq635_96steps_20260602.json
language_longseq_conv_mixer_sampled_vocab_full2_confirm_finewebedu_seq635_96steps_20260602/causal_conv_mixer_sampled_vocab_full4 [language],long_context_lm,4,487680.0,7.2221760749816895,7.2221760749816895,487680.0,20034967.0,68998.62142822631,3291.41455078125,csv_curve,artifacts\benchmark_runs\language\language_longseq_conv_mixer_sampled_vocab_full2_confirm_finewebedu_seq635_96steps_20260602.json
language_longseq_seq2540_conv_sampled16384_full4_confirm_finewebedu_96steps_20260602/causal_conv_mixer_sampled_vocab_full4,long_context_lm,5,487680.0,7.250458717346191,7.250458717346191,487680.0,20034967.0,65376.30506270604,3308.0224609375,json_history,artifacts\benchmark_runs\language\language_longseq_seq2540_conv_sampled16384_full4_confirm_finewebedu_96steps_20260602.json
language_longseq_seq2540_conv_sampled16384_full4_confirm_finewebedu_96steps_20260602/causal_conv_mixer_sampled_vocab_full4 [language],long_context_lm,4,487680.0,7.250458717346191,7.250458717346191,487680.0,20034967.0,65376.30506270604,3308.0224609375,csv_curve,artifacts\benchmark_runs\language\language_longseq_seq2540_conv_sampled16384_full4_confirm_finewebedu_96steps_20260602.json
language_longseq_conv_mixer_20m_confirm_finewebedu_seq635_96steps_20260602/causal_conv_mixer_20m,long_context_lm,5,487680.0,7.263408064842224,7.263408064842224,487680.0,19974033.0,59623.779672171644,3408.94140625,json_history,artifacts\benchmark_runs\language\language_longseq_conv_mixer_20m_confirm_finewebedu_seq635_96steps_20260602.json
language_longseq_conv_mixer_20m_confirm_finewebedu_seq635_96steps_20260602/causal_conv_mixer_20m [language],long_context_lm,4,487680.0,7.263408064842224,7.263408064842224,487680.0,19974033.0,59623.779672171644,3408.94140625,csv_curve,artifacts\benchmark_runs\language\language_longseq_conv_mixer_20m_confirm_finewebedu_seq635_96steps_20260602.json
language_longseq_conv_mixer_sampled_vocab16384_full8_confirm_finewebedu_seq635_96steps_20260602/causal_conv_mixer_sampled_vocab_full4,long_context_lm,5,487680.0,7.2634318470954895,7.2634318470954895,487680.0,20034967.0,66602.35959025766,3291.41455078125,json_history,artifacts\benchmark_runs\language\language_longseq_conv_mixer_sampled_vocab16384_full8_confirm_finewebedu_seq635_96steps_20260602.json
language_longseq_conv_mixer_sampled_vocab16384_full8_confirm_finewebedu_seq635_96steps_20260602/causal_conv_mixer_sampled_vocab_full4 [language],long_context_lm,4,487680.0,7.2634318470954895,7.2634318470954895,487680.0,20034967.0,66602.35959025766,3291.41455078125,csv_curve,artifacts\benchmark_runs\language\language_longseq_conv_mixer_sampled_vocab16384_full8_confirm_finewebedu_seq635_96steps_20260602.json
language_longseq_seq1270_conv_sampled16384_full2_confirm_finewebedu_96steps_20260602/causal_conv_mixer_sampled_vocab_full4,long_context_lm,5,487680.0,7.26610541343689,7.26610541343689,487680.0,20034967.0,64378.918940253105,3296.78369140625,json_history,artifacts\benchmark_runs\language\language_longseq_seq1270_conv_sampled16384_full2_confirm_finewebedu_96steps_20260602.json
language_longseq_seq1270_conv_sampled16384_full2_confirm_finewebedu_96steps_20260602/causal_conv_mixer_sampled_vocab_full4 [language],long_context_lm,4,487680.0,7.26610541343689,7.26610541343689,487680.0,20034967.0,64378.918940253105,3296.78369140625,csv_curve,artifacts\benchmark_runs\language\language_longseq_seq1270_conv_sampled16384_full2_confirm_finewebedu_96steps_20260602.json
language_longseq_no_replay_20m_confirm_finewebedu_seq635_96steps_20260602/factorized_no_replay_20m,long_context_lm,5,487680.0,7.328208386898041,7.328208386898041,487680.0,19999129.0,42847.157035595206,3279.0185546875,json_history,artifacts\benchmark_runs\language\language_longseq_no_replay_20m_confirm_finewebedu_seq635_96steps_20260602.json
language_longseq_no_replay_20m_confirm_finewebedu_seq635_96steps_20260602/factorized_no_replay_20m [language],long_context_lm,4,487680.0,7.328208386898041,7.328208386898041,487680.0,19999129.0,42847.157035595206,3279.0185546875,csv_curve,artifacts\benchmark_runs\language\language_longseq_no_replay_20m_confirm_finewebedu_seq635_96steps_20260602.json
language_longseq_no_replay_20m_confirm_finewebedu_seq635_96steps_20260602/factorized_untied_20m,long_context_lm,5,487680.0,7.3342002630233765,7.3342002630233765,487680.0,19998899.0,42847.157035595206,3279.0185546875,json_history,artifacts\benchmark_runs\language\language_longseq_no_replay_20m_confirm_finewebedu_seq635_96steps_20260602.json
language_longseq_no_replay_20m_confirm_finewebedu_seq635_96steps_20260602/factorized_untied_20m [language],long_context_lm,4,487680.0,7.3342002630233765,7.3342002630233765,487680.0,19998899.0,42847.157035595206,3279.0185546875,csv_curve,artifacts\benchmark_runs\language\language_longseq_no_replay_20m_confirm_finewebedu_seq635_96steps_20260602.json
language_longseq_seq1270_conv_sampled16384_full4_confirm_finewebedu_96steps_20260602/causal_conv_mixer_sampled_vocab_full4,long_context_lm,5,487680.0,7.338704317808151,7.338704317808151,487680.0,20034967.0,65591.89815248422,3296.78369140625,json_history,artifacts\benchmark_runs\language\language_longseq_seq1270_conv_sampled16384_full4_confirm_finewebedu_96steps_20260602.json
language_longseq_seq1270_conv_sampled16384_full4_confirm_finewebedu_96steps_20260602/causal_conv_mixer_sampled_vocab_full4 [language],long_context_lm,4,487680.0,7.338704317808151,7.338704317808151,487680.0,20034967.0,65591.89815248422,3296.78369140625,csv_curve,artifacts\benchmark_runs\language\language_longseq_seq1270_conv_sampled16384_full4_confirm_finewebedu_96steps_20260602.json
language_longseq_factorized_20m_rank96_probe_finewebedu_seq635_96steps_20260602/factorized_untied_20m,long_context_lm,5,487680.0,7.340918064117432,7.340918064117432,487680.0,19998899.0,30154.04532397233,3335.86181640625,json_history,artifacts\benchmark_runs\language\language_longseq_factorized_20m_rank96_probe_finewebedu_seq635_96steps_20260602.json
language_longseq_factorized_20m_rank96_probe_finewebedu_seq635_96steps_20260602/factorized_untied_20m [language],long_context_lm,4,487680.0,7.340918064117432,7.340918064117432,487680.0,19998899.0,30154.04532397233,3335.86181640625,csv_curve,artifacts\benchmark_runs\language\language_longseq_factorized_20m_rank96_probe_finewebedu_seq635_96steps_20260602.json
language_longseq_seq2540_conv_sampled16384_full4_confirm_finewebedu_96steps_20260602/partial_untied,long_context_lm,5,487680.0,7.367370665073395,7.367370665073395,487680.0,19949523.0,65376.30506270604,3308.0224609375,json_history,artifacts\benchmark_runs\language\language_longseq_seq2540_conv_sampled16384_full4_confirm_finewebedu_96steps_20260602.json
language_longseq_seq2540_conv_sampled16384_full4_confirm_finewebedu_96steps_20260602/partial_untied [language],long_context_lm,4,487680.0,7.367370665073395,7.367370665073395,487680.0,19949523.0,65376.30506270604,3308.0224609375,csv_curve,artifacts\benchmark_runs\language\language_longseq_seq2540_conv_sampled16384_full4_confirm_finewebedu_96steps_20260602.json
language_longseq_conv_mixer_1layer_20m_confirm_finewebedu_seq635_96steps_20260602/partial_untied,long_context_lm,5,487680.0,7.368340015411377,7.368340015411377,487680.0,19949523.0,66898.46648757183,3291.41455078125,json_history,artifacts\benchmark_runs\language\language_longseq_conv_mixer_1layer_20m_confirm_finewebedu_seq635_96steps_20260602.json
language_longseq_conv_mixer_1layer_20m_confirm_finewebedu_seq635_96steps_20260602/partial_untied [language],long_context_lm,4,487680.0,7.368340015411377,7.368340015411377,487680.0,19949523.0,66898.46648757183,3291.41455078125,csv_curve,artifacts\benchmark_runs\language\language_longseq_conv_mixer_1layer_20m_confirm_finewebedu_seq635_96steps_20260602.json
language_longseq_factorized_20m_rank96_probe_finewebedu_seq635_96steps_20260602/partial_untied,long_context_lm,5,487680.0,7.368533551692963,7.368533551692963,487680.0,19949523.0,30154.04532397233,3335.86181640625,json_history,artifacts\benchmark_runs\language\language_longseq_factorized_20m_rank96_probe_finewebedu_seq635_96steps_20260602.json
language_longseq_factorized_20m_rank96_probe_finewebedu_seq635_96steps_20260602/partial_untied [language],long_context_lm,4,487680.0,7.368533551692963,7.368533551692963,487680.0,19949523.0,30154.04532397233,3335.86181640625,csv_curve,artifacts\benchmark_runs\language\language_longseq_factorized_20m_rank96_probe_finewebedu_seq635_96steps_20260602.json
language_longseq_conv_mixer_20m_confirm_finewebedu_seq635_96steps_20260602/partial_untied,long_context_lm,5,487680.0,7.368586301803589,7.368586301803589,487680.0,19949523.0,59623.779672171644,3408.94140625,json_history,artifacts\benchmark_runs\language\language_longseq_conv_mixer_20m_confirm_finewebedu_seq635_96steps_20260602.json
language_longseq_conv_mixer_20m_confirm_finewebedu_seq635_96steps_20260602/partial_untied [language],long_context_lm,4,487680.0,7.368586301803589,7.368586301803589,487680.0,19949523.0,59623.779672171644,3408.94140625,csv_curve,artifacts\benchmark_runs\language\language_longseq_conv_mixer_20m_confirm_finewebedu_seq635_96steps_20260602.json
language_longseq_conv_mixer_sampled_vocab8192_full2_confirm_finewebedu_seq635_96steps_20260602/partial_untied,long_context_lm,5,487680.0,7.368649542331696,7.368649542331696,487680.0,19949523.0,66975.56435652866,3291.41455078125,json_history,artifacts\benchmark_runs\language\language_longseq_conv_mixer_sampled_vocab8192_full2_confirm_finewebedu_seq635_96steps_20260602.json
language_longseq_conv_mixer_sampled_vocab8192_full2_confirm_finewebedu_seq635_96steps_20260602/partial_untied [language],long_context_lm,4,487680.0,7.368649542331696,7.368649542331696,487680.0,19949523.0,66975.56435652866,3291.41455078125,csv_curve,artifacts\benchmark_runs\language\language_longseq_conv_mixer_sampled_vocab8192_full2_confirm_finewebedu_seq635_96steps_20260602.json
language_longseq_no_replay_20m_confirm_finewebedu_seq635_96steps_20260602/partial_untied,long_context_lm,5,487680.0,7.368659973144531,7.368659973144531,487680.0,19949523.0,42847.157035595206,3279.0185546875,json_history,artifacts\benchmark_runs\language\language_longseq_no_replay_20m_confirm_finewebedu_seq635_96steps_20260602.json
language_longseq_no_replay_20m_confirm_finewebedu_seq635_96steps_20260602/partial_untied [language],long_context_lm,4,487680.0,7.368659973144531,7.368659973144531,487680.0,19949523.0,42847.157035595206,3279.0185546875,csv_curve,artifacts\benchmark_runs\language\language_longseq_no_replay_20m_confirm_finewebedu_seq635_96steps_20260602.json
language_longseq_conv_mixer_sampled_vocab_full2_confirm_finewebedu_seq635_96steps_20260602/partial_untied,long_context_lm,5,487680.0,7.368671774864197,7.368671774864197,487680.0,19949523.0,68998.62142822631,3291.41455078125,json_history,artifacts\benchmark_runs\language\language_longseq_conv_mixer_sampled_vocab_full2_confirm_finewebedu_seq635_96steps_20260602.json
language_longseq_conv_mixer_sampled_vocab_full2_confirm_finewebedu_seq635_96steps_20260602/partial_untied [language],long_context_lm,4,487680.0,7.368671774864197,7.368671774864197,487680.0,19949523.0,68998.62142822631,3291.41455078125,csv_curve,artifacts\benchmark_runs\language\language_longseq_conv_mixer_sampled_vocab_full2_confirm_finewebedu_seq635_96steps_20260602.json
language_longseq_conv_mixer_sampled_vocab16384_full8_confirm_finewebedu_seq635_96steps_20260602/partial_untied,long_context_lm,5,487680.0,7.368673622608185,7.368673622608185,487680.0,19949523.0,66602.35959025766,3291.41455078125,json_history,artifacts\benchmark_runs\language\language_longseq_conv_mixer_sampled_vocab16384_full8_confirm_finewebedu_seq635_96steps_20260602.json
language_longseq_conv_mixer_sampled_vocab16384_full8_confirm_finewebedu_seq635_96steps_20260602/partial_untied [language],long_context_lm,4,487680.0,7.368673622608185,7.368673622608185,487680.0,19949523.0,66602.35959025766,3291.41455078125,csv_curve,artifacts\benchmark_runs\language\language_longseq_conv_mixer_sampled_vocab16384_full8_confirm_finewebedu_seq635_96steps_20260602.json
language_longseq_factorized_20m_probe_finewebedu_seq635_96steps_20260602/partial_untied,long_context_lm,5,487680.0,7.368678569793701,7.368678569793701,487680.0,19949523.0,32593.55014892379,3343.9775390625,json_history,artifacts\benchmark_runs\language\language_longseq_factorized_20m_probe_finewebedu_seq635_96steps_20260602.json
language_longseq_factorized_20m_probe_finewebedu_seq635_96steps_20260602/partial_untied [language],long_context_lm,4,487680.0,7.368678569793701,7.368678569793701,487680.0,19949523.0,32593.55014892379,3343.9775390625,csv_curve,artifacts\benchmark_runs\language\language_longseq_factorized_20m_probe_finewebedu_seq635_96steps_20260602.json
language_longseq_conv_mixer_sampled_vocab16384_full4_confirm_finewebedu_seq635_96steps_20260602/partial_untied,long_context_lm,5,487680.0,7.368689060211182,7.368689060211182,487680.0,19949523.0,67036.24483767823,3291.41455078125,json_history,artifacts\benchmark_runs\language\language_longseq_conv_mixer_sampled_vocab16384_full4_confirm_finewebedu_seq635_96steps_20260602.json
language_longseq_conv_mixer_sampled_vocab16384_full4_confirm_finewebedu_seq635_96steps_20260602/partial_untied [language],long_context_lm,4,487680.0,7.368689060211182,7.368689060211182,487680.0,19949523.0,67036.24483767823,3291.41455078125,csv_curve,artifacts\benchmark_runs\language\language_longseq_conv_mixer_sampled_vocab16384_full4_confirm_finewebedu_seq635_96steps_20260602.json
language_longseq_conv_mixer_sampled_vocab16384_full2_confirm_finewebedu_seq635_96steps_20260602/partial_untied,long_context_lm,5,487680.0,7.368709087371826,7.368709087371826,487680.0,19949523.0,66068.72716437177,3291.41455078125,json_history,artifacts\benchmark_runs\language\language_longseq_conv_mixer_sampled_vocab16384_full2_confirm_finewebedu_seq635_96steps_20260602.json
language_longseq_conv_mixer_sampled_vocab16384_full2_confirm_finewebedu_seq635_96steps_20260602/partial_untied [language],long_context_lm,4,487680.0,7.368709087371826,7.368709087371826,487680.0,19949523.0,66068.72716437177,3291.41455078125,csv_curve,artifacts\benchmark_runs\language\language_longseq_conv_mixer_sampled_vocab16384_full2_confirm_finewebedu_seq635_96steps_20260602.json
language_longseq_conv_mixer_2layer_20m_confirm_finewebedu_seq635_96steps_20260602/partial_untied,long_context_lm,5,487680.0,7.3687344789505005,7.3687344789505005,487680.0,19949523.0,15316.062485937382,3339.2060546875,json_history,artifacts\benchmark_runs\language\language_longseq_conv_mixer_2layer_20m_confirm_finewebedu_seq635_96steps_20260602.json
language_longseq_conv_mixer_2layer_20m_confirm_finewebedu_seq635_96steps_20260602/partial_untied [language],long_context_lm,4,487680.0,7.3687344789505005,7.3687344789505005,487680.0,19949523.0,15316.062485937382,3339.2060546875,csv_curve,artifacts\benchmark_runs\language\language_longseq_conv_mixer_2layer_20m_confirm_finewebedu_seq635_96steps_20260602.json
language_longseq_conv_mixer_sampled_vocab_full4_confirm_finewebedu_seq635_96steps_20260602/partial_untied,long_context_lm,5,487680.0,7.368734896183014,7.368734896183014,487680.0,19949523.0,66588.49582145989,3291.41455078125,json_history,artifacts\benchmark_runs\language\language_longseq_conv_mixer_sampled_vocab_full4_confirm_finewebedu_seq635_96steps_20260602.json
language_longseq_conv_mixer_sampled_vocab_full4_confirm_finewebedu_seq635_96steps_20260602/partial_untied [language],long_context_lm,4,487680.0,7.368734896183014,7.368734896183014,487680.0,19949523.0,66588.49582145989,3291.41455078125,csv_curve,artifacts\benchmark_runs\language\language_longseq_conv_mixer_sampled_vocab_full4_confirm_finewebedu_seq635_96steps_20260602.json
language_longseq_seq1270_conv_sampled16384_full4_confirm_finewebedu_96steps_20260602/partial_untied,long_context_lm,5,487680.0,7.395723283290863,7.395723283290863,487680.0,19949523.0,65591.89815248422,3296.78369140625,json_history,artifacts\benchmark_runs\language\language_longseq_seq1270_conv_sampled16384_full4_confirm_finewebedu_96steps_20260602.json
language_longseq_seq1270_conv_sampled16384_full4_confirm_finewebedu_96steps_20260602/partial_untied [language],long_context_lm,4,487680.0,7.395723283290863,7.395723283290863,487680.0,19949523.0,65591.89815248422,3296.78369140625,csv_curve,artifacts\benchmark_runs\language\language_longseq_seq1270_conv_sampled16384_full4_confirm_finewebedu_96steps_20260602.json
language_longseq_seq1270_conv_sampled16384_full2_confirm_finewebedu_96steps_20260602/partial_untied,long_context_lm,5,487680.0,7.396372735500336,7.396372735500336,487680.0,19949523.0,64378.918940253105,3296.78369140625,json_history,artifacts\benchmark_runs\language\language_longseq_seq1270_conv_sampled16384_full2_confirm_finewebedu_96steps_20260602.json
language_longseq_seq1270_conv_sampled16384_full2_confirm_finewebedu_96steps_20260602/partial_untied [language],long_context_lm,4,487680.0,7.396372735500336,7.396372735500336,487680.0,19949523.0,64378.918940253105,3296.78369140625,csv_curve,artifacts\benchmark_runs\language\language_longseq_seq1270_conv_sampled16384_full2_confirm_finewebedu_96steps_20260602.json
language_longseq_factorized_20m_probe_finewebedu_seq635_96steps_20260602/factorized_untied_20m,long_context_lm,5,487680.0,7.40567147731781,7.40567147731781,487680.0,20028067.0,32593.55014892379,3343.9775390625,json_history,artifacts\benchmark_runs\language\language_longseq_factorized_20m_probe_finewebedu_seq635_96steps_20260602.json
language_longseq_factorized_20m_probe_finewebedu_seq635_96steps_20260602/factorized_untied_20m [language],long_context_lm,4,487680.0,7.40567147731781,7.40567147731781,487680.0,20028067.0,32593.55014892379,3343.9775390625,csv_curve,artifacts\benchmark_runs\language\language_longseq_factorized_20m_probe_finewebedu_seq635_96steps_20260602.json
language_longseq_conv_mixer_sampled_vocab_full4_confirm_finewebedu_seq635_96steps_20260602/causal_conv_mixer_sampled_vocab_full4,long_context_lm,5,487680.0,7.663969993591309,7.663969993591309,487680.0,20034967.0,66588.49582145989,3291.41455078125,json_history,artifacts\benchmark_runs\language\language_longseq_conv_mixer_sampled_vocab_full4_confirm_finewebedu_seq635_96steps_20260602.json
language_longseq_conv_mixer_sampled_vocab_full4_confirm_finewebedu_seq635_96steps_20260602/causal_conv_mixer_sampled_vocab_full4 [language],long_context_lm,4,487680.0,7.663969993591309,7.663969993591309,487680.0,20034967.0,66588.49582145989,3291.41455078125,csv_curve,artifacts\benchmark_runs\language\language_longseq_conv_mixer_sampled_vocab_full4_confirm_finewebedu_seq635_96steps_20260602.json
language_recurrent_nano_tricks_combo_probe_20260327/untied_head,short_lm,4,390144.0,7.115192294120789,7.115192294120789,390144.0,15024387.0,53615.1441234135,1904.52490234375,json_history,artifacts\benchmark_runs\language\language_recurrent_nano_tricks_combo_probe_20260327.json
language_recurrent_nano_tricks_combo_probe_20260327/untied_head [language],short_lm,3,390144.0,7.115192294120789,7.115192294120789,390144.0,15024387.0,53615.1441234135,1904.52490234375,csv_curve,artifacts\benchmark_runs\language\language_recurrent_nano_tricks_combo_probe_20260327.json
language_recurrent_nano_tricks_combo_probe_20260327/relu2_untied,short_lm,4,390144.0,7.123299300670624,7.123299300670624,390144.0,15232323.0,53615.1441234135,1904.52490234375,json_history,artifacts\benchmark_runs\language\language_recurrent_nano_tricks_combo_probe_20260327.json
language_recurrent_nano_tricks_combo_probe_20260327/relu2_untied [language],short_lm,3,390144.0,7.123299300670624,7.123299300670624,390144.0,15232323.0,53615.1441234135,1904.52490234375,csv_curve,artifacts\benchmark_runs\language\language_recurrent_nano_tricks_combo_probe_20260327.json
language_recurrent_nano_tricks_combo_probe_20260327/relu2_head,short_lm,4,390144.0,7.38946658372879,7.38946658372879,390144.0,7995315.0,53615.1441234135,1904.52490234375,json_history,artifacts\benchmark_runs\language\language_recurrent_nano_tricks_combo_probe_20260327.json
language_recurrent_nano_tricks_combo_probe_20260327/relu2_head [language],short_lm,3,390144.0,7.38946658372879,7.38946658372879,390144.0,7995315.0,53615.1441234135,1904.52490234375,csv_curve,artifacts\benchmark_runs\language\language_recurrent_nano_tricks_combo_probe_20260327.json
language_recurrent_nano_tricks_combo_probe_20260327/relu2_windowed,short_lm,4,390144.0,7.392325520515442,7.392325520515442,390144.0,7995315.0,53615.1441234135,1904.52490234375,json_history,artifacts\benchmark_runs\language\language_recurrent_nano_tricks_combo_probe_20260327.json
language_recurrent_nano_tricks_combo_probe_20260327/relu2_windowed [language],short_lm,3,390144.0,7.392325520515442,7.392325520515442,390144.0,7995315.0,53615.1441234135,1904.52490234375,csv_curve,artifacts\benchmark_runs\language\language_recurrent_nano_tricks_combo_probe_20260327.json
language_recurrent_nano_tricks_combo_probe_20260327/relu2_smear,short_lm,4,390144.0,7.393828332424164,7.393828332424164,390144.0,7995340.0,53615.1441234135,1904.52490234375,json_history,artifacts\benchmark_runs\language\language_recurrent_nano_tricks_combo_probe_20260327.json
language_recurrent_nano_tricks_combo_probe_20260327/relu2_smear [language],short_lm,3,390144.0,7.393828332424164,7.393828332424164,390144.0,7995340.0,53615.1441234135,1904.52490234375,csv_curve,artifacts\benchmark_runs\language\language_recurrent_nano_tricks_combo_probe_20260327.json
language_recurrent_nano_tricks_combo_probe_20260327/baseline,short_lm,4,390144.0,7.494395226240158,7.494395226240158,390144.0,7787379.0,53615.1441234135,1904.52490234375,json_history,artifacts\benchmark_runs\language\language_recurrent_nano_tricks_combo_probe_20260327.json
language_recurrent_nano_tricks_combo_probe_20260327/baseline [language],short_lm,3,390144.0,7.494395226240158,7.494395226240158,390144.0,7787379.0,53615.1441234135,1904.52490234375,csv_curve,artifacts\benchmark_runs\language\language_recurrent_nano_tricks_combo_probe_20260327.json
language_recurrent_nano_tricks_combo_probe_20260327/smear_input,short_lm,4,390144.0,7.518873065710068,7.518873065710068,390144.0,7787404.0,53615.1441234135,1904.52490234375,json_history,artifacts\benchmark_runs\language\language_recurrent_nano_tricks_combo_probe_20260327.json
language_recurrent_nano_tricks_combo_probe_20260327/smear_input [language],short_lm,3,390144.0,7.518873065710068,7.518873065710068,390144.0,7787404.0,53615.1441234135,1904.52490234375,csv_curve,artifacts\benchmark_runs\language\language_recurrent_nano_tricks_combo_probe_20260327.json
language_recurrent_nano_tricks_combo_probe_20260327/windowed_32,short_lm,4,390144.0,7.522875756025314,7.522875756025314,390144.0,7787379.0,53615.1441234135,1904.52490234375,json_history,artifacts\benchmark_runs\language\language_recurrent_nano_tricks_combo_probe_20260327.json
language_recurrent_nano_tricks_combo_probe_20260327/windowed_32 [language],short_lm,3,390144.0,7.522875756025314,7.522875756025314,390144.0,7787379.0,53615.1441234135,1904.52490234375,csv_curve,artifacts\benchmark_runs\language\language_recurrent_nano_tricks_combo_probe_20260327.json
language_recurrent_nano_tricks_combo_probe_20260327/nanochat_small,short_lm,4,390144.0,7.656438082456589,7.656438082456589,390144.0,8125570.0,53615.1441234135,1904.52490234375,json_history,artifacts\benchmark_runs\language\language_recurrent_nano_tricks_combo_probe_20260327.json
language_recurrent_nano_tricks_combo_probe_20260327/nanochat_small [language],short_lm,3,390144.0,7.656438082456589,7.656438082456589,390144.0,8125570.0,53615.1441234135,1904.52490234375,csv_curve,artifacts\benchmark_runs\language\language_recurrent_nano_tricks_combo_probe_20260327.json
language_recurrent_nano_tricks_combo_probe_20260327/residual_gating,short_lm,4,390144.0,8.496460914611816,8.496460914611816,390144.0,7828853.0,53615.1441234135,1904.52490234375,json_history,artifacts\benchmark_runs\language\language_recurrent_nano_tricks_combo_probe_20260327.json
language_recurrent_nano_tricks_combo_probe_20260327/residual_gating [language],short_lm,3,390144.0,8.496460914611816,8.496460914611816,390144.0,7828853.0,53615.1441234135,1904.52490234375,csv_curve,artifacts\benchmark_runs\language\language_recurrent_nano_tricks_combo_probe_20260327.json
language_recurrent_nano_tricks_combo_probe_20260327/rmsnorm_path,short_lm,3,390144.0,8.961800932884216,8.961800932884216,390144.0,7787379.0,53615.1441234135,1904.52490234375,json_history,artifacts\benchmark_runs\language\language_recurrent_nano_tricks_combo_probe_20260327.json
neuron_search/screen_1024_seed13_real_half1024_phase_residual_blend_half_neuron/result/standalone_longseq_anchor_train,neuron_search,1,261120.0,7.757878532129175,7.757878532129175,261120.0,4935089.0,15359.449860624634,148.1611328125,json_report_history,artifacts\benchmark_runs\language\neuron_search_20260605\manual_self\screen_1024_seed13_real_half1024_phase_residual_blend_half_neuron\result.json
neuron_search/screen_1024_seed13_real_blend1024_phase_residual_blend_neuron/result/standalone_longseq_anchor_train,neuron_search,1,261120.0,7.761695057504317,7.761695057504317,261120.0,4935089.0,16020.577509059854,148.1611328125,json_report_history,artifacts\benchmark_runs\language\neuron_search_20260605\manual_self\screen_1024_seed13_real_blend1024_phase_residual_blend_neuron\result.json
neuron_search/screen_1024_seed29_real_half1024_phase_residual_blend_half_neuron/result/standalone_longseq_anchor_train,neuron_search,1,261120.0,7.762950226956723,7.762950226956723,261120.0,4935089.0,16650.435170500466,148.1611328125,json_report_history,artifacts\benchmark_runs\language\neuron_search_20260605\manual_self\screen_1024_seed29_real_half1024_phase_residual_blend_half_neuron\result.json
neuron_search/screen_1024_seed13_real_half1024_baseline/result/standalone_longseq_anchor_train,neuron_search,1,261120.0,7.7630088464886535,7.7630088464886535,261120.0,4934961.0,16052.816224382594,143.97119140625,json_report_history,artifacts\benchmark_runs\language\neuron_search_20260605\manual_self\screen_1024_seed13_real_half1024_baseline\result.json
neuron_search/screen_1024_seed29_real_blend1024_phase_residual_blend_neuron/result/standalone_longseq_anchor_train,neuron_search,1,261120.0,7.764639321962992,7.764639321962992,261120.0,4935089.0,16266.011987850223,148.1611328125,json_report_history,artifacts\benchmark_runs\language\neuron_search_20260605\manual_self\screen_1024_seed29_real_blend1024_phase_residual_blend_neuron\result.json
neuron_search/screen_1024_seed29_real_half1024_baseline/result/standalone_longseq_anchor_train,neuron_search,1,261120.0,7.764974658746345,7.764974658746345,261120.0,4934961.0,15387.074190616915,143.97119140625,json_report_history,artifacts\benchmark_runs\language\neuron_search_20260605\manual_self\screen_1024_seed29_real_half1024_baseline\result.json
neuron_search/screen_1024_seed17_real_half1024_phase_residual_blend_half_neuron/result/standalone_longseq_anchor_train,neuron_search,1,261120.0,7.7870986378660385,7.7870986378660385,261120.0,4935089.0,15926.103076886322,148.1611328125,json_report_history,artifacts\benchmark_runs\language\neuron_search_20260605\manual_self\screen_1024_seed17_real_half1024_phase_residual_blend_half_neuron\result.json
neuron_search/screen_1024_seed17_real_blend1024_phase_residual_blend_neuron/result/standalone_longseq_anchor_train,neuron_search,1,261120.0,7.788272892844443,7.788272892844443,261120.0,4935089.0,16119.465188856897,148.1611328125,json_report_history,artifacts\benchmark_runs\language\neuron_search_20260605\manual_self\screen_1024_seed17_real_blend1024_phase_residual_blend_neuron\result.json
neuron_search/screen_1024_seed17_real_half1024_baseline/result/standalone_longseq_anchor_train,neuron_search,1,261120.0,7.788764259511349,7.788764259511349,261120.0,4934961.0,16322.099634180493,143.97119140625,json_report_history,artifacts\benchmark_runs\language\neuron_search_20260605\manual_self\screen_1024_seed17_real_half1024_baseline\result.json
local_anchor8_anchor16/causal_conv_mixer_sampled_vocab_anchor8,long_context_lm,3,243840.0,7.609143972396851,7.609143972396851,243840.0,20034967.0,279150.4686012465,1911.54150390625,json_history,artifacts\benchmark_runs\language\local_arch_split_20260603_convonly\local_anchor8_anchor16.json
local_anchor8_anchor16/causal_conv_mixer_sampled_vocab_anchor8 [local_arch_split_20260603_convonly],long_context_lm,2,243840.0,7.609143972396851,7.609143972396851,243840.0,20034967.0,279150.4686012465,1911.54150390625,csv_curve,artifacts\benchmark_runs\language\local_arch_split_20260603_convonly\local_anchor8_anchor16.json
local_anchor16_conv2/causal_conv_mixer_sampled_vocab_anchor16,long_context_lm,3,243840.0,7.7252562046051025,7.7252562046051025,243840.0,20357293.0,201309.96779107233,1918.01806640625,json_history,artifacts\benchmark_runs\language\local_arch_split_20260603_conv2\local_anchor16_conv2.json
local_anchor16_conv2/causal_conv_mixer_sampled_vocab_anchor16 [local_arch_split_20260603_conv2],long_context_lm,2,243840.0,7.7252562046051025,7.7252562046051025,243840.0,20357293.0,201309.96779107233,1918.01806640625,csv_curve,artifacts\benchmark_runs\language\local_arch_split_20260603_conv2\local_anchor16_conv2.json
local_anchor8_anchor16/causal_conv_mixer_sampled_vocab_anchor16,long_context_lm,3,243840.0,7.733556509017944,7.733556509017944,243840.0,20034967.0,279150.4686012465,1911.54150390625,json_history,artifacts\benchmark_runs\language\local_arch_split_20260603_convonly\local_anchor8_anchor16.json
local_anchor8_anchor16/causal_conv_mixer_sampled_vocab_anchor16 [local_arch_split_20260603_convonly],long_context_lm,2,243840.0,7.733556509017944,7.733556509017944,243840.0,20034967.0,279150.4686012465,1911.54150390625,csv_curve,artifacts\benchmark_runs\language\local_arch_split_20260603_convonly\local_anchor8_anchor16.json
language_longseq_seq10160_sampled_validation_seed17_20260602/causal_conv_mixer_sampled_vocab,long_context_lm,1,182880.0,7.314442336559296,7.314442336559296,182880.0,20034967.0,195500.6207728661,2356.1669921875,json_history,artifacts\benchmark_runs\language\language_longseq_seq10160_sampled_validation_seed17_20260602.json
longseq_replay_probe_20260602/causal_conv_mixer_sampled_vocab/causal_conv_mixer_sampled_vocab,long_context_lm,2,182880.0,7.314442336559296,7.314442336559296,182880.0,20034967.0,195500.6207728661,2356.1669921875,json_report_history,artifacts\benchmark_runs\language\longseq_replay_probe_20260602\variant_results\seq10160_steps18_val8_batch1_eval999_init0_evalsampled_vocab_seed17\causal_conv_mixer_sampled_vocab.json
language_longseq_seq10160_sampled16384_anchor16_clean_seed13_val8_20260602/causal_conv_mixer_sampled_vocab_anchor16,long_context_lm,1,182880.0,7.706308126449585,7.706308126449585,182880.0,20034967.0,177506.02290579828,2377.7236328125,json_history,artifacts\benchmark_runs\language\language_longseq_seq10160_sampled16384_anchor16_clean_seed13_val8_20260602.json
language_longseq_seq10160_sampled16384_anchor16_clean_seed13_val32_20260602/causal_conv_mixer_sampled_vocab_anchor16,long_context_lm,1,182880.0,7.837439447641373,7.837439447641373,182880.0,20034967.0,185110.48883472802,2393.09130859375,json_history,artifacts\benchmark_runs\language\language_longseq_seq10160_sampled16384_anchor16_clean_seed13_val32_20260602.json
language_longseq_seq10160_sampled16384_full4_confirm_finewebedu_18steps_val8_20260602/causal_conv_mixer_sampled_vocab_full4,long_context_lm,3,182880.0,7.899404883384705,7.899404883384705,182880.0,20034967.0,53924.054126428564,6332.99658203125,json_history,artifacts\benchmark_runs\language\language_longseq_seq10160_sampled16384_full4_confirm_finewebedu_18steps_val8_20260602.json
language_longseq_seq10160_sampled16384_full4_confirm_finewebedu_18steps_val8_20260602/causal_conv_mixer_sampled_vocab_full4 [language],long_context_lm,2,182880.0,7.899404883384705,7.899404883384705,182880.0,20034967.0,53924.054126428564,6332.99658203125,csv_curve,artifacts\benchmark_runs\language\language_longseq_seq10160_sampled16384_full4_confirm_finewebedu_18steps_val8_20260602.json
longseq_replay_probe_20260602/partial_untied/partial_untied,long_context_lm,2,182880.0,7.964192152023315,7.964192152023315,182880.0,19949523.0,2011.5734173858718,7837.04296875,json_report_history,artifacts\benchmark_runs\language\longseq_replay_probe_20260602\variant_results\seq10160_steps18_val8_batch1_eval999_init0_evalsampled_vocab_seed17\partial_untied.json
language_longseq_seq10160_sampled_validation_seed17_20260602/partial_untied,long_context_lm,1,182880.0,7.964192152023315,7.964192152023315,182880.0,19949523.0,195500.6207728661,2356.1669921875,json_history,artifacts\benchmark_runs\language\language_longseq_seq10160_sampled_validation_seed17_20260602.json
language_longseq_seq10160_sampled16384_full4_confirm_finewebedu_18steps_val8_20260602/partial_untied,long_context_lm,3,182880.0,8.564867377281189,8.564867377281189,182880.0,19949523.0,53924.054126428564,6332.99658203125,json_history,artifacts\benchmark_runs\language\language_longseq_seq10160_sampled16384_full4_confirm_finewebedu_18steps_val8_20260602.json
language_longseq_seq10160_sampled16384_full4_confirm_finewebedu_18steps_val8_20260602/partial_untied [language],long_context_lm,2,182880.0,8.564867377281189,8.564867377281189,182880.0,19949523.0,53924.054126428564,6332.99658203125,csv_curve,artifacts\benchmark_runs\language\language_longseq_seq10160_sampled16384_full4_confirm_finewebedu_18steps_val8_20260602.json
longseq_replay_probe_20260602_anchor16_seq10160_clean/partial_untied/partial_untied,long_context_lm,1,182880.0,8.565110445022583,8.565110445022583,182880.0,19949523.0,5478.466900526389,7759.6796875,json_report_history,artifacts\benchmark_runs\language\longseq_replay_probe_20260602_anchor16_seq10160_clean\variant_results\seq10160_steps18_val8_batch1_eval999_init0_seed13\partial_untied.json
longseq_replay_probe_20260602_anchor16_seq10160_val32_clean/partial_untied/partial_untied,long_context_lm,1,182880.0,8.662082731723785,8.662082731723785,182880.0,19949523.0,5959.039424219462,7784.15380859375,json_report_history,artifacts\benchmark_runs\language\longseq_replay_probe_20260602_anchor16_seq10160_val32_clean\variant_results\seq10160_steps18_val32_batch1_eval999_init0_seed13\partial_untied.json
language_realtext_microbench_assoc_doubledata_20260327,short_lm,5,131072.0,7.633615076541901,7.633615076541901,131072.0,3366099.0,,,json_report_history,artifacts\benchmark_runs\language\language_realtext_microbench_assoc_doubledata_20260327.json
language_realtext_microbench_assoc_doubledata_20260327 [language],short_lm,4,131072.0,7.633615076541901,7.633615076541901,131072.0,3366099.0,,,csv_curve,artifacts\benchmark_runs\language\language_realtext_microbench_assoc_doubledata_20260327.json
seq255_512_seed29_factor_gated_scale_64/standalone_longseq_anchor_train,long_context_lm,1,130560.0,7.294407403001598,7.294407403001598,130560.0,15250873.0,8924.56033463802,308.84228515625,json_report_history,artifacts\benchmark_runs\language\token_recall_search_20260616\screen_seq255_512_factor_scale_boundary3\seq255_512_seed29_factor_gated_scale_64\result.json
seq255_512_seed29_factor_gated_scale_32/standalone_longseq_anchor_train,long_context_lm,1,130560.0,7.297619569769092,7.297619569769092,130560.0,15250873.0,8757.287275740418,308.84228515625,json_report_history,artifacts\benchmark_runs\language\token_recall_search_20260616\screen_seq255_512_factor_scale_boundary2\seq255_512_seed29_factor_gated_scale_32\result.json
seq255_512_seed29_factor_gated_scale_16/standalone_longseq_anchor_train,long_context_lm,1,130560.0,7.303716676959804,7.303716676959804,130560.0,15250873.0,9277.842210428638,308.84228515625,json_report_history,artifacts\benchmark_runs\language\token_recall_search_20260616\screen_seq255_512_factor_scale_boundary\seq255_512_seed29_factor_gated_scale_16\result.json
seq255_512_seed29_factor_gated_scale_8/standalone_longseq_anchor_train,long_context_lm,1,130560.0,7.315530330176447,7.315530330176447,130560.0,15250873.0,9251.703499313768,308.84228515625,json_report_history,artifacts\benchmark_runs\language\token_recall_search_20260616\screen_seq255_512_factor_scale_more\seq255_512_seed29_factor_gated_scale_8\result.json
seq255_512_seed17_factor_gated_scale_128/standalone_longseq_anchor_train,long_context_lm,1,130560.0,7.317782549530852,7.317782549530852,130560.0,15250873.0,9142.552455109371,308.84228515625,json_report_history,artifacts\benchmark_runs\language\token_recall_search_20260616\screen_seq255_512_factor_scale_boundary3\seq255_512_seed17_factor_gated_scale_128\result.json
seq255_512_seed29_factor_gated_scale_4/standalone_longseq_anchor_train,long_context_lm,1,130560.0,7.3191188622923455,7.3191188622923455,130560.0,15250873.0,8386.29995389025,308.84228515625,json_report_history,artifacts\benchmark_runs\language\token_recall_search_20260616\screen_seq255_512_factor_scale_more\seq255_512_seed29_factor_gated_scale_4\result.json
seq255_512_seed13_factor_gated_scale_128/standalone_longseq_anchor_train,long_context_lm,1,130560.0,7.320498472101548,7.320498472101548,130560.0,15250873.0,9096.045187062238,308.84228515625,json_report_history,artifacts\benchmark_runs\language\token_recall_search_20260616\screen_seq255_512_factor_scale_boundary3\seq255_512_seed13_factor_gated_scale_128\result.json
seq255_512_seed17_factor_gated_scale_64/standalone_longseq_anchor_train,long_context_lm,1,130560.0,7.324132159060123,7.324132159060123,130560.0,15250873.0,9426.31181813628,308.84228515625,json_report_history,artifacts\benchmark_runs\language\token_recall_search_20260616\screen_seq255_512_factor_scale_boundary3\seq255_512_seed17_factor_gated_scale_64\result.json
seq255_512_seed17_factor_gated_scale_32/standalone_longseq_anchor_train,long_context_lm,1,130560.0,7.325180831493116,7.325180831493116,130560.0,15250873.0,9920.559539026655,308.84228515625,json_report_history,artifacts\benchmark_runs\language\token_recall_search_20260616\screen_seq255_512_factor_scale_boundary2\seq255_512_seed17_factor_gated_scale_32\result.json
seq255_512_seed17_factor_gated_scale_16/standalone_longseq_anchor_train,long_context_lm,1,130560.0,7.329197658978257,7.329197658978257,130560.0,15250873.0,9379.786678924233,308.84228515625,json_report_history,artifacts\benchmark_runs\language\token_recall_search_20260616\screen_seq255_512_factor_scale_boundary\seq255_512_seed17_factor_gated_scale_16\result.json
seq255_512_seed13_factor_gated_scale_64/standalone_longseq_anchor_train,long_context_lm,1,130560.0,7.332698828332564,7.332698828332564,130560.0,15250873.0,9283.94832215796,308.84228515625,json_report_history,artifacts\benchmark_runs\language\token_recall_search_20260616\screen_seq255_512_factor_scale_boundary2\seq255_512_seed13_factor_gated_scale_64\result.json
seq255_512_seed13_factor_gated_scale_32/standalone_longseq_anchor_train,long_context_lm,1,130560.0,7.335349417200275,7.335349417200275,130560.0,15250873.0,9386.347947976245,308.84228515625,json_report_history,artifacts\benchmark_runs\language\token_recall_search_20260616\screen_seq255_512_factor_scale_boundary2\seq255_512_seed13_factor_gated_scale_32\result.json
seq255_512_seed13_factor_gated_scale_16/standalone_longseq_anchor_train,long_context_lm,1,130560.0,7.3357501599134185,7.3357501599134185,130560.0,15250873.0,8375.210669663938,308.84228515625,json_report_history,artifacts\benchmark_runs\language\token_recall_search_20260616\screen_seq255_512_factor_scale_boundary\seq255_512_seed13_factor_gated_scale_16\result.json
seq255_512_seed17_factor_gated_scale_8/standalone_longseq_anchor_train,long_context_lm,1,130560.0,7.3373619873149725,7.3373619873149725,130560.0,15250873.0,8281.415646348969,308.84228515625,json_report_history,artifacts\benchmark_runs\language\token_recall_search_20260616\screen_seq255_512_factor_scale_more\seq255_512_seed17_factor_gated_scale_8\result.json
seq255_512_seed29_none/standalone_longseq_anchor_train,long_context_lm,1,130560.0,7.338884491429609,7.338884491429609,130560.0,15250481.0,10015.104120954553,308.82958984375,json_report_history,artifacts\benchmark_runs\language\token_recall_search_20260616\screen_seq255_512_factor_scale_boundary\seq255_512_seed29_none\result.json
seq255_512_seed13_factor_gated_scale_8/standalone_longseq_anchor_train,long_context_lm,1,130560.0,7.340055519108679,7.340055519108679,130560.0,15250873.0,8819.57017768831,308.84228515625,json_report_history,artifacts\benchmark_runs\language\token_recall_search_20260616\screen_seq255_512_factor_scale_more\seq255_512_seed13_factor_gated_scale_8\result.json
seq255_512_seed17_factor_gated_scale_4/standalone_longseq_anchor_train,long_context_lm,1,130560.0,7.343895375845479,7.343895375845479,130560.0,15250873.0,8254.8219009832,308.84228515625,json_report_history,artifacts\benchmark_runs\language\token_recall_search_20260616\screen_seq255_512_factor_scale_confirm\seq255_512_seed17_factor_gated_scale_4\result.json
seq255_512_seed13_factor_gated_scale_4/standalone_longseq_anchor_train,long_context_lm,1,130560.0,7.345720234104231,7.345720234104231,130560.0,15250873.0,8681.892198155372,308.84228515625,json_report_history,artifacts\benchmark_runs\language\token_recall_search_20260616\screen_seq255_512_factor_scale_confirm\seq255_512_seed13_factor_gated_scale_4\result.json
seq255_512_seed17_factor_gated_scale_2/standalone_longseq_anchor_train,long_context_lm,1,130560.0,7.349326225238688,7.349326225238688,130560.0,15250873.0,8177.626413753459,308.84228515625,json_report_history,artifacts\benchmark_runs\language\token_recall_search_20260616\screen_seq255_512_factor_scale_confirm\seq255_512_seed17_factor_gated_scale_2\result.json
seq255_512_seed13_factor_gated_scale_2/standalone_longseq_anchor_train,long_context_lm,1,130560.0,7.34989462798717,7.34989462798717,130560.0,15250873.0,8716.256625742413,308.84228515625,json_report_history,artifacts\benchmark_runs\language\token_recall_search_20260616\screen_seq255_512_factor_scale_seed13\seq255_512_seed13_factor_gated_scale_2\result.json
seq255_512_seed13_token_recall_gated_multiscale/standalone_longseq_anchor_train,long_context_lm,1,130560.0,7.351726648036172,7.351726648036172,130560.0,15250873.0,7949.6135760947045,815.1494140625,json_report_history,artifacts\benchmark_runs\language\token_recall_search_20260616\screen_seq255_512_gated_seeds\seq255_512_seed13_token_recall_gated_multiscale\result.json
seq255_512_seed17_token_recall_gated_multiscale/standalone_longseq_anchor_train,long_context_lm,1,130560.0,7.354838714178871,7.354838714178871,130560.0,15250873.0,8042.397925199851,815.1494140625,json_report_history,artifacts\benchmark_runs\language\token_recall_search_20260616\screen_seq255_512_gated_seeds\seq255_512_seed17_token_recall_gated_multiscale\result.json
seq255_512_seed13_factor_gated_scale_1/standalone_longseq_anchor_train,long_context_lm,1,130560.0,7.354952647054897,7.354952647054897,130560.0,15250873.0,8331.37970904277,308.84228515625,json_report_history,artifacts\benchmark_runs\language\token_recall_search_20260616\screen_seq255_512_factor_scale_seed13\seq255_512_seed13_factor_gated_scale_1\result.json
seq255_512_seed13_token_recall_gated_recent/standalone_longseq_anchor_train,long_context_lm,1,130560.0,7.356044430592481,7.356044430592481,130560.0,15250775.0,932.9048147679455,321.40771484375,json_report_history,artifacts\benchmark_runs\language\token_recall_search_20260616\screen_seq255_512_recent_seeds\seq255_512_seed13_token_recall_gated_recent\result.json
seq255_512_seed17_factor_gated_scale_1/standalone_longseq_anchor_train,long_context_lm,1,130560.0,7.356871370357625,7.356871370357625,130560.0,15250873.0,8610.382298203982,308.84228515625,json_report_history,artifacts\benchmark_runs\language\token_recall_search_20260616\screen_seq255_512_factor_scale_confirm\seq255_512_seed17_factor_gated_scale_1\result.json
seq255_512_seed13_factor_gated_scale_0p3/standalone_longseq_anchor_train,long_context_lm,1,130560.0,7.362920969958399,7.362920969958399,130560.0,15250873.0,8172.005135217199,308.84228515625,json_report_history,artifacts\benchmark_runs\language\token_recall_search_20260616\screen_seq255_512_factor_scale_seed13\seq255_512_seed13_factor_gated_scale_0p3\result.json
seq255_512_seed13_factor_gated_scale_0p1/standalone_longseq_anchor_train,long_context_lm,1,130560.0,7.36585005065974,7.36585005065974,130560.0,15250873.0,8694.592219354145,308.84228515625,json_report_history,artifacts\benchmark_runs\language\token_recall_search_20260616\screen_seq255_512_factor_scale_seed13\seq255_512_seed13_factor_gated_scale_0p1\result.json
seq255_512_seed13_factor_recall_gated_multiscale/standalone_longseq_anchor_train,long_context_lm,1,130560.0,7.367023090638367,7.367023090638367,130560.0,15250873.0,8110.34743919267,308.84228515625,json_report_history,artifacts\benchmark_runs\language\token_recall_search_20260616\screen_seq255_512_factor_seeds\seq255_512_seed13_factor_recall_gated_multiscale\result.json
seq255_512_seed13_none/standalone_longseq_anchor_train,long_context_lm,1,130560.0,7.367443760469848,7.367443760469848,130560.0,15250481.0,7964.675930204293,308.82958984375,json_report_history,artifacts\benchmark_runs\language\token_recall_search_20260616\screen_seq255_512_gated_seeds\seq255_512_seed13_none\result.json
seq255_512_seed17_factor_recall_gated_multiscale/standalone_longseq_anchor_train,long_context_lm,1,130560.0,7.3702394966985665,7.3702394966985665,130560.0,15250873.0,8341.494551216623,308.84228515625,json_report_history,artifacts\benchmark_runs\language\token_recall_search_20260616\screen_seq255_512_factor_seeds\seq255_512_seed17_factor_recall_gated_multiscale\result.json
seq255_512_seed17_none/standalone_longseq_anchor_train,long_context_lm,1,130560.0,7.3706933158285475,7.3706933158285475,130560.0,15250481.0,8643.323694807663,308.82958984375,json_report_history,artifacts\benchmark_runs\language\token_recall_search_20260616\screen_seq255_512_gated_seeds\seq255_512_seed17_none\result.json
chichen_anchor8_seq635_20m_192steps_20260603 [20260603-141154-df2f95],long_context_lm,2,121920.0,7.5482,7.5482,121920.0,,,,csv_curve,E:\CODEXRESEARCH\house_compute_hub\runs\20260603-141154-df2f95\Chichen-JoshS-10a81805.log
chichen_anchor16_seq635_20m_192steps_20260603 [20260603-141027-dc89d1],long_context_lm,2,121920.0,7.6162,7.6162,121920.0,,,,csv_curve,E:\CODEXRESEARCH\house_compute_hub\runs\20260603-141027-dc89d1\Chichen-JoshS-10a81805.log
chichen_anchor16_conv2_seq635_20m_192steps_20260603 [20260603-141154-df2f95],long_context_lm,2,121920.0,7.6393,7.6393,121920.0,,,,csv_curve,E:\CODEXRESEARCH\house_compute_hub\runs\20260603-141154-df2f95\Chichen-JoshS-10a81805.log
language_longseq_conv_mixer_0layer_20m_screen_finewebedu_seq635_24steps_20260602/causal_conv_mixer_20m,long_context_lm,3,121920.0,7.647918403148651,7.647918403148651,121920.0,20042161.0,44683.23063863137,3241.9462890625,json_history,artifacts\benchmark_runs\language\language_longseq_conv_mixer_0layer_20m_screen_finewebedu_seq635_24steps_20260602.json
language_longseq_conv_mixer_0layer_20m_screen_finewebedu_seq635_24steps_20260602/causal_conv_mixer_20m [language],long_context_lm,2,121920.0,7.647918403148651,7.647918403148651,121920.0,20042161.0,44683.23063863137,3241.9462890625,csv_curve,artifacts\benchmark_runs\language\language_longseq_conv_mixer_0layer_20m_screen_finewebedu_seq635_24steps_20260602.json
language_longseq_conv_mixer_1layer_20m_screen_finewebedu_seq635_24steps_20260602/causal_conv_mixer_20m,long_context_lm,3,121920.0,7.673999011516571,7.673999011516571,121920.0,20034967.0,66978.32021867472,3291.41455078125,json_history,artifacts\benchmark_runs\language\language_longseq_conv_mixer_1layer_20m_screen_finewebedu_seq635_24steps_20260602.json
language_longseq_conv_mixer_1layer_20m_screen_finewebedu_seq635_24steps_20260602/causal_conv_mixer_20m [language],long_context_lm,2,121920.0,7.673999011516571,7.673999011516571,121920.0,20034967.0,66978.32021867472,3291.41455078125,csv_curve,artifacts\benchmark_runs\language\language_longseq_conv_mixer_1layer_20m_screen_finewebedu_seq635_24steps_20260602.json
language_longseq_conv_mixer_2layer_20m_screen_finewebedu_seq635_24steps_20260602/causal_conv_mixer_20m,long_context_lm,3,121920.0,7.680988848209381,7.680988848209381,121920.0,20001385.0,62453.852432414955,3339.2060546875,json_history,artifacts\benchmark_runs\language\language_longseq_conv_mixer_2layer_20m_screen_finewebedu_seq635_24steps_20260602.json
language_longseq_conv_mixer_2layer_20m_screen_finewebedu_seq635_24steps_20260602/causal_conv_mixer_20m [language],long_context_lm,2,121920.0,7.680988848209381,7.680988848209381,121920.0,20001385.0,62453.852432414955,3339.2060546875,csv_curve,artifacts\benchmark_runs\language\language_longseq_conv_mixer_2layer_20m_screen_finewebedu_seq635_24steps_20260602.json
language_longseq_conv_mixer_sampled_vocab_full2_screen_finewebedu_seq635_24steps_20260602/causal_conv_mixer_sampled_vocab_full4,long_context_lm,3,121920.0,7.749900639057159,7.749900639057159,121920.0,20034967.0,67308.10317336682,3291.41455078125,json_history,artifacts\benchmark_runs\language\language_longseq_conv_mixer_sampled_vocab_full2_screen_finewebedu_seq635_24steps_20260602.json
language_longseq_conv_mixer_sampled_vocab_full2_screen_finewebedu_seq635_24steps_20260602/causal_conv_mixer_sampled_vocab_full4 [language],long_context_lm,2,121920.0,7.749900639057159,7.749900639057159,121920.0,20034967.0,67308.10317336682,3291.41455078125,csv_curve,artifacts\benchmark_runs\language\language_longseq_conv_mixer_sampled_vocab_full2_screen_finewebedu_seq635_24steps_20260602.json
language_longseq_seq5080_conv_sampled16384_full4_screen_finewebedu_24steps_20260602/causal_conv_mixer_20m,long_context_lm,3,121920.0,7.756969474256039,7.756969474256039,121920.0,20034967.0,64215.77849906483,3331.33154296875,json_history,artifacts\benchmark_runs\language\language_longseq_seq5080_conv_sampled16384_full4_screen_finewebedu_24steps_20260602.json
language_longseq_seq5080_conv_sampled16384_full4_screen_finewebedu_24steps_20260602/causal_conv_mixer_20m [language],long_context_lm,2,121920.0,7.756969474256039,7.756969474256039,121920.0,20034967.0,64215.77849906483,3331.33154296875,csv_curve,artifacts\benchmark_runs\language\language_longseq_seq5080_conv_sampled16384_full4_screen_finewebedu_24steps_20260602.json
language_longseq_seq1270_conv_sampled16384_full4_screen_finewebedu_24steps_20260602/causal_conv_mixer_20m,long_context_lm,3,121920.0,7.773373574018478,7.773373574018478,121920.0,20034967.0,66585.93558961609,3296.78369140625,json_history,artifacts\benchmark_runs\language\language_longseq_seq1270_conv_sampled16384_full4_screen_finewebedu_24steps_20260602.json
language_longseq_seq1270_conv_sampled16384_full4_screen_finewebedu_24steps_20260602/causal_conv_mixer_20m [language],long_context_lm,2,121920.0,7.773373574018478,7.773373574018478,121920.0,20034967.0,66585.93558961609,3296.78369140625,csv_curve,artifacts\benchmark_runs\language\language_longseq_seq1270_conv_sampled16384_full4_screen_finewebedu_24steps_20260602.json
language_longseq_seq2540_conv_sampled16384_full4_screen_finewebedu_24steps_20260602/causal_conv_mixer_20m,long_context_lm,3,121920.0,7.804454430937767,7.804454430937767,121920.0,20034967.0,66240.44302851707,3308.0224609375,json_history,artifacts\benchmark_runs\language\language_longseq_seq2540_conv_sampled16384_full4_screen_finewebedu_24steps_20260602.json
language_longseq_seq2540_conv_sampled16384_full4_screen_finewebedu_24steps_20260602/causal_conv_mixer_20m [language],long_context_lm,2,121920.0,7.804454430937767,7.804454430937767,121920.0,20034967.0,66240.44302851707,3308.0224609375,csv_curve,artifacts\benchmark_runs\language\language_longseq_seq2540_conv_sampled16384_full4_screen_finewebedu_24steps_20260602.json
language_longseq_conv_mixer_20m_screen_finewebedu_seq635_24steps_20260602/causal_conv_mixer_20m,long_context_lm,3,121920.0,7.82630181312561,7.82630181312561,121920.0,19974033.0,55602.9732448699,3408.94140625,json_history,artifacts\benchmark_runs\language\language_longseq_conv_mixer_20m_screen_finewebedu_seq635_24steps_20260602.json
language_longseq_conv_mixer_20m_screen_finewebedu_seq635_24steps_20260602/causal_conv_mixer_20m [language],long_context_lm,2,121920.0,7.82630181312561,7.82630181312561,121920.0,19974033.0,55602.9732448699,3408.94140625,csv_curve,artifacts\benchmark_runs\language\language_longseq_conv_mixer_20m_screen_finewebedu_seq635_24steps_20260602.json
language_longseq_factorized_heads_20m_probe_finewebedu_seq635_20260602/low_rank_untied_20m,long_context_lm,3,121920.0,7.833203315734863,7.833203315734863,121920.0,20028067.0,54349.66008953254,3343.9775390625,json_history,artifacts\benchmark_runs\language\language_longseq_factorized_heads_20m_probe_finewebedu_seq635_20260602.json
language_longseq_factorized_heads_20m_probe_finewebedu_seq635_20260602/low_rank_untied_20m [language],long_context_lm,2,121920.0,7.833203315734863,7.833203315734863,121920.0,20028067.0,54349.66008953254,3343.9775390625,csv_curve,artifacts\benchmark_runs\language\language_longseq_factorized_heads_20m_probe_finewebedu_seq635_20260602.json
longseq_replay_probe_20260602/causal_conv_mixer_sampled_vocab_anchor16/causal_conv_mixer_sampled_vocab_anchor16,long_context_lm,1,121920.0,7.836754076182842,7.836754076182842,121920.0,20034967.0,107386.55115483988,2329.10986328125,json_report_history,artifacts\benchmark_runs\language\longseq_replay_probe_20260602\variant_results\seq5080_steps24_val64_batch1_eval999_init0_seed17\causal_conv_mixer_sampled_vocab_anchor16.json
language_longseq_seq10160_conv_sampled16384_full4_micro_finewebedu_12steps_val8_20260602/causal_conv_mixer_20m,long_context_lm,3,121920.0,7.853116452693939,7.853116452693939,121920.0,20034967.0,18493.69155337847,6332.99658203125,json_history,artifacts\benchmark_runs\language\language_longseq_seq10160_conv_sampled16384_full4_micro_finewebedu_12steps_val8_20260602.json
language_longseq_seq10160_conv_sampled16384_full4_micro_finewebedu_12steps_val8_20260602/causal_conv_mixer_20m [language],long_context_lm,2,121920.0,7.853116452693939,7.853116452693939,121920.0,20034967.0,18493.69155337847,6332.99658203125,csv_curve,artifacts\benchmark_runs\language\language_longseq_seq10160_conv_sampled16384_full4_micro_finewebedu_12steps_val8_20260602.json
language_longseq_factorized_heads_probe_finewebedu_seq635_20m_20260602/low_rank_untied,long_context_lm,3,121920.0,7.857298254966736,7.857298254966736,121920.0,22857747.0,20080.31533209463,3394.15576171875,json_history,artifacts\benchmark_runs\language\language_longseq_factorized_heads_probe_finewebedu_seq635_20m_20260602.json
language_longseq_factorized_heads_probe_finewebedu_seq635_20m_20260602/low_rank_untied [language],long_context_lm,2,121920.0,7.857298254966736,7.857298254966736,121920.0,22857747.0,20080.31533209463,3394.15576171875,csv_curve,artifacts\benchmark_runs\language\language_longseq_factorized_heads_probe_finewebedu_seq635_20m_20260602.json
longseq_replay_probe_20260602/causal_conv_mixer_sampled_vocab_anchor/causal_conv_mixer_sampled_vocab_anchor,long_context_lm,1,121920.0,7.8641122207045555,7.8641122207045555,121920.0,20034967.0,100834.95677926035,2328.91796875,json_report_history,artifacts\benchmark_runs\language\longseq_replay_probe_20260602\variant_results\seq5080_steps24_val64_batch1_eval999_init0_seed17\causal_conv_mixer_sampled_vocab_anchor.json
language_longseq_seq1270_conv_sampled16384_full4_screen_finewebedu_24steps_20260602/causal_conv_mixer_sampled_vocab_full4,long_context_lm,3,121920.0,7.930311501026154,7.930311501026154,121920.0,20034967.0,66585.93558961609,3296.78369140625,json_history,artifacts\benchmark_runs\language\language_longseq_seq1270_conv_sampled16384_full4_screen_finewebedu_24steps_20260602.json
language_longseq_seq1270_conv_sampled16384_full4_screen_finewebedu_24steps_20260602/causal_conv_mixer_sampled_vocab_full4 [language],long_context_lm,2,121920.0,7.930311501026154,7.930311501026154,121920.0,20034967.0,66585.93558961609,3296.78369140625,csv_curve,artifacts\benchmark_runs\language\language_longseq_seq1270_conv_sampled16384_full4_screen_finewebedu_24steps_20260602.json
longseq_replay_probe_20260602/causal_conv_mixer_sampled_vocab_full4/causal_conv_mixer_sampled_vocab_full4,long_context_lm,1,121920.0,7.963529825210571,7.963529825210571,121920.0,20034967.0,94965.0011270442,3331.79345703125,json_report_history,artifacts\benchmark_runs\language\longseq_replay_probe_20260602\variant_results\seq5080_steps24_val64_batch1_eval999_init0_seed17\causal_conv_mixer_sampled_vocab_full4.json
language_longseq_seq2540_conv_sampled16384_full4_screen_finewebedu_24steps_20260602/causal_conv_mixer_sampled_vocab_full4,long_context_lm,3,121920.0,7.970113351941109,7.970113351941109,121920.0,20034967.0,66240.44302851707,3308.0224609375,json_history,artifacts\benchmark_runs\language\language_longseq_seq2540_conv_sampled16384_full4_screen_finewebedu_24steps_20260602.json
language_longseq_seq2540_conv_sampled16384_full4_screen_finewebedu_24steps_20260602/causal_conv_mixer_sampled_vocab_full4 [language],long_context_lm,2,121920.0,7.970113351941109,7.970113351941109,121920.0,20034967.0,66240.44302851707,3308.0224609375,csv_curve,artifacts\benchmark_runs\language\language_longseq_seq2540_conv_sampled16384_full4_screen_finewebedu_24steps_20260602.json
language_longseq_seq5080_conv_sampled16384_full4_screen_finewebedu_24steps_20260602/causal_conv_mixer_sampled_vocab_full4,long_context_lm,3,121920.0,7.9750737100839615,7.9750737100839615,121920.0,20034967.0,64215.77849906483,3331.33154296875,json_history,artifacts\benchmark_runs\language\language_longseq_seq5080_conv_sampled16384_full4_screen_finewebedu_24steps_20260602.json
language_longseq_seq5080_conv_sampled16384_full4_screen_finewebedu_24steps_20260602/causal_conv_mixer_sampled_vocab_full4 [language],long_context_lm,2,121920.0,7.9750737100839615,7.9750737100839615,121920.0,20034967.0,64215.77849906483,3331.33154296875,csv_curve,artifacts\benchmark_runs\language\language_longseq_seq5080_conv_sampled16384_full4_screen_finewebedu_24steps_20260602.json
language_longseq_no_replay_20m_screen_finewebedu_seq635_24steps_20260602/factorized_untied_20m,long_context_lm,3,121920.0,7.9951324462890625,7.9951324462890625,121920.0,19998899.0,42654.31594718868,3279.0185546875,json_history,artifacts\benchmark_runs\language\language_longseq_no_replay_20m_screen_finewebedu_seq635_24steps_20260602.json
language_longseq_no_replay_20m_screen_finewebedu_seq635_24steps_20260602/factorized_untied_20m [language],long_context_lm,2,121920.0,7.9951324462890625,7.9951324462890625,121920.0,19998899.0,42654.31594718868,3279.0185546875,csv_curve,artifacts\benchmark_runs\language\language_longseq_no_replay_20m_screen_finewebedu_seq635_24steps_20260602.json
language_longseq_factorized_heads_20m_probe_finewebedu_seq635_20260602/factorized_untied_20m,long_context_lm,3,121920.0,8.03904414176941,8.03904414176941,121920.0,20028067.0,54349.66008953254,3343.9775390625,json_history,artifacts\benchmark_runs\language\language_longseq_factorized_heads_20m_probe_finewebedu_seq635_20260602.json
language_longseq_factorized_heads_20m_probe_finewebedu_seq635_20260602/factorized_untied_20m [language],long_context_lm,2,121920.0,8.03904414176941,8.03904414176941,121920.0,20028067.0,54349.66008953254,3343.9775390625,csv_curve,artifacts\benchmark_runs\language\language_longseq_factorized_heads_20m_probe_finewebedu_seq635_20260602.json
language_longseq_factorized_heads_probe_finewebedu_seq635_20m_20260602/factorized_untied,long_context_lm,3,121920.0,8.097404658794403,8.097404658794403,121920.0,22857747.0,20080.31533209463,3394.15576171875,json_history,artifacts\benchmark_runs\language\language_longseq_factorized_heads_probe_finewebedu_seq635_20m_20260602.json
language_longseq_factorized_heads_probe_finewebedu_seq635_20m_20260602/factorized_untied [language],long_context_lm,2,121920.0,8.097404658794403,8.097404658794403,121920.0,22857747.0,20080.31533209463,3394.15576171875,csv_curve,artifacts\benchmark_runs\language\language_longseq_factorized_heads_probe_finewebedu_seq635_20m_20260602.json
language_longseq_no_replay_20m_screen_finewebedu_seq635_24steps_20260602/factorized_no_replay_20m,long_context_lm,3,121920.0,8.257652878761292,8.257652878761292,121920.0,19999129.0,42654.31594718868,3279.0185546875,json_history,artifacts\benchmark_runs\language\language_longseq_no_replay_20m_screen_finewebedu_seq635_24steps_20260602.json
language_longseq_no_replay_20m_screen_finewebedu_seq635_24steps_20260602/factorized_no_replay_20m [language],long_context_lm,2,121920.0,8.257652878761292,8.257652878761292,121920.0,19999129.0,42654.31594718868,3279.0185546875,csv_curve,artifacts\benchmark_runs\language\language_longseq_no_replay_20m_screen_finewebedu_seq635_24steps_20260602.json
language_longseq_conv_mixer_sampled_vocab_screen_finewebedu_seq635_24steps_20260602/causal_conv_mixer_sampled_vocab_full4,long_context_lm,3,121920.0,8.410483002662659,8.410483002662659,121920.0,20034967.0,63465.46420991109,3291.41455078125,json_history,artifacts\benchmark_runs\language\language_longseq_conv_mixer_sampled_vocab_screen_finewebedu_seq635_24steps_20260602.json
language_longseq_conv_mixer_sampled_vocab_screen_finewebedu_seq635_24steps_20260602/causal_conv_mixer_sampled_vocab_full4 [language],long_context_lm,2,121920.0,8.410483002662659,8.410483002662659,121920.0,20034967.0,63465.46420991109,3291.41455078125,csv_curve,artifacts\benchmark_runs\language\language_longseq_conv_mixer_sampled_vocab_screen_finewebedu_seq635_24steps_20260602.json
language_longseq_replay_probe_finewebedu_seq635_20m_20260602/windowed_replay128,long_context_lm,3,121920.0,8.413643598556519,8.413643598556519,121920.0,19949523.0,25024.442036714452,3385.1044921875,json_history,artifacts\benchmark_runs\language\language_longseq_replay_probe_finewebedu_seq635_20m_20260602.json
language_longseq_replay_probe_finewebedu_seq635_20m_20260602/windowed_replay128 [language],long_context_lm,2,121920.0,8.413643598556519,8.413643598556519,121920.0,19949523.0,25024.442036714452,3385.1044921875,csv_curve,artifacts\benchmark_runs\language\language_longseq_replay_probe_finewebedu_seq635_20m_20260602.json
language_longseq_factorized_heads_probe_finewebedu_seq635_20m_20260602/partial_untied,long_context_lm,3,121920.0,8.420079350471497,8.420079350471497,121920.0,19949523.0,20080.31533209463,3394.15576171875,json_history,artifacts\benchmark_runs\language\language_longseq_factorized_heads_probe_finewebedu_seq635_20m_20260602.json
language_longseq_factorized_heads_probe_finewebedu_seq635_20m_20260602/partial_untied [language],long_context_lm,2,121920.0,8.420079350471497,8.420079350471497,121920.0,19949523.0,20080.31533209463,3394.15576171875,csv_curve,artifacts\benchmark_runs\language\language_longseq_factorized_heads_probe_finewebedu_seq635_20m_20260602.json
language_longseq_sampled_vocab4096_full4_probe_finewebedu_seq635_20m_20260602/partial_untied,long_context_lm,3,121920.0,8.420186161994934,8.420186161994934,121920.0,19949523.0,27185.76372168338,3384.28955078125,json_history,artifacts\benchmark_runs\language\language_longseq_sampled_vocab4096_full4_probe_finewebedu_seq635_20m_20260602.json
language_longseq_sampled_vocab4096_full4_probe_finewebedu_seq635_20m_20260602/partial_untied [language],long_context_lm,2,121920.0,8.420186161994934,8.420186161994934,121920.0,19949523.0,27185.76372168338,3384.28955078125,csv_curve,artifacts\benchmark_runs\language\language_longseq_sampled_vocab4096_full4_probe_finewebedu_seq635_20m_20260602.json
language_longseq_conv_mixer_sampled_vocab_full2_screen_finewebedu_seq635_24steps_20260602/partial_untied,long_context_lm,3,121920.0,8.420199155807495,8.420199155807495,121920.0,19949523.0,67308.10317336682,3291.41455078125,json_history,artifacts\benchmark_runs\language\language_longseq_conv_mixer_sampled_vocab_full2_screen_finewebedu_seq635_24steps_20260602.json
language_longseq_conv_mixer_sampled_vocab_full2_screen_finewebedu_seq635_24steps_20260602/partial_untied [language],long_context_lm,2,121920.0,8.420199155807495,8.420199155807495,121920.0,19949523.0,67308.10317336682,3291.41455078125,csv_curve,artifacts\benchmark_runs\language\language_longseq_conv_mixer_sampled_vocab_full2_screen_finewebedu_seq635_24steps_20260602.json
language_longseq_detached_replay_probe_finewebedu_seq635_20m_20260602/partial_untied,long_context_lm,3,121920.0,8.420204401016235,8.420204401016235,121920.0,19949523.0,25093.351404154986,3317.5771484375,json_history,artifacts\benchmark_runs\language\language_longseq_detached_replay_probe_finewebedu_seq635_20m_20260602.json
language_longseq_detached_replay_probe_finewebedu_seq635_20m_20260602/partial_untied [language],long_context_lm,2,121920.0,8.420204401016235,8.420204401016235,121920.0,19949523.0,25093.351404154986,3317.5771484375,csv_curve,artifacts\benchmark_runs\language\language_longseq_detached_replay_probe_finewebedu_seq635_20m_20260602.json
language_longseq_hierarchical_softmax256_probe_finewebedu_seq635_20m_20260602/partial_untied,long_context_lm,3,121920.0,8.420204997062683,8.420204997062683,121920.0,19949523.0,5932.237181567751,534.392578125,json_history,artifacts\benchmark_runs\language\language_longseq_hierarchical_softmax256_probe_finewebedu_seq635_20m_20260602.json
language_longseq_hierarchical_softmax256_probe_finewebedu_seq635_20m_20260602/partial_untied [language],long_context_lm,2,121920.0,8.420204997062683,8.420204997062683,121920.0,19949523.0,5932.237181567751,534.392578125,csv_curve,artifacts\benchmark_runs\language\language_longseq_hierarchical_softmax256_probe_finewebedu_seq635_20m_20260602.json
language_longseq_factorized_heads_20m_probe_finewebedu_seq635_20260602/partial_untied,long_context_lm,3,121920.0,8.420221090316772,8.420221090316772,121920.0,19949523.0,54349.66008953254,3343.9775390625,json_history,artifacts\benchmark_runs\language\language_longseq_factorized_heads_20m_probe_finewebedu_seq635_20260602.json
language_longseq_factorized_heads_20m_probe_finewebedu_seq635_20260602/partial_untied [language],long_context_lm,2,121920.0,8.420221090316772,8.420221090316772,121920.0,19949523.0,54349.66008953254,3343.9775390625,csv_curve,artifacts\benchmark_runs\language\language_longseq_factorized_heads_20m_probe_finewebedu_seq635_20260602.json
language_longseq_replay_probe_finewebedu_seq635_20m_20260602/partial_untied,long_context_lm,3,121920.0,8.420268416404724,8.420268416404724,121920.0,19949523.0,25024.442036714452,3385.1044921875,json_history,artifacts\benchmark_runs\language\language_longseq_replay_probe_finewebedu_seq635_20m_20260602.json
language_longseq_replay_probe_finewebedu_seq635_20m_20260602/partial_untied [language],long_context_lm,2,121920.0,8.420268416404724,8.420268416404724,121920.0,19949523.0,25024.442036714452,3385.1044921875,csv_curve,artifacts\benchmark_runs\language\language_longseq_replay_probe_finewebedu_seq635_20m_20260602.json
language_longseq_conv_mixer_0layer_20m_screen_finewebedu_seq635_24steps_20260602/partial_untied,long_context_lm,3,121920.0,8.42027759552002,8.42027759552002,121920.0,19949523.0,44683.23063863137,3241.9462890625,json_history,artifacts\benchmark_runs\language\language_longseq_conv_mixer_0layer_20m_screen_finewebedu_seq635_24steps_20260602.json
language_longseq_conv_mixer_0layer_20m_screen_finewebedu_seq635_24steps_20260602/partial_untied [language],long_context_lm,2,121920.0,8.42027759552002,8.42027759552002,121920.0,19949523.0,44683.23063863137,3241.9462890625,csv_curve,artifacts\benchmark_runs\language\language_longseq_conv_mixer_0layer_20m_screen_finewebedu_seq635_24steps_20260602.json
language_longseq_sampled_vocab16384_probe_finewebedu_seq635_20m_20260602/partial_untied,long_context_lm,3,121920.0,8.420294284820557,8.420294284820557,121920.0,19949523.0,28678.107205428274,3384.28955078125,json_history,artifacts\benchmark_runs\language\language_longseq_sampled_vocab16384_probe_finewebedu_seq635_20m_20260602.json
language_longseq_sampled_vocab16384_probe_finewebedu_seq635_20m_20260602/partial_untied [language],long_context_lm,2,121920.0,8.420294284820557,8.420294284820557,121920.0,19949523.0,28678.107205428274,3384.28955078125,csv_curve,artifacts\benchmark_runs\language\language_longseq_sampled_vocab16384_probe_finewebedu_seq635_20m_20260602.json
language_longseq_sampled_vocab_probe_finewebedu_seq635_20m_20260602/partial_untied,long_context_lm,3,121920.0,8.4202960729599,8.4202960729599,121920.0,19949523.0,27084.441210317702,3384.28955078125,json_history,artifacts\benchmark_runs\language\language_longseq_sampled_vocab_probe_finewebedu_seq635_20m_20260602.json
language_longseq_sampled_vocab_probe_finewebedu_seq635_20m_20260602/partial_untied [language],long_context_lm,2,121920.0,8.4202960729599,8.4202960729599,121920.0,19949523.0,27084.441210317702,3384.28955078125,csv_curve,artifacts\benchmark_runs\language\language_longseq_sampled_vocab_probe_finewebedu_seq635_20m_20260602.json
language_longseq_replay_probe_finewebedu_seq635_20m_20260602/fast_partial_untied,long_context_lm,3,121920.0,8.420313477516174,8.420313477516174,121920.0,19949523.0,25024.442036714452,3385.1044921875,json_history,artifacts\benchmark_runs\language\language_longseq_replay_probe_finewebedu_seq635_20m_20260602.json
language_longseq_replay_probe_finewebedu_seq635_20m_20260602/fast_partial_untied [language],long_context_lm,2,121920.0,8.420313477516174,8.420313477516174,121920.0,19949523.0,25024.442036714452,3385.1044921875,csv_curve,artifacts\benchmark_runs\language\language_longseq_replay_probe_finewebedu_seq635_20m_20260602.json
language_longseq_conv_mixer_2layer_20m_screen_finewebedu_seq635_24steps_20260602/partial_untied,long_context_lm,3,121920.0,8.420328259468079,8.420328259468079,121920.0,19949523.0,62453.852432414955,3339.2060546875,json_history,artifacts\benchmark_runs\language\language_longseq_conv_mixer_2layer_20m_screen_finewebedu_seq635_24steps_20260602.json
language_longseq_conv_mixer_2layer_20m_screen_finewebedu_seq635_24steps_20260602/partial_untied [language],long_context_lm,2,121920.0,8.420328259468079,8.420328259468079,121920.0,19949523.0,62453.852432414955,3339.2060546875,csv_curve,artifacts\benchmark_runs\language\language_longseq_conv_mixer_2layer_20m_screen_finewebedu_seq635_24steps_20260602.json
language_longseq_no_replay_20m_screen_finewebedu_seq635_24steps_20260602/partial_untied,long_context_lm,3,121920.0,8.420429229736328,8.420429229736328,121920.0,19949523.0,42654.31594718868,3279.0185546875,json_history,artifacts\benchmark_runs\language\language_longseq_no_replay_20m_screen_finewebedu_seq635_24steps_20260602.json
language_longseq_no_replay_20m_screen_finewebedu_seq635_24steps_20260602/partial_untied [language],long_context_lm,2,121920.0,8.420429229736328,8.420429229736328,121920.0,19949523.0,42654.31594718868,3279.0185546875,csv_curve,artifacts\benchmark_runs\language\language_longseq_no_replay_20m_screen_finewebedu_seq635_24steps_20260602.json
language_longseq_conv_mixer_sampled_vocab_screen_finewebedu_seq635_24steps_20260602/partial_untied,long_context_lm,3,121920.0,8.420552015304565,8.420552015304565,121920.0,19949523.0,63465.46420991109,3291.41455078125,json_history,artifacts\benchmark_runs\language\language_longseq_conv_mixer_sampled_vocab_screen_finewebedu_seq635_24steps_20260602.json
language_longseq_conv_mixer_sampled_vocab_screen_finewebedu_seq635_24steps_20260602/partial_untied [language],long_context_lm,2,121920.0,8.420552015304565,8.420552015304565,121920.0,19949523.0,63465.46420991109,3291.41455078125,csv_curve,artifacts\benchmark_runs\language\language_longseq_conv_mixer_sampled_vocab_screen_finewebedu_seq635_24steps_20260602.json
language_longseq_conv_mixer_1layer_20m_screen_finewebedu_seq635_24steps_20260602/partial_untied,long_context_lm,3,121920.0,8.420584678649902,8.420584678649902,121920.0,19949523.0,66978.32021867472,3291.41455078125,json_history,artifacts\benchmark_runs\language\language_longseq_conv_mixer_1layer_20m_screen_finewebedu_seq635_24steps_20260602.json
language_longseq_conv_mixer_1layer_20m_screen_finewebedu_seq635_24steps_20260602/partial_untied [language],long_context_lm,2,121920.0,8.420584678649902,8.420584678649902,121920.0,19949523.0,66978.32021867472,3291.41455078125,csv_curve,artifacts\benchmark_runs\language\language_longseq_conv_mixer_1layer_20m_screen_finewebedu_seq635_24steps_20260602.json
language_longseq_conv_mixer_20m_screen_finewebedu_seq635_24steps_20260602/partial_untied,long_context_lm,3,121920.0,8.420724987983704,8.420724987983704,121920.0,19949523.0,55602.9732448699,3408.94140625,json_history,artifacts\benchmark_runs\language\language_longseq_conv_mixer_20m_screen_finewebedu_seq635_24steps_20260602.json
language_longseq_conv_mixer_20m_screen_finewebedu_seq635_24steps_20260602/partial_untied [language],long_context_lm,2,121920.0,8.420724987983704,8.420724987983704,121920.0,19949523.0,55602.9732448699,3408.94140625,csv_curve,artifacts\benchmark_runs\language\language_longseq_conv_mixer_20m_screen_finewebedu_seq635_24steps_20260602.json
language_longseq_detached_replay_probe_finewebedu_seq635_20m_20260602/detached_replay,long_context_lm,3,121920.0,8.42268192768097,8.42268192768097,121920.0,19949523.0,25093.351404154986,3317.5771484375,json_history,artifacts\benchmark_runs\language\language_longseq_detached_replay_probe_finewebedu_seq635_20m_20260602.json
language_longseq_detached_replay_probe_finewebedu_seq635_20m_20260602/detached_replay [language],long_context_lm,2,121920.0,8.42268192768097,8.42268192768097,121920.0,19949523.0,25093.351404154986,3317.5771484375,csv_curve,artifacts\benchmark_runs\language\language_longseq_detached_replay_probe_finewebedu_seq635_20m_20260602.json
language_longseq_seq10160_conv_sampled16384_full4_micro_finewebedu_12steps_val8_20260602/causal_conv_mixer_sampled_vocab_full4,long_context_lm,3,121920.0,8.468590259552002,8.468590259552002,121920.0,20034967.0,18493.69155337847,6332.99658203125,json_history,artifacts\benchmark_runs\language\language_longseq_seq10160_conv_sampled16384_full4_micro_finewebedu_12steps_val8_20260602.json
language_longseq_seq10160_conv_sampled16384_full4_micro_finewebedu_12steps_val8_20260602/causal_conv_mixer_sampled_vocab_full4 [language],long_context_lm,2,121920.0,8.468590259552002,8.468590259552002,121920.0,20034967.0,18493.69155337847,6332.99658203125,csv_curve,artifacts\benchmark_runs\language\language_longseq_seq10160_conv_sampled16384_full4_micro_finewebedu_12steps_val8_20260602.json
language_longseq_seq2540_conv_sampled16384_full4_screen_finewebedu_24steps_20260602/partial_untied,long_context_lm,3,121920.0,8.508121311664581,8.508121311664581,121920.0,19949523.0,66240.44302851707,3308.0224609375,json_history,artifacts\benchmark_runs\language\language_longseq_seq2540_conv_sampled16384_full4_screen_finewebedu_24steps_20260602.json
language_longseq_seq2540_conv_sampled16384_full4_screen_finewebedu_24steps_20260602/partial_untied [language],long_context_lm,2,121920.0,8.508121311664581,8.508121311664581,121920.0,19949523.0,66240.44302851707,3308.0224609375,csv_curve,artifacts\benchmark_runs\language\language_longseq_seq2540_conv_sampled16384_full4_screen_finewebedu_24steps_20260602.json
language_longseq_seq1270_conv_sampled16384_full4_screen_finewebedu_24steps_20260602/partial_untied,long_context_lm,3,121920.0,8.566155970096588,8.566155970096588,121920.0,19949523.0,66585.93558961609,3296.78369140625,json_history,artifacts\benchmark_runs\language\language_longseq_seq1270_conv_sampled16384_full4_screen_finewebedu_24steps_20260602.json
language_longseq_seq1270_conv_sampled16384_full4_screen_finewebedu_24steps_20260602/partial_untied [language],long_context_lm,2,121920.0,8.566155970096588,8.566155970096588,121920.0,19949523.0,66585.93558961609,3296.78369140625,csv_curve,artifacts\benchmark_runs\language\language_longseq_seq1270_conv_sampled16384_full4_screen_finewebedu_24steps_20260602.json
language_longseq_seq5080_conv_sampled16384_full4_screen_finewebedu_24steps_20260602/partial_untied,long_context_lm,3,121920.0,8.576678112149239,8.576678112149239,121920.0,19949523.0,64215.77849906483,3331.33154296875,json_history,artifacts\benchmark_runs\language\language_longseq_seq5080_conv_sampled16384_full4_screen_finewebedu_24steps_20260602.json
language_longseq_seq5080_conv_sampled16384_full4_screen_finewebedu_24steps_20260602/partial_untied [language],long_context_lm,2,121920.0,8.576678112149239,8.576678112149239,121920.0,19949523.0,64215.77849906483,3331.33154296875,csv_curve,artifacts\benchmark_runs\language\language_longseq_seq5080_conv_sampled16384_full4_screen_finewebedu_24steps_20260602.json
longseq_replay_probe_20260602_anchor16_clean/partial_untied/partial_untied,long_context_lm,1,121920.0,8.593205630779266,8.593205630779266,121920.0,19949523.0,9670.775839500262,3712.837890625,json_report_history,artifacts\benchmark_runs\language\longseq_replay_probe_20260602_anchor16_clean\variant_results\seq5080_steps24_val64_batch1_eval999_init0_seed17\partial_untied.json
language_longseq_seq5080_sampled16384_every_step_fullval_seed17_20260602/partial_untied,long_context_lm,1,121920.0,8.593221932649612,8.593221932649612,121920.0,19949523.0,64788.49812888378,2328.55126953125,json_history,artifacts\benchmark_runs\language\language_longseq_seq5080_sampled16384_every_step_fullval_seed17_20260602.json
language_longseq_hierarchical_softmax256_probe_finewebedu_seq635_20m_20260602/hierarchical_softmax256,long_context_lm,3,121920.0,8.65064561367035,8.65064561367035,121920.0,19292113.0,5932.237181567751,534.392578125,json_history,artifacts\benchmark_runs\language\language_longseq_hierarchical_softmax256_probe_finewebedu_seq635_20m_20260602.json
language_longseq_hierarchical_softmax256_probe_finewebedu_seq635_20m_20260602/hierarchical_softmax256 [language],long_context_lm,2,121920.0,8.65064561367035,8.65064561367035,121920.0,19292113.0,5932.237181567751,534.392578125,csv_curve,artifacts\benchmark_runs\language\language_longseq_hierarchical_softmax256_probe_finewebedu_seq635_20m_20260602.json
language_longseq_seq10160_conv_sampled16384_full4_micro_finewebedu_12steps_val8_20260602/partial_untied,long_context_lm,3,121920.0,8.94547164440155,8.94547164440155,121920.0,19949523.0,18493.69155337847,6332.99658203125,json_history,artifacts\benchmark_runs\language\language_longseq_seq10160_conv_sampled16384_full4_micro_finewebedu_12steps_val8_20260602.json
language_longseq_seq10160_conv_sampled16384_full4_micro_finewebedu_12steps_val8_20260602/partial_untied [language],long_context_lm,2,121920.0,8.94547164440155,8.94547164440155,121920.0,19949523.0,18493.69155337847,6332.99658203125,csv_curve,artifacts\benchmark_runs\language\language_longseq_seq10160_conv_sampled16384_full4_micro_finewebedu_12steps_val8_20260602.json
language_longseq_sampled_vocab16384_probe_finewebedu_seq635_20m_20260602/sampled_vocab4096,long_context_lm,3,121920.0,8.986605882644653,8.986605882644653,121920.0,19949523.0,28678.107205428274,3384.28955078125,json_history,artifacts\benchmark_runs\language\language_longseq_sampled_vocab16384_probe_finewebedu_seq635_20m_20260602.json
language_longseq_sampled_vocab16384_probe_finewebedu_seq635_20m_20260602/sampled_vocab4096 [language],long_context_lm,2,121920.0,8.986605882644653,8.986605882644653,121920.0,19949523.0,28678.107205428274,3384.28955078125,csv_curve,artifacts\benchmark_runs\language\language_longseq_sampled_vocab16384_probe_finewebedu_seq635_20m_20260602.json
language_longseq_sampled_vocab4096_full4_probe_finewebedu_seq635_20m_20260602/sampled_vocab4096_full4,long_context_lm,3,121920.0,9.03073799610138,9.03073799610138,121920.0,19949523.0,27185.76372168338,3384.28955078125,json_history,artifacts\benchmark_runs\language\language_longseq_sampled_vocab4096_full4_probe_finewebedu_seq635_20m_20260602.json
language_longseq_sampled_vocab4096_full4_probe_finewebedu_seq635_20m_20260602/sampled_vocab4096_full4 [language],long_context_lm,2,121920.0,9.03073799610138,9.03073799610138,121920.0,19949523.0,27185.76372168338,3384.28955078125,csv_curve,artifacts\benchmark_runs\language\language_longseq_sampled_vocab4096_full4_probe_finewebedu_seq635_20m_20260602.json
language_longseq_conv_mixer_sampled_vocab_screen_finewebedu_seq635_24steps_20260602/causal_conv_mixer_sampled_vocab,long_context_lm,3,121920.0,9.140994906425476,9.140994906425476,121920.0,20034967.0,63465.46420991109,3291.41455078125,json_history,artifacts\benchmark_runs\language\language_longseq_conv_mixer_sampled_vocab_screen_finewebedu_seq635_24steps_20260602.json
language_longseq_conv_mixer_sampled_vocab_screen_finewebedu_seq635_24steps_20260602/causal_conv_mixer_sampled_vocab [language],long_context_lm,2,121920.0,9.140994906425476,9.140994906425476,121920.0,20034967.0,63465.46420991109,3291.41455078125,csv_curve,artifacts\benchmark_runs\language\language_longseq_conv_mixer_sampled_vocab_screen_finewebedu_seq635_24steps_20260602.json
language_longseq_sampled_vocab_probe_finewebedu_seq635_20m_20260602/sampled_vocab4096,long_context_lm,3,121920.0,9.18231213092804,9.18231213092804,121920.0,19949523.0,27084.441210317702,3384.28955078125,json_history,artifacts\benchmark_runs\language\language_longseq_sampled_vocab_probe_finewebedu_seq635_20m_20260602.json
language_longseq_sampled_vocab_probe_finewebedu_seq635_20m_20260602/sampled_vocab4096 [language],long_context_lm,2,121920.0,9.18231213092804,9.18231213092804,121920.0,19949523.0,27084.441210317702,3384.28955078125,csv_curve,artifacts\benchmark_runs\language\language_longseq_sampled_vocab_probe_finewebedu_seq635_20m_20260602.json
language_longseq_seq5080_sampled16384_every_step_fullval_seed17_20260602/causal_conv_mixer_sampled_vocab,long_context_lm,1,121920.0,9.240559041500092,9.240559041500092,121920.0,20034967.0,64788.49812888378,2328.55126953125,json_history,artifacts\benchmark_runs\language\language_longseq_seq5080_sampled16384_every_step_fullval_seed17_20260602.json
wave10_76m_to5b_loss_so_far_20260615 [20260614-231543-4d3784],long_context_lm,2,81280.0,13.117,4.4284044327698355,40640.0,,,,csv_curve,E:\CODEXRESEARCH\house_compute_hub\runs\20260614-231543-4d3784\mwstroud-mwstr-6aea1cf3.log
neuron_search/screen_256_seed17_real_blend_strength_phase_residual_blend_half_neuron/result/standalone_longseq_anchor_train,neuron_search,1,65280.0,8.42260646165586,8.42260646165586,65280.0,4935089.0,16631.859845999497,200.48046875,json_report_history,artifacts\benchmark_runs\language\neuron_search_20260605\manual_self\screen_256_seed17_real_blend_strength_phase_residual_blend_half_neuron\result.json
neuron_search/screen_256_seed17_real_blend_strength_phase_residual_blend_large_neuron/result/standalone_longseq_anchor_train,neuron_search,1,65280.0,8.42366249888551,8.42366249888551,65280.0,4935089.0,17668.931960161735,261.1748046875,json_report_history,artifacts\benchmark_runs\language\neuron_search_20260605\manual_self\screen_256_seed17_real_blend_strength_phase_residual_blend_large_neuron\result.json
neuron_search/screen_256_seed17_real_blend_phase_residual_blend_neuron/result/standalone_longseq_anchor_train,neuron_search,1,65280.0,8.424478165308635,8.424478165308635,65280.0,4935089.0,15387.931449155947,200.478515625,json_report_history,artifacts\benchmark_runs\language\neuron_search_20260605\manual_self\screen_256_seed17_real_blend_phase_residual_blend_neuron\result.json
neuron_search/screen_256_seed17_real_blend_strength_phase_residual_blend_tiny_neuron/result/standalone_longseq_anchor_train,neuron_search,1,65280.0,8.425091890727773,8.425091890727773,65280.0,4935089.0,17376.869454347136,200.478515625,json_report_history,artifacts\benchmark_runs\language\neuron_search_20260605\manual_self\screen_256_seed17_real_blend_strength_phase_residual_blend_tiny_neuron\result.json
neuron_search/screen_256_seed17_real_blend_baseline/result/standalone_longseq_anchor_train,neuron_search,1,65280.0,8.42515129622291,8.42515129622291,65280.0,4934961.0,14764.459043014804,143.97119140625,json_report_history,artifacts\benchmark_runs\language\neuron_search_20260605\manual_self\screen_256_seed17_real_blend_baseline\result.json
neuron_search/screen_256_seed17_real_phase_stable_competition_neuron/result/standalone_longseq_anchor_train,neuron_search,1,65280.0,8.442129034622043,8.442129034622043,65280.0,4934963.0,15704.157158334609,200.5771484375,json_report_history,artifacts\benchmark_runs\language\neuron_search_20260605\manual_self\screen_256_seed17_real_phase_stable_competition_neuron\result.json
neuron_search/screen_256_seed17_real_phase_phase_amplitude_replace_neuron/result/standalone_longseq_anchor_train,neuron_search,1,65280.0,8.444554258327859,8.444554258327859,65280.0,4943281.0,17093.30093438692,257.2529296875,json_report_history,artifacts\benchmark_runs\language\neuron_search_20260605\manual_self\screen_256_seed17_real_phase_phase_amplitude_replace_neuron\result.json
neuron_search/screen_256_seed17_real_phase_phase_amplitude_neuron/result/standalone_longseq_anchor_train,neuron_search,1,65280.0,8.444583869447895,8.444583869447895,65280.0,4951601.0,15139.419372192473,200.65185546875,json_report_history,artifacts\benchmark_runs\language\neuron_search_20260605\manual_self\screen_256_seed17_real_phase_phase_amplitude_neuron\result.json
neuron_search/screen_256_seed13_real_phase_phase_amplitude_neuron/result/standalone_longseq_anchor_train,neuron_search,1,65280.0,8.467293760355782,8.467293760355782,65280.0,4951601.0,16930.831820265907,200.65185546875,json_report_history,artifacts\benchmark_runs\language\neuron_search_20260605\manual_self\screen_256_seed13_real_phase_phase_amplitude_neuron\result.json
neuron_search/screen_256_seed13_real_phase_phase_amplitude_replace_neuron/result/standalone_longseq_anchor_train,neuron_search,1,65280.0,8.467307163219825,8.467307163219825,65280.0,4943281.0,16620.85704192185,257.2529296875,json_report_history,artifacts\benchmark_runs\language\neuron_search_20260605\manual_self\screen_256_seed13_real_phase_phase_amplitude_replace_neuron\result.json
neuron_search/screen_256_seed13_real_blend_strength_phase_residual_blend_half_neuron/result/standalone_longseq_anchor_train,neuron_search,1,65280.0,8.474077064850752,8.474077064850752,65280.0,4935089.0,16477.57005906999,200.48046875,json_report_history,artifacts\benchmark_runs\language\neuron_search_20260605\manual_self\screen_256_seed13_real_blend_strength_phase_residual_blend_half_neuron\result.json
neuron_search/screen_256_seed13_real_blend_strength_phase_residual_blend_large_neuron/result/standalone_longseq_anchor_train,neuron_search,1,65280.0,8.475269004410388,8.475269004410388,65280.0,4935089.0,16538.467784496723,261.1748046875,json_report_history,artifacts\benchmark_runs\language\neuron_search_20260605\manual_self\screen_256_seed13_real_blend_strength_phase_residual_blend_large_neuron\result.json
neuron_search/screen_256_seed13_real_blend_phase_residual_blend_neuron/result/standalone_longseq_anchor_train,neuron_search,1,65280.0,8.476435126977808,8.476435126977808,65280.0,4935089.0,16514.626942814994,200.478515625,json_report_history,artifacts\benchmark_runs\language\neuron_search_20260605\manual_self\screen_256_seed13_real_blend_phase_residual_blend_neuron\result.json
neuron_search/screen_256_seed13_real_blend_strength_phase_residual_blend_tiny_neuron/result/standalone_longseq_anchor_train,neuron_search,1,65280.0,8.47674339986315,8.47674339986315,65280.0,4935089.0,17124.245318599507,200.478515625,json_report_history,artifacts\benchmark_runs\language\neuron_search_20260605\manual_self\screen_256_seed13_real_blend_strength_phase_residual_blend_tiny_neuron\result.json
neuron_search/screen_256_seed13_real_blend_baseline/result/standalone_longseq_anchor_train,neuron_search,1,65280.0,8.476921556977665,8.476921556977665,65280.0,4934961.0,14790.280148666432,143.97119140625,json_report_history,artifacts\benchmark_runs\language\neuron_search_20260605\manual_self\screen_256_seed13_real_blend_baseline\result.json
neuron_search/screen_256_seed13_real_phase_stable_competition_neuron/result/standalone_longseq_anchor_train,neuron_search,1,65280.0,8.487248219695745,8.487248219695745,65280.0,4934963.0,16491.388403105746,200.5771484375,json_report_history,artifacts\benchmark_runs\language\neuron_search_20260605\manual_self\screen_256_seed13_real_phase_stable_competition_neuron\result.json
neuron_search/screen_256_seed29_real_blend_strength_phase_residual_blend_half_neuron/result/standalone_longseq_anchor_train,neuron_search,1,65280.0,8.505032185012219,8.505032185012219,65280.0,4935089.0,16884.632669508173,200.48046875,json_report_history,artifacts\benchmark_runs\language\neuron_search_20260605\manual_self\screen_256_seed29_real_blend_strength_phase_residual_blend_half_neuron\result.json
neuron_search/screen_256_seed29_real_blend_strength_phase_residual_blend_large_neuron/result/standalone_longseq_anchor_train,neuron_search,1,65280.0,8.50574258963267,8.50574258963267,65280.0,4935089.0,16048.198877037765,261.1748046875,json_report_history,artifacts\benchmark_runs\language\neuron_search_20260605\manual_self\screen_256_seed29_real_blend_strength_phase_residual_blend_large_neuron\result.json
neuron_search/screen_256_seed29_real_blend_phase_residual_blend_neuron/result/standalone_longseq_anchor_train,neuron_search,1,65280.0,8.506067165673947,8.506067165673947,65280.0,4935089.0,16699.33627822739,200.478515625,json_report_history,artifacts\benchmark_runs\language\neuron_search_20260605\manual_self\screen_256_seed29_real_blend_phase_residual_blend_neuron\result.json
neuron_search/screen_256_seed29_real_blend_baseline/result/standalone_longseq_anchor_train,neuron_search,1,65280.0,8.506423277013441,8.506423277013441,65280.0,4934961.0,15264.220785885926,143.97119140625,json_report_history,artifacts\benchmark_runs\language\neuron_search_20260605\manual_self\screen_256_seed29_real_blend_baseline\result.json
neuron_search/screen_256_seed29_real_blend_strength_phase_residual_blend_tiny_neuron/result/standalone_longseq_anchor_train,neuron_search,1,65280.0,8.506518980101044,8.506518980101044,65280.0,4935089.0,16855.10839645855,200.478515625,json_report_history,artifacts\benchmark_runs\language\neuron_search_20260605\manual_self\screen_256_seed29_real_blend_strength_phase_residual_blend_tiny_neuron\result.json
neuron_search/screen_256_seed29_real_phase_stable_competition_neuron/result/standalone_longseq_anchor_train,neuron_search,1,65280.0,8.51003376970104,8.51003376970104,65280.0,4934963.0,15324.676080665891,200.5771484375,json_report_history,artifacts\benchmark_runs\language\neuron_search_20260605\manual_self\screen_256_seed29_real_phase_stable_competition_neuron\result.json
neuron_search/screen_256_seed29_real_phase_phase_amplitude_replace_neuron/result/standalone_longseq_anchor_train,neuron_search,1,65280.0,8.565095577052995,8.565095577052995,65280.0,4943281.0,17056.97295454411,257.2529296875,json_report_history,artifacts\benchmark_runs\language\neuron_search_20260605\manual_self\screen_256_seed29_real_phase_phase_amplitude_replace_neuron\result.json
neuron_search/screen_256_seed29_real_phase_phase_amplitude_neuron/result/standalone_longseq_anchor_train,neuron_search,1,65280.0,8.565131905499626,8.565131905499626,65280.0,4951601.0,15762.925599003718,200.65185546875,json_report_history,artifacts\benchmark_runs\language\neuron_search_20260605\manual_self\screen_256_seed29_real_phase_phase_amplitude_neuron\result.json
neuron_search/screen_256_phase_amplitude_neutral_neuron/result/standalone_longseq_anchor_train,neuron_search,1,65280.0,11.151792346729952,11.151792346729952,65280.0,4934961.0,15740.5490698195,257.10888671875,json_report_history,artifacts\benchmark_runs\language\neuron_search_20260605\manual_self\screen_256_phase_amplitude_neutral_neuron\result.json
neuron_search/screen_256_stable_competition_neuron/result/standalone_longseq_anchor_train,neuron_search,1,65280.0,11.151976144080068,11.151976144080068,65280.0,4934963.0,14309.047590263503,261.30126953125,json_report_history,artifacts\benchmark_runs\language\neuron_search_20260605\manual_self\screen_256_stable_competition_neuron\result.json
neuron_search/screen_256_phase_amplitude_neuron/result/standalone_longseq_anchor_train,neuron_search,1,65280.0,11.154120647206026,11.154120647206026,65280.0,4951601.0,15690.717875509521,200.65185546875,json_report_history,artifacts\benchmark_runs\language\neuron_search_20260605\manual_self\screen_256_phase_amplitude_neuron\result.json
neuron_search/screen_256_seed13_phasev2_phase_amplitude_replace_neuron/result/standalone_longseq_anchor_train,neuron_search,1,65280.0,11.154135965833477,11.154135965833477,65280.0,4943281.0,17296.528257043676,200.71630859375,json_report_history,artifacts\benchmark_runs\language\neuron_search_20260605\manual_self\screen_256_seed13_phasev2_phase_amplitude_replace_neuron\result.json
neuron_search/screen_256_baseline/result/standalone_longseq_anchor_train,neuron_search,1,65280.0,11.155591431786032,11.155591431786032,65280.0,4934961.0,13499.941247971952,143.97119140625,json_report_history,artifacts\benchmark_runs\language\neuron_search_20260605\manual_self\screen_256_baseline\result.json
neuron_search/screen_256_seed13_phasev2_phase_amplitude_one_extra_neuron/result/standalone_longseq_anchor_train,neuron_search,1,65280.0,11.157490836872775,11.157490836872775,65280.0,4943281.0,16764.95015985503,257.2529296875,json_report_history,artifacts\benchmark_runs\language\neuron_search_20260605\manual_self\screen_256_seed13_phasev2_phase_amplitude_one_extra_neuron\result.json
neuron_search/screen_256_seed29_phase_amplitude_neuron/result/standalone_longseq_anchor_train,neuron_search,1,65280.0,11.230392158732695,11.230392158732695,65280.0,4951601.0,15750.774871489002,200.65185546875,json_report_history,artifacts\benchmark_runs\language\neuron_search_20260605\manual_self\screen_256_seed29_phase_amplitude_neuron\result.json
neuron_search/screen_256_seed29_phasev2_phase_amplitude_replace_neuron/result/standalone_longseq_anchor_train,neuron_search,1,65280.0,11.230499387254902,11.230499387254902,65280.0,4943281.0,15345.1040561515,200.71630859375,json_report_history,artifacts\benchmark_runs\language\neuron_search_20260605\manual_self\screen_256_seed29_phasev2_phase_amplitude_replace_neuron\result.json
neuron_search/screen_256_seed17_phase_amplitude_neuron/result/standalone_longseq_anchor_train,neuron_search,1,65280.0,11.23939957151226,11.23939957151226,65280.0,4951601.0,17157.403990049857,200.65185546875,json_report_history,artifacts\benchmark_runs\language\neuron_search_20260605\manual_self\screen_256_seed17_phase_amplitude_neuron\result.json
neuron_search/screen_256_seed17_phasev2_phase_amplitude_replace_neuron/result/standalone_longseq_anchor_train,neuron_search,1,65280.0,11.239414654526056,11.239414654526056,65280.0,4943281.0,16373.637169861946,200.71630859375,json_report_history,artifacts\benchmark_runs\language\neuron_search_20260605\manual_self\screen_256_seed17_phasev2_phase_amplitude_replace_neuron\result.json
neuron_search/screen_256_seed17_phasev2_phase_amplitude_one_extra_neuron/result/standalone_longseq_anchor_train,neuron_search,1,65280.0,11.243213732102339,11.243213732102339,65280.0,4943281.0,16843.72618953666,257.2529296875,json_report_history,artifacts\benchmark_runs\language\neuron_search_20260605\manual_self\screen_256_seed17_phasev2_phase_amplitude_one_extra_neuron\result.json
neuron_search/screen_256_seed17_stable_competition_neuron/result/standalone_longseq_anchor_train,neuron_search,1,65280.0,11.243443492814606,11.243443492814606,65280.0,4934963.0,15539.641916918434,261.30126953125,json_report_history,artifacts\benchmark_runs\language\neuron_search_20260605\manual_self\screen_256_seed17_stable_competition_neuron\result.json
neuron_search/screen_256_seed17_phase_amplitude_neutral_neuron/result/standalone_longseq_anchor_train,neuron_search,1,65280.0,11.244117607789882,11.244117607789882,65280.0,4934961.0,17662.663102667102,257.10888671875,json_report_history,artifacts\benchmark_runs\language\neuron_search_20260605\manual_self\screen_256_seed17_phase_amplitude_neutral_neuron\result.json
neuron_search/screen_256_seed17_baseline/result/standalone_longseq_anchor_train,neuron_search,1,65280.0,11.254442387001188,11.254442387001188,65280.0,4934961.0,15958.434146061452,143.97119140625,json_report_history,artifacts\benchmark_runs\language\neuron_search_20260605\manual_self\screen_256_seed17_baseline\result.json
neuron_search/screen_256_seed29_baseline/result/standalone_longseq_anchor_train,neuron_search,1,65280.0,11.277236577576282,11.277236577576282,65280.0,4934961.0,15056.459300492183,143.97119140625,json_report_history,artifacts\benchmark_runs\language\neuron_search_20260605\manual_self\screen_256_seed29_baseline\result.json
neuron_search/screen_256_seed29_phasev2_phase_amplitude_one_extra_neuron/result/standalone_longseq_anchor_train,neuron_search,1,65280.0,11.277389597425273,11.277389597425273,65280.0,4943281.0,16019.969598819634,257.2529296875,json_report_history,artifacts\benchmark_runs\language\neuron_search_20260605\manual_self\screen_256_seed29_phasev2_phase_amplitude_one_extra_neuron\result.json
neuron_search/screen_256_seed29_phase_amplitude_neutral_neuron/result/standalone_longseq_anchor_train,neuron_search,1,65280.0,11.278262875126858,11.278262875126858,65280.0,4934961.0,16666.324558016255,257.10888671875,json_report_history,artifacts\benchmark_runs\language\neuron_search_20260605\manual_self\screen_256_seed29_phase_amplitude_neutral_neuron\result.json
neuron_search/screen_256_seed29_stable_competition_neuron/result/standalone_longseq_anchor_train,neuron_search,1,65280.0,11.27898271785063,11.27898271785063,65280.0,4934963.0,15957.77525727037,261.30126953125,json_report_history,artifacts\benchmark_runs\language\neuron_search_20260605\manual_self\screen_256_seed29_stable_competition_neuron\result.json
language_partial_untied_muon_probe_synthetic_20260602/adamw,short_lm,5,64512.0,7.591075658798218,7.591075658798218,64512.0,1079250.0,65430.12865106235,119.7763671875,json_history,artifacts\benchmark_runs\language\language_partial_untied_muon_probe_synthetic_20260602.json
language_partial_untied_muon_probe_synthetic_lr0.5_20260602/adamw,short_lm,5,64512.0,7.591075658798218,7.591075658798218,64512.0,1079250.0,61689.23626470379,119.7763671875,json_history,artifacts\benchmark_runs\language\language_partial_untied_muon_probe_synthetic_lr0.5_20260602.json
language_partial_untied_muon_probe_synthetic_20260602/adamw [language],short_lm,4,64512.0,7.591075658798218,7.591075658798218,64512.0,1079250.0,65430.12865106235,119.7763671875,csv_curve,artifacts\benchmark_runs\language\language_partial_untied_muon_probe_synthetic_20260602.json
language_partial_untied_muon_probe_synthetic_lr0.5_20260602/adamw [language],short_lm,4,64512.0,7.591075658798218,7.591075658798218,64512.0,1079250.0,61689.23626470379,119.7763671875,csv_curve,artifacts\benchmark_runs\language\language_partial_untied_muon_probe_synthetic_lr0.5_20260602.json
language_partial_untied_muon_probe_synthetic_lr2.0_20260602/adamw,short_lm,5,64512.0,7.591075778007507,7.591075778007507,64512.0,1079250.0,59158.35791611786,119.7763671875,json_history,artifacts\benchmark_runs\language\language_partial_untied_muon_probe_synthetic_lr2.0_20260602.json
language_partial_untied_muon_probe_synthetic_lr2.0_20260602/adamw [language],short_lm,4,64512.0,7.591075778007507,7.591075778007507,64512.0,1079250.0,59158.35791611786,119.7763671875,csv_curve,artifacts\benchmark_runs\language\language_partial_untied_muon_probe_synthetic_lr2.0_20260602.json
language_partial_untied_muon_probe_synthetic_lr2.0_20260602/muon_adamw,short_lm,5,64512.0,7.614015340805054,7.614015340805054,64512.0,1079250.0,59158.35791611786,119.7763671875,json_history,artifacts\benchmark_runs\language\language_partial_untied_muon_probe_synthetic_lr2.0_20260602.json
language_partial_untied_muon_probe_synthetic_lr2.0_20260602/muon_adamw [language],short_lm,4,64512.0,7.614015340805054,7.614015340805054,64512.0,1079250.0,59158.35791611786,119.7763671875,csv_curve,artifacts\benchmark_runs\language\language_partial_untied_muon_probe_synthetic_lr2.0_20260602.json
language_partial_untied_muon_probe_synthetic_20260602/muon_adamw,short_lm,5,64512.0,7.620979070663452,7.620979070663452,64512.0,1079250.0,65430.12865106235,119.7763671875,json_history,artifacts\benchmark_runs\language\language_partial_untied_muon_probe_synthetic_20260602.json
language_partial_untied_muon_probe_synthetic_20260602/muon_adamw [language],short_lm,4,64512.0,7.620979070663452,7.620979070663452,64512.0,1079250.0,65430.12865106235,119.7763671875,csv_curve,artifacts\benchmark_runs\language\language_partial_untied_muon_probe_synthetic_20260602.json
language_partial_untied_muon_probe_synthetic_lr0.5_20260602/muon_adamw,short_lm,5,64512.0,7.6251208782196045,7.6251208782196045,64512.0,1079250.0,61689.23626470379,119.7763671875,json_history,artifacts\benchmark_runs\language\language_partial_untied_muon_probe_synthetic_lr0.5_20260602.json
language_partial_untied_muon_probe_synthetic_lr0.5_20260602/muon_adamw [language],short_lm,4,64512.0,7.6251208782196045,7.6251208782196045,64512.0,1079250.0,61689.23626470379,119.7763671875,csv_curve,artifacts\benchmark_runs\language\language_partial_untied_muon_probe_synthetic_lr0.5_20260602.json
language_longseq_seq2540_sampled16384_anchor16_clean_seed13_val64_20260602/causal_conv_mixer_sampled_vocab_anchor16,long_context_lm,1,60960.0,8.01464407891035,8.01464407891035,60960.0,20034967.0,83954.52242786036,982.4189453125,json_history,artifacts\benchmark_runs\language\language_longseq_seq2540_sampled16384_anchor16_clean_seed13_val64_20260602.json
longseq_replay_probe_20260602_anchor16_seq2540_clean/partial_untied/partial_untied,long_context_lm,1,60960.0,8.705521777272224,8.705521777272224,60960.0,19949523.0,10528.737806430452,1915.4423828125,json_report_history,artifacts\benchmark_runs\language\longseq_replay_probe_20260602_anchor16_seq2540_clean\variant_results\seq2540_steps24_val64_batch1_eval999_init0_seed13\partial_untied.json
seq255_128_seed13_token_recall_gated_multiscale/standalone_longseq_anchor_train,long_context_lm,1,32640.0,7.631641264873393,7.631641264873393,32640.0,15250873.0,5066.954195599096,815.1494140625,json_report_history,artifacts\benchmark_runs\language\token_recall_search_20260616\screen_seq255_128_seed13\seq255_128_seed13_token_recall_gated_multiscale\result.json
seq255_128_seed13_token_recall_multiscale/standalone_longseq_anchor_train,long_context_lm,1,32640.0,7.6319191132106035,7.6319191132106035,32640.0,15250485.0,4036.657649929707,741.423828125,json_report_history,artifacts\benchmark_runs\language\token_recall_search_20260616\screen_seq255_128_seed13\seq255_128_seed13_token_recall_multiscale\result.json
seq255_128_seed13_none/standalone_longseq_anchor_train,long_context_lm,1,32640.0,7.647259872684292,7.647259872684292,32640.0,15250481.0,6532.336033982426,308.82958984375,json_report_history,artifacts\benchmark_runs\language\token_recall_search_20260616\screen_seq255_128_seed13\seq255_128_seed13_none\result.json
language_candidate_learned_compressor_smoke/chunk_mean_token_memory,short_lm,3,32512.0,8.258945941925049,8.258945941925049,32512.0,8185121.0,61961.975487801414,2019.1376953125,json_history,artifacts\benchmark_runs\language\language_candidate_learned_compressor_smoke.json
language_candidate_learned_compressor_smoke/chunk_mean_token_memory [language],short_lm,2,32512.0,8.258945941925049,8.258945941925049,32512.0,8185121.0,61961.975487801414,2019.1376953125,csv_curve,artifacts\benchmark_runs\language\language_candidate_learned_compressor_smoke.json
language_recurrent_memory_rewrites_tokenmemory_cheap_20260328/chunk8_token_partial_memory,short_lm,3,32512.0,8.301597595214844,8.301597595214844,32512.0,8185121.0,59118.649886474304,2252.2119140625,json_history,artifacts\benchmark_runs\language\language_recurrent_memory_rewrites_tokenmemory_cheap_20260328.json
language_recurrent_memory_rewrites_tokenmemory_cheap_20260328/chunk8_token_partial_memory [language],short_lm,2,32512.0,8.301597595214844,8.301597595214844,32512.0,8185121.0,59118.649886474304,2252.2119140625,csv_curve,artifacts\benchmark_runs\language\language_recurrent_memory_rewrites_tokenmemory_cheap_20260328.json
language_candidate_learned_compressor_smoke/learned_chunk_writer,short_lm,3,32512.0,8.476416110992432,8.476416110992432,32512.0,8269221.0,61961.975487801414,2019.1376953125,json_history,artifacts\benchmark_runs\language\language_candidate_learned_compressor_smoke.json
language_candidate_learned_compressor_smoke/learned_chunk_writer [language],short_lm,2,32512.0,8.476416110992432,8.476416110992432,32512.0,8269221.0,61961.975487801414,2019.1376953125,csv_curve,artifacts\benchmark_runs\language\language_candidate_learned_compressor_smoke.json
language_candidate_local_global_memory_cheap/local_global_partial_memory,short_lm,3,32512.0,8.82525110244751,8.82525110244751,32512.0,8712325.0,40772.505546497465,3160.13916015625,json_history,artifacts\benchmark_runs\language\language_candidate_local_global_memory_cheap.json
language_candidate_local_global_memory_cheap/local_global_partial_memory [language],short_lm,2,32512.0,8.82525110244751,8.82525110244751,32512.0,8712325.0,40772.505546497465,3160.13916015625,csv_curve,artifacts\benchmark_runs\language\language_candidate_local_global_memory_cheap.json
language_recurrent_memory_rewrites_hybrid_cheap_20260328/partial_untied,short_lm,3,32512.0,9.537841796875,9.537841796875,32512.0,8143795.0,55909.38387568801,2252.2119140625,json_history,artifacts\benchmark_runs\language\language_recurrent_memory_rewrites_hybrid_cheap_20260328.json
language_recurrent_memory_rewrites_hybrid_cheap_20260328/partial_untied [language],short_lm,2,32512.0,9.537841796875,9.537841796875,32512.0,8143795.0,55909.38387568801,2252.2119140625,csv_curve,artifacts\benchmark_runs\language\language_recurrent_memory_rewrites_hybrid_cheap_20260328.json
language_recurrent_memory_rewrites_cheap_20260328/partial_untied,short_lm,3,32512.0,9.537844181060791,9.537844181060791,32512.0,8143795.0,70114.73653821117,2156.57177734375,json_history,artifacts\benchmark_runs\language\language_recurrent_memory_rewrites_cheap_20260328.json
language_recurrent_memory_rewrites_cheap_20260328/partial_untied [language],short_lm,2,32512.0,9.537844181060791,9.537844181060791,32512.0,8143795.0,70114.73653821117,2156.57177734375,csv_curve,artifacts\benchmark_runs\language\language_recurrent_memory_rewrites_cheap_20260328.json
language_recurrent_memory_rewrites_tokenmemory_cheap_20260328/partial_untied,short_lm,3,32512.0,9.537849426269531,9.537849426269531,32512.0,8143795.0,59118.649886474304,2252.2119140625,json_history,artifacts\benchmark_runs\language\language_recurrent_memory_rewrites_tokenmemory_cheap_20260328.json
language_recurrent_memory_rewrites_tokenmemory_cheap_20260328/partial_untied [language],short_lm,2,32512.0,9.537849426269531,9.537849426269531,32512.0,8143795.0,59118.649886474304,2252.2119140625,csv_curve,artifacts\benchmark_runs\language\language_recurrent_memory_rewrites_tokenmemory_cheap_20260328.json
language_candidate_dynamic_token_basis_seed13/partial_untied,short_lm,3,32512.0,9.539832592010498,9.539832592010498,32512.0,8069555.0,56260.00734031575,1998.6337890625,json_history,artifacts\benchmark_runs\language\language_candidate_dynamic_token_basis_seed13.json
language_candidate_dynamic_token_basis_seed13/partial_untied [language],short_lm,2,32512.0,9.539832592010498,9.539832592010498,32512.0,8069555.0,56260.00734031575,1998.6337890625,csv_curve,artifacts\benchmark_runs\language\language_candidate_dynamic_token_basis_seed13.json
language_candidate_learned_compressor_smoke/partial_untied,short_lm,3,32512.0,9.543873310089111,9.543873310089111,32512.0,8143795.0,61961.975487801414,2019.1376953125,json_history,artifacts\benchmark_runs\language\language_candidate_learned_compressor_smoke.json
language_candidate_learned_compressor_smoke/partial_untied [language],short_lm,2,32512.0,9.543873310089111,9.543873310089111,32512.0,8143795.0,61961.975487801414,2019.1376953125,csv_curve,artifacts\benchmark_runs\language\language_candidate_learned_compressor_smoke.json
language_candidate_slot_memory_cheap/partial_untied,short_lm,3,32512.0,9.543927192687988,9.543927192687988,32512.0,8143795.0,55194.3686529766,1932.72021484375,json_history,artifacts\benchmark_runs\language\language_candidate_slot_memory_cheap.json
language_candidate_slot_memory_cheap/partial_untied [language],short_lm,2,32512.0,9.543927192687988,9.543927192687988,32512.0,8143795.0,55194.3686529766,1932.72021484375,csv_curve,artifacts\benchmark_runs\language\language_candidate_slot_memory_cheap.json
language_candidate_local_global_memory_cheap/partial_untied,short_lm,3,32512.0,9.547088146209717,9.547088146209717,32512.0,8292275.0,40772.505546497465,3160.13916015625,json_history,artifacts\benchmark_runs\language\language_candidate_local_global_memory_cheap.json
language_candidate_local_global_memory_cheap/partial_untied [language],short_lm,2,32512.0,9.547088146209717,9.547088146209717,32512.0,8292275.0,40772.505546497465,3160.13916015625,csv_curve,artifacts\benchmark_runs\language\language_candidate_local_global_memory_cheap.json
language_candidate_dynamic_token_basis_seed13/dynamic_token_basis,short_lm,3,32512.0,9.59364366531372,9.59364366531372,32512.0,8100584.0,56260.00734031575,1998.6337890625,json_history,artifacts\benchmark_runs\language\language_candidate_dynamic_token_basis_seed13.json
language_candidate_dynamic_token_basis_seed13/dynamic_token_basis [language],short_lm,2,32512.0,9.59364366531372,9.59364366531372,32512.0,8100584.0,56260.00734031575,1998.6337890625,csv_curve,artifacts\benchmark_runs\language\language_candidate_dynamic_token_basis_seed13.json
language_recurrent_memory_rewrites_tokenmemory_cheap_20260328/recurrent_champion,short_lm,3,32512.0,9.664742946624756,9.664742946624756,32512.0,7995315.0,59118.649886474304,2252.2119140625,json_history,artifacts\benchmark_runs\language\language_recurrent_memory_rewrites_tokenmemory_cheap_20260328.json
language_recurrent_memory_rewrites_tokenmemory_cheap_20260328/recurrent_champion [language],short_lm,2,32512.0,9.664742946624756,9.664742946624756,32512.0,7995315.0,59118.649886474304,2252.2119140625,csv_curve,artifacts\benchmark_runs\language\language_recurrent_memory_rewrites_tokenmemory_cheap_20260328.json
language_recurrent_memory_rewrites_cheap_20260328/recurrent_champion,short_lm,3,32512.0,9.664766788482666,9.664766788482666,32512.0,7995315.0,70114.73653821117,2156.57177734375,json_history,artifacts\benchmark_runs\language\language_recurrent_memory_rewrites_cheap_20260328.json
language_recurrent_memory_rewrites_cheap_20260328/recurrent_champion [language],short_lm,2,32512.0,9.664766788482666,9.664766788482666,32512.0,7995315.0,70114.73653821117,2156.57177734375,csv_curve,artifacts\benchmark_runs\language\language_recurrent_memory_rewrites_cheap_20260328.json
language_recurrent_memory_rewrites_hybrid_cheap_20260328/recurrent_champion,short_lm,3,32512.0,9.66482925415039,9.66482925415039,32512.0,7995315.0,55909.38387568801,2252.2119140625,json_history,artifacts\benchmark_runs\language\language_recurrent_memory_rewrites_hybrid_cheap_20260328.json
language_recurrent_memory_rewrites_hybrid_cheap_20260328/recurrent_champion [language],short_lm,2,32512.0,9.66482925415039,9.66482925415039,32512.0,7995315.0,55909.38387568801,2252.2119140625,csv_curve,artifacts\benchmark_runs\language\language_recurrent_memory_rewrites_hybrid_cheap_20260328.json
language_recurrent_memory_rewrites_hybrid_cheap_20260328/chunk8_partial_hybrid,short_lm,3,32512.0,9.697798728942871,9.697798728942871,32512.0,8205857.0,55909.38387568801,2252.2119140625,json_history,artifacts\benchmark_runs\language\language_recurrent_memory_rewrites_hybrid_cheap_20260328.json
language_recurrent_memory_rewrites_hybrid_cheap_20260328/chunk8_partial_hybrid [language],short_lm,2,32512.0,9.697798728942871,9.697798728942871,32512.0,8205857.0,55909.38387568801,2252.2119140625,csv_curve,artifacts\benchmark_runs\language\language_recurrent_memory_rewrites_hybrid_cheap_20260328.json
language_candidate_slot_memory_cheap/slot_memory_candidate,short_lm,3,32512.0,9.710272312164307,9.710272312164307,32512.0,8102601.0,55194.3686529766,1932.72021484375,json_history,artifacts\benchmark_runs\language\language_candidate_slot_memory_cheap.json
language_candidate_slot_memory_cheap/slot_memory_candidate [language],short_lm,2,32512.0,9.710272312164307,9.710272312164307,32512.0,8102601.0,55194.3686529766,1932.72021484375,csv_curve,artifacts\benchmark_runs\language\language_candidate_slot_memory_cheap.json
language_recurrent_memory_rewrites_cheap_20260328/feature_retrieval_chunk8,short_lm,3,32512.0,9.731006622314453,9.731006622314453,32512.0,8057377.0,70114.73653821117,2156.57177734375,json_history,artifacts\benchmark_runs\language\language_recurrent_memory_rewrites_cheap_20260328.json
language_recurrent_memory_rewrites_cheap_20260328/feature_retrieval_chunk8 [language],short_lm,2,32512.0,9.731006622314453,9.731006622314453,32512.0,8057377.0,70114.73653821117,2156.57177734375,csv_curve,artifacts\benchmark_runs\language\language_recurrent_memory_rewrites_cheap_20260328.json
language_recurrent_memory_rewrites_cheap_20260328/feature_retrieval_full,short_lm,3,32512.0,9.844201564788818,9.844201564788818,32512.0,8057377.0,70114.73653821117,2156.57177734375,json_history,artifacts\benchmark_runs\language\language_recurrent_memory_rewrites_cheap_20260328.json
language_recurrent_memory_rewrites_cheap_20260328/feature_retrieval_full [language],short_lm,2,32512.0,9.844201564788818,9.844201564788818,32512.0,8057377.0,70114.73653821117,2156.57177734375,csv_curve,artifacts\benchmark_runs\language\language_recurrent_memory_rewrites_cheap_20260328.json
language_recurrent_memory_rewrites_cheap_20260328/feature_retrieval_stride4,short_lm,3,32512.0,9.845234870910645,9.845234870910645,32512.0,8057377.0,70114.73653821117,2156.57177734375,json_history,artifacts\benchmark_runs\language\language_recurrent_memory_rewrites_cheap_20260328.json
language_recurrent_memory_rewrites_cheap_20260328/feature_retrieval_stride4 [language],short_lm,2,32512.0,9.845234870910645,9.845234870910645,32512.0,8057377.0,70114.73653821117,2156.57177734375,csv_curve,artifacts\benchmark_runs\language\language_recurrent_memory_rewrites_cheap_20260328.json
language_throughput_candidates_seed29_20260327/shared_projection,short_lm,3,32512.0,10.004333734512329,10.004333734512329,32512.0,5079219.0,53982.76476714697,1858.353515625,json_history,artifacts\benchmark_runs\language\language_throughput_candidates_seed29_20260327.json
language_throughput_candidates_seed29_20260327/shared_projection [language],short_lm,2,32512.0,10.004333734512329,10.004333734512329,32512.0,5079219.0,53982.76476714697,1858.353515625,csv_curve,artifacts\benchmark_runs\language\language_throughput_candidates_seed29_20260327.json
language_throughput_candidates_seed13_20260327/decayed_vote,short_lm,3,32512.0,10.023171663284302,10.023171663284302,32512.0,5061077.0,54245.06147528063,1858.353515625,json_history,artifacts\benchmark_runs\language\language_throughput_candidates_seed13_20260327.json
language_throughput_candidates_seed13_20260327/decayed_vote [language],short_lm,2,32512.0,10.023171663284302,10.023171663284302,32512.0,5061077.0,54245.06147528063,1858.353515625,csv_curve,artifacts\benchmark_runs\language\language_throughput_candidates_seed13_20260327.json
language_throughput_candidates_seed13_20260327/shared_projection,short_lm,3,32512.0,10.059134244918823,10.059134244918823,32512.0,5079219.0,54245.06147528063,1858.353515625,json_history,artifacts\benchmark_runs\language\language_throughput_candidates_seed13_20260327.json
language_throughput_candidates_seed13_20260327/shared_projection [language],short_lm,2,32512.0,10.059134244918823,10.059134244918823,32512.0,5079219.0,54245.06147528063,1858.353515625,csv_curve,artifacts\benchmark_runs\language\language_throughput_candidates_seed13_20260327.json
language_throughput_candidates_seed29_20260327/windowed_32,short_lm,3,32512.0,10.064784288406372,10.064784288406372,32512.0,5097747.0,53982.76476714697,1858.353515625,json_history,artifacts\benchmark_runs\language\language_throughput_candidates_seed29_20260327.json
language_throughput_candidates_seed29_20260327/windowed_32 [language],short_lm,2,32512.0,10.064784288406372,10.064784288406372,32512.0,5097747.0,53982.76476714697,1858.353515625,csv_curve,artifacts\benchmark_runs\language\language_throughput_candidates_seed29_20260327.json
language_throughput_candidates_seed13_20260327/windowed_32,short_lm,3,32512.0,10.079393148422241,10.079393148422241,32512.0,5097747.0,54245.06147528063,1858.353515625,json_history,artifacts\benchmark_runs\language\language_throughput_candidates_seed13_20260327.json
language_throughput_candidates_seed13_20260327/windowed_32 [language],short_lm,2,32512.0,10.079393148422241,10.079393148422241,32512.0,5097747.0,54245.06147528063,1858.353515625,csv_curve,artifacts\benchmark_runs\language\language_throughput_candidates_seed13_20260327.json
language_throughput_candidates_seed29_20260327/baseline,short_lm,3,32512.0,10.14165472984314,10.14165472984314,32512.0,5097747.0,53982.76476714697,1858.353515625,json_history,artifacts\benchmark_runs\language\language_throughput_candidates_seed29_20260327.json
language_throughput_candidates_seed29_20260327/baseline [language],short_lm,2,32512.0,10.14165472984314,10.14165472984314,32512.0,5097747.0,53982.76476714697,1858.353515625,csv_curve,artifacts\benchmark_runs\language\language_throughput_candidates_seed29_20260327.json
language_throughput_candidates_seed29_20260327/decayed_vote,short_lm,3,32512.0,10.152973175048828,10.152973175048828,32512.0,5061077.0,53982.76476714697,1858.353515625,json_history,artifacts\benchmark_runs\language\language_throughput_candidates_seed29_20260327.json
language_throughput_candidates_seed29_20260327/decayed_vote [language],short_lm,2,32512.0,10.152973175048828,10.152973175048828,32512.0,5061077.0,53982.76476714697,1858.353515625,csv_curve,artifacts\benchmark_runs\language\language_throughput_candidates_seed29_20260327.json
language_throughput_candidates_seed13_20260327/baseline,short_lm,3,32512.0,10.15521240234375,10.15521240234375,32512.0,5097747.0,54245.06147528063,1858.353515625,json_history,artifacts\benchmark_runs\language\language_throughput_candidates_seed13_20260327.json
language_throughput_candidates_seed13_20260327/baseline [language],short_lm,2,32512.0,10.15521240234375,10.15521240234375,32512.0,5097747.0,54245.06147528063,1858.353515625,csv_curve,artifacts\benchmark_runs\language\language_throughput_candidates_seed13_20260327.json
language_throughput_candidates_seed13_20260327/gru_only,short_lm,3,32512.0,10.16209626197815,10.16209626197815,32512.0,5060497.0,54245.06147528063,1858.353515625,json_history,artifacts\benchmark_runs\language\language_throughput_candidates_seed13_20260327.json
language_throughput_candidates_seed13_20260327/gru_only [language],short_lm,2,32512.0,10.16209626197815,10.16209626197815,32512.0,5060497.0,54245.06147528063,1858.353515625,csv_curve,artifacts\benchmark_runs\language\language_throughput_candidates_seed13_20260327.json
language_throughput_candidates_seed29_20260327/gru_only,short_lm,3,32512.0,10.188509464263916,10.188509464263916,32512.0,5060497.0,53982.76476714697,1858.353515625,json_history,artifacts\benchmark_runs\language\language_throughput_candidates_seed29_20260327.json
language_throughput_candidates_seed29_20260327/gru_only [language],short_lm,2,32512.0,10.188509464263916,10.188509464263916,32512.0,5060497.0,53982.76476714697,1858.353515625,csv_curve,artifacts\benchmark_runs\language\language_throughput_candidates_seed29_20260327.json
neuron_search/screen_64_phase_amplitude_neuron/result/standalone_longseq_anchor_train,neuron_search,1,16320.0,10.826257771136714,10.826257771136714,16320.0,4951601.0,2790.9054651517317,,json_report_history,artifacts\benchmark_runs\language\neuron_search_20260605\manual_self\screen_64_phase_amplitude_neuron\result.json
neuron_search/screen_64_stable_competition_neuron/result/standalone_longseq_anchor_train,neuron_search,1,16320.0,10.827849238526587,10.827849238526587,16320.0,4934963.0,2032.3294551516774,,json_report_history,artifacts\benchmark_runs\language\neuron_search_20260605\manual_self\screen_64_stable_competition_neuron\result.json
neuron_search/screen_64_phase_amplitude_neutral_neuron/result/standalone_longseq_anchor_train,neuron_search,1,16320.0,10.828014379389145,10.828014379389145,16320.0,4934961.0,2437.854138642865,,json_report_history,artifacts\benchmark_runs\language\neuron_search_20260605\manual_self\screen_64_phase_amplitude_neutral_neuron\result.json
neuron_search/screen_64_stable_square_neuron/result/standalone_longseq_anchor_train,neuron_search,1,16320.0,10.828241757785573,10.828241757785573,16320.0,4934962.0,1532.4278925535175,,json_report_history,artifacts\benchmark_runs\language\neuron_search_20260605\manual_self\screen_64_stable_square_neuron\result.json
neuron_search/screen_64_rank_competition_neuron/result/standalone_longseq_anchor_train,neuron_search,1,16320.0,10.828301109987146,10.828301109987146,16320.0,4934962.0,2234.759637636124,,json_report_history,artifacts\benchmark_runs\language\neuron_search_20260605\manual_self\screen_64_rank_competition_neuron\result.json
neuron_search/screen_64_conv_disagreement_neuron/result/standalone_longseq_anchor_train,neuron_search,1,16320.0,10.828834402794932,10.828834402794932,16320.0,4934961.0,2177.0023208915736,,json_report_history,artifacts\benchmark_runs\language\neuron_search_20260605\manual_self\screen_64_conv_disagreement_neuron\result.json
neuron_search/screen_64_baseline/result/standalone_longseq_anchor_train,neuron_search,1,16320.0,10.829107022752948,10.829107022752948,16320.0,4934961.0,3179.4875671375376,,json_report_history,artifacts\benchmark_runs\language\neuron_search_20260605\manual_self\screen_64_baseline\result.json
baseline/standalone_longseq_anchor_train,neuron_search,1,16320.0,10.832715392112732,10.832715392112732,16320.0,15250481.0,56.629837471529584,,json_report_history,artifacts\benchmark_runs\language\neuron_search_20260605\agent02_conv_conditioned\baseline\result.json
screen64_seed13/standalone_longseq_anchor_train,neuron_search,1,16320.0,10.832720637321472,10.832720637321472,16320.0,15250609.0,132.6462884146229,,json_report_history,artifacts\benchmark_runs\language\neuron_search_20260605\agent01_memory_coupling\candidate_v2\screen64_seed13\result.json
candidate_v2/standalone_longseq_anchor_train,neuron_search,1,16320.0,10.832782506942749,10.832782506942749,16320.0,15250485.0,165.88483359029297,,json_report_history,artifacts\benchmark_runs\language\neuron_search_20260605\agent04_rank_competition\candidate_v2\result.json
candidate_v1/standalone_longseq_anchor_train,neuron_search,1,16320.0,10.833111882209778,10.833111882209778,16320.0,15260209.0,61.904983696632485,,json_report_history,artifacts\benchmark_runs\language\neuron_search_20260605\agent03_adaptive_basis\candidate_v1\result.json
language_recurrent_ab_partial_cheap_20260328/partial_untied,short_lm,3,16256.0,10.00638484954834,10.00638484954834,16256.0,8143795.0,50839.27333865357,1994.17724609375,json_history,artifacts\benchmark_runs\language\language_recurrent_ab_partial_cheap_20260328.json
language_recurrent_ab_partial_cheap_20260328/partial_untied [language],short_lm,2,16256.0,10.00638484954834,10.00638484954834,16256.0,8143795.0,50839.27333865357,1994.17724609375,csv_curve,artifacts\benchmark_runs\language\language_recurrent_ab_partial_cheap_20260328.json
language_recurrent_ab_gated_cheap_20260328/recurrent_champion,short_lm,3,16256.0,10.007778644561768,10.007778644561768,16256.0,7995315.0,36266.504371678566,2383.01025390625,json_history,artifacts\benchmark_runs\language\language_recurrent_ab_gated_cheap_20260328.json
language_recurrent_ab_gated_cheap_20260328/recurrent_champion [language],short_lm,2,16256.0,10.007778644561768,10.007778644561768,16256.0,7995315.0,36266.504371678566,2383.01025390625,csv_curve,artifacts\benchmark_runs\language\language_recurrent_ab_gated_cheap_20260328.json
language_recurrent_ab_refined_cheap_20260328/recurrent_champion,short_lm,3,16256.0,10.007781982421875,10.007781982421875,16256.0,7995315.0,38450.48518428768,1908.29296875,json_history,artifacts\benchmark_runs\language\language_recurrent_ab_refined_cheap_20260328.json
language_recurrent_ab_refined_cheap_20260328/recurrent_champion [language],short_lm,2,16256.0,10.007781982421875,10.007781982421875,16256.0,7995315.0,38450.48518428768,1908.29296875,csv_curve,artifacts\benchmark_runs\language\language_recurrent_ab_refined_cheap_20260328.json
language_recurrent_ab_partial_cheap_20260328/recurrent_champion,short_lm,3,16256.0,10.007794380187988,10.007794380187988,16256.0,7995315.0,50839.27333865357,1994.17724609375,json_history,artifacts\benchmark_runs\language\language_recurrent_ab_partial_cheap_20260328.json
language_recurrent_ab_partial_cheap_20260328/recurrent_champion [language],short_lm,2,16256.0,10.007794380187988,10.007794380187988,16256.0,7995315.0,50839.27333865357,1994.17724609375,csv_curve,artifacts\benchmark_runs\language\language_recurrent_ab_partial_cheap_20260328.json
language_recurrent_ab_factorized_cheap_20260328/recurrent_champion,short_lm,3,16256.0,10.007821083068848,10.007821083068848,16256.0,7995315.0,57182.77734667178,2010.85400390625,json_history,artifacts\benchmark_runs\language\language_recurrent_ab_factorized_cheap_20260328.json
language_recurrent_ab_factorized_cheap_20260328/recurrent_champion [language],short_lm,2,16256.0,10.007821083068848,10.007821083068848,16256.0,7995315.0,57182.77734667178,2010.85400390625,csv_curve,artifacts\benchmark_runs\language\language_recurrent_ab_factorized_cheap_20260328.json
language_recurrent_ab_gated_cheap_20260328/gated_residual_head,short_lm,3,16256.0,10.05528211593628,10.05528211593628,16256.0,8016195.0,36266.504371678566,2383.01025390625,json_history,artifacts\benchmark_runs\language\language_recurrent_ab_gated_cheap_20260328.json
language_recurrent_ab_gated_cheap_20260328/gated_residual_head [language],short_lm,2,16256.0,10.05528211593628,10.05528211593628,16256.0,8016195.0,36266.504371678566,2383.01025390625,csv_curve,artifacts\benchmark_runs\language\language_recurrent_ab_gated_cheap_20260328.json
language_recurrent_ab_refined_cheap_20260328/refined_head,short_lm,3,16256.0,10.148411750793457,10.148411750793457,16256.0,8016340.0,38450.48518428768,1908.29296875,json_history,artifacts\benchmark_runs\language\language_recurrent_ab_refined_cheap_20260328.json
language_recurrent_ab_refined_cheap_20260328/refined_head [language],short_lm,2,16256.0,10.148411750793457,10.148411750793457,16256.0,8016340.0,38450.48518428768,1908.29296875,csv_curve,artifacts\benchmark_runs\language\language_recurrent_ab_refined_cheap_20260328.json
language_recurrent_ab_factorized_cheap_20260328/factorized_untied,short_lm,3,16256.0,13.157759666442871,10.62226390838623,8128.0,11220979.0,57182.77734667178,2010.85400390625,json_history,artifacts\benchmark_runs\language\language_recurrent_ab_factorized_cheap_20260328.json
language_recurrent_ab_factorized_cheap_20260328/factorized_untied [language],short_lm,2,16256.0,13.157759666442871,10.62226390838623,8128.0,11220979.0,57182.77734667178,2010.85400390625,csv_curve,artifacts\benchmark_runs\language\language_recurrent_ab_factorized_cheap_20260328.json
language_hrm_text_component_probe_synthetic_20260602/partial_untied,short_lm,3,16128.0,7.639158725738525,7.639158725738525,16128.0,1042130.0,26498.427066582335,111.20458984375,json_history,artifacts\benchmark_runs\language\language_hrm_text_component_probe_synthetic_20260602.json
language_hrm_text_component_probe_synthetic_20260602/partial_untied [language],short_lm,2,16128.0,7.639158725738525,7.639158725738525,16128.0,1042130.0,26498.427066582335,111.20458984375,csv_curve,artifacts\benchmark_runs\language\language_hrm_text_component_probe_synthetic_20260602.json
language_hrm_text_component_probe_synthetic_20260602/magic_norm_partial_untied,short_lm,3,16128.0,19.62814776102702,19.62814776102702,16128.0,1042130.0,26498.427066582335,111.20458984375,json_history,artifacts\benchmark_runs\language\language_hrm_text_component_probe_synthetic_20260602.json
language_hrm_text_component_probe_synthetic_20260602/magic_norm_partial_untied [language],short_lm,2,16128.0,19.62814776102702,19.62814776102702,16128.0,1042130.0,26498.427066582335,111.20458984375,csv_curve,artifacts\benchmark_runs\language\language_hrm_text_component_probe_synthetic_20260602.json
language_hrm_text_component_probe_synthetic_20260602/hrm_text_component_probe,short_lm,3,16128.0,22.709529240926106,22.709529240926106,16128.0,1623747.0,26498.427066582335,111.20458984375,json_history,artifacts\benchmark_runs\language\language_hrm_text_component_probe_synthetic_20260602.json
language_hrm_text_component_probe_synthetic_20260602/hrm_text_component_probe [language],short_lm,2,16128.0,22.709529240926106,22.709529240926106,16128.0,1623747.0,26498.427066582335,111.20458984375,csv_curve,artifacts\benchmark_runs\language\language_hrm_text_component_probe_synthetic_20260602.json
baseline_screen/standalone_longseq_anchor_train,neuron_search,1,8160.0,10.833873510360718,10.833873510360718,8160.0,7419489.0,286.0195735532777,,json_report_history,artifacts\benchmark_runs\language\neuron_search_20260605\agent01_memory_coupling\round2\baseline_screen\result.json
candidate_screen/standalone_longseq_anchor_train,neuron_search,1,8160.0,10.837329149246216,10.837329149246216,8160.0,7425825.0,202.42224059392578,,json_report_history,artifacts\benchmark_runs\language\neuron_search_20260605\agent01_memory_coupling\round2\candidate_screen\result.json
smoke_prefixmem [20260603-144034-c8e37a],other,1,5080.0,10.2442,10.2442,5080.0,,,,csv_curve,E:\CODEXRESEARCH\house_compute_hub\runs\20260603-144034-c8e37a\Chichen-JoshS-10a81805.log
smoke_chunkmem [20260603-144034-c8e37a],other,1,5080.0,10.2488,10.2488,5080.0,,,,csv_curve,E:\CODEXRESEARCH\house_compute_hub\runs\20260603-144034-c8e37a\Chichen-JoshS-10a81805.log
neuron_search/screen_12_phase_amplitude_neuron/result/standalone_longseq_anchor_train,neuron_search,1,3060.0,10.823182356591317,10.823182356591317,3060.0,4951601.0,634.9817681382367,,json_report_history,artifacts\benchmark_runs\language\neuron_search_20260605\manual_self\screen_12_phase_amplitude_neuron\result.json
neuron_search/screen_12_stable_square_neuron/result/standalone_longseq_anchor_train,neuron_search,1,3060.0,10.830923115973379,10.830923115973379,3060.0,4934962.0,516.2743423141259,,json_report_history,artifacts\benchmark_runs\language\neuron_search_20260605\manual_self\screen_12_stable_square_neuron\result.json
neuron_search/screen_12_rank_competition_neuron/result/standalone_longseq_anchor_train,neuron_search,1,3060.0,10.830975553101185,10.830975553101185,3060.0,4934962.0,408.1799202663424,,json_report_history,artifacts\benchmark_runs\language\neuron_search_20260605\manual_self\screen_12_rank_competition_neuron\result.json
neuron_search/screen_12_conv_disagreement_neuron/result/standalone_longseq_anchor_train,neuron_search,1,3060.0,10.831527496786679,10.831527496786679,3060.0,4934961.0,328.592950489153,,json_report_history,artifacts\benchmark_runs\language\neuron_search_20260605\manual_self\screen_12_conv_disagreement_neuron\result.json
neuron_search/screen_12_stateful_threshold_neuron/result/standalone_longseq_anchor_train,neuron_search,1,3060.0,10.831711524140601,10.831711524140601,3060.0,4934962.0,213.30487037771437,,json_report_history,artifacts\benchmark_runs\language\neuron_search_20260605\manual_self\screen_12_stateful_threshold_neuron\result.json
neuron_search/screen_12_baseline/result/standalone_longseq_anchor_train,neuron_search,1,3060.0,10.831813369077794,10.831813369077794,3060.0,4934961.0,263.44656447496584,,json_report_history,artifacts\benchmark_runs\language\neuron_search_20260605\manual_self\screen_12_baseline\result.json
neuron_search/screen_12_mem_threshold_neuron/result/standalone_longseq_anchor_train,neuron_search,1,3060.0,10.837275824827307,10.837275824827307,3060.0,4938289.0,275.87689929172427,,json_report_history,artifacts\benchmark_runs\language\neuron_search_20260605\manual_self\screen_12_mem_threshold_neuron\result.json
neuron_search/screen_12_bottleneck_aware_neuron/result/standalone_longseq_anchor_train,neuron_search,1,3060.0,10.838079001856785,10.838079001856785,3060.0,4945585.0,778.1273586979704,,json_report_history,artifacts\benchmark_runs\language\neuron_search_20260605\manual_self\screen_12_bottleneck_aware_neuron\result.json
neuron_search/screen_12_adaptive_basis_neuron/result/standalone_longseq_anchor_train,neuron_search,1,3060.0,10.838090015860164,10.838090015860164,3060.0,4935156.0,456.75880785479995,,json_report_history,artifacts\benchmark_runs\language\neuron_search_20260605\manual_self\screen_12_adaptive_basis_neuron\result.json
neuron_search/screen_1_seed13_smoke_suppressed_guarded_v1_rank_competition_memory_suppressed_aux_head_centered_gate_neuron/result/standalone_longseq_anchor_train,neuron_search,1,255.0,10.8098651044509,10.8098651044509,255.0,4944947.0,12103.549427452204,313.7119140625,json_report_history,artifacts\benchmark_runs\language\neuron_search_20260605\manual_self\screen_1_seed13_smoke_suppressed_guarded_v1_rank_competition_memory_suppressed_aux_head_centered_gate_neuron\result.json
summary/row_1,other,1,255.0,10.823191983092064,10.823191983092064,255.0,4935225.0,1710.9673003568344,,json_history,artifacts\benchmark_runs\language\lz_sketch_search_20260615\local_cpu_smoke\summary.json
summary,other,1,255.0,10.825434789470599,10.825434789470599,255.0,4935089.0,1710.9673003568344,,json_history,artifacts\benchmark_runs\language\lz_sketch_search_20260615\local_cpu_smoke\summary.json
neuron_search/screen_1_seed13_smoke_rank_hybrid_cost_ablate_v1_rank_competition_memory_group_centered_gate_neuron/result/standalone_longseq_anchor_train,neuron_search,1,255.0,10.829671680226046,10.829671680226046,255.0,4935298.0,3695.6361058341245,,json_report_history,artifacts\benchmark_runs\language\neuron_search_20260605\manual_self\screen_1_seed13_smoke_rank_hybrid_cost_ablate_v1_rank_competition_memory_group_centered_gate_neuron\result.json
neuron_search/screen_1_seed13_smoke_memory_gate_v2_phase_residual_memory_group_gate_neuron/result/standalone_longseq_anchor_train,neuron_search,1,255.0,10.829760246650846,10.829760246650846,255.0,4935297.0,2545.5148028806093,,json_report_history,artifacts\benchmark_runs\language\neuron_search_20260605\manual_self\screen_1_seed13_smoke_memory_gate_v2_phase_residual_memory_group_gate_neuron\result.json
neuron_search/screen_1_seed13_smoke_rank_pressure_v1_rank_competition_mild_neuron/result/standalone_longseq_anchor_train,neuron_search,1,255.0,10.830300232008392,10.830300232008392,255.0,4934962.0,6991.243124898843,200.478515625,json_report_history,artifacts\benchmark_runs\language\neuron_search_20260605\manual_self\screen_1_seed13_smoke_rank_pressure_v1_rank_competition_mild_neuron\result.json
neuron_search/screen_1_seed13_smoke_rank_pressure_v1_rank_competition_soft_neuron/result/standalone_longseq_anchor_train,neuron_search,1,255.0,10.830545444114536,10.830545444114536,255.0,4934962.0,13420.770086734927,256.9853515625,json_report_history,artifacts\benchmark_runs\language\neuron_search_20260605\manual_self\screen_1_seed13_smoke_rank_pressure_v1_rank_competition_soft_neuron\result.json
neuron_search/screen_1_seed13_smoke_rank_hybrid_cost_ablate_v1_rank_competition_centered_residual_neuron/result/standalone_longseq_anchor_train,neuron_search,1,255.0,10.830681297825832,10.830681297825832,255.0,4935090.0,4275.123475794978,,json_report_history,artifacts\benchmark_runs\language\neuron_search_20260605\manual_self\screen_1_seed13_smoke_rank_hybrid_cost_ablate_v1_rank_competition_centered_residual_neuron\result.json
neuron_search/screen_1_seed13_smoke_rank_pressure_ultrasoft_v1_rank_competition_ultrasoft_neuron/result/standalone_longseq_anchor_train,neuron_search,1,255.0,10.830790420607025,10.830790420607025,255.0,4934962.0,8130.5219803190885,200.478515625,json_report_history,artifacts\benchmark_runs\language\neuron_search_20260605\manual_self\screen_1_seed13_smoke_rank_pressure_ultrasoft_v1_rank_competition_ultrasoft_neuron\result.json
neuron_search/screen_1_seed13_smoke_rank_pressure_v1_rank_competition_mild_centered_residual_neuron/result/standalone_longseq_anchor_train,neuron_search,1,255.0,10.830821072821523,10.830821072821523,255.0,4935090.0,10336.357224337811,313.49462890625,json_report_history,artifacts\benchmark_runs\language\neuron_search_20260605\manual_self\screen_1_seed13_smoke_rank_pressure_v1_rank_competition_mild_centered_residual_neuron\result.json
neuron_search/screen_1_seed13_smoke_memory_gate_v2_baseline/result/standalone_longseq_anchor_train,neuron_search,1,255.0,10.830851315517052,10.830851315517052,255.0,4934961.0,3189.8644871436745,,json_report_history,artifacts\benchmark_runs\language\neuron_search_20260605\manual_self\screen_1_seed13_smoke_memory_gate_v2_baseline\result.json
neuron_search/screen_1_seed13_smoke_hidden_regularizer_v1_rank_competition_fixed_feather_channel_drop_neuron/result/standalone_longseq_anchor_train,neuron_search,1,255.0,10.83086701374428,10.83086701374428,255.0,4934961.0,14896.077956034447,426.49658203125,json_report_history,artifacts\benchmark_runs\language\neuron_search_20260605\manual_self\screen_1_seed13_smoke_hidden_regularizer_v1_rank_competition_fixed_feather_channel_drop_neuron\result.json
neuron_search/screen_1_seed13_smoke_rank_pressure_fixed_v1_rank_competition_fixed_feather_neuron/result/standalone_longseq_anchor_train,neuron_search,1,255.0,10.830912967756683,10.830912967756683,255.0,4934961.0,9850.428011641294,200.4765625,json_report_history,artifacts\benchmark_runs\language\neuron_search_20260605\manual_self\screen_1_seed13_smoke_rank_pressure_fixed_v1_rank_competition_fixed_feather_neuron\result.json
neuron_search/screen_1_seed13_smoke_rank_pressure_ultrasoft_v1_rank_competition_feather_neuron/result/standalone_longseq_anchor_train,neuron_search,1,255.0,10.830928404190962,10.830928404190962,255.0,4934962.0,13015.051522798025,256.9853515625,json_report_history,artifacts\benchmark_runs\language\neuron_search_20260605\manual_self\screen_1_seed13_smoke_rank_pressure_ultrasoft_v1_rank_competition_feather_neuron\result.json
neuron_search/screen_1_seed13_smoke_rank_pressure_v1_baseline/result/standalone_longseq_anchor_train,neuron_search,1,255.0,10.830943487204758,10.830943487204758,255.0,4934961.0,686.6914880984577,143.97119140625,json_report_history,artifacts\benchmark_runs\language\neuron_search_20260605\manual_self\screen_1_seed13_smoke_rank_pressure_v1_baseline\result.json
neuron_search/screen_1_seed13_smoke_rank_pressure_fixed_v1_rank_competition_fixed_trace_neuron/result/standalone_longseq_anchor_train,neuron_search,1,255.0,10.83097412258971,10.83097412258971,255.0,4934961.0,13581.890809285958,256.98193359375,json_report_history,artifacts\benchmark_runs\language\neuron_search_20260605\manual_self\screen_1_seed13_smoke_rank_pressure_fixed_v1_rank_competition_fixed_trace_neuron\result.json
neuron_search/screen_1_seed13_smoke_hidden_regularizer_v1_hidden_drop_square_neuron/result/standalone_longseq_anchor_train,neuron_search,1,255.0,10.830974242266487,10.830974242266487,255.0,4934961.0,11175.975598995368,200.47607421875,json_report_history,artifacts\benchmark_runs\language\neuron_search_20260605\manual_self\screen_1_seed13_smoke_hidden_regularizer_v1_hidden_drop_square_neuron\result.json
neuron_search/screen_1_seed13_smoke_hidden_regularizer_v1_hidden_drop_low_square_neuron/result/standalone_longseq_anchor_train,neuron_search,1,255.0,10.830974358203365,10.830974358203365,255.0,4934961.0,11638.627462662364,256.98095703125,json_report_history,artifacts\benchmark_runs\language\neuron_search_20260605\manual_self\screen_1_seed13_smoke_hidden_regularizer_v1_hidden_drop_low_square_neuron\result.json
neuron_search/screen_1_seed13_smoke_hidden_regularizer_v1_channel_drop_square_neuron/result/standalone_longseq_anchor_train,neuron_search,1,255.0,10.83100487578149,10.83100487578149,255.0,4934961.0,8042.9208102268685,313.48583984375,json_report_history,artifacts\benchmark_runs\language\neuron_search_20260605\manual_self\screen_1_seed13_smoke_hidden_regularizer_v1_channel_drop_square_neuron\result.json
neuron_search/screen_1_seed13_smoke_boundary_residual_v1_phase_residual_boundary_centered_neuron/result/standalone_longseq_anchor_train,neuron_search,1,255.0,10.831151857563093,10.831151857563093,255.0,4935089.0,4228.617291793685,,json_report_history,artifacts\benchmark_runs\language\neuron_search_20260605\manual_self\screen_1_seed13_smoke_boundary_residual_v1_phase_residual_boundary_centered_neuron\result.json
neuron_search/screen_1_seed13_smoke_rank_pressure_v1_rank_competition_soft_centered_residual_neuron/result/standalone_longseq_anchor_train,neuron_search,1,255.0,10.831157966688567,10.831157966688567,255.0,4935090.0,13357.499058959977,370.00341796875,json_report_history,artifacts\benchmark_runs\language\neuron_search_20260605\manual_self\screen_1_seed13_smoke_rank_pressure_v1_rank_competition_soft_centered_residual_neuron\result.json
neuron_search/screen_1_seed13_smoke_boundary_residual_v1_phase_residual_boundary_blend_neuron/result/standalone_longseq_anchor_train,neuron_search,1,255.0,10.831248191758698,10.831248191758698,255.0,4935089.0,4367.866887837728,,json_report_history,artifacts\benchmark_runs\language\neuron_search_20260605\manual_self\screen_1_seed13_smoke_boundary_residual_v1_phase_residual_boundary_blend_neuron\result.json
neuron_search/screen_1_seed13_smoke_new_phase_iter2_phase_residual_blend_quarter_neuron/result/standalone_longseq_anchor_train,neuron_search,1,255.0,10.831273127537148,10.831273127537148,255.0,4935089.0,3298.908255316764,,json_report_history,artifacts\benchmark_runs\language\neuron_search_20260605\manual_self\screen_1_seed13_smoke_new_phase_iter2_phase_residual_blend_quarter_neuron\result.json
neuron_search/screen_1_seed13_smoke_new_phase_iter2_phase_residual_blend_normed_neuron/result/standalone_longseq_anchor_train,neuron_search,1,255.0,10.83148229449403,10.83148229449403,255.0,4935089.0,3531.376627521566,,json_report_history,artifacts\benchmark_runs\language\neuron_search_20260605\manual_self\screen_1_seed13_smoke_new_phase_iter2_phase_residual_blend_normed_neuron\result.json
neuron_search/screen_1_seed13_smoke_conv_memory_agreement_phase_residual_memory_conv_centered_agreement_neuron/result/standalone_longseq_anchor_train,neuron_search,1,255.0,10.831523687699262,10.831523687699262,255.0,4935090.0,4371.843272167133,,json_report_history,artifacts\benchmark_runs\language\neuron_search_20260605\manual_self\screen_1_seed13_smoke_conv_memory_agreement_phase_residual_memory_conv_centered_agreement_neuron\result.json
neuron_search/screen_1_seed13_smoke_new_phase_iter2_phase_residual_blend_centered_neuron/result/standalone_longseq_anchor_train,neuron_search,1,255.0,10.831524405759923,10.831524405759923,255.0,4935089.0,3809.136849554945,,json_report_history,artifacts\benchmark_runs\language\neuron_search_20260605\manual_self\screen_1_seed13_smoke_new_phase_iter2_phase_residual_blend_centered_neuron\result.json
neuron_search/screen_1_seed13_smoke_new_phase_iter2_phase_residual_conv_energy_gate_neuron/result/standalone_longseq_anchor_train,neuron_search,1,255.0,10.831659666697185,10.831659666697185,255.0,4935090.0,3301.680361113543,,json_report_history,artifacts\benchmark_runs\language\neuron_search_20260605\manual_self\screen_1_seed13_smoke_new_phase_iter2_phase_residual_conv_energy_gate_neuron\result.json
neuron_search/screen_1_seed13_smoke_conv_memory_agreement_phase_residual_memory_conv_disagreement_damp_neuron/result/standalone_longseq_anchor_train,neuron_search,1,255.0,10.831710637784472,10.831710637784472,255.0,4935090.0,3789.269087177317,,json_report_history,artifacts\benchmark_runs\language\neuron_search_20260605\manual_self\screen_1_seed13_smoke_conv_memory_agreement_phase_residual_memory_conv_disagreement_damp_neuron\result.json
neuron_search/screen_1_seed13_smoke_conv_memory_agreement_phase_residual_memory_conv_agreement_neuron/result/standalone_longseq_anchor_train,neuron_search,1,255.0,10.831711591458788,10.831711591458788,255.0,4935090.0,4217.343701987003,,json_report_history,artifacts\benchmark_runs\language\neuron_search_20260605\manual_self\screen_1_seed13_smoke_conv_memory_agreement_phase_residual_memory_conv_agreement_neuron\result.json
neuron_search/screen_1_seed13_smoke_memory_novelty_phase_residual_memory_novelty_gate_neuron/result/standalone_longseq_anchor_train,neuron_search,1,255.0,10.834728111940272,10.834728111940272,255.0,4936753.0,4056.4982716380937,,json_report_history,artifacts\benchmark_runs\language\neuron_search_20260605\manual_self\screen_1_seed13_smoke_memory_novelty_phase_residual_memory_novelty_gate_neuron\result.json
neuron_search/screen_1_seed13_smoke_memory_gate_v4_phase_residual_memory_delta_gate_neuron/result/standalone_longseq_anchor_train,neuron_search,1,255.0,10.834728353163776,10.834728353163776,255.0,4936753.0,3315.395526670671,,json_report_history,artifacts\benchmark_runs\language\neuron_search_20260605\manual_self\screen_1_seed13_smoke_memory_gate_v4_phase_residual_memory_delta_gate_neuron\result.json
neuron_search/screen_1_seed13_smoke_new_phase_iter2_phase_residual_memory_gate_neuron/result/standalone_longseq_anchor_train,neuron_search,1,255.0,10.83472859064738,10.83472859064738,255.0,4936753.0,3270.442510128027,,json_report_history,artifacts\benchmark_runs\language\neuron_search_20260605\manual_self\screen_1_seed13_smoke_new_phase_iter2_phase_residual_memory_gate_neuron\result.json
neuron_search/screen_1_seed13_smoke_memory_gate_v2_phase_residual_memory_normed_gate_neuron/result/standalone_longseq_anchor_train,neuron_search,1,255.0,10.834771683636834,10.834771683636834,255.0,4936753.0,3177.146473907969,,json_report_history,artifacts\benchmark_runs\language\neuron_search_20260605\manual_self\screen_1_seed13_smoke_memory_gate_v2_phase_residual_memory_normed_gate_neuron\result.json
neuron_search/screen_1_seed13_smoke_memory_gate_v3_phase_residual_memory_small_gate_neuron/result/standalone_longseq_anchor_train,neuron_search,1,255.0,10.834829195807961,10.834829195807961,255.0,4936753.0,4347.173825539829,,json_report_history,artifacts\benchmark_runs\language\neuron_search_20260605\manual_self\screen_1_seed13_smoke_memory_gate_v3_phase_residual_memory_small_gate_neuron\result.json
neuron_search/screen_1_seed13_smoke_memory_novelty_phase_residual_memory_novelty_tiny_gate_neuron/result/standalone_longseq_anchor_train,neuron_search,1,255.0,10.83482967077517,10.83482967077517,255.0,4936753.0,4421.985766406908,,json_report_history,artifacts\benchmark_runs\language\neuron_search_20260605\manual_self\screen_1_seed13_smoke_memory_novelty_phase_residual_memory_novelty_tiny_gate_neuron\result.json
neuron_search/screen_1_seed13_smoke_boundary_residual_v1_phase_residual_memory_boundary_gate_neuron/result/standalone_longseq_anchor_train,neuron_search,1,255.0,10.83484841702031,10.83484841702031,255.0,4936753.0,4386.3270447560235,,json_report_history,artifacts\benchmark_runs\language\neuron_search_20260605\manual_self\screen_1_seed13_smoke_boundary_residual_v1_phase_residual_memory_boundary_gate_neuron\result.json
neuron_search/screen_1_seed13_smoke_memory_gate_v4_phase_residual_memory_sparse_centered_gate_neuron/result/standalone_longseq_anchor_train,neuron_search,1,255.0,10.834848966785506,10.834848966785506,255.0,4936753.0,2754.8149844490613,,json_report_history,artifacts\benchmark_runs\language\neuron_search_20260605\manual_self\screen_1_seed13_smoke_memory_gate_v4_phase_residual_memory_sparse_centered_gate_neuron\result.json
neuron_search/screen_1_seed13_smoke_memory_gate_v2_phase_residual_memory_centered_gate_neuron/result/standalone_longseq_anchor_train,neuron_search,1,255.0,10.83484920613906,10.83484920613906,255.0,4936753.0,3451.1413127367646,,json_report_history,artifacts\benchmark_runs\language\neuron_search_20260605\manual_self\screen_1_seed13_smoke_memory_gate_v2_phase_residual_memory_centered_gate_neuron\result.json
neuron_search/screen_1_seed13_smoke_memory_gate_v4_phase_residual_memory_bounded_centered_gate_neuron/result/standalone_longseq_anchor_train,neuron_search,1,255.0,10.834849443622664,10.834849443622664,255.0,4936753.0,3485.573144366343,,json_report_history,artifacts\benchmark_runs\language\neuron_search_20260605\manual_self\screen_1_seed13_smoke_memory_gate_v4_phase_residual_memory_bounded_centered_gate_neuron\result.json
neuron_search/screen_1_seed13_smoke_rank_memory_hybrid_v1_rank_competition_memory_gate_neuron/result/standalone_longseq_anchor_train,neuron_search,1,255.0,10.834882926940917,10.834882926940917,255.0,4936754.0,3768.4599117933935,,json_report_history,artifacts\benchmark_runs\language\neuron_search_20260605\manual_self\screen_1_seed13_smoke_rank_memory_hybrid_v1_rank_competition_memory_gate_neuron\result.json
neuron_search/screen_1_seed13_smoke_memory_gate_v3_phase_residual_memory_tiny_gate_neuron/result/standalone_longseq_anchor_train,neuron_search,1,255.0,10.834896115695729,10.834896115695729,255.0,4936753.0,3410.30822504383,,json_report_history,artifacts\benchmark_runs\language\neuron_search_20260605\manual_self\screen_1_seed13_smoke_memory_gate_v3_phase_residual_memory_tiny_gate_neuron\result.json
neuron_search/screen_1_seed13_smoke_boundary_residual_v1_phase_residual_memory_boundary_centered_gate_neuron/result/standalone_longseq_anchor_train,neuron_search,1,255.0,10.834906927744548,10.834906927744548,255.0,4936753.0,3934.3655256377137,,json_report_history,artifacts\benchmark_runs\language\neuron_search_20260605\manual_self\screen_1_seed13_smoke_boundary_residual_v1_phase_residual_memory_boundary_centered_gate_neuron\result.json
neuron_search/screen_1_seed13_smoke_memory_square_gain_memory_square_small_gain_neuron/result/standalone_longseq_anchor_train,neuron_search,1,255.0,10.834952072068758,10.834952072068758,255.0,4936625.0,4832.391806450024,,json_report_history,artifacts\benchmark_runs\language\neuron_search_20260605\manual_self\screen_1_seed13_smoke_memory_square_gain_memory_square_small_gain_neuron\result.json
neuron_search/screen_1_seed13_smoke_memory_square_gain_memory_square_gain_neuron/result/standalone_longseq_anchor_train,neuron_search,1,255.0,10.83495230955236,10.83495230955236,255.0,4936625.0,4546.735087490917,,json_report_history,artifacts\benchmark_runs\language\neuron_search_20260605\manual_self\screen_1_seed13_smoke_memory_square_gain_memory_square_gain_neuron\result.json
neuron_search/screen_1_seed13_smoke_memory_novelty_memory_square_novelty_gain_neuron/result/standalone_longseq_anchor_train,neuron_search,1,255.0,10.834952548905916,10.834952548905916,255.0,4936625.0,4458.45506672303,,json_report_history,artifacts\benchmark_runs\language\neuron_search_20260605\manual_self\screen_1_seed13_smoke_memory_novelty_memory_square_novelty_gain_neuron\result.json
neuron_search/screen_1_seed13_smoke_rank_competition_masks_v1_rank_competition_memory_within_group_centered_gate_neuron/result/standalone_longseq_anchor_train,neuron_search,1,255.0,10.834977278989903,10.834977278989903,255.0,4936754.0,3456.3711087076476,,json_report_history,artifacts\benchmark_runs\language\neuron_search_20260605\manual_self\screen_1_seed13_smoke_rank_competition_masks_v1_rank_competition_memory_within_group_centered_gate_neuron\result.json
neuron_search/screen_1_seed13_smoke_rank_memory_hybrid_v1_rank_competition_memory_centered_gate_neuron/result/standalone_longseq_anchor_train,neuron_search,1,255.0,10.835009515051748,10.835009515051748,255.0,4936754.0,3717.417925190346,,json_report_history,artifacts\benchmark_runs\language\neuron_search_20260605\manual_self\screen_1_seed13_smoke_rank_memory_hybrid_v1_rank_competition_memory_centered_gate_neuron\result.json
neuron_search/screen_1_seed13_smoke_rank_hybrid_regularized_v1_rank_competition_memory_normed_centered_gate_neuron/result/standalone_longseq_anchor_train,neuron_search,1,255.0,10.835021228416293,10.835021228416293,255.0,4936754.0,4088.6483085934256,,json_report_history,artifacts\benchmark_runs\language\neuron_search_20260605\manual_self\screen_1_seed13_smoke_rank_hybrid_regularized_v1_rank_competition_memory_normed_centered_gate_neuron\result.json
neuron_search/screen_1_seed13_smoke_rank_hybrid_regularized_v1_rank_competition_memory_small_centered_gate_neuron/result/standalone_longseq_anchor_train,neuron_search,1,255.0,10.835054975397446,10.835054975397446,255.0,4936754.0,4457.192598022442,,json_report_history,artifacts\benchmark_runs\language\neuron_search_20260605\manual_self\screen_1_seed13_smoke_rank_hybrid_regularized_v1_rank_competition_memory_small_centered_gate_neuron\result.json
neuron_search/screen_1_seed13_smoke_suppressed_stable_v1_rank_competition_memory_suppressed_small_centered_gate_neuron/result/standalone_longseq_anchor_train,neuron_search,1,255.0,10.835186982622334,10.835186982622334,255.0,4936754.0,4038.8489753581475,200.5107421875,json_report_history,artifacts\benchmark_runs\language\neuron_search_20260605\manual_self\screen_1_seed13_smoke_suppressed_stable_v1_rank_competition_memory_suppressed_small_centered_gate_neuron\result.json
neuron_search/screen_1_seed13_smoke_rank_competition_masks_v1_rank_competition_memory_uncertainty_centered_gate_neuron/result/standalone_longseq_anchor_train,neuron_search,1,255.0,10.83521374908148,10.83521374908148,255.0,4936754.0,4205.172857320914,,json_report_history,artifacts\benchmark_runs\language\neuron_search_20260605\manual_self\screen_1_seed13_smoke_rank_competition_masks_v1_rank_competition_memory_uncertainty_centered_gate_neuron\result.json
neuron_search/screen_1_seed13_smoke_rank_competition_masks_v1_rank_competition_memory_suppressed_centered_gate_neuron/result/standalone_longseq_anchor_train,neuron_search,1,255.0,10.835237826553046,10.835237826553046,255.0,4936754.0,3926.5745950289142,,json_report_history,artifacts\benchmark_runs\language\neuron_search_20260605\manual_self\screen_1_seed13_smoke_rank_competition_masks_v1_rank_competition_memory_suppressed_centered_gate_neuron\result.json
neuron_search/screen_1_seed13_smoke_suppressed_stable_v1_rank_competition_memory_suppressed_bounded_small_centered_gate_neuron/result/standalone_longseq_anchor_train,neuron_search,1,255.0,10.835248017778584,10.835248017778584,255.0,4936754.0,11457.275594074195,313.568359375,json_report_history,artifacts\benchmark_runs\language\neuron_search_20260605\manual_self\screen_1_seed13_smoke_suppressed_stable_v1_rank_competition_memory_suppressed_bounded_small_centered_gate_neuron\result.json
neuron_search/screen_1_seed13_smoke_suppressed_stable_v1_rank_competition_memory_suppressed_normed_centered_gate_neuron/result/standalone_longseq_anchor_train,neuron_search,1,255.0,10.835278651293587,10.835278651293587,255.0,4936754.0,6553.113628010286,370.09716796875,json_report_history,artifacts\benchmark_runs\language\neuron_search_20260605\manual_self\screen_1_seed13_smoke_suppressed_stable_v1_rank_competition_memory_suppressed_normed_centered_gate_neuron\result.json
neuron_search/screen_1_seed13_smoke_suppressed_guarded_v1_rank_competition_memory_suppressed_energy_matched_centered_gate_neuron/result/standalone_longseq_anchor_train,neuron_search,1,255.0,10.835278770970364,10.835278770970364,255.0,4936754.0,4935.270539952943,200.5107421875,json_report_history,artifacts\benchmark_runs\language\neuron_search_20260605\manual_self\screen_1_seed13_smoke_suppressed_guarded_v1_rank_competition_memory_suppressed_energy_matched_centered_gate_neuron\result.json
neuron_search/screen_1_seed13_smoke_suppressed_guarded_v1_rank_competition_memory_suppressed_stopgrad_mask_centered_gate_neuron/result/standalone_longseq_anchor_train,neuron_search,1,255.0,10.835324721242868,10.835324721242868,255.0,4936754.0,11783.842735581728,257.03955078125,json_report_history,artifacts\benchmark_runs\language\neuron_search_20260605\manual_self\screen_1_seed13_smoke_suppressed_guarded_v1_rank_competition_memory_suppressed_stopgrad_mask_centered_gate_neuron\result.json
neuron_search/screen_1_seed13_smoke_suppressed_stable_v1_rank_competition_memory_suppressed_bounded_centered_gate_neuron/result/standalone_longseq_anchor_train,neuron_search,1,255.0,10.835324839049695,10.835324839049695,255.0,4936754.0,10900.743386849641,257.03955078125,json_report_history,artifacts\benchmark_runs\language\neuron_search_20260605\manual_self\screen_1_seed13_smoke_suppressed_stable_v1_rank_competition_memory_suppressed_bounded_centered_gate_neuron\result.json
neuron_search/screen_1_seed13_smoke_rank_hybrid_cost_ablate_v1_rank_competition_memory_factor_centered_gate_neuron/result/standalone_longseq_anchor_train,neuron_search,1,255.0,10.838217191135183,10.838217191135183,255.0,4935654.0,3692.2435374505776,,json_report_history,artifacts\benchmark_runs\language\neuron_search_20260605\manual_self\screen_1_seed13_smoke_rank_hybrid_cost_ablate_v1_rank_competition_memory_factor_centered_gate_neuron\result.json
neuron_search/screen_1_seed13_smoke_hidden_drop_p35_p40_v1_hidden_drop_p40_square_neuron/result/standalone_longseq_anchor_train,neuron_search,1,255.0,10.840410709381104,10.840410709381104,255.0,4936113.0,17295.992075399252,306.64208984375,json_report_history,artifacts\benchmark_runs\language\neuron_search_20260605\manual_self\screen_1_seed13_smoke_hidden_drop_p35_p40_v1_hidden_drop_p40_square_neuron\result.json
neuron_search/screen_1_seed13_smoke_hidden_drop_strength_v1_memory_energy_drop_square_neuron/result/standalone_longseq_anchor_train,neuron_search,1,255.0,10.840456485748291,10.840456485748291,255.0,4936113.0,3127.8173355332106,363.16015625,json_report_history,artifacts\benchmark_runs\language\neuron_search_20260605\manual_self\screen_1_seed13_smoke_hidden_drop_strength_v1_memory_energy_drop_square_neuron\result.json
neuron_search/screen_1_seed13_smoke_hidden_drop_p25_p30_v1_baseline/result/standalone_longseq_anchor_train,neuron_search,1,255.0,10.840487480163574,10.840487480163574,255.0,4936113.0,695.8725750829674,192.6865234375,json_report_history,artifacts\benchmark_runs\language\neuron_search_20260605\manual_self\screen_1_seed13_smoke_hidden_drop_p25_p30_v1_baseline\result.json
neuron_search/screen_1_seed13_smoke_hidden_drop_p35_p40_v1_hidden_drop_p35_square_neuron/result/standalone_longseq_anchor_train,neuron_search,1,255.0,10.840502738952637,10.840502738952637,255.0,4936113.0,14981.581468460621,249.20458984375,json_report_history,artifacts\benchmark_runs\language\neuron_search_20260605\manual_self\screen_1_seed13_smoke_hidden_drop_p35_p40_v1_hidden_drop_p35_square_neuron\result.json
neuron_search/screen_1_seed13_smoke_hidden_drop_p25_p30_v1_hidden_drop_p30_square_neuron/result/standalone_longseq_anchor_train,neuron_search,1,255.0,10.8405179977417,10.8405179977417,255.0,4936113.0,13117.351429652237,306.64208984375,json_report_history,artifacts\benchmark_runs\language\neuron_search_20260605\manual_self\screen_1_seed13_smoke_hidden_drop_p25_p30_v1_hidden_drop_p30_square_neuron\result.json
neuron_search/screen_1_seed13_smoke_hidden_drop_p25_p30_v1_hidden_drop_p25_square_neuron/result/standalone_longseq_anchor_train,neuron_search,1,255.0,10.840548515319824,10.840548515319824,255.0,4936113.0,13888.35937634998,249.20458984375,json_report_history,artifacts\benchmark_runs\language\neuron_search_20260605\manual_self\screen_1_seed13_smoke_hidden_drop_p25_p30_v1_hidden_drop_p25_square_neuron\result.json
neuron_search/screen_1_seed13_smoke_hidden_drop_strength_v1_hidden_drop_mid_square_neuron/result/standalone_longseq_anchor_train,neuron_search,1,255.0,10.840563774108887,10.840563774108887,255.0,4936113.0,15747.253495555351,249.20458984375,json_report_history,artifacts\benchmark_runs\language\neuron_search_20260605\manual_self\screen_1_seed13_smoke_hidden_drop_strength_v1_hidden_drop_mid_square_neuron\result.json
neuron_search/screen_1_seed13_smoke_rank_hybrid_cost_ablate_v1_rank_competition_memory_scalar_centered_gate_neuron/result/standalone_longseq_anchor_train,neuron_search,1,255.0,10.842466038348627,10.842466038348627,255.0,4935103.0,3764.654471199903,,json_report_history,artifacts\benchmark_runs\language\neuron_search_20260605\manual_self\screen_1_seed13_smoke_rank_hybrid_cost_ablate_v1_rank_competition_memory_scalar_centered_gate_neuron\result.json
neuron_search/screen_1_seed13_smoke_memory_gate_v2_phase_residual_memory_scalar_centered_gate_neuron/result/standalone_longseq_anchor_train,neuron_search,1,255.0,10.842589204451617,10.842589204451617,255.0,4935102.0,3826.0540777680994,,json_report_history,artifacts\benchmark_runs\language\neuron_search_20260605\manual_self\screen_1_seed13_smoke_memory_gate_v2_phase_residual_memory_scalar_centered_gate_neuron\result.json
neuron_search/screen_1_seed13_smoke_memory_gate_v2_phase_residual_memory_scalar_gate_neuron/result/standalone_longseq_anchor_train,neuron_search,1,255.0,10.842660593519025,10.842660593519025,255.0,4935102.0,3752.151969676864,,json_report_history,artifacts\benchmark_runs\language\neuron_search_20260605\manual_self\screen_1_seed13_smoke_memory_gate_v2_phase_residual_memory_scalar_gate_neuron\result.json
neuron_search/screen_1_seed13_smoke_memory_square_gain_memory_square_scalar_gain_neuron/result/standalone_longseq_anchor_train,neuron_search,1,255.0,10.842679190168194,10.842679190168194,255.0,4934974.0,4634.25715602013,,json_report_history,artifacts\benchmark_runs\language\neuron_search_20260605\manual_self\screen_1_seed13_smoke_memory_square_gain_memory_square_scalar_gain_neuron\result.json
neuron_search/screen_1_seed13_smoke_conv_memory_agreement_memory_square_conv_agreement_gain_neuron/result/standalone_longseq_anchor_train,neuron_search,1,255.0,10.842679665135403,10.842679665135403,255.0,4934975.0,3482.7549002440774,,json_report_history,artifacts\benchmark_runs\language\neuron_search_20260605\manual_self\screen_1_seed13_smoke_conv_memory_agreement_memory_square_conv_agreement_gain_neuron\result.json
neuron_search/screen_1_seed13_smoke_boundary_residual_v1_phase_residual_memory_boundary_scalar_gate_neuron/result/standalone_longseq_anchor_train,neuron_search,1,255.0,10.84269224054673,10.84269224054673,255.0,4935102.0,3982.7756665613765,,json_report_history,artifacts\benchmark_runs\language\neuron_search_20260605\manual_self\screen_1_seed13_smoke_boundary_residual_v1_phase_residual_memory_boundary_scalar_gate_neuron\result.json
