group,variant,seed,steps,sequence_length,val_blocks,embedding_dim,conv_layers,sampled_vocab_size,cache_path,baseline_val_loss,candidate_val_loss,val_delta_vs_baseline,baseline_train_loss,candidate_train_loss,train_delta_vs_baseline,baseline_tok_per_sec,candidate_tok_per_sec,speed_ratio_vs_baseline,baseline_peak_vram_mb,candidate_peak_vram_mb,baseline_params,candidate_params,param_delta,result_path,baseline_result_path
screen_1_seed13_smoke_boundary_residual_v1,phase_residual_boundary_centered_neuron,13,1,255,2,64,1,512,E:\CODEXRESEARCH\RESEARCH-1\artifacts\benchmark_runs\language\neuron_search_20260605\screen_cache_synth_seq255_train768_val64_gpt2.pt,10.830851315517052,10.831151857563093,0.0003005420460411301,8.760231971740723,8.760512351989746,0.0002803802490234375,3785.3709513287163,4228.617291793685,1.1170945585423755,,,4934961,4935089,128,E:\CODEXRESEARCH\RESEARCH-1\artifacts\benchmark_runs\language\neuron_search_20260605\manual_self\screen_1_seed13_smoke_boundary_residual_v1_phase_residual_boundary_centered_neuron\result.json,E:\CODEXRESEARCH\RESEARCH-1\artifacts\benchmark_runs\language\neuron_search_20260605\manual_self\screen_1_seed13_smoke_boundary_residual_v1_baseline\result.json
screen_1_seed13_smoke_boundary_residual_v1,phase_residual_boundary_blend_neuron,13,1,255,2,64,1,512,E:\CODEXRESEARCH\RESEARCH-1\artifacts\benchmark_runs\language\neuron_search_20260605\screen_cache_synth_seq255_train768_val64_gpt2.pt,10.830851315517052,10.831248191758698,0.0003968762416466376,8.760231971740723,8.760821342468262,0.0005893707275390625,3785.3709513287163,4367.866887837728,1.1538808069271382,,,4934961,4935089,128,E:\CODEXRESEARCH\RESEARCH-1\artifacts\benchmark_runs\language\neuron_search_20260605\manual_self\screen_1_seed13_smoke_boundary_residual_v1_phase_residual_boundary_blend_neuron\result.json,E:\CODEXRESEARCH\RESEARCH-1\artifacts\benchmark_runs\language\neuron_search_20260605\manual_self\screen_1_seed13_smoke_boundary_residual_v1_baseline\result.json
screen_1_seed13_smoke_boundary_residual_v1,phase_residual_memory_boundary_gate_neuron,13,1,255,2,64,1,512,E:\CODEXRESEARCH\RESEARCH-1\artifacts\benchmark_runs\language\neuron_search_20260605\screen_cache_synth_seq255_train768_val64_gpt2.pt,10.830851315517052,10.83484841702031,0.0039971015032591595,8.760231971740723,8.72768783569336,-0.03254413604736328,3785.3709513287163,4386.3270447560235,1.1587575170714415,,,4934961,4936753,1792,E:\CODEXRESEARCH\RESEARCH-1\artifacts\benchmark_runs\language\neuron_search_20260605\manual_self\screen_1_seed13_smoke_boundary_residual_v1_phase_residual_memory_boundary_gate_neuron\result.json,E:\CODEXRESEARCH\RESEARCH-1\artifacts\benchmark_runs\language\neuron_search_20260605\manual_self\screen_1_seed13_smoke_boundary_residual_v1_baseline\result.json
screen_1_seed13_smoke_boundary_residual_v1,phase_residual_memory_boundary_centered_gate_neuron,13,1,255,2,64,1,512,E:\CODEXRESEARCH\RESEARCH-1\artifacts\benchmark_runs\language\neuron_search_20260605\screen_cache_synth_seq255_train768_val64_gpt2.pt,10.830851315517052,10.834906927744548,0.004055612227496397,8.760231971740723,8.728001594543457,-0.032230377197265625,3785.3709513287163,3934.3655256377137,1.0393606270626392,,,4934961,4936753,1792,E:\CODEXRESEARCH\RESEARCH-1\artifacts\benchmark_runs\language\neuron_search_20260605\manual_self\screen_1_seed13_smoke_boundary_residual_v1_phase_residual_memory_boundary_centered_gate_neuron\result.json,E:\CODEXRESEARCH\RESEARCH-1\artifacts\benchmark_runs\language\neuron_search_20260605\manual_self\screen_1_seed13_smoke_boundary_residual_v1_baseline\result.json
screen_1_seed13_smoke_boundary_residual_v1,phase_residual_memory_boundary_scalar_gate_neuron,13,1,255,2,64,1,512,E:\CODEXRESEARCH\RESEARCH-1\artifacts\benchmark_runs\language\neuron_search_20260605\screen_cache_synth_seq255_train768_val64_gpt2.pt,10.830851315517052,10.84269224054673,0.011840925029678928,8.760231971740723,8.700454711914062,-0.059777259826660156,3785.3709513287163,3982.7756665613765,1.0521493712956635,,,4934961,4935102,141,E:\CODEXRESEARCH\RESEARCH-1\artifacts\benchmark_runs\language\neuron_search_20260605\manual_self\screen_1_seed13_smoke_boundary_residual_v1_phase_residual_memory_boundary_scalar_gate_neuron\result.json,E:\CODEXRESEARCH\RESEARCH-1\artifacts\benchmark_runs\language\neuron_search_20260605\manual_self\screen_1_seed13_smoke_boundary_residual_v1_baseline\result.json
screen_1_seed13_smoke_conv_memory_agreement,phase_residual_memory_conv_centered_agreement_neuron,13,1,255,2,64,1,512,E:\CODEXRESEARCH\RESEARCH-1\artifacts\benchmark_runs\language\neuron_search_20260605\screen_cache_synth_seq255_train768_val64_gpt2.pt,10.830851315517052,10.831523687699262,0.000672372182210168,8.760231971740723,8.761295318603516,0.0010633468627929688,3707.4353707061887,4371.843272167133,1.1792095707751715,,,4934961,4935090,129,E:\CODEXRESEARCH\RESEARCH-1\artifacts\benchmark_runs\language\neuron_search_20260605\manual_self\screen_1_seed13_smoke_conv_memory_agreement_phase_residual_memory_conv_centered_agreement_neuron\result.json,E:\CODEXRESEARCH\RESEARCH-1\artifacts\benchmark_runs\language\neuron_search_20260605\manual_self\screen_1_seed13_smoke_conv_memory_agreement_baseline\result.json
screen_1_seed13_smoke_conv_memory_agreement,phase_residual_memory_conv_disagreement_damp_neuron,13,1,255,2,64,1,512,E:\CODEXRESEARCH\RESEARCH-1\artifacts\benchmark_runs\language\neuron_search_20260605\screen_cache_synth_seq255_train768_val64_gpt2.pt,10.830851315517052,10.831710637784472,0.0008593222674200263,8.760231971740723,8.76187801361084,0.0016460418701171875,3707.4353707061887,3789.269087177317,1.0220728639311494,,,4934961,4935090,129,E:\CODEXRESEARCH\RESEARCH-1\artifacts\benchmark_runs\language\neuron_search_20260605\manual_self\screen_1_seed13_smoke_conv_memory_agreement_phase_residual_memory_conv_disagreement_damp_neuron\result.json,E:\CODEXRESEARCH\RESEARCH-1\artifacts\benchmark_runs\language\neuron_search_20260605\manual_self\screen_1_seed13_smoke_conv_memory_agreement_baseline\result.json
screen_1_seed13_smoke_conv_memory_agreement,phase_residual_memory_conv_agreement_neuron,13,1,255,2,64,1,512,E:\CODEXRESEARCH\RESEARCH-1\artifacts\benchmark_runs\language\neuron_search_20260605\screen_cache_synth_seq255_train768_val64_gpt2.pt,10.830851315517052,10.831711591458788,0.0008602759417364325,8.760231971740723,8.76187801361084,0.0016460418701171875,3707.4353707061887,4217.343701987003,1.137536674357101,,,4934961,4935090,129,E:\CODEXRESEARCH\RESEARCH-1\artifacts\benchmark_runs\language\neuron_search_20260605\manual_self\screen_1_seed13_smoke_conv_memory_agreement_phase_residual_memory_conv_agreement_neuron\result.json,E:\CODEXRESEARCH\RESEARCH-1\artifacts\benchmark_runs\language\neuron_search_20260605\manual_self\screen_1_seed13_smoke_conv_memory_agreement_baseline\result.json
screen_1_seed13_smoke_conv_memory_agreement,memory_square_conv_agreement_gain_neuron,13,1,255,2,64,1,512,E:\CODEXRESEARCH\RESEARCH-1\artifacts\benchmark_runs\language\neuron_search_20260605\screen_cache_synth_seq255_train768_val64_gpt2.pt,10.830851315517052,10.842679665135403,0.011828349618351552,8.760231971740723,8.70004653930664,-0.06018543243408203,3707.4353707061887,3482.7549002440774,0.9393973331976615,,,4934961,4934975,14,E:\CODEXRESEARCH\RESEARCH-1\artifacts\benchmark_runs\language\neuron_search_20260605\manual_self\screen_1_seed13_smoke_conv_memory_agreement_memory_square_conv_agreement_gain_neuron\result.json,E:\CODEXRESEARCH\RESEARCH-1\artifacts\benchmark_runs\language\neuron_search_20260605\manual_self\screen_1_seed13_smoke_conv_memory_agreement_baseline\result.json
screen_1_seed13_smoke_hidden_drop_endpoint_v1,hidden_drop_ultra_square_neuron,13,1,255,2,64,1,512,E:\CODEXRESEARCH\RESEARCH-1\artifacts\benchmark_runs\language\neuron_search_20260605\screen_cache_synth_seq255_train768_val64_gpt2.pt,10.840487480163574,10.840487480163574,0.0,8.700194358825684,8.699203491210938,-0.0009908676147460938,711.6470387002386,12665.709702607059,17.797741034291207,192.6865234375,249.20458984375,4936113,4936113,0,E:\CODEXRESEARCH\RESEARCH-1\artifacts\benchmark_runs\language\neuron_search_20260605\manual_self\screen_1_seed13_smoke_hidden_drop_endpoint_v1_hidden_drop_ultra_square_neuron\result.json,E:\CODEXRESEARCH\RESEARCH-1\artifacts\benchmark_runs\language\neuron_search_20260605\manual_self\screen_1_seed13_smoke_hidden_drop_endpoint_v1_baseline\result.json
screen_1_seed13_smoke_hidden_drop_endpoint_v1,hidden_drop_extreme_square_neuron,13,1,255,2,64,1,512,E:\CODEXRESEARCH\RESEARCH-1\artifacts\benchmark_runs\language\neuron_search_20260605\screen_cache_synth_seq255_train768_val64_gpt2.pt,10.840487480163574,10.8405179977417,3.0517578125e-05,8.700194358825684,8.69888973236084,-0.00130462646484375,711.6470387002386,13837.338017178468,19.444102574291833,192.6865234375,306.64208984375,4936113,4936113,0,E:\CODEXRESEARCH\RESEARCH-1\artifacts\benchmark_runs\language\neuron_search_20260605\manual_self\screen_1_seed13_smoke_hidden_drop_endpoint_v1_hidden_drop_extreme_square_neuron\result.json,E:\CODEXRESEARCH\RESEARCH-1\artifacts\benchmark_runs\language\neuron_search_20260605\manual_self\screen_1_seed13_smoke_hidden_drop_endpoint_v1_baseline\result.json
screen_1_seed13_smoke_hidden_drop_p25_p30_v1,hidden_drop_p30_square_neuron,13,1,255,2,64,1,512,E:\CODEXRESEARCH\RESEARCH-1\artifacts\benchmark_runs\language\neuron_search_20260605\screen_cache_synth_seq255_train768_val64_gpt2.pt,10.840487480163574,10.8405179977417,3.0517578125e-05,8.700194358825684,8.699332237243652,-0.00086212158203125,695.8725750829674,13117.351429652237,18.85022042733655,192.6865234375,306.64208984375,4936113,4936113,0,E:\CODEXRESEARCH\RESEARCH-1\artifacts\benchmark_runs\language\neuron_search_20260605\manual_self\screen_1_seed13_smoke_hidden_drop_p25_p30_v1_hidden_drop_p30_square_neuron\result.json,E:\CODEXRESEARCH\RESEARCH-1\artifacts\benchmark_runs\language\neuron_search_20260605\manual_self\screen_1_seed13_smoke_hidden_drop_p25_p30_v1_baseline\result.json
screen_1_seed13_smoke_hidden_drop_p25_p30_v1,hidden_drop_p25_square_neuron,13,1,255,2,64,1,512,E:\CODEXRESEARCH\RESEARCH-1\artifacts\benchmark_runs\language\neuron_search_20260605\screen_cache_synth_seq255_train768_val64_gpt2.pt,10.840487480163574,10.840548515319824,6.103515625e-05,8.700194358825684,8.699736595153809,-0.000457763671875,695.8725750829674,13888.35937634998,19.95819331534096,192.6865234375,249.20458984375,4936113,4936113,0,E:\CODEXRESEARCH\RESEARCH-1\artifacts\benchmark_runs\language\neuron_search_20260605\manual_self\screen_1_seed13_smoke_hidden_drop_p25_p30_v1_hidden_drop_p25_square_neuron\result.json,E:\CODEXRESEARCH\RESEARCH-1\artifacts\benchmark_runs\language\neuron_search_20260605\manual_self\screen_1_seed13_smoke_hidden_drop_p25_p30_v1_baseline\result.json
screen_1_seed13_smoke_hidden_drop_p35_p40_v1,hidden_drop_p40_square_neuron,13,1,255,2,64,1,512,E:\CODEXRESEARCH\RESEARCH-1\artifacts\benchmark_runs\language\neuron_search_20260605\screen_cache_synth_seq255_train768_val64_gpt2.pt,10.840487480163574,10.840410709381104,-7.677078247070312e-05,8.700194358825684,8.69843864440918,-0.0017557144165039062,641.1756999893714,17295.992075399252,26.975432905030498,192.6865234375,306.64208984375,4936113,4936113,0,E:\CODEXRESEARCH\RESEARCH-1\artifacts\benchmark_runs\language\neuron_search_20260605\manual_self\screen_1_seed13_smoke_hidden_drop_p35_p40_v1_hidden_drop_p40_square_neuron\result.json,E:\CODEXRESEARCH\RESEARCH-1\artifacts\benchmark_runs\language\neuron_search_20260605\manual_self\screen_1_seed13_smoke_hidden_drop_p35_p40_v1_baseline\result.json
screen_1_seed13_smoke_hidden_drop_p35_p40_v1,hidden_drop_p35_square_neuron,13,1,255,2,64,1,512,E:\CODEXRESEARCH\RESEARCH-1\artifacts\benchmark_runs\language\neuron_search_20260605\screen_cache_synth_seq255_train768_val64_gpt2.pt,10.840487480163574,10.840502738952637,1.52587890625e-05,8.700194358825684,8.699165344238281,-0.0010290145874023438,641.1756999893714,14981.581468460621,23.36579734495391,192.6865234375,249.20458984375,4936113,4936113,0,E:\CODEXRESEARCH\RESEARCH-1\artifacts\benchmark_runs\language\neuron_search_20260605\manual_self\screen_1_seed13_smoke_hidden_drop_p35_p40_v1_hidden_drop_p35_square_neuron\result.json,E:\CODEXRESEARCH\RESEARCH-1\artifacts\benchmark_runs\language\neuron_search_20260605\manual_self\screen_1_seed13_smoke_hidden_drop_p35_p40_v1_baseline\result.json
screen_1_seed13_smoke_hidden_drop_strength_v1,memory_energy_drop_square_neuron,13,1,255,2,64,1,512,E:\CODEXRESEARCH\RESEARCH-1\artifacts\benchmark_runs\language\neuron_search_20260605\screen_cache_synth_seq255_train768_val64_gpt2.pt,10.840487480163574,10.840456485748291,-3.0994415283203125e-05,8.700194358825684,8.699285507202148,-0.0009088516235351562,722.8200526831182,3127.8173355332106,4.327242062423017,192.6865234375,363.16015625,4936113,4936113,0,E:\CODEXRESEARCH\RESEARCH-1\artifacts\benchmark_runs\language\neuron_search_20260605\manual_self\screen_1_seed13_smoke_hidden_drop_strength_v1_memory_energy_drop_square_neuron\result.json,E:\CODEXRESEARCH\RESEARCH-1\artifacts\benchmark_runs\language\neuron_search_20260605\manual_self\screen_1_seed13_smoke_hidden_drop_strength_v1_baseline\result.json
screen_1_seed13_smoke_hidden_drop_strength_v1,hidden_drop_high_square_neuron,13,1,255,2,64,1,512,E:\CODEXRESEARCH\RESEARCH-1\artifacts\benchmark_runs\language\neuron_search_20260605\screen_cache_synth_seq255_train768_val64_gpt2.pt,10.840487480163574,10.840487480163574,0.0,8.700194358825684,8.699263572692871,-0.0009307861328125,722.8200526831182,17211.006949682032,23.810915159028216,192.6865234375,306.64208984375,4936113,4936113,0,E:\CODEXRESEARCH\RESEARCH-1\artifacts\benchmark_runs\language\neuron_search_20260605\manual_self\screen_1_seed13_smoke_hidden_drop_strength_v1_hidden_drop_high_square_neuron\result.json,E:\CODEXRESEARCH\RESEARCH-1\artifacts\benchmark_runs\language\neuron_search_20260605\manual_self\screen_1_seed13_smoke_hidden_drop_strength_v1_baseline\result.json
screen_1_seed13_smoke_hidden_drop_strength_v1,hidden_drop_mid_square_neuron,13,1,255,2,64,1,512,E:\CODEXRESEARCH\RESEARCH-1\artifacts\benchmark_runs\language\neuron_search_20260605\screen_cache_synth_seq255_train768_val64_gpt2.pt,10.840487480163574,10.840563774108887,7.62939453125e-05,8.700194358825684,8.699210166931152,-0.00098419189453125,722.8200526831182,15747.253495555351,21.785855880867338,192.6865234375,249.20458984375,4936113,4936113,0,E:\CODEXRESEARCH\RESEARCH-1\artifacts\benchmark_runs\language\neuron_search_20260605\manual_self\screen_1_seed13_smoke_hidden_drop_strength_v1_hidden_drop_mid_square_neuron\result.json,E:\CODEXRESEARCH\RESEARCH-1\artifacts\benchmark_runs\language\neuron_search_20260605\manual_self\screen_1_seed13_smoke_hidden_drop_strength_v1_baseline\result.json
screen_1_seed13_smoke_hidden_regularizer_v1,rank_competition_fixed_feather_channel_drop_neuron,13,1,255,2,64,1,512,E:\CODEXRESEARCH\RESEARCH-1\artifacts\benchmark_runs\language\neuron_search_20260605\screen_cache_synth_seq255_train768_val64_gpt2.pt,10.830943487204758,10.83086701374428,-7.647346047789938e-05,8.75939655303955,8.75916862487793,-0.00022792816162109375,675.8873605756802,14896.077956034447,22.039290605089676,143.97119140625,426.49658203125,4934961,4934961,0,E:\CODEXRESEARCH\RESEARCH-1\artifacts\benchmark_runs\language\neuron_search_20260605\manual_self\screen_1_seed13_smoke_hidden_regularizer_v1_rank_competition_fixed_feather_channel_drop_neuron\result.json,E:\CODEXRESEARCH\RESEARCH-1\artifacts\benchmark_runs\language\neuron_search_20260605\manual_self\screen_1_seed13_smoke_hidden_regularizer_v1_baseline\result.json
screen_1_seed13_smoke_hidden_regularizer_v1,rank_competition_fixed_feather_hidden_drop_neuron,13,1,255,2,64,1,512,E:\CODEXRESEARCH\RESEARCH-1\artifacts\benchmark_runs\language\neuron_search_20260605\screen_cache_synth_seq255_train768_val64_gpt2.pt,10.830943487204758,10.830974240396538,3.075319177980873e-05,8.75939655303955,8.761372566223145,0.00197601318359375,675.8873605756802,7855.193360940446,11.622045061250834,143.97119140625,369.9912109375,4934961,4934961,0,E:\CODEXRESEARCH\RESEARCH-1\artifacts\benchmark_runs\language\neuron_search_20260605\manual_self\screen_1_seed13_smoke_hidden_regularizer_v1_rank_competition_fixed_feather_hidden_drop_neuron\result.json,E:\CODEXRESEARCH\RESEARCH-1\artifacts\benchmark_runs\language\neuron_search_20260605\manual_self\screen_1_seed13_smoke_hidden_regularizer_v1_baseline\result.json
screen_1_seed13_smoke_hidden_regularizer_v1,hidden_drop_square_neuron,13,1,255,2,64,1,512,E:\CODEXRESEARCH\RESEARCH-1\artifacts\benchmark_runs\language\neuron_search_20260605\screen_cache_synth_seq255_train768_val64_gpt2.pt,10.830943487204758,10.830974242266487,3.0755061729337285e-05,8.75939655303955,8.761380195617676,0.001983642578125,675.8873605756802,11175.975598995368,16.535263493426395,143.97119140625,200.47607421875,4934961,4934961,0,E:\CODEXRESEARCH\RESEARCH-1\artifacts\benchmark_runs\language\neuron_search_20260605\manual_self\screen_1_seed13_smoke_hidden_regularizer_v1_hidden_drop_square_neuron\result.json,E:\CODEXRESEARCH\RESEARCH-1\artifacts\benchmark_runs\language\neuron_search_20260605\manual_self\screen_1_seed13_smoke_hidden_regularizer_v1_baseline\result.json
screen_1_seed13_smoke_hidden_regularizer_v1,hidden_drop_low_square_neuron,13,1,255,2,64,1,512,E:\CODEXRESEARCH\RESEARCH-1\artifacts\benchmark_runs\language\neuron_search_20260605\screen_cache_synth_seq255_train768_val64_gpt2.pt,10.830943487204758,10.830974358203365,3.0870998607213096e-05,8.75939655303955,8.759419441223145,2.288818359375e-05,675.8873605756802,11638.627462662364,17.219773798920105,143.97119140625,256.98095703125,4934961,4934961,0,E:\CODEXRESEARCH\RESEARCH-1\artifacts\benchmark_runs\language\neuron_search_20260605\manual_self\screen_1_seed13_smoke_hidden_regularizer_v1_hidden_drop_low_square_neuron\result.json,E:\CODEXRESEARCH\RESEARCH-1\artifacts\benchmark_runs\language\neuron_search_20260605\manual_self\screen_1_seed13_smoke_hidden_regularizer_v1_baseline\result.json
screen_1_seed13_smoke_hidden_regularizer_v1,channel_drop_square_neuron,13,1,255,2,64,1,512,E:\CODEXRESEARCH\RESEARCH-1\artifacts\benchmark_runs\language\neuron_search_20260605\screen_cache_synth_seq255_train768_val64_gpt2.pt,10.830943487204758,10.83100487578149,6.13885767322131e-05,8.75939655303955,8.759191513061523,-0.00020503997802734375,675.8873605756802,8042.9208102268685,11.899794669005782,143.97119140625,313.48583984375,4934961,4934961,0,E:\CODEXRESEARCH\RESEARCH-1\artifacts\benchmark_runs\language\neuron_search_20260605\manual_self\screen_1_seed13_smoke_hidden_regularizer_v1_channel_drop_square_neuron\result.json,E:\CODEXRESEARCH\RESEARCH-1\artifacts\benchmark_runs\language\neuron_search_20260605\manual_self\screen_1_seed13_smoke_hidden_regularizer_v1_baseline\result.json
screen_1_seed13_smoke_memory_gate_v2,phase_residual_memory_group_gate_neuron,13,1,255,2,64,1,512,E:\CODEXRESEARCH\RESEARCH-1\artifacts\benchmark_runs\language\neuron_search_20260605\screen_cache_synth_seq255_train768_val64_gpt2.pt,10.830851315517052,10.829760246650846,-0.0010910688662058021,8.760231971740723,8.694265365600586,-0.06596660614013672,3189.8644871436745,2545.5148028806093,0.7980009223401084,,,4934961,4935297,336,E:\CODEXRESEARCH\RESEARCH-1\artifacts\benchmark_runs\language\neuron_search_20260605\manual_self\screen_1_seed13_smoke_memory_gate_v2_phase_residual_memory_group_gate_neuron\result.json,E:\CODEXRESEARCH\RESEARCH-1\artifacts\benchmark_runs\language\neuron_search_20260605\manual_self\screen_1_seed13_smoke_memory_gate_v2_baseline\result.json
screen_1_seed13_smoke_memory_gate_v2,phase_residual_memory_normed_gate_neuron,13,1,255,2,64,1,512,E:\CODEXRESEARCH\RESEARCH-1\artifacts\benchmark_runs\language\neuron_search_20260605\screen_cache_synth_seq255_train768_val64_gpt2.pt,10.830851315517052,10.834771683636834,0.00392036811978258,8.760231971740723,8.727079391479492,-0.03315258026123047,3189.8644871436745,3177.146473907969,0.9960129926249331,,,4934961,4936753,1792,E:\CODEXRESEARCH\RESEARCH-1\artifacts\benchmark_runs\language\neuron_search_20260605\manual_self\screen_1_seed13_smoke_memory_gate_v2_phase_residual_memory_normed_gate_neuron\result.json,E:\CODEXRESEARCH\RESEARCH-1\artifacts\benchmark_runs\language\neuron_search_20260605\manual_self\screen_1_seed13_smoke_memory_gate_v2_baseline\result.json
screen_1_seed13_smoke_memory_gate_v2,phase_residual_memory_centered_gate_neuron,13,1,255,2,64,1,512,E:\CODEXRESEARCH\RESEARCH-1\artifacts\benchmark_runs\language\neuron_search_20260605\screen_cache_synth_seq255_train768_val64_gpt2.pt,10.830851315517052,10.83484920613906,0.003997890622008171,8.760231971740723,8.726998329162598,-0.033233642578125,3189.8644871436745,3451.1413127367646,1.0819084405140507,,,4934961,4936753,1792,E:\CODEXRESEARCH\RESEARCH-1\artifacts\benchmark_runs\language\neuron_search_20260605\manual_self\screen_1_seed13_smoke_memory_gate_v2_phase_residual_memory_centered_gate_neuron\result.json,E:\CODEXRESEARCH\RESEARCH-1\artifacts\benchmark_runs\language\neuron_search_20260605\manual_self\screen_1_seed13_smoke_memory_gate_v2_baseline\result.json
screen_1_seed13_smoke_memory_gate_v2,phase_residual_memory_scalar_centered_gate_neuron,13,1,255,2,64,1,512,E:\CODEXRESEARCH\RESEARCH-1\artifacts\benchmark_runs\language\neuron_search_20260605\screen_cache_synth_seq255_train768_val64_gpt2.pt,10.830851315517052,10.842589204451617,0.011737888934565177,8.760231971740723,8.700586318969727,-0.059645652770996094,3189.8644871436745,3826.0540777680994,1.1994409459049131,,,4934961,4935102,141,E:\CODEXRESEARCH\RESEARCH-1\artifacts\benchmark_runs\language\neuron_search_20260605\manual_self\screen_1_seed13_smoke_memory_gate_v2_phase_residual_memory_scalar_centered_gate_neuron\result.json,E:\CODEXRESEARCH\RESEARCH-1\artifacts\benchmark_runs\language\neuron_search_20260605\manual_self\screen_1_seed13_smoke_memory_gate_v2_baseline\result.json
screen_1_seed13_smoke_memory_gate_v2,phase_residual_memory_scalar_gate_neuron,13,1,255,2,64,1,512,E:\CODEXRESEARCH\RESEARCH-1\artifacts\benchmark_runs\language\neuron_search_20260605\screen_cache_synth_seq255_train768_val64_gpt2.pt,10.830851315517052,10.842660593519025,0.011809278001972956,8.760231971740723,8.700801849365234,-0.05943012237548828,3189.8644871436745,3752.151969676864,1.1762731566809232,,,4934961,4935102,141,E:\CODEXRESEARCH\RESEARCH-1\artifacts\benchmark_runs\language\neuron_search_20260605\manual_self\screen_1_seed13_smoke_memory_gate_v2_phase_residual_memory_scalar_gate_neuron\result.json,E:\CODEXRESEARCH\RESEARCH-1\artifacts\benchmark_runs\language\neuron_search_20260605\manual_self\screen_1_seed13_smoke_memory_gate_v2_baseline\result.json
screen_1_seed13_smoke_memory_gate_v3,phase_residual_memory_zero_mean_gate_neuron,13,1,255,2,64,1,512,E:\CODEXRESEARCH\RESEARCH-1\artifacts\benchmark_runs\language\neuron_search_20260605\screen_cache_synth_seq255_train768_val64_gpt2.pt,10.830851315517052,10.834728353163776,0.003877037646724091,8.760231971740723,8.726419448852539,-0.033812522888183594,3583.4940050202417,3691.0891317632872,1.0300252007097854,,,4934961,4936753,1792,E:\CODEXRESEARCH\RESEARCH-1\artifacts\benchmark_runs\language\neuron_search_20260605\manual_self\screen_1_seed13_smoke_memory_gate_v3_phase_residual_memory_zero_mean_gate_neuron\result.json,E:\CODEXRESEARCH\RESEARCH-1\artifacts\benchmark_runs\language\neuron_search_20260605\manual_self\screen_1_seed13_smoke_memory_gate_v3_baseline\result.json
screen_1_seed13_smoke_memory_gate_v3,phase_residual_memory_small_gate_neuron,13,1,255,2,64,1,512,E:\CODEXRESEARCH\RESEARCH-1\artifacts\benchmark_runs\language\neuron_search_20260605\screen_cache_synth_seq255_train768_val64_gpt2.pt,10.830851315517052,10.834829195807961,0.003977880290909397,8.760231971740723,8.727733612060547,-0.03249835968017578,3583.4940050202417,4347.173825539829,1.2131103943385202,,,4934961,4936753,1792,E:\CODEXRESEARCH\RESEARCH-1\artifacts\benchmark_runs\language\neuron_search_20260605\manual_self\screen_1_seed13_smoke_memory_gate_v3_phase_residual_memory_small_gate_neuron\result.json,E:\CODEXRESEARCH\RESEARCH-1\artifacts\benchmark_runs\language\neuron_search_20260605\manual_self\screen_1_seed13_smoke_memory_gate_v3_baseline\result.json
screen_1_seed13_smoke_memory_gate_v3,phase_residual_memory_tiny_gate_neuron,13,1,255,2,64,1,512,E:\CODEXRESEARCH\RESEARCH-1\artifacts\benchmark_runs\language\neuron_search_20260605\screen_cache_synth_seq255_train768_val64_gpt2.pt,10.830851315517052,10.834896115695729,0.004044800178677477,8.760231971740723,8.728569030761719,-0.031662940979003906,3583.4940050202417,3410.30822504383,0.9516712516516591,,,4934961,4936753,1792,E:\CODEXRESEARCH\RESEARCH-1\artifacts\benchmark_runs\language\neuron_search_20260605\manual_self\screen_1_seed13_smoke_memory_gate_v3_phase_residual_memory_tiny_gate_neuron\result.json,E:\CODEXRESEARCH\RESEARCH-1\artifacts\benchmark_runs\language\neuron_search_20260605\manual_self\screen_1_seed13_smoke_memory_gate_v3_baseline\result.json
screen_1_seed13_smoke_memory_gate_v4,phase_residual_memory_bounded_gate_neuron,13,1,255,2,64,1,512,E:\CODEXRESEARCH\RESEARCH-1\artifacts\benchmark_runs\language\neuron_search_20260605\screen_cache_synth_seq255_train768_val64_gpt2.pt,10.830851315517052,10.834728351293826,0.0038770357767745622,8.760231971740723,8.726419448852539,-0.033812522888183594,3308.7920444625784,2740.1116891263882,0.8281305238605419,,,4934961,4936753,1792,E:\CODEXRESEARCH\RESEARCH-1\artifacts\benchmark_runs\language\neuron_search_20260605\manual_self\screen_1_seed13_smoke_memory_gate_v4_phase_residual_memory_bounded_gate_neuron\result.json,E:\CODEXRESEARCH\RESEARCH-1\artifacts\benchmark_runs\language\neuron_search_20260605\manual_self\screen_1_seed13_smoke_memory_gate_v4_baseline\result.json
screen_1_seed13_smoke_memory_gate_v4,phase_residual_memory_sparse_gate_neuron,13,1,255,2,64,1,512,E:\CODEXRESEARCH\RESEARCH-1\artifacts\benchmark_runs\language\neuron_search_20260605\screen_cache_synth_seq255_train768_val64_gpt2.pt,10.830851315517052,10.834728351293826,0.0038770357767745622,8.760231971740723,8.726419448852539,-0.033812522888183594,3308.7920444625784,3596.4424837566266,1.086935182214139,,,4934961,4936753,1792,E:\CODEXRESEARCH\RESEARCH-1\artifacts\benchmark_runs\language\neuron_search_20260605\manual_self\screen_1_seed13_smoke_memory_gate_v4_phase_residual_memory_sparse_gate_neuron\result.json,E:\CODEXRESEARCH\RESEARCH-1\artifacts\benchmark_runs\language\neuron_search_20260605\manual_self\screen_1_seed13_smoke_memory_gate_v4_baseline\result.json
screen_1_seed13_smoke_memory_gate_v4,phase_residual_memory_delta_gate_neuron,13,1,255,2,64,1,512,E:\CODEXRESEARCH\RESEARCH-1\artifacts\benchmark_runs\language\neuron_search_20260605\screen_cache_synth_seq255_train768_val64_gpt2.pt,10.830851315517052,10.834728353163776,0.003877037646724091,8.760231971740723,8.726419448852539,-0.033812522888183594,3308.7920444625784,3315.395526670671,1.001995738057683,,,4934961,4936753,1792,E:\CODEXRESEARCH\RESEARCH-1\artifacts\benchmark_runs\language\neuron_search_20260605\manual_self\screen_1_seed13_smoke_memory_gate_v4_phase_residual_memory_delta_gate_neuron\result.json,E:\CODEXRESEARCH\RESEARCH-1\artifacts\benchmark_runs\language\neuron_search_20260605\manual_self\screen_1_seed13_smoke_memory_gate_v4_baseline\result.json
screen_1_seed13_smoke_memory_gate_v4,phase_residual_memory_rms_gate_neuron,13,1,255,2,64,1,512,E:\CODEXRESEARCH\RESEARCH-1\artifacts\benchmark_runs\language\neuron_search_20260605\screen_cache_synth_seq255_train768_val64_gpt2.pt,10.830851315517052,10.83472859064738,0.003877275130328428,8.760231971740723,8.726419448852539,-0.033812522888183594,3308.7920444625784,4084.2934093540575,1.2343759760270574,,,4934961,4936753,1792,E:\CODEXRESEARCH\RESEARCH-1\artifacts\benchmark_runs\language\neuron_search_20260605\manual_self\screen_1_seed13_smoke_memory_gate_v4_phase_residual_memory_rms_gate_neuron\result.json,E:\CODEXRESEARCH\RESEARCH-1\artifacts\benchmark_runs\language\neuron_search_20260605\manual_self\screen_1_seed13_smoke_memory_gate_v4_baseline\result.json
screen_1_seed13_smoke_memory_gate_v4,phase_residual_memory_sparse_centered_gate_neuron,13,1,255,2,64,1,512,E:\CODEXRESEARCH\RESEARCH-1\artifacts\benchmark_runs\language\neuron_search_20260605\screen_cache_synth_seq255_train768_val64_gpt2.pt,10.830851315517052,10.834848966785506,0.003997651268454305,8.760231971740723,8.726998329162598,-0.033233642578125,3308.7920444625784,2754.8149844490613,0.832574228730807,,,4934961,4936753,1792,E:\CODEXRESEARCH\RESEARCH-1\artifacts\benchmark_runs\language\neuron_search_20260605\manual_self\screen_1_seed13_smoke_memory_gate_v4_phase_residual_memory_sparse_centered_gate_neuron\result.json,E:\CODEXRESEARCH\RESEARCH-1\artifacts\benchmark_runs\language\neuron_search_20260605\manual_self\screen_1_seed13_smoke_memory_gate_v4_baseline\result.json
screen_1_seed13_smoke_memory_gate_v4,phase_residual_memory_bounded_centered_gate_neuron,13,1,255,2,64,1,512,E:\CODEXRESEARCH\RESEARCH-1\artifacts\benchmark_runs\language\neuron_search_20260605\screen_cache_synth_seq255_train768_val64_gpt2.pt,10.830851315517052,10.834849443622664,0.003998128105612508,8.760231971740723,8.726998329162598,-0.033233642578125,3308.7920444625784,3485.573144366343,1.053427685248342,,,4934961,4936753,1792,E:\CODEXRESEARCH\RESEARCH-1\artifacts\benchmark_runs\language\neuron_search_20260605\manual_self\screen_1_seed13_smoke_memory_gate_v4_phase_residual_memory_bounded_centered_gate_neuron\result.json,E:\CODEXRESEARCH\RESEARCH-1\artifacts\benchmark_runs\language\neuron_search_20260605\manual_self\screen_1_seed13_smoke_memory_gate_v4_baseline\result.json
screen_1_seed13_smoke_memory_novelty,phase_residual_memory_novelty_gate_neuron,13,1,255,2,64,1,512,E:\CODEXRESEARCH\RESEARCH-1\artifacts\benchmark_runs\language\neuron_search_20260605\screen_cache_synth_seq255_train768_val64_gpt2.pt,10.830851315517052,10.834728111940272,0.0038767964232206964,8.760231971740723,8.726419448852539,-0.033812522888183594,3762.9378658904966,4056.4982716380937,1.078013620264263,,,4934961,4936753,1792,E:\CODEXRESEARCH\RESEARCH-1\artifacts\benchmark_runs\language\neuron_search_20260605\manual_self\screen_1_seed13_smoke_memory_novelty_phase_residual_memory_novelty_gate_neuron\result.json,E:\CODEXRESEARCH\RESEARCH-1\artifacts\benchmark_runs\language\neuron_search_20260605\manual_self\screen_1_seed13_smoke_memory_novelty_baseline\result.json
screen_1_seed13_smoke_memory_novelty,phase_residual_memory_novelty_tiny_gate_neuron,13,1,255,2,64,1,512,E:\CODEXRESEARCH\RESEARCH-1\artifacts\benchmark_runs\language\neuron_search_20260605\screen_cache_synth_seq255_train768_val64_gpt2.pt,10.830851315517052,10.83482967077517,0.0039783552581180714,8.760231971740723,8.727733612060547,-0.03249835968017578,3762.9378658904966,4421.985766406908,1.1751418503320006,,,4934961,4936753,1792,E:\CODEXRESEARCH\RESEARCH-1\artifacts\benchmark_runs\language\neuron_search_20260605\manual_self\screen_1_seed13_smoke_memory_novelty_phase_residual_memory_novelty_tiny_gate_neuron\result.json,E:\CODEXRESEARCH\RESEARCH-1\artifacts\benchmark_runs\language\neuron_search_20260605\manual_self\screen_1_seed13_smoke_memory_novelty_baseline\result.json
screen_1_seed13_smoke_memory_novelty,phase_residual_memory_novelty_centered_gate_neuron,13,1,255,2,64,1,512,E:\CODEXRESEARCH\RESEARCH-1\artifacts\benchmark_runs\language\neuron_search_20260605\screen_cache_synth_seq255_train768_val64_gpt2.pt,10.830851315517052,10.83484920613906,0.003997890622008171,8.760231971740723,8.726998329162598,-0.033233642578125,3762.9378658904966,4491.627078812814,1.193649015448166,,,4934961,4936753,1792,E:\CODEXRESEARCH\RESEARCH-1\artifacts\benchmark_runs\language\neuron_search_20260605\manual_self\screen_1_seed13_smoke_memory_novelty_phase_residual_memory_novelty_centered_gate_neuron\result.json,E:\CODEXRESEARCH\RESEARCH-1\artifacts\benchmark_runs\language\neuron_search_20260605\manual_self\screen_1_seed13_smoke_memory_novelty_baseline\result.json
screen_1_seed13_smoke_memory_novelty,memory_square_novelty_gain_neuron,13,1,255,2,64,1,512,E:\CODEXRESEARCH\RESEARCH-1\artifacts\benchmark_runs\language\neuron_search_20260605\screen_cache_synth_seq255_train768_val64_gpt2.pt,10.830851315517052,10.834952548905916,0.004101233388864145,8.760231971740723,8.72922420501709,-0.031007766723632812,3762.9378658904966,4458.45506672303,1.1848335597398814,,,4934961,4936625,1664,E:\CODEXRESEARCH\RESEARCH-1\artifacts\benchmark_runs\language\neuron_search_20260605\manual_self\screen_1_seed13_smoke_memory_novelty_memory_square_novelty_gain_neuron\result.json,E:\CODEXRESEARCH\RESEARCH-1\artifacts\benchmark_runs\language\neuron_search_20260605\manual_self\screen_1_seed13_smoke_memory_novelty_baseline\result.json
screen_1_seed13_smoke_memory_square_gain,memory_square_small_gain_neuron,13,1,255,2,64,1,512,E:\CODEXRESEARCH\RESEARCH-1\artifacts\benchmark_runs\language\neuron_search_20260605\screen_cache_synth_seq255_train768_val64_gpt2.pt,10.830851315517052,10.834952072068758,0.004100756551705942,8.760231971740723,8.72922420501709,-0.031007766723632812,4064.41864480247,4832.391806450024,1.18895030969057,,,4934961,4936625,1664,E:\CODEXRESEARCH\RESEARCH-1\artifacts\benchmark_runs\language\neuron_search_20260605\manual_self\screen_1_seed13_smoke_memory_square_gain_memory_square_small_gain_neuron\result.json,E:\CODEXRESEARCH\RESEARCH-1\artifacts\benchmark_runs\language\neuron_search_20260605\manual_self\screen_1_seed13_smoke_memory_square_gain_baseline\result.json
screen_1_seed13_smoke_memory_square_gain,memory_square_gain_neuron,13,1,255,2,64,1,512,E:\CODEXRESEARCH\RESEARCH-1\artifacts\benchmark_runs\language\neuron_search_20260605\screen_cache_synth_seq255_train768_val64_gpt2.pt,10.830851315517052,10.83495230955236,0.004100994035308503,8.760231971740723,8.72922420501709,-0.031007766723632812,4064.41864480247,4546.735087490917,1.1186680026933808,,,4934961,4936625,1664,E:\CODEXRESEARCH\RESEARCH-1\artifacts\benchmark_runs\language\neuron_search_20260605\manual_self\screen_1_seed13_smoke_memory_square_gain_memory_square_gain_neuron\result.json,E:\CODEXRESEARCH\RESEARCH-1\artifacts\benchmark_runs\language\neuron_search_20260605\manual_self\screen_1_seed13_smoke_memory_square_gain_baseline\result.json
screen_1_seed13_smoke_memory_square_gain,memory_square_centered_gain_neuron,13,1,255,2,64,1,512,E:\CODEXRESEARCH\RESEARCH-1\artifacts\benchmark_runs\language\neuron_search_20260605\screen_cache_synth_seq255_train768_val64_gpt2.pt,10.830851315517052,10.834952311422311,0.004100995905259808,8.760231971740723,8.72922420501709,-0.031007766723632812,4064.41864480247,4571.03113486742,1.1246457450225509,,,4934961,4936625,1664,E:\CODEXRESEARCH\RESEARCH-1\artifacts\benchmark_runs\language\neuron_search_20260605\manual_self\screen_1_seed13_smoke_memory_square_gain_memory_square_centered_gain_neuron\result.json,E:\CODEXRESEARCH\RESEARCH-1\artifacts\benchmark_runs\language\neuron_search_20260605\manual_self\screen_1_seed13_smoke_memory_square_gain_baseline\result.json
screen_1_seed13_smoke_memory_square_gain,memory_square_scalar_gain_neuron,13,1,255,2,64,1,512,E:\CODEXRESEARCH\RESEARCH-1\artifacts\benchmark_runs\language\neuron_search_20260605\screen_cache_synth_seq255_train768_val64_gpt2.pt,10.830851315517052,10.842679190168194,0.011827874651142878,8.760231971740723,8.700047492980957,-0.060184478759765625,4064.41864480247,4634.25715602013,1.1402017264994007,,,4934961,4934974,13,E:\CODEXRESEARCH\RESEARCH-1\artifacts\benchmark_runs\language\neuron_search_20260605\manual_self\screen_1_seed13_smoke_memory_square_gain_memory_square_scalar_gain_neuron\result.json,E:\CODEXRESEARCH\RESEARCH-1\artifacts\benchmark_runs\language\neuron_search_20260605\manual_self\screen_1_seed13_smoke_memory_square_gain_baseline\result.json
screen_1_seed13_smoke_new_phase_iter2,phase_residual_blend_quarter_neuron,13,1,255,2,64,1,512,E:\CODEXRESEARCH\RESEARCH-1\artifacts\benchmark_runs\language\neuron_search_20260605\screen_cache_synth_seq255_train768_val64_gpt2.pt,10.830851315517052,10.831273127537148,0.00042181202009672347,8.760231971740723,8.761043548583984,0.0008115768432617188,2497.9135075371664,3298.908255316764,1.320665525592735,,,4934961,4935089,128,E:\CODEXRESEARCH\RESEARCH-1\artifacts\benchmark_runs\language\neuron_search_20260605\manual_self\screen_1_seed13_smoke_new_phase_iter2_phase_residual_blend_quarter_neuron\result.json,E:\CODEXRESEARCH\RESEARCH-1\artifacts\benchmark_runs\language\neuron_search_20260605\manual_self\screen_1_seed13_smoke_new_phase_iter2_baseline\result.json
screen_1_seed13_smoke_new_phase_iter2,phase_residual_blend_normed_neuron,13,1,255,2,64,1,512,E:\CODEXRESEARCH\RESEARCH-1\artifacts\benchmark_runs\language\neuron_search_20260605\screen_cache_synth_seq255_train768_val64_gpt2.pt,10.830851315517052,10.83148229449403,0.0006309789769787244,8.760231971740723,8.761452674865723,0.001220703125,2497.9135075371664,3531.376627521566,1.4137305462603265,,,4934961,4935089,128,E:\CODEXRESEARCH\RESEARCH-1\artifacts\benchmark_runs\language\neuron_search_20260605\manual_self\screen_1_seed13_smoke_new_phase_iter2_phase_residual_blend_normed_neuron\result.json,E:\CODEXRESEARCH\RESEARCH-1\artifacts\benchmark_runs\language\neuron_search_20260605\manual_self\screen_1_seed13_smoke_new_phase_iter2_baseline\result.json
screen_1_seed13_smoke_new_phase_iter2,phase_residual_blend_centered_neuron,13,1,255,2,64,1,512,E:\CODEXRESEARCH\RESEARCH-1\artifacts\benchmark_runs\language\neuron_search_20260605\screen_cache_synth_seq255_train768_val64_gpt2.pt,10.830851315517052,10.831524405759923,0.0006730902428717656,8.760231971740723,8.761295318603516,0.0010633468627929688,2497.9135075371664,3809.136849554945,1.5249274396656702,,,4934961,4935089,128,E:\CODEXRESEARCH\RESEARCH-1\artifacts\benchmark_runs\language\neuron_search_20260605\manual_self\screen_1_seed13_smoke_new_phase_iter2_phase_residual_blend_centered_neuron\result.json,E:\CODEXRESEARCH\RESEARCH-1\artifacts\benchmark_runs\language\neuron_search_20260605\manual_self\screen_1_seed13_smoke_new_phase_iter2_baseline\result.json
screen_1_seed13_smoke_new_phase_iter2,phase_residual_conv_energy_gate_neuron,13,1,255,2,64,1,512,E:\CODEXRESEARCH\RESEARCH-1\artifacts\benchmark_runs\language\neuron_search_20260605\screen_cache_synth_seq255_train768_val64_gpt2.pt,10.830851315517052,10.831659666697185,0.0008083511801331156,8.760231971740723,8.761791229248047,0.0015592575073242188,2497.9135075371664,3301.680361113543,1.3217752941209142,,,4934961,4935090,129,E:\CODEXRESEARCH\RESEARCH-1\artifacts\benchmark_runs\language\neuron_search_20260605\manual_self\screen_1_seed13_smoke_new_phase_iter2_phase_residual_conv_energy_gate_neuron\result.json,E:\CODEXRESEARCH\RESEARCH-1\artifacts\benchmark_runs\language\neuron_search_20260605\manual_self\screen_1_seed13_smoke_new_phase_iter2_baseline\result.json
screen_1_seed13_smoke_new_phase_iter2,phase_residual_memory_gate_neuron,13,1,255,2,64,1,512,E:\CODEXRESEARCH\RESEARCH-1\artifacts\benchmark_runs\language\neuron_search_20260605\screen_cache_synth_seq255_train768_val64_gpt2.pt,10.830851315517052,10.83472859064738,0.003877275130328428,8.760231971740723,8.726419448852539,-0.033812522888183594,2497.9135075371664,3270.442510128027,1.3092697166094196,,,4934961,4936753,1792,E:\CODEXRESEARCH\RESEARCH-1\artifacts\benchmark_runs\language\neuron_search_20260605\manual_self\screen_1_seed13_smoke_new_phase_iter2_phase_residual_memory_gate_neuron\result.json,E:\CODEXRESEARCH\RESEARCH-1\artifacts\benchmark_runs\language\neuron_search_20260605\manual_self\screen_1_seed13_smoke_new_phase_iter2_baseline\result.json
screen_1_seed13_smoke_rank_competition_masks_v1,rank_competition_memory_within_group_centered_gate_neuron,13,1,255,2,64,1,512,E:\CODEXRESEARCH\RESEARCH-1\artifacts\benchmark_runs\language\neuron_search_20260605\screen_cache_synth_seq255_train768_val64_gpt2.pt,10.830851315517052,10.834977278989903,0.004125963472851879,8.760231971740723,8.728911399841309,-0.03132057189941406,3580.9778457421726,3456.3711087076476,0.9652031533278868,,,4934961,4936754,1793,E:\CODEXRESEARCH\RESEARCH-1\artifacts\benchmark_runs\language\neuron_search_20260605\manual_self\screen_1_seed13_smoke_rank_competition_masks_v1_rank_competition_memory_within_group_centered_gate_neuron\result.json,E:\CODEXRESEARCH\RESEARCH-1\artifacts\benchmark_runs\language\neuron_search_20260605\manual_self\screen_1_seed13_smoke_rank_competition_masks_v1_baseline\result.json
screen_1_seed13_smoke_rank_competition_masks_v1,rank_competition_memory_uncertainty_centered_gate_neuron,13,1,255,2,64,1,512,E:\CODEXRESEARCH\RESEARCH-1\artifacts\benchmark_runs\language\neuron_search_20260605\screen_cache_synth_seq255_train768_val64_gpt2.pt,10.830851315517052,10.83521374908148,0.0043624335644292245,8.760231971740723,8.731412887573242,-0.02881908416748047,3580.9778457421726,4205.172857320914,1.1743085376305573,,,4934961,4936754,1793,E:\CODEXRESEARCH\RESEARCH-1\artifacts\benchmark_runs\language\neuron_search_20260605\manual_self\screen_1_seed13_smoke_rank_competition_masks_v1_rank_competition_memory_uncertainty_centered_gate_neuron\result.json,E:\CODEXRESEARCH\RESEARCH-1\artifacts\benchmark_runs\language\neuron_search_20260605\manual_self\screen_1_seed13_smoke_rank_competition_masks_v1_baseline\result.json
screen_1_seed13_smoke_rank_competition_masks_v1,rank_competition_memory_suppressed_centered_gate_neuron,13,1,255,2,64,1,512,E:\CODEXRESEARCH\RESEARCH-1\artifacts\benchmark_runs\language\neuron_search_20260605\screen_cache_synth_seq255_train768_val64_gpt2.pt,10.830851315517052,10.835237826553046,0.0043865110359941895,8.760231971740723,8.731673240661621,-0.028558731079101562,3580.9778457421726,3926.5745950289142,1.0965090442259118,,,4934961,4936754,1793,E:\CODEXRESEARCH\RESEARCH-1\artifacts\benchmark_runs\language\neuron_search_20260605\manual_self\screen_1_seed13_smoke_rank_competition_masks_v1_rank_competition_memory_suppressed_centered_gate_neuron\result.json,E:\CODEXRESEARCH\RESEARCH-1\artifacts\benchmark_runs\language\neuron_search_20260605\manual_self\screen_1_seed13_smoke_rank_competition_masks_v1_baseline\result.json
screen_1_seed13_smoke_rank_hybrid_cost_ablate_v1,rank_competition_memory_group_centered_gate_neuron,13,1,255,2,64,1,512,E:\CODEXRESEARCH\RESEARCH-1\artifacts\benchmark_runs\language\neuron_search_20260605\screen_cache_synth_seq255_train768_val64_gpt2.pt,10.830851315517052,10.829671680226046,-0.0011796352910060648,8.760231971740723,8.69150161743164,-0.06873035430908203,3932.7090349581213,3695.6361058341245,0.9397176533995678,,,4934961,4935298,337,E:\CODEXRESEARCH\RESEARCH-1\artifacts\benchmark_runs\language\neuron_search_20260605\manual_self\screen_1_seed13_smoke_rank_hybrid_cost_ablate_v1_rank_competition_memory_group_centered_gate_neuron\result.json,E:\CODEXRESEARCH\RESEARCH-1\artifacts\benchmark_runs\language\neuron_search_20260605\manual_self\screen_1_seed13_smoke_rank_hybrid_cost_ablate_v1_baseline\result.json
screen_1_seed13_smoke_rank_hybrid_cost_ablate_v1,rank_competition_centered_residual_neuron,13,1,255,2,64,1,512,E:\CODEXRESEARCH\RESEARCH-1\artifacts\benchmark_runs\language\neuron_search_20260605\screen_cache_synth_seq255_train768_val64_gpt2.pt,10.830851315517052,10.830681297825832,-0.0001700176912198259,8.760231971740723,8.759698867797852,-0.0005331039428710938,3932.7090349581213,4275.123475794978,1.0870683383370372,,,4934961,4935090,129,E:\CODEXRESEARCH\RESEARCH-1\artifacts\benchmark_runs\language\neuron_search_20260605\manual_self\screen_1_seed13_smoke_rank_hybrid_cost_ablate_v1_rank_competition_centered_residual_neuron\result.json,E:\CODEXRESEARCH\RESEARCH-1\artifacts\benchmark_runs\language\neuron_search_20260605\manual_self\screen_1_seed13_smoke_rank_hybrid_cost_ablate_v1_baseline\result.json
screen_1_seed13_smoke_rank_hybrid_cost_ablate_v1,rank_competition_memory_factor_centered_gate_neuron,13,1,255,2,64,1,512,E:\CODEXRESEARCH\RESEARCH-1\artifacts\benchmark_runs\language\neuron_search_20260605\screen_cache_synth_seq255_train768_val64_gpt2.pt,10.830851315517052,10.838217191135183,0.007365875618130957,8.760231971740723,8.744396209716797,-0.01583576202392578,3932.7090349581213,3692.2435374505776,0.9388549990934927,,,4934961,4935654,693,E:\CODEXRESEARCH\RESEARCH-1\artifacts\benchmark_runs\language\neuron_search_20260605\manual_self\screen_1_seed13_smoke_rank_hybrid_cost_ablate_v1_rank_competition_memory_factor_centered_gate_neuron\result.json,E:\CODEXRESEARCH\RESEARCH-1\artifacts\benchmark_runs\language\neuron_search_20260605\manual_self\screen_1_seed13_smoke_rank_hybrid_cost_ablate_v1_baseline\result.json
screen_1_seed13_smoke_rank_hybrid_cost_ablate_v1,rank_competition_memory_scalar_centered_gate_neuron,13,1,255,2,64,1,512,E:\CODEXRESEARCH\RESEARCH-1\artifacts\benchmark_runs\language\neuron_search_20260605\screen_cache_synth_seq255_train768_val64_gpt2.pt,10.830851315517052,10.842466038348627,0.011614722831575719,8.760231971740723,8.699609756469727,-0.060622215270996094,3932.7090349581213,3764.654471199903,0.9572674809490431,,,4934961,4935103,142,E:\CODEXRESEARCH\RESEARCH-1\artifacts\benchmark_runs\language\neuron_search_20260605\manual_self\screen_1_seed13_smoke_rank_hybrid_cost_ablate_v1_rank_competition_memory_scalar_centered_gate_neuron\result.json,E:\CODEXRESEARCH\RESEARCH-1\artifacts\benchmark_runs\language\neuron_search_20260605\manual_self\screen_1_seed13_smoke_rank_hybrid_cost_ablate_v1_baseline\result.json
screen_1_seed13_smoke_rank_hybrid_regularized_v1,rank_competition_memory_normed_centered_gate_neuron,13,1,255,2,64,1,512,E:\CODEXRESEARCH\RESEARCH-1\artifacts\benchmark_runs\language\neuron_search_20260605\screen_cache_synth_seq255_train768_val64_gpt2.pt,10.830851315517052,10.835021228416293,0.0041699128992416234,8.760231971740723,8.729750633239746,-0.030481338500976562,3808.141358042269,4088.6483085934256,1.0736598051852158,,,4934961,4936754,1793,E:\CODEXRESEARCH\RESEARCH-1\artifacts\benchmark_runs\language\neuron_search_20260605\manual_self\screen_1_seed13_smoke_rank_hybrid_regularized_v1_rank_competition_memory_normed_centered_gate_neuron\result.json,E:\CODEXRESEARCH\RESEARCH-1\artifacts\benchmark_runs\language\neuron_search_20260605\manual_self\screen_1_seed13_smoke_rank_hybrid_regularized_v1_baseline\result.json
screen_1_seed13_smoke_rank_hybrid_regularized_v1,rank_competition_memory_small_centered_gate_neuron,13,1,255,2,64,1,512,E:\CODEXRESEARCH\RESEARCH-1\artifacts\benchmark_runs\language\neuron_search_20260605\screen_cache_synth_seq255_train768_val64_gpt2.pt,10.830851315517052,10.835054975397446,0.004203659880394284,8.760231971740723,8.730255126953125,-0.029976844787597656,3808.141358042269,4457.192598022442,1.1704378012673995,,,4934961,4936754,1793,E:\CODEXRESEARCH\RESEARCH-1\artifacts\benchmark_runs\language\neuron_search_20260605\manual_self\screen_1_seed13_smoke_rank_hybrid_regularized_v1_rank_competition_memory_small_centered_gate_neuron\result.json,E:\CODEXRESEARCH\RESEARCH-1\artifacts\benchmark_runs\language\neuron_search_20260605\manual_self\screen_1_seed13_smoke_rank_hybrid_regularized_v1_baseline\result.json
screen_1_seed13_smoke_rank_memory_hybrid_v1,rank_competition_memory_gate_neuron,13,1,255,2,64,1,512,E:\CODEXRESEARCH\RESEARCH-1\artifacts\benchmark_runs\language\neuron_search_20260605\screen_cache_synth_seq255_train768_val64_gpt2.pt,10.830851315517052,10.834882926940917,0.004031611423865655,8.760231971740723,8.728652954101562,-0.031579017639160156,2315.062797262841,3768.4599117933935,1.6278002982247142,,,4934961,4936754,1793,E:\CODEXRESEARCH\RESEARCH-1\artifacts\benchmark_runs\language\neuron_search_20260605\manual_self\screen_1_seed13_smoke_rank_memory_hybrid_v1_rank_competition_memory_gate_neuron\result.json,E:\CODEXRESEARCH\RESEARCH-1\artifacts\benchmark_runs\language\neuron_search_20260605\manual_self\screen_1_seed13_smoke_rank_memory_hybrid_v1_baseline\result.json
screen_1_seed13_smoke_rank_memory_hybrid_v1,rank_competition_memory_centered_gate_neuron,13,1,255,2,64,1,512,E:\CODEXRESEARCH\RESEARCH-1\artifacts\benchmark_runs\language\neuron_search_20260605\screen_cache_synth_seq255_train768_val64_gpt2.pt,10.830851315517052,10.835009515051748,0.004158199534696649,8.760231971740723,8.72926139831543,-0.03097057342529297,2315.062797262841,3717.417925190346,1.60575252195558,,,4934961,4936754,1793,E:\CODEXRESEARCH\RESEARCH-1\artifacts\benchmark_runs\language\neuron_search_20260605\manual_self\screen_1_seed13_smoke_rank_memory_hybrid_v1_rank_competition_memory_centered_gate_neuron\result.json,E:\CODEXRESEARCH\RESEARCH-1\artifacts\benchmark_runs\language\neuron_search_20260605\manual_self\screen_1_seed13_smoke_rank_memory_hybrid_v1_baseline\result.json
screen_1_seed13_smoke_rank_pressure_fixed_v1,rank_competition_fixed_feather_neuron,13,1,255,2,64,1,512,E:\CODEXRESEARCH\RESEARCH-1\artifacts\benchmark_runs\language\neuron_search_20260605\screen_cache_synth_seq255_train768_val64_gpt2.pt,10.830943487204758,10.830912967756683,-3.0519448074528555e-05,8.75939655303955,8.759427070617676,3.0517578125e-05,734.099618174666,9850.428011641294,13.418380513715999,143.97119140625,200.4765625,4934961,4934961,0,E:\CODEXRESEARCH\RESEARCH-1\artifacts\benchmark_runs\language\neuron_search_20260605\manual_self\screen_1_seed13_smoke_rank_pressure_fixed_v1_rank_competition_fixed_feather_neuron\result.json,E:\CODEXRESEARCH\RESEARCH-1\artifacts\benchmark_runs\language\neuron_search_20260605\manual_self\screen_1_seed13_smoke_rank_pressure_fixed_v1_baseline\result.json
screen_1_seed13_smoke_rank_pressure_fixed_v1,rank_competition_fixed_trace_neuron,13,1,255,2,64,1,512,E:\CODEXRESEARCH\RESEARCH-1\artifacts\benchmark_runs\language\neuron_search_20260605\screen_cache_synth_seq255_train768_val64_gpt2.pt,10.830943487204758,10.83097412258971,3.0635384952404365e-05,8.75939655303955,8.759411811828613,1.52587890625e-05,734.099618174666,13581.890809285958,18.50142742623575,143.97119140625,256.98193359375,4934961,4934961,0,E:\CODEXRESEARCH\RESEARCH-1\artifacts\benchmark_runs\language\neuron_search_20260605\manual_self\screen_1_seed13_smoke_rank_pressure_fixed_v1_rank_competition_fixed_trace_neuron\result.json,E:\CODEXRESEARCH\RESEARCH-1\artifacts\benchmark_runs\language\neuron_search_20260605\manual_self\screen_1_seed13_smoke_rank_pressure_fixed_v1_baseline\result.json
screen_1_seed13_smoke_rank_pressure_fixed_v1,rank_competition_fixed_dust_neuron,13,1,255,2,64,1,512,E:\CODEXRESEARCH\RESEARCH-1\artifacts\benchmark_runs\language\neuron_search_20260605\screen_cache_synth_seq255_train768_val64_gpt2.pt,10.830943487204758,10.830974242266487,3.0755061729337285e-05,8.75939655303955,8.75937271118164,-2.384185791015625e-05,734.099618174666,13648.041108253958,18.59153821955353,143.97119140625,313.4873046875,4934961,4934961,0,E:\CODEXRESEARCH\RESEARCH-1\artifacts\benchmark_runs\language\neuron_search_20260605\manual_self\screen_1_seed13_smoke_rank_pressure_fixed_v1_rank_competition_fixed_dust_neuron\result.json,E:\CODEXRESEARCH\RESEARCH-1\artifacts\benchmark_runs\language\neuron_search_20260605\manual_self\screen_1_seed13_smoke_rank_pressure_fixed_v1_baseline\result.json
screen_1_seed13_smoke_rank_pressure_ultrasoft_v1,rank_competition_ultrasoft_neuron,13,1,255,2,64,1,512,E:\CODEXRESEARCH\RESEARCH-1\artifacts\benchmark_runs\language\neuron_search_20260605\screen_cache_synth_seq255_train768_val64_gpt2.pt,10.830943487204758,10.830790420607025,-0.00015306659773273168,8.75939655303955,8.759922981262207,0.00052642822265625,687.4653234358707,8130.5219803190885,11.826810317768025,143.97119140625,200.478515625,4934961,4934962,1,E:\CODEXRESEARCH\RESEARCH-1\artifacts\benchmark_runs\language\neuron_search_20260605\manual_self\screen_1_seed13_smoke_rank_pressure_ultrasoft_v1_rank_competition_ultrasoft_neuron\result.json,E:\CODEXRESEARCH\RESEARCH-1\artifacts\benchmark_runs\language\neuron_search_20260605\manual_self\screen_1_seed13_smoke_rank_pressure_ultrasoft_v1_baseline\result.json
screen_1_seed13_smoke_rank_pressure_ultrasoft_v1,rank_competition_feather_neuron,13,1,255,2,64,1,512,E:\CODEXRESEARCH\RESEARCH-1\artifacts\benchmark_runs\language\neuron_search_20260605\screen_cache_synth_seq255_train768_val64_gpt2.pt,10.830943487204758,10.830928404190962,-1.508301379615773e-05,8.75939655303955,8.759427070617676,3.0517578125e-05,687.4653234358707,13015.051522798025,18.9319389343892,143.97119140625,256.9853515625,4934961,4934962,1,E:\CODEXRESEARCH\RESEARCH-1\artifacts\benchmark_runs\language\neuron_search_20260605\manual_self\screen_1_seed13_smoke_rank_pressure_ultrasoft_v1_rank_competition_feather_neuron\result.json,E:\CODEXRESEARCH\RESEARCH-1\artifacts\benchmark_runs\language\neuron_search_20260605\manual_self\screen_1_seed13_smoke_rank_pressure_ultrasoft_v1_baseline\result.json
screen_1_seed13_smoke_rank_pressure_v1,rank_competition_mild_neuron,13,1,255,2,64,1,512,E:\CODEXRESEARCH\RESEARCH-1\artifacts\benchmark_runs\language\neuron_search_20260605\screen_cache_synth_seq255_train768_val64_gpt2.pt,10.830943487204758,10.830300232008392,-0.0006432551963655442,8.75939655303955,8.75896167755127,-0.00043487548828125,686.6914880984577,6991.243124898843,10.181054004700929,143.97119140625,200.478515625,4934961,4934962,1,E:\CODEXRESEARCH\RESEARCH-1\artifacts\benchmark_runs\language\neuron_search_20260605\manual_self\screen_1_seed13_smoke_rank_pressure_v1_rank_competition_mild_neuron\result.json,E:\CODEXRESEARCH\RESEARCH-1\artifacts\benchmark_runs\language\neuron_search_20260605\manual_self\screen_1_seed13_smoke_rank_pressure_v1_baseline\result.json
screen_1_seed13_smoke_rank_pressure_v1,rank_competition_soft_neuron,13,1,255,2,64,1,512,E:\CODEXRESEARCH\RESEARCH-1\artifacts\benchmark_runs\language\neuron_search_20260605\screen_cache_synth_seq255_train768_val64_gpt2.pt,10.830943487204758,10.830545444114536,-0.00039804309022173356,8.75939655303955,8.759442329406738,4.57763671875e-05,686.6914880984577,13420.770086734927,19.544104331187892,143.97119140625,256.9853515625,4934961,4934962,1,E:\CODEXRESEARCH\RESEARCH-1\artifacts\benchmark_runs\language\neuron_search_20260605\manual_self\screen_1_seed13_smoke_rank_pressure_v1_rank_competition_soft_neuron\result.json,E:\CODEXRESEARCH\RESEARCH-1\artifacts\benchmark_runs\language\neuron_search_20260605\manual_self\screen_1_seed13_smoke_rank_pressure_v1_baseline\result.json
screen_1_seed13_smoke_rank_pressure_v1,rank_competition_mild_centered_residual_neuron,13,1,255,2,64,1,512,E:\CODEXRESEARCH\RESEARCH-1\artifacts\benchmark_runs\language\neuron_search_20260605\screen_cache_synth_seq255_train768_val64_gpt2.pt,10.830943487204758,10.830821072821523,-0.00012241438323457032,8.75939655303955,8.75890827178955,-0.00048828125,686.6914880984577,10336.357224337811,15.052403304081418,143.97119140625,313.49462890625,4934961,4935090,129,E:\CODEXRESEARCH\RESEARCH-1\artifacts\benchmark_runs\language\neuron_search_20260605\manual_self\screen_1_seed13_smoke_rank_pressure_v1_rank_competition_mild_centered_residual_neuron\result.json,E:\CODEXRESEARCH\RESEARCH-1\artifacts\benchmark_runs\language\neuron_search_20260605\manual_self\screen_1_seed13_smoke_rank_pressure_v1_baseline\result.json
screen_1_seed13_smoke_rank_pressure_v1,rank_competition_soft_centered_residual_neuron,13,1,255,2,64,1,512,E:\CODEXRESEARCH\RESEARCH-1\artifacts\benchmark_runs\language\neuron_search_20260605\screen_cache_synth_seq255_train768_val64_gpt2.pt,10.830943487204758,10.831157966688567,0.00021447948380881598,8.75939655303955,8.758792877197266,-0.0006036758422851562,686.6914880984577,13357.499058959977,19.451965388341584,143.97119140625,370.00341796875,4934961,4935090,129,E:\CODEXRESEARCH\RESEARCH-1\artifacts\benchmark_runs\language\neuron_search_20260605\manual_self\screen_1_seed13_smoke_rank_pressure_v1_rank_competition_soft_centered_residual_neuron\result.json,E:\CODEXRESEARCH\RESEARCH-1\artifacts\benchmark_runs\language\neuron_search_20260605\manual_self\screen_1_seed13_smoke_rank_pressure_v1_baseline\result.json
screen_1_seed13_smoke_suppressed_guarded_v1,rank_competition_memory_suppressed_aux_head_centered_gate_neuron,13,1,255,2,64,1,512,E:\CODEXRESEARCH\RESEARCH-1\artifacts\benchmark_runs\language\neuron_search_20260605\screen_cache_synth_seq255_train768_val64_gpt2.pt,10.830943487204758,10.8098651044509,-0.021078382753858094,8.75939655303955,8.730321884155273,-0.029074668884277344,704.3601550880766,12103.549427452204,17.183750869523163,143.97119140625,313.7119140625,4934961,4944947,9986,E:\CODEXRESEARCH\RESEARCH-1\artifacts\benchmark_runs\language\neuron_search_20260605\manual_self\screen_1_seed13_smoke_suppressed_guarded_v1_rank_competition_memory_suppressed_aux_head_centered_gate_neuron\result.json,E:\CODEXRESEARCH\RESEARCH-1\artifacts\benchmark_runs\language\neuron_search_20260605\manual_self\screen_1_seed13_smoke_suppressed_guarded_v1_baseline\result.json
screen_1_seed13_smoke_suppressed_guarded_v1,rank_competition_memory_suppressed_energy_matched_centered_gate_neuron,13,1,255,2,64,1,512,E:\CODEXRESEARCH\RESEARCH-1\artifacts\benchmark_runs\language\neuron_search_20260605\screen_cache_synth_seq255_train768_val64_gpt2.pt,10.830943487204758,10.835278770970364,0.00433528376560588,8.75939655303955,8.733938217163086,-0.025458335876464844,704.3601550880766,4935.270539952943,7.006742934423674,143.97119140625,200.5107421875,4934961,4936754,1793,E:\CODEXRESEARCH\RESEARCH-1\artifacts\benchmark_runs\language\neuron_search_20260605\manual_self\screen_1_seed13_smoke_suppressed_guarded_v1_rank_competition_memory_suppressed_energy_matched_centered_gate_neuron\result.json,E:\CODEXRESEARCH\RESEARCH-1\artifacts\benchmark_runs\language\neuron_search_20260605\manual_self\screen_1_seed13_smoke_suppressed_guarded_v1_baseline\result.json
screen_1_seed13_smoke_suppressed_guarded_v1,rank_competition_memory_suppressed_stopgrad_mask_centered_gate_neuron,13,1,255,2,64,1,512,E:\CODEXRESEARCH\RESEARCH-1\artifacts\benchmark_runs\language\neuron_search_20260605\screen_cache_synth_seq255_train768_val64_gpt2.pt,10.830943487204758,10.835324721242868,0.004381234038110193,8.75939655303955,8.734434127807617,-0.024962425231933594,704.3601550880766,11783.842735581728,16.729854252059756,143.97119140625,257.03955078125,4934961,4936754,1793,E:\CODEXRESEARCH\RESEARCH-1\artifacts\benchmark_runs\language\neuron_search_20260605\manual_self\screen_1_seed13_smoke_suppressed_guarded_v1_rank_competition_memory_suppressed_stopgrad_mask_centered_gate_neuron\result.json,E:\CODEXRESEARCH\RESEARCH-1\artifacts\benchmark_runs\language\neuron_search_20260605\manual_self\screen_1_seed13_smoke_suppressed_guarded_v1_baseline\result.json
screen_1_seed13_smoke_suppressed_stable_v1,rank_competition_memory_suppressed_small_centered_gate_neuron,13,1,255,2,64,1,512,E:\CODEXRESEARCH\RESEARCH-1\artifacts\benchmark_runs\language\neuron_search_20260605\screen_cache_synth_seq255_train768_val64_gpt2.pt,10.830943487204758,10.835186982622334,0.004243495417576071,8.75939655303955,8.733854293823242,-0.025542259216308594,617.3021812801742,4038.8489753581475,6.5427421088684605,143.97119140625,200.5107421875,4934961,4936754,1793,E:\CODEXRESEARCH\RESEARCH-1\artifacts\benchmark_runs\language\neuron_search_20260605\manual_self\screen_1_seed13_smoke_suppressed_stable_v1_rank_competition_memory_suppressed_small_centered_gate_neuron\result.json,E:\CODEXRESEARCH\RESEARCH-1\artifacts\benchmark_runs\language\neuron_search_20260605\manual_self\screen_1_seed13_smoke_suppressed_stable_v1_baseline\result.json
screen_1_seed13_smoke_suppressed_stable_v1,rank_competition_memory_suppressed_bounded_small_centered_gate_neuron,13,1,255,2,64,1,512,E:\CODEXRESEARCH\RESEARCH-1\artifacts\benchmark_runs\language\neuron_search_20260605\screen_cache_synth_seq255_train768_val64_gpt2.pt,10.830943487204758,10.835248017778584,0.004304530573826071,8.75939655303955,8.733877182006836,-0.025519371032714844,617.3021812801742,11457.275594074195,18.560238310374764,143.97119140625,313.568359375,4934961,4936754,1793,E:\CODEXRESEARCH\RESEARCH-1\artifacts\benchmark_runs\language\neuron_search_20260605\manual_self\screen_1_seed13_smoke_suppressed_stable_v1_rank_competition_memory_suppressed_bounded_small_centered_gate_neuron\result.json,E:\CODEXRESEARCH\RESEARCH-1\artifacts\benchmark_runs\language\neuron_search_20260605\manual_self\screen_1_seed13_smoke_suppressed_stable_v1_baseline\result.json
screen_1_seed13_smoke_suppressed_stable_v1,rank_competition_memory_suppressed_normed_centered_gate_neuron,13,1,255,2,64,1,512,E:\CODEXRESEARCH\RESEARCH-1\artifacts\benchmark_runs\language\neuron_search_20260605\screen_cache_synth_seq255_train768_val64_gpt2.pt,10.830943487204758,10.835278651293587,0.004335164088828947,8.75939655303955,8.733930587768555,-0.025465965270996094,617.3021812801742,6553.113628010286,10.615730555852407,143.97119140625,370.09716796875,4934961,4936754,1793,E:\CODEXRESEARCH\RESEARCH-1\artifacts\benchmark_runs\language\neuron_search_20260605\manual_self\screen_1_seed13_smoke_suppressed_stable_v1_rank_competition_memory_suppressed_normed_centered_gate_neuron\result.json,E:\CODEXRESEARCH\RESEARCH-1\artifacts\benchmark_runs\language\neuron_search_20260605\manual_self\screen_1_seed13_smoke_suppressed_stable_v1_baseline\result.json
screen_1_seed13_smoke_suppressed_stable_v1,rank_competition_memory_suppressed_bounded_centered_gate_neuron,13,1,255,2,64,1,512,E:\CODEXRESEARCH\RESEARCH-1\artifacts\benchmark_runs\language\neuron_search_20260605\screen_cache_synth_seq255_train768_val64_gpt2.pt,10.830943487204758,10.835324839049695,0.004381351844937598,8.75939655303955,8.734434127807617,-0.024962425231933594,617.3021812801742,10900.743386849641,17.65868276091857,143.97119140625,257.03955078125,4934961,4936754,1793,E:\CODEXRESEARCH\RESEARCH-1\artifacts\benchmark_runs\language\neuron_search_20260605\manual_self\screen_1_seed13_smoke_suppressed_stable_v1_rank_competition_memory_suppressed_bounded_centered_gate_neuron\result.json,E:\CODEXRESEARCH\RESEARCH-1\artifacts\benchmark_runs\language\neuron_search_20260605\manual_self\screen_1_seed13_smoke_suppressed_stable_v1_baseline\result.json
screen_12,phase_amplitude_neuron,13,12,255,2,64,1,512,E:\CODEXRESEARCH\RESEARCH-1\artifacts\benchmark_runs\language\neuron_search_20260605\screen_cache_synth_seq255_train768_val64_gpt2.pt,10.831813369077794,10.823182356591317,-0.008631012486477019,8.71515941619873,8.749227523803711,0.03406810760498047,263.44656447496584,634.9817681382367,2.410286766896048,,,4934961,4951601,16640,E:\CODEXRESEARCH\RESEARCH-1\artifacts\benchmark_runs\language\neuron_search_20260605\manual_self\screen_12_phase_amplitude_neuron\result.json,E:\CODEXRESEARCH\RESEARCH-1\artifacts\benchmark_runs\language\neuron_search_20260605\manual_self\screen_12_baseline\result.json
screen_12,stable_square_neuron,13,12,255,2,64,1,512,E:\CODEXRESEARCH\RESEARCH-1\artifacts\benchmark_runs\language\neuron_search_20260605\screen_cache_synth_seq255_train768_val64_gpt2.pt,10.831813369077794,10.830923115973379,-0.0008902531044157058,8.71515941619873,8.71673583984375,0.0015764236450195312,263.44656447496584,516.2743423141259,1.959692825537625,,,4934961,4934962,1,E:\CODEXRESEARCH\RESEARCH-1\artifacts\benchmark_runs\language\neuron_search_20260605\manual_self\screen_12_stable_square_neuron\result.json,E:\CODEXRESEARCH\RESEARCH-1\artifacts\benchmark_runs\language\neuron_search_20260605\manual_self\screen_12_baseline\result.json
screen_12,rank_competition_neuron,13,12,255,2,64,1,512,E:\CODEXRESEARCH\RESEARCH-1\artifacts\benchmark_runs\language\neuron_search_20260605\screen_cache_synth_seq255_train768_val64_gpt2.pt,10.831813369077794,10.830975553101185,-0.0008378159766095905,8.71515941619873,8.717469215393066,0.0023097991943359375,263.44656447496584,408.1799202663424,1.5493841078543649,,,4934961,4934962,1,E:\CODEXRESEARCH\RESEARCH-1\artifacts\benchmark_runs\language\neuron_search_20260605\manual_self\screen_12_rank_competition_neuron\result.json,E:\CODEXRESEARCH\RESEARCH-1\artifacts\benchmark_runs\language\neuron_search_20260605\manual_self\screen_12_baseline\result.json
screen_12,conv_disagreement_neuron,13,12,255,2,64,1,512,E:\CODEXRESEARCH\RESEARCH-1\artifacts\benchmark_runs\language\neuron_search_20260605\screen_cache_synth_seq255_train768_val64_gpt2.pt,10.831813369077794,10.831527496786679,-0.00028587229111565193,8.71515941619873,8.715544700622559,0.000385284423828125,263.44656447496584,328.592950489153,1.2472850087987302,,,4934961,4934961,0,E:\CODEXRESEARCH\RESEARCH-1\artifacts\benchmark_runs\language\neuron_search_20260605\manual_self\screen_12_conv_disagreement_neuron\result.json,E:\CODEXRESEARCH\RESEARCH-1\artifacts\benchmark_runs\language\neuron_search_20260605\manual_self\screen_12_baseline\result.json
screen_12,stateful_threshold_neuron,13,12,255,2,64,1,512,E:\CODEXRESEARCH\RESEARCH-1\artifacts\benchmark_runs\language\neuron_search_20260605\screen_cache_synth_seq255_train768_val64_gpt2.pt,10.831813369077794,10.831711524140601,-0.00010184493719300747,8.71515941619873,8.715497970581055,0.00033855438232421875,263.44656447496584,213.30487037771437,0.8096703435963151,,,4934961,4934962,1,E:\CODEXRESEARCH\RESEARCH-1\artifacts\benchmark_runs\language\neuron_search_20260605\manual_self\screen_12_stateful_threshold_neuron\result.json,E:\CODEXRESEARCH\RESEARCH-1\artifacts\benchmark_runs\language\neuron_search_20260605\manual_self\screen_12_baseline\result.json
screen_12,mem_threshold_neuron,13,12,255,2,64,1,512,E:\CODEXRESEARCH\RESEARCH-1\artifacts\benchmark_runs\language\neuron_search_20260605\screen_cache_synth_seq255_train768_val64_gpt2.pt,10.831813369077794,10.837275824827307,0.005462455749512429,8.71515941619873,8.754547119140625,0.03938770294189453,263.44656447496584,275.87689929172427,1.047183514583048,,,4934961,4938289,3328,E:\CODEXRESEARCH\RESEARCH-1\artifacts\benchmark_runs\language\neuron_search_20260605\manual_self\screen_12_mem_threshold_neuron\result.json,E:\CODEXRESEARCH\RESEARCH-1\artifacts\benchmark_runs\language\neuron_search_20260605\manual_self\screen_12_baseline\result.json
screen_12,bottleneck_aware_neuron,13,12,255,2,64,1,512,E:\CODEXRESEARCH\RESEARCH-1\artifacts\benchmark_runs\language\neuron_search_20260605\screen_cache_synth_seq255_train768_val64_gpt2.pt,10.831813369077794,10.838079001856785,0.006265632778990948,8.71515941619873,8.731861114501953,0.016701698303222656,263.44656447496584,778.1273586979704,2.953643978044407,,,4934961,4945585,10624,E:\CODEXRESEARCH\RESEARCH-1\artifacts\benchmark_runs\language\neuron_search_20260605\manual_self\screen_12_bottleneck_aware_neuron\result.json,E:\CODEXRESEARCH\RESEARCH-1\artifacts\benchmark_runs\language\neuron_search_20260605\manual_self\screen_12_baseline\result.json
screen_12,adaptive_basis_neuron,13,12,255,2,64,1,512,E:\CODEXRESEARCH\RESEARCH-1\artifacts\benchmark_runs\language\neuron_search_20260605\screen_cache_synth_seq255_train768_val64_gpt2.pt,10.831813369077794,10.838090015860164,0.00627664678236961,8.71515941619873,8.72116470336914,0.006005287170410156,263.44656447496584,456.75880785479995,1.733781606775152,,,4934961,4935156,195,E:\CODEXRESEARCH\RESEARCH-1\artifacts\benchmark_runs\language\neuron_search_20260605\manual_self\screen_12_adaptive_basis_neuron\result.json,E:\CODEXRESEARCH\RESEARCH-1\artifacts\benchmark_runs\language\neuron_search_20260605\manual_self\screen_12_baseline\result.json
screen_64,phase_amplitude_neuron,13,64,255,2,64,1,512,E:\CODEXRESEARCH\RESEARCH-1\artifacts\benchmark_runs\language\neuron_search_20260605\screen_cache_synth_seq255_train768_val64_gpt2.pt,10.829107022752948,10.826257771136714,-0.002849251616234838,8.777229309082031,8.687536239624023,-0.08969306945800781,3179.4875671375376,2790.9054651517317,0.8777846763729784,,,4934961,4951601,16640,E:\CODEXRESEARCH\RESEARCH-1\artifacts\benchmark_runs\language\neuron_search_20260605\manual_self\screen_64_phase_amplitude_neuron\result.json,E:\CODEXRESEARCH\RESEARCH-1\artifacts\benchmark_runs\language\neuron_search_20260605\manual_self\screen_64_baseline\result.json
screen_64,stable_competition_neuron,13,64,255,2,64,1,512,E:\CODEXRESEARCH\RESEARCH-1\artifacts\benchmark_runs\language\neuron_search_20260605\screen_cache_synth_seq255_train768_val64_gpt2.pt,10.829107022752948,10.827849238526587,-0.001257784226361025,8.777229309082031,8.776633262634277,-0.0005960464477539062,3179.4875671375376,2032.3294551516774,0.6392003152197775,,,4934961,4934963,2,E:\CODEXRESEARCH\RESEARCH-1\artifacts\benchmark_runs\language\neuron_search_20260605\manual_self\screen_64_stable_competition_neuron\result.json,E:\CODEXRESEARCH\RESEARCH-1\artifacts\benchmark_runs\language\neuron_search_20260605\manual_self\screen_64_baseline\result.json
screen_64,phase_amplitude_neutral_neuron,13,64,255,2,64,1,512,E:\CODEXRESEARCH\RESEARCH-1\artifacts\benchmark_runs\language\neuron_search_20260605\screen_cache_synth_seq255_train768_val64_gpt2.pt,10.829107022752948,10.828014379389145,-0.001092643363802992,8.777229309082031,8.776702880859375,-0.00052642822265625,3179.4875671375376,2437.854138642865,0.7667443533479963,,,4934961,4934961,0,E:\CODEXRESEARCH\RESEARCH-1\artifacts\benchmark_runs\language\neuron_search_20260605\manual_self\screen_64_phase_amplitude_neutral_neuron\result.json,E:\CODEXRESEARCH\RESEARCH-1\artifacts\benchmark_runs\language\neuron_search_20260605\manual_self\screen_64_baseline\result.json
screen_64,stable_square_neuron,13,64,255,2,64,1,512,E:\CODEXRESEARCH\RESEARCH-1\artifacts\benchmark_runs\language\neuron_search_20260605\screen_cache_synth_seq255_train768_val64_gpt2.pt,10.829107022752948,10.828241757785573,-0.0008652649673752677,8.777229309082031,8.77720832824707,-2.09808349609375e-05,3179.4875671375376,1532.4278925535175,0.48197323002371345,,,4934961,4934962,1,E:\CODEXRESEARCH\RESEARCH-1\artifacts\benchmark_runs\language\neuron_search_20260605\manual_self\screen_64_stable_square_neuron\result.json,E:\CODEXRESEARCH\RESEARCH-1\artifacts\benchmark_runs\language\neuron_search_20260605\manual_self\screen_64_baseline\result.json
screen_64,rank_competition_neuron,13,64,255,2,64,1,512,E:\CODEXRESEARCH\RESEARCH-1\artifacts\benchmark_runs\language\neuron_search_20260605\screen_cache_synth_seq255_train768_val64_gpt2.pt,10.829107022752948,10.828301109987146,-0.0008059127658022192,8.777229309082031,8.77670955657959,-0.0005197525024414062,3179.4875671375376,2234.759637636124,0.7028678648515857,,,4934961,4934962,1,E:\CODEXRESEARCH\RESEARCH-1\artifacts\benchmark_runs\language\neuron_search_20260605\manual_self\screen_64_rank_competition_neuron\result.json,E:\CODEXRESEARCH\RESEARCH-1\artifacts\benchmark_runs\language\neuron_search_20260605\manual_self\screen_64_baseline\result.json
screen_64,conv_disagreement_neuron,13,64,255,2,64,1,512,E:\CODEXRESEARCH\RESEARCH-1\artifacts\benchmark_runs\language\neuron_search_20260605\screen_cache_synth_seq255_train768_val64_gpt2.pt,10.829107022752948,10.828834402794932,-0.0002726199580163069,8.777229309082031,8.777067184448242,-0.0001621246337890625,3179.4875671375376,2177.0023208915736,0.684702259380592,,,4934961,4934961,0,E:\CODEXRESEARCH\RESEARCH-1\artifacts\benchmark_runs\language\neuron_search_20260605\manual_self\screen_64_conv_disagreement_neuron\result.json,E:\CODEXRESEARCH\RESEARCH-1\artifacts\benchmark_runs\language\neuron_search_20260605\manual_self\screen_64_baseline\result.json
screen_256,phase_amplitude_neutral_neuron,13,256,255,2,64,1,512,E:\CODEXRESEARCH\RESEARCH-1\artifacts\benchmark_runs\language\neuron_search_20260605\screen_cache_synth_seq255_train768_val64_gpt2.pt,11.155591431786032,11.151792346729952,-0.003799085056080287,8.460631370544434,8.463053703308105,0.002422332763671875,13499.941247971952,15740.5490698195,1.1659716720755469,143.97119140625,257.10888671875,4934961,4934961,0,E:\CODEXRESEARCH\RESEARCH-1\artifacts\benchmark_runs\language\neuron_search_20260605\manual_self\screen_256_phase_amplitude_neutral_neuron\result.json,E:\CODEXRESEARCH\RESEARCH-1\artifacts\benchmark_runs\language\neuron_search_20260605\manual_self\screen_256_baseline\result.json
screen_256,stable_competition_neuron,13,256,255,2,64,1,512,E:\CODEXRESEARCH\RESEARCH-1\artifacts\benchmark_runs\language\neuron_search_20260605\screen_cache_synth_seq255_train768_val64_gpt2.pt,11.155591431786032,11.151976144080068,-0.0036152877059638655,8.460631370544434,8.461387634277344,0.0007562637329101562,13499.941247971952,14309.047590263503,1.0599340639658783,143.97119140625,261.30126953125,4934961,4934963,2,E:\CODEXRESEARCH\RESEARCH-1\artifacts\benchmark_runs\language\neuron_search_20260605\manual_self\screen_256_stable_competition_neuron\result.json,E:\CODEXRESEARCH\RESEARCH-1\artifacts\benchmark_runs\language\neuron_search_20260605\manual_self\screen_256_baseline\result.json
screen_256,phase_amplitude_neuron,13,256,255,2,64,1,512,E:\CODEXRESEARCH\RESEARCH-1\artifacts\benchmark_runs\language\neuron_search_20260605\screen_cache_synth_seq255_train768_val64_gpt2.pt,11.155591431786032,11.154120647206026,-0.0014707845800057129,8.460631370544434,8.386106491088867,-0.0745248794555664,13499.941247971952,15690.717875509521,1.1622804564328517,143.97119140625,200.65185546875,4934961,4951601,16640,E:\CODEXRESEARCH\RESEARCH-1\artifacts\benchmark_runs\language\neuron_search_20260605\manual_self\screen_256_phase_amplitude_neuron\result.json,E:\CODEXRESEARCH\RESEARCH-1\artifacts\benchmark_runs\language\neuron_search_20260605\manual_self\screen_256_baseline\result.json
screen_256_seed13_phasev2,phase_amplitude_neuron,13,256,255,2,64,1,512,E:\CODEXRESEARCH\RESEARCH-1\artifacts\benchmark_runs\language\neuron_search_20260605\screen_cache_synth_seq255_train768_val64_gpt2.pt,11.155591431786032,11.154120647206026,-0.0014707845800057129,8.460631370544434,8.386106491088867,-0.0745248794555664,14869.022769020097,16824.37369292024,1.1315050056937268,143.97119140625,200.65185546875,4934961,4951601,16640,E:\CODEXRESEARCH\RESEARCH-1\artifacts\benchmark_runs\language\neuron_search_20260605\manual_self\screen_256_seed13_phasev2_phase_amplitude_neuron\result.json,E:\CODEXRESEARCH\RESEARCH-1\artifacts\benchmark_runs\language\neuron_search_20260605\manual_self\screen_256_seed13_phasev2_baseline\result.json
screen_256_seed13_phasev2,phase_amplitude_replace_neuron,13,256,255,2,64,1,512,E:\CODEXRESEARCH\RESEARCH-1\artifacts\benchmark_runs\language\neuron_search_20260605\screen_cache_synth_seq255_train768_val64_gpt2.pt,11.155591431786032,11.154135965833477,-0.0014554659525547464,8.460631370544434,8.386091232299805,-0.0745401382446289,14869.022769020097,17296.528257043676,1.1632592488244307,143.97119140625,200.71630859375,4934961,4943281,8320,E:\CODEXRESEARCH\RESEARCH-1\artifacts\benchmark_runs\language\neuron_search_20260605\manual_self\screen_256_seed13_phasev2_phase_amplitude_replace_neuron\result.json,E:\CODEXRESEARCH\RESEARCH-1\artifacts\benchmark_runs\language\neuron_search_20260605\manual_self\screen_256_seed13_phasev2_baseline\result.json
screen_256_seed13_phasev2,phase_amplitude_one_extra_neuron,13,256,255,2,64,1,512,E:\CODEXRESEARCH\RESEARCH-1\artifacts\benchmark_runs\language\neuron_search_20260605\screen_cache_synth_seq255_train768_val64_gpt2.pt,11.155591431786032,11.157490836872775,0.0018994050867426893,8.460631370544434,8.418694496154785,-0.04193687438964844,14869.022769020097,16764.95015985503,1.1275085404257457,143.97119140625,257.2529296875,4934961,4943281,8320,E:\CODEXRESEARCH\RESEARCH-1\artifacts\benchmark_runs\language\neuron_search_20260605\manual_self\screen_256_seed13_phasev2_phase_amplitude_one_extra_neuron\result.json,E:\CODEXRESEARCH\RESEARCH-1\artifacts\benchmark_runs\language\neuron_search_20260605\manual_self\screen_256_seed13_phasev2_baseline\result.json
screen_256_seed13_real_blend,phase_residual_blend_neuron,13,256,255,8,64,1,512,E:\CODEXRESEARCH\RESEARCH-1\artifacts\benchmark_runs\language\neuron_search_20260605\manual_self\real_cache_finewebedu_sample_seq255_train768_val64_gpt2.pt,8.476921556977665,8.476435126977808,-0.00048642999985659685,7.310634136199951,7.309411525726318,-0.0012226104736328125,14790.280148666432,16514.626942814994,1.1165864863150707,143.97119140625,200.478515625,4934961,4935089,128,E:\CODEXRESEARCH\RESEARCH-1\artifacts\benchmark_runs\language\neuron_search_20260605\manual_self\screen_256_seed13_real_blend_phase_residual_blend_neuron\result.json,E:\CODEXRESEARCH\RESEARCH-1\artifacts\benchmark_runs\language\neuron_search_20260605\manual_self\screen_256_seed13_real_blend_baseline\result.json
screen_256_seed13_real_blend_strength,phase_residual_blend_half_neuron,13,256,255,8,64,1,512,E:\CODEXRESEARCH\RESEARCH-1\artifacts\benchmark_runs\language\neuron_search_20260605\manual_self\real_cache_finewebedu_sample_seq255_train768_val64_gpt2.pt,8.476921556977665,8.474077064850752,-0.0028444921269130674,7.310634136199951,7.306015968322754,-0.004618167877197266,15065.76351181023,16477.57005906999,1.093709591694641,143.97119140625,200.48046875,4934961,4935089,128,E:\CODEXRESEARCH\RESEARCH-1\artifacts\benchmark_runs\language\neuron_search_20260605\manual_self\screen_256_seed13_real_blend_strength_phase_residual_blend_half_neuron\result.json,E:\CODEXRESEARCH\RESEARCH-1\artifacts\benchmark_runs\language\neuron_search_20260605\manual_self\screen_256_seed13_real_blend_strength_baseline\result.json
screen_256_seed13_real_blend_strength,phase_residual_blend_large_neuron,13,256,255,8,64,1,512,E:\CODEXRESEARCH\RESEARCH-1\artifacts\benchmark_runs\language\neuron_search_20260605\manual_self\real_cache_finewebedu_sample_seq255_train768_val64_gpt2.pt,8.476921556977665,8.475269004410388,-0.0016525525672772545,7.310634136199951,7.307303428649902,-0.003330707550048828,15065.76351181023,16538.467784496723,1.0977517184264856,143.97119140625,261.1748046875,4934961,4935089,128,E:\CODEXRESEARCH\RESEARCH-1\artifacts\benchmark_runs\language\neuron_search_20260605\manual_self\screen_256_seed13_real_blend_strength_phase_residual_blend_large_neuron\result.json,E:\CODEXRESEARCH\RESEARCH-1\artifacts\benchmark_runs\language\neuron_search_20260605\manual_self\screen_256_seed13_real_blend_strength_baseline\result.json
screen_256_seed13_real_blend_strength,phase_residual_blend_neuron,13,256,255,8,64,1,512,E:\CODEXRESEARCH\RESEARCH-1\artifacts\benchmark_runs\language\neuron_search_20260605\manual_self\real_cache_finewebedu_sample_seq255_train768_val64_gpt2.pt,8.476921556977665,8.476435126977808,-0.00048642999985659685,7.310634136199951,7.309411525726318,-0.0012226104736328125,15065.76351181023,16181.759230979376,1.0740749526762652,143.97119140625,256.9853515625,4934961,4935089,128,E:\CODEXRESEARCH\RESEARCH-1\artifacts\benchmark_runs\language\neuron_search_20260605\manual_self\screen_256_seed13_real_blend_strength_phase_residual_blend_neuron\result.json,E:\CODEXRESEARCH\RESEARCH-1\artifacts\benchmark_runs\language\neuron_search_20260605\manual_self\screen_256_seed13_real_blend_strength_baseline\result.json
screen_256_seed13_real_blend_strength,phase_residual_blend_tiny_neuron,13,256,255,8,64,1,512,E:\CODEXRESEARCH\RESEARCH-1\artifacts\benchmark_runs\language\neuron_search_20260605\manual_self\real_cache_finewebedu_sample_seq255_train768_val64_gpt2.pt,8.476921556977665,8.47674339986315,-0.00017815711451518723,7.310634136199951,7.310088157653809,-0.0005459785461425781,15065.76351181023,17124.245318599507,1.1366330890018026,143.97119140625,200.478515625,4934961,4935089,128,E:\CODEXRESEARCH\RESEARCH-1\artifacts\benchmark_runs\language\neuron_search_20260605\manual_self\screen_256_seed13_real_blend_strength_phase_residual_blend_tiny_neuron\result.json,E:\CODEXRESEARCH\RESEARCH-1\artifacts\benchmark_runs\language\neuron_search_20260605\manual_self\screen_256_seed13_real_blend_strength_baseline\result.json
screen_256_seed13_real_phase,phase_amplitude_neuron,13,256,255,8,64,1,512,E:\CODEXRESEARCH\RESEARCH-1\artifacts\benchmark_runs\language\neuron_search_20260605\manual_self\real_cache_finewebedu_sample_seq255_train768_val64_gpt2.pt,8.476921556977665,8.467293760355782,-0.009627796621883178,7.310634136199951,7.172722816467285,-0.13791131973266602,14476.386890661366,16930.831820265907,1.1695481716634617,143.97119140625,200.65185546875,4934961,4951601,16640,E:\CODEXRESEARCH\RESEARCH-1\artifacts\benchmark_runs\language\neuron_search_20260605\manual_self\screen_256_seed13_real_phase_phase_amplitude_neuron\result.json,E:\CODEXRESEARCH\RESEARCH-1\artifacts\benchmark_runs\language\neuron_search_20260605\manual_self\screen_256_seed13_real_phase_baseline\result.json
screen_256_seed13_real_phase,phase_amplitude_replace_neuron,13,256,255,8,64,1,512,E:\CODEXRESEARCH\RESEARCH-1\artifacts\benchmark_runs\language\neuron_search_20260605\manual_self\real_cache_finewebedu_sample_seq255_train768_val64_gpt2.pt,8.476921556977665,8.467307163219825,-0.009614393757839679,7.310634136199951,7.1727070808410645,-0.13792705535888672,14476.386890661366,16620.85704192185,1.1481357307909383,143.97119140625,257.2529296875,4934961,4943281,8320,E:\CODEXRESEARCH\RESEARCH-1\artifacts\benchmark_runs\language\neuron_search_20260605\manual_self\screen_256_seed13_real_phase_phase_amplitude_replace_neuron\result.json,E:\CODEXRESEARCH\RESEARCH-1\artifacts\benchmark_runs\language\neuron_search_20260605\manual_self\screen_256_seed13_real_phase_baseline\result.json
screen_256_seed13_real_phase,stable_competition_neuron,13,256,255,8,64,1,512,E:\CODEXRESEARCH\RESEARCH-1\artifacts\benchmark_runs\language\neuron_search_20260605\manual_self\real_cache_finewebedu_sample_seq255_train768_val64_gpt2.pt,8.476921556977665,8.487248219695745,0.01032666271808047,7.310634136199951,7.299069404602051,-0.01156473159790039,14476.386890661366,16491.388403105746,1.1391922948497768,143.97119140625,200.5771484375,4934961,4934963,2,E:\CODEXRESEARCH\RESEARCH-1\artifacts\benchmark_runs\language\neuron_search_20260605\manual_self\screen_256_seed13_real_phase_stable_competition_neuron\result.json,E:\CODEXRESEARCH\RESEARCH-1\artifacts\benchmark_runs\language\neuron_search_20260605\manual_self\screen_256_seed13_real_phase_baseline\result.json
screen_256_seed17,phase_amplitude_neuron,17,256,255,2,64,1,512,E:\CODEXRESEARCH\RESEARCH-1\artifacts\benchmark_runs\language\neuron_search_20260605\screen_cache_synth_seq255_train768_val64_gpt2.pt,11.254442387001188,11.23939957151226,-0.015042815488927275,8.608527183532715,8.565406799316406,-0.043120384216308594,15958.434146061452,17157.403990049857,1.0751307949774203,143.97119140625,200.65185546875,4934961,4951601,16640,E:\CODEXRESEARCH\RESEARCH-1\artifacts\benchmark_runs\language\neuron_search_20260605\manual_self\screen_256_seed17_phase_amplitude_neuron\result.json,E:\CODEXRESEARCH\RESEARCH-1\artifacts\benchmark_runs\language\neuron_search_20260605\manual_self\screen_256_seed17_baseline\result.json
screen_256_seed17,stable_competition_neuron,17,256,255,2,64,1,512,E:\CODEXRESEARCH\RESEARCH-1\artifacts\benchmark_runs\language\neuron_search_20260605\screen_cache_synth_seq255_train768_val64_gpt2.pt,11.254442387001188,11.243443492814606,-0.01099889418658151,8.608527183532715,8.616241455078125,0.007714271545410156,15958.434146061452,15539.641916918434,0.9737573106916397,143.97119140625,261.30126953125,4934961,4934963,2,E:\CODEXRESEARCH\RESEARCH-1\artifacts\benchmark_runs\language\neuron_search_20260605\manual_self\screen_256_seed17_stable_competition_neuron\result.json,E:\CODEXRESEARCH\RESEARCH-1\artifacts\benchmark_runs\language\neuron_search_20260605\manual_self\screen_256_seed17_baseline\result.json
screen_256_seed17,phase_amplitude_neutral_neuron,17,256,255,2,64,1,512,E:\CODEXRESEARCH\RESEARCH-1\artifacts\benchmark_runs\language\neuron_search_20260605\screen_cache_synth_seq255_train768_val64_gpt2.pt,11.254442387001188,11.244117607789882,-0.010324779211305923,8.608527183532715,8.612266540527344,0.0037393569946289062,15958.434146061452,17662.663102667102,1.1067917404055745,143.97119140625,257.10888671875,4934961,4934961,0,E:\CODEXRESEARCH\RESEARCH-1\artifacts\benchmark_runs\language\neuron_search_20260605\manual_self\screen_256_seed17_phase_amplitude_neutral_neuron\result.json,E:\CODEXRESEARCH\RESEARCH-1\artifacts\benchmark_runs\language\neuron_search_20260605\manual_self\screen_256_seed17_baseline\result.json
screen_256_seed17_phasev2,phase_amplitude_neuron,17,256,255,2,64,1,512,E:\CODEXRESEARCH\RESEARCH-1\artifacts\benchmark_runs\language\neuron_search_20260605\screen_cache_synth_seq255_train768_val64_gpt2.pt,11.254442387001188,11.23939957151226,-0.015042815488927275,8.608527183532715,8.565406799316406,-0.043120384216308594,15465.377442994313,13896.617510409278,0.8985631008122812,143.97119140625,200.65185546875,4934961,4951601,16640,E:\CODEXRESEARCH\RESEARCH-1\artifacts\benchmark_runs\language\neuron_search_20260605\manual_self\screen_256_seed17_phasev2_phase_amplitude_neuron\result.json,E:\CODEXRESEARCH\RESEARCH-1\artifacts\benchmark_runs\language\neuron_search_20260605\manual_self\screen_256_seed17_phasev2_baseline\result.json
screen_256_seed17_phasev2,phase_amplitude_replace_neuron,17,256,255,2,64,1,512,E:\CODEXRESEARCH\RESEARCH-1\artifacts\benchmark_runs\language\neuron_search_20260605\screen_cache_synth_seq255_train768_val64_gpt2.pt,11.254442387001188,11.239414654526056,-0.015027732475131117,8.608527183532715,8.565422058105469,-0.043105125427246094,15465.377442994313,16373.637169861946,1.058728584557053,143.97119140625,200.71630859375,4934961,4943281,8320,E:\CODEXRESEARCH\RESEARCH-1\artifacts\benchmark_runs\language\neuron_search_20260605\manual_self\screen_256_seed17_phasev2_phase_amplitude_replace_neuron\result.json,E:\CODEXRESEARCH\RESEARCH-1\artifacts\benchmark_runs\language\neuron_search_20260605\manual_self\screen_256_seed17_phasev2_baseline\result.json
screen_256_seed17_phasev2,phase_amplitude_one_extra_neuron,17,256,255,2,64,1,512,E:\CODEXRESEARCH\RESEARCH-1\artifacts\benchmark_runs\language\neuron_search_20260605\screen_cache_synth_seq255_train768_val64_gpt2.pt,11.254442387001188,11.243213732102339,-0.011228654898848944,8.608527183532715,8.634344100952148,0.025816917419433594,15465.377442994313,16843.72618953666,1.0891248048502513,143.97119140625,257.2529296875,4934961,4943281,8320,E:\CODEXRESEARCH\RESEARCH-1\artifacts\benchmark_runs\language\neuron_search_20260605\manual_self\screen_256_seed17_phasev2_phase_amplitude_one_extra_neuron\result.json,E:\CODEXRESEARCH\RESEARCH-1\artifacts\benchmark_runs\language\neuron_search_20260605\manual_self\screen_256_seed17_phasev2_baseline\result.json
screen_256_seed17_real_blend,phase_residual_blend_neuron,17,256,255,8,64,1,512,E:\CODEXRESEARCH\RESEARCH-1\artifacts\benchmark_runs\language\neuron_search_20260605\manual_self\real_cache_finewebedu_sample_seq255_train768_val64_gpt2.pt,8.42515129622291,8.424478165308635,-0.000673130914275788,6.473328590393066,6.471031665802002,-0.002296924591064453,14764.459043014804,15387.931449155947,1.0422279207334801,143.97119140625,200.478515625,4934961,4935089,128,E:\CODEXRESEARCH\RESEARCH-1\artifacts\benchmark_runs\language\neuron_search_20260605\manual_self\screen_256_seed17_real_blend_phase_residual_blend_neuron\result.json,E:\CODEXRESEARCH\RESEARCH-1\artifacts\benchmark_runs\language\neuron_search_20260605\manual_self\screen_256_seed17_real_blend_baseline\result.json
screen_256_seed17_real_blend_strength,phase_residual_blend_half_neuron,17,256,255,8,64,1,512,E:\CODEXRESEARCH\RESEARCH-1\artifacts\benchmark_runs\language\neuron_search_20260605\manual_self\real_cache_finewebedu_sample_seq255_train768_val64_gpt2.pt,8.42515129622291,8.42260646165586,-0.002544834567050458,6.473328590393066,6.469443321228027,-0.0038852691650390625,15021.136589169771,16631.859845999497,1.1072304513888154,143.97119140625,200.48046875,4934961,4935089,128,E:\CODEXRESEARCH\RESEARCH-1\artifacts\benchmark_runs\language\neuron_search_20260605\manual_self\screen_256_seed17_real_blend_strength_phase_residual_blend_half_neuron\result.json,E:\CODEXRESEARCH\RESEARCH-1\artifacts\benchmark_runs\language\neuron_search_20260605\manual_self\screen_256_seed17_real_blend_strength_baseline\result.json
screen_256_seed17_real_blend_strength,phase_residual_blend_large_neuron,17,256,255,8,64,1,512,E:\CODEXRESEARCH\RESEARCH-1\artifacts\benchmark_runs\language\neuron_search_20260605\manual_self\real_cache_finewebedu_sample_seq255_train768_val64_gpt2.pt,8.42515129622291,8.42366249888551,-0.0014887973373998165,6.473328590393066,6.46983528137207,-0.0034933090209960938,15021.136589169771,17668.931960161735,1.176271306453669,143.97119140625,261.1748046875,4934961,4935089,128,E:\CODEXRESEARCH\RESEARCH-1\artifacts\benchmark_runs\language\neuron_search_20260605\manual_self\screen_256_seed17_real_blend_strength_phase_residual_blend_large_neuron\result.json,E:\CODEXRESEARCH\RESEARCH-1\artifacts\benchmark_runs\language\neuron_search_20260605\manual_self\screen_256_seed17_real_blend_strength_baseline\result.json
screen_256_seed17_real_blend_strength,phase_residual_blend_neuron,17,256,255,8,64,1,512,E:\CODEXRESEARCH\RESEARCH-1\artifacts\benchmark_runs\language\neuron_search_20260605\manual_self\real_cache_finewebedu_sample_seq255_train768_val64_gpt2.pt,8.42515129622291,8.424478165308635,-0.000673130914275788,6.473328590393066,6.471031665802002,-0.002296924591064453,15021.136589169771,16998.5166137685,1.1316398404914592,143.97119140625,256.9853515625,4934961,4935089,128,E:\CODEXRESEARCH\RESEARCH-1\artifacts\benchmark_runs\language\neuron_search_20260605\manual_self\screen_256_seed17_real_blend_strength_phase_residual_blend_neuron\result.json,E:\CODEXRESEARCH\RESEARCH-1\artifacts\benchmark_runs\language\neuron_search_20260605\manual_self\screen_256_seed17_real_blend_strength_baseline\result.json
screen_256_seed17_real_blend_strength,phase_residual_blend_tiny_neuron,17,256,255,8,64,1,512,E:\CODEXRESEARCH\RESEARCH-1\artifacts\benchmark_runs\language\neuron_search_20260605\manual_self\real_cache_finewebedu_sample_seq255_train768_val64_gpt2.pt,8.42515129622291,8.425091890727773,-5.9405495138165065e-05,6.473328590393066,6.473139762878418,-0.0001888275146484375,15021.136589169771,17376.869454347136,1.1568278705937503,143.97119140625,200.478515625,4934961,4935089,128,E:\CODEXRESEARCH\RESEARCH-1\artifacts\benchmark_runs\language\neuron_search_20260605\manual_self\screen_256_seed17_real_blend_strength_phase_residual_blend_tiny_neuron\result.json,E:\CODEXRESEARCH\RESEARCH-1\artifacts\benchmark_runs\language\neuron_search_20260605\manual_self\screen_256_seed17_real_blend_strength_baseline\result.json
screen_256_seed17_real_phase,stable_competition_neuron,17,256,255,8,64,1,512,E:\CODEXRESEARCH\RESEARCH-1\artifacts\benchmark_runs\language\neuron_search_20260605\manual_self\real_cache_finewebedu_sample_seq255_train768_val64_gpt2.pt,8.42515129622291,8.442129034622043,0.016977738399132747,6.473328590393066,6.489110469818115,0.015781879425048828,16089.8119104695,15704.157158334609,0.9760311211665595,143.97119140625,200.5771484375,4934961,4934963,2,E:\CODEXRESEARCH\RESEARCH-1\artifacts\benchmark_runs\language\neuron_search_20260605\manual_self\screen_256_seed17_real_phase_stable_competition_neuron\result.json,E:\CODEXRESEARCH\RESEARCH-1\artifacts\benchmark_runs\language\neuron_search_20260605\manual_self\screen_256_seed17_real_phase_baseline\result.json
screen_256_seed17_real_phase,phase_amplitude_replace_neuron,17,256,255,8,64,1,512,E:\CODEXRESEARCH\RESEARCH-1\artifacts\benchmark_runs\language\neuron_search_20260605\manual_self\real_cache_finewebedu_sample_seq255_train768_val64_gpt2.pt,8.42515129622291,8.444554258327859,0.019402962104948074,6.473328590393066,6.574231147766113,0.10090255737304688,16089.8119104695,17093.30093438692,1.0623679772952759,143.97119140625,257.2529296875,4934961,4943281,8320,E:\CODEXRESEARCH\RESEARCH-1\artifacts\benchmark_runs\language\neuron_search_20260605\manual_self\screen_256_seed17_real_phase_phase_amplitude_replace_neuron\result.json,E:\CODEXRESEARCH\RESEARCH-1\artifacts\benchmark_runs\language\neuron_search_20260605\manual_self\screen_256_seed17_real_phase_baseline\result.json
screen_256_seed17_real_phase,phase_amplitude_neuron,17,256,255,8,64,1,512,E:\CODEXRESEARCH\RESEARCH-1\artifacts\benchmark_runs\language\neuron_search_20260605\manual_self\real_cache_finewebedu_sample_seq255_train768_val64_gpt2.pt,8.42515129622291,8.444583869447895,0.01943257322498404,6.473328590393066,6.57448673248291,0.10115814208984375,16089.8119104695,15139.419372192473,0.9409320293136171,143.97119140625,200.65185546875,4934961,4951601,16640,E:\CODEXRESEARCH\RESEARCH-1\artifacts\benchmark_runs\language\neuron_search_20260605\manual_self\screen_256_seed17_real_phase_phase_amplitude_neuron\result.json,E:\CODEXRESEARCH\RESEARCH-1\artifacts\benchmark_runs\language\neuron_search_20260605\manual_self\screen_256_seed17_real_phase_baseline\result.json
screen_256_seed29,phase_amplitude_neuron,29,256,255,2,64,1,512,E:\CODEXRESEARCH\RESEARCH-1\artifacts\benchmark_runs\language\neuron_search_20260605\screen_cache_synth_seq255_train768_val64_gpt2.pt,11.277236577576282,11.230392158732695,-0.046844418843587476,8.454289436340332,8.444765090942383,-0.009524345397949219,15056.459300492183,15750.774871489002,1.046114133285913,143.97119140625,200.65185546875,4934961,4951601,16640,E:\CODEXRESEARCH\RESEARCH-1\artifacts\benchmark_runs\language\neuron_search_20260605\manual_self\screen_256_seed29_phase_amplitude_neuron\result.json,E:\CODEXRESEARCH\RESEARCH-1\artifacts\benchmark_runs\language\neuron_search_20260605\manual_self\screen_256_seed29_baseline\result.json
screen_256_seed29,phase_amplitude_neutral_neuron,29,256,255,2,64,1,512,E:\CODEXRESEARCH\RESEARCH-1\artifacts\benchmark_runs\language\neuron_search_20260605\screen_cache_synth_seq255_train768_val64_gpt2.pt,11.277236577576282,11.278262875126858,0.0010262975505757055,8.454289436340332,8.45521068572998,0.0009212493896484375,15056.459300492183,16666.324558016255,1.1069219014507248,143.97119140625,257.10888671875,4934961,4934961,0,E:\CODEXRESEARCH\RESEARCH-1\artifacts\benchmark_runs\language\neuron_search_20260605\manual_self\screen_256_seed29_phase_amplitude_neutral_neuron\result.json,E:\CODEXRESEARCH\RESEARCH-1\artifacts\benchmark_runs\language\neuron_search_20260605\manual_self\screen_256_seed29_baseline\result.json
screen_256_seed29,stable_competition_neuron,29,256,255,2,64,1,512,E:\CODEXRESEARCH\RESEARCH-1\artifacts\benchmark_runs\language\neuron_search_20260605\screen_cache_synth_seq255_train768_val64_gpt2.pt,11.277236577576282,11.27898271785063,0.0017461402743474963,8.454289436340332,8.454365730285645,7.62939453125e-05,15056.459300492183,15957.77525727037,1.0598624111280084,143.97119140625,261.30126953125,4934961,4934963,2,E:\CODEXRESEARCH\RESEARCH-1\artifacts\benchmark_runs\language\neuron_search_20260605\manual_self\screen_256_seed29_stable_competition_neuron\result.json,E:\CODEXRESEARCH\RESEARCH-1\artifacts\benchmark_runs\language\neuron_search_20260605\manual_self\screen_256_seed29_baseline\result.json
screen_256_seed29_phasev2,phase_amplitude_neuron,29,256,255,2,64,1,512,E:\CODEXRESEARCH\RESEARCH-1\artifacts\benchmark_runs\language\neuron_search_20260605\screen_cache_synth_seq255_train768_val64_gpt2.pt,11.277236577576282,11.230392158732695,-0.046844418843587476,8.454289436340332,8.444765090942383,-0.009524345397949219,15332.984003797463,16766.21349107363,1.0934736178503288,143.97119140625,200.65185546875,4934961,4951601,16640,E:\CODEXRESEARCH\RESEARCH-1\artifacts\benchmark_runs\language\neuron_search_20260605\manual_self\screen_256_seed29_phasev2_phase_amplitude_neuron\result.json,E:\CODEXRESEARCH\RESEARCH-1\artifacts\benchmark_runs\language\neuron_search_20260605\manual_self\screen_256_seed29_phasev2_baseline\result.json
screen_256_seed29_phasev2,phase_amplitude_replace_neuron,29,256,255,2,64,1,512,E:\CODEXRESEARCH\RESEARCH-1\artifacts\benchmark_runs\language\neuron_search_20260605\screen_cache_synth_seq255_train768_val64_gpt2.pt,11.277236577576282,11.230499387254902,-0.04673719032138024,8.454289436340332,8.444734573364258,-0.009554862976074219,15332.984003797463,15345.1040561515,1.000790456205461,143.97119140625,200.71630859375,4934961,4943281,8320,E:\CODEXRESEARCH\RESEARCH-1\artifacts\benchmark_runs\language\neuron_search_20260605\manual_self\screen_256_seed29_phasev2_phase_amplitude_replace_neuron\result.json,E:\CODEXRESEARCH\RESEARCH-1\artifacts\benchmark_runs\language\neuron_search_20260605\manual_self\screen_256_seed29_phasev2_baseline\result.json
screen_256_seed29_phasev2,phase_amplitude_one_extra_neuron,29,256,255,2,64,1,512,E:\CODEXRESEARCH\RESEARCH-1\artifacts\benchmark_runs\language\neuron_search_20260605\screen_cache_synth_seq255_train768_val64_gpt2.pt,11.277236577576282,11.277389597425273,0.0001530198489909651,8.454289436340332,8.333748817443848,-0.12054061889648438,15332.984003797463,16019.969598819634,1.0448044291216914,143.97119140625,257.2529296875,4934961,4943281,8320,E:\CODEXRESEARCH\RESEARCH-1\artifacts\benchmark_runs\language\neuron_search_20260605\manual_self\screen_256_seed29_phasev2_phase_amplitude_one_extra_neuron\result.json,E:\CODEXRESEARCH\RESEARCH-1\artifacts\benchmark_runs\language\neuron_search_20260605\manual_self\screen_256_seed29_phasev2_baseline\result.json
screen_256_seed29_real_blend,phase_residual_blend_neuron,29,256,255,8,64,1,512,E:\CODEXRESEARCH\RESEARCH-1\artifacts\benchmark_runs\language\neuron_search_20260605\manual_self\real_cache_finewebedu_sample_seq255_train768_val64_gpt2.pt,8.506423277013441,8.506067165673947,-0.0003561113394940918,7.055885314941406,7.055332183837891,-0.000553131103515625,15264.220785885926,16699.33627822739,1.0940182609038547,143.97119140625,200.478515625,4934961,4935089,128,E:\CODEXRESEARCH\RESEARCH-1\artifacts\benchmark_runs\language\neuron_search_20260605\manual_self\screen_256_seed29_real_blend_phase_residual_blend_neuron\result.json,E:\CODEXRESEARCH\RESEARCH-1\artifacts\benchmark_runs\language\neuron_search_20260605\manual_self\screen_256_seed29_real_blend_baseline\result.json
screen_256_seed29_real_blend_strength,phase_residual_blend_half_neuron,29,256,255,8,64,1,512,E:\CODEXRESEARCH\RESEARCH-1\artifacts\benchmark_runs\language\neuron_search_20260605\manual_self\real_cache_finewebedu_sample_seq255_train768_val64_gpt2.pt,8.506423277013441,8.505032185012219,-0.0013910920012225603,7.055885314941406,7.053462028503418,-0.0024232864379882812,15552.993991850488,16884.632669508173,1.0856194426845045,143.97119140625,200.48046875,4934961,4935089,128,E:\CODEXRESEARCH\RESEARCH-1\artifacts\benchmark_runs\language\neuron_search_20260605\manual_self\screen_256_seed29_real_blend_strength_phase_residual_blend_half_neuron\result.json,E:\CODEXRESEARCH\RESEARCH-1\artifacts\benchmark_runs\language\neuron_search_20260605\manual_self\screen_256_seed29_real_blend_strength_baseline\result.json
screen_256_seed29_real_blend_strength,phase_residual_blend_large_neuron,29,256,255,8,64,1,512,E:\CODEXRESEARCH\RESEARCH-1\artifacts\benchmark_runs\language\neuron_search_20260605\manual_self\real_cache_finewebedu_sample_seq255_train768_val64_gpt2.pt,8.506423277013441,8.50574258963267,-0.0006806873807718716,7.055885314941406,7.055129528045654,-0.0007557868957519531,15552.993991850488,16048.198877037765,1.0318398428911344,143.97119140625,261.1748046875,4934961,4935089,128,E:\CODEXRESEARCH\RESEARCH-1\artifacts\benchmark_runs\language\neuron_search_20260605\manual_self\screen_256_seed29_real_blend_strength_phase_residual_blend_large_neuron\result.json,E:\CODEXRESEARCH\RESEARCH-1\artifacts\benchmark_runs\language\neuron_search_20260605\manual_self\screen_256_seed29_real_blend_strength_baseline\result.json
screen_256_seed29_real_blend_strength,phase_residual_blend_neuron,29,256,255,8,64,1,512,E:\CODEXRESEARCH\RESEARCH-1\artifacts\benchmark_runs\language\neuron_search_20260605\manual_self\real_cache_finewebedu_sample_seq255_train768_val64_gpt2.pt,8.506423277013441,8.506067165673947,-0.0003561113394940918,7.055885314941406,7.055332183837891,-0.000553131103515625,15552.993991850488,16453.647217626807,1.0579086718768262,143.97119140625,256.9853515625,4934961,4935089,128,E:\CODEXRESEARCH\RESEARCH-1\artifacts\benchmark_runs\language\neuron_search_20260605\manual_self\screen_256_seed29_real_blend_strength_phase_residual_blend_neuron\result.json,E:\CODEXRESEARCH\RESEARCH-1\artifacts\benchmark_runs\language\neuron_search_20260605\manual_self\screen_256_seed29_real_blend_strength_baseline\result.json
screen_256_seed29_real_blend_strength,phase_residual_blend_tiny_neuron,29,256,255,8,64,1,512,E:\CODEXRESEARCH\RESEARCH-1\artifacts\benchmark_runs\language\neuron_search_20260605\manual_self\real_cache_finewebedu_sample_seq255_train768_val64_gpt2.pt,8.506423277013441,8.506518980101044,9.570308760231683e-05,7.055885314941406,7.055518627166748,-0.0003666877746582031,15552.993991850488,16855.10839645855,1.0837211411057155,143.97119140625,200.478515625,4934961,4935089,128,E:\CODEXRESEARCH\RESEARCH-1\artifacts\benchmark_runs\language\neuron_search_20260605\manual_self\screen_256_seed29_real_blend_strength_phase_residual_blend_tiny_neuron\result.json,E:\CODEXRESEARCH\RESEARCH-1\artifacts\benchmark_runs\language\neuron_search_20260605\manual_self\screen_256_seed29_real_blend_strength_baseline\result.json
screen_256_seed29_real_phase,stable_competition_neuron,29,256,255,8,64,1,512,E:\CODEXRESEARCH\RESEARCH-1\artifacts\benchmark_runs\language\neuron_search_20260605\manual_self\real_cache_finewebedu_sample_seq255_train768_val64_gpt2.pt,8.506423277013441,8.51003376970104,0.003610492687599276,7.055885314941406,7.059610366821289,0.0037250518798828125,15688.855012822401,15324.676080665891,0.9767874117098495,143.97119140625,200.5771484375,4934961,4934963,2,E:\CODEXRESEARCH\RESEARCH-1\artifacts\benchmark_runs\language\neuron_search_20260605\manual_self\screen_256_seed29_real_phase_stable_competition_neuron\result.json,E:\CODEXRESEARCH\RESEARCH-1\artifacts\benchmark_runs\language\neuron_search_20260605\manual_self\screen_256_seed29_real_phase_baseline\result.json
screen_256_seed29_real_phase,phase_amplitude_replace_neuron,29,256,255,8,64,1,512,E:\CODEXRESEARCH\RESEARCH-1\artifacts\benchmark_runs\language\neuron_search_20260605\manual_self\real_cache_finewebedu_sample_seq255_train768_val64_gpt2.pt,8.506423277013441,8.565095577052995,0.058672300039553704,7.055885314941406,7.099764823913574,0.04387950897216797,15688.855012822401,17056.97295454411,1.0872031732464578,143.97119140625,257.2529296875,4934961,4943281,8320,E:\CODEXRESEARCH\RESEARCH-1\artifacts\benchmark_runs\language\neuron_search_20260605\manual_self\screen_256_seed29_real_phase_phase_amplitude_replace_neuron\result.json,E:\CODEXRESEARCH\RESEARCH-1\artifacts\benchmark_runs\language\neuron_search_20260605\manual_self\screen_256_seed29_real_phase_baseline\result.json
screen_256_seed29_real_phase,phase_amplitude_neuron,29,256,255,8,64,1,512,E:\CODEXRESEARCH\RESEARCH-1\artifacts\benchmark_runs\language\neuron_search_20260605\manual_self\real_cache_finewebedu_sample_seq255_train768_val64_gpt2.pt,8.506423277013441,8.565131905499626,0.05870862848618508,7.055885314941406,7.099700450897217,0.04381513595581055,15688.855012822401,15762.925599003718,1.0047212231944764,143.97119140625,200.65185546875,4934961,4951601,16640,E:\CODEXRESEARCH\RESEARCH-1\artifacts\benchmark_runs\language\neuron_search_20260605\manual_self\screen_256_seed29_real_phase_phase_amplitude_neuron\result.json,E:\CODEXRESEARCH\RESEARCH-1\artifacts\benchmark_runs\language\neuron_search_20260605\manual_self\screen_256_seed29_real_phase_baseline\result.json
screen_1024_seed13_real_blend1024,phase_residual_blend_neuron,13,1024,255,16,64,1,512,E:\CODEXRESEARCH\RESEARCH-1\artifacts\benchmark_runs\language\neuron_search_20260605\manual_self\real_cache_finewebedu_sample_seq255_train768_val64_gpt2.pt,7.7630088464886535,7.761695057504317,-0.001313788984336206,6.363431930541992,6.363167762756348,-0.00026416778564453125,17317.553075653832,16020.577509059854,0.9251063033600658,143.97119140625,148.1611328125,4934961,4935089,128,E:\CODEXRESEARCH\RESEARCH-1\artifacts\benchmark_runs\language\neuron_search_20260605\manual_self\screen_1024_seed13_real_blend1024_phase_residual_blend_neuron\result.json,E:\CODEXRESEARCH\RESEARCH-1\artifacts\benchmark_runs\language\neuron_search_20260605\manual_self\screen_1024_seed13_real_blend1024_baseline\result.json
screen_1024_seed13_real_half1024,phase_residual_blend_half_neuron,13,1024,255,16,64,1,512,E:\CODEXRESEARCH\RESEARCH-1\artifacts\benchmark_runs\language\neuron_search_20260605\manual_self\real_cache_finewebedu_sample_seq255_train768_val64_gpt2.pt,7.7630088464886535,7.757878532129175,-0.005130314359478305,6.363431930541992,6.363649368286133,0.000217437744140625,16052.816224382594,15359.449860624634,0.9568071823618832,143.97119140625,148.1611328125,4934961,4935089,128,E:\CODEXRESEARCH\RESEARCH-1\artifacts\benchmark_runs\language\neuron_search_20260605\manual_self\screen_1024_seed13_real_half1024_phase_residual_blend_half_neuron\result.json,E:\CODEXRESEARCH\RESEARCH-1\artifacts\benchmark_runs\language\neuron_search_20260605\manual_self\screen_1024_seed13_real_half1024_baseline\result.json
screen_1024_seed17_real_blend1024,phase_residual_blend_neuron,17,1024,255,16,64,1,512,E:\CODEXRESEARCH\RESEARCH-1\artifacts\benchmark_runs\language\neuron_search_20260605\manual_self\real_cache_finewebedu_sample_seq255_train768_val64_gpt2.pt,7.788764259511349,7.788272892844443,-0.000491366666905968,6.2498393058776855,6.249393463134766,-0.0004458427429199219,17115.74993909782,16119.465188856897,0.9417913469298187,143.97119140625,148.1611328125,4934961,4935089,128,E:\CODEXRESEARCH\RESEARCH-1\artifacts\benchmark_runs\language\neuron_search_20260605\manual_self\screen_1024_seed17_real_blend1024_phase_residual_blend_neuron\result.json,E:\CODEXRESEARCH\RESEARCH-1\artifacts\benchmark_runs\language\neuron_search_20260605\manual_self\screen_1024_seed17_real_blend1024_baseline\result.json
screen_1024_seed17_real_half1024,phase_residual_blend_half_neuron,17,1024,255,16,64,1,512,E:\CODEXRESEARCH\RESEARCH-1\artifacts\benchmark_runs\language\neuron_search_20260605\manual_self\real_cache_finewebedu_sample_seq255_train768_val64_gpt2.pt,7.788764259511349,7.7870986378660385,-0.0016656216453103667,6.2498393058776855,6.251238822937012,0.0013995170593261719,16322.099634180493,15926.103076886322,0.9757386263918579,143.97119140625,148.1611328125,4934961,4935089,128,E:\CODEXRESEARCH\RESEARCH-1\artifacts\benchmark_runs\language\neuron_search_20260605\manual_self\screen_1024_seed17_real_half1024_phase_residual_blend_half_neuron\result.json,E:\CODEXRESEARCH\RESEARCH-1\artifacts\benchmark_runs\language\neuron_search_20260605\manual_self\screen_1024_seed17_real_half1024_baseline\result.json
screen_1024_seed29_real_blend1024,phase_residual_blend_neuron,29,1024,255,16,64,1,512,E:\CODEXRESEARCH\RESEARCH-1\artifacts\benchmark_runs\language\neuron_search_20260605\manual_self\real_cache_finewebedu_sample_seq255_train768_val64_gpt2.pt,7.764974658746345,7.764639321962992,-0.00033533678335295747,6.359777450561523,6.359659194946289,-0.000118255615234375,17097.731568679686,16266.011987850223,0.9513549749281922,143.97119140625,148.1611328125,4934961,4935089,128,E:\CODEXRESEARCH\RESEARCH-1\artifacts\benchmark_runs\language\neuron_search_20260605\manual_self\screen_1024_seed29_real_blend1024_phase_residual_blend_neuron\result.json,E:\CODEXRESEARCH\RESEARCH-1\artifacts\benchmark_runs\language\neuron_search_20260605\manual_self\screen_1024_seed29_real_blend1024_baseline\result.json
screen_1024_seed29_real_half1024,phase_residual_blend_half_neuron,29,1024,255,16,64,1,512,E:\CODEXRESEARCH\RESEARCH-1\artifacts\benchmark_runs\language\neuron_search_20260605\manual_self\real_cache_finewebedu_sample_seq255_train768_val64_gpt2.pt,7.764974658746345,7.762950226956723,-0.002024431789622305,6.359777450561523,6.360987663269043,0.0012102127075195312,15387.074190616915,16650.435170500466,1.082105341420525,143.97119140625,148.1611328125,4934961,4935089,128,E:\CODEXRESEARCH\RESEARCH-1\artifacts\benchmark_runs\language\neuron_search_20260605\manual_self\screen_1024_seed29_real_half1024_phase_residual_blend_half_neuron\result.json,E:\CODEXRESEARCH\RESEARCH-1\artifacts\benchmark_runs\language\neuron_search_20260605\manual_self\screen_1024_seed29_real_half1024_baseline\result.json
screen_128_seed13_real_seq10160_40m,rank_competition_memory_centered_gate_neuron,13,128,10160,4,512,2,24576,E:\CODEXRESEARCH\RESEARCH-1\artifacts\benchmark_runs\language\neuron_search_20260605\manual_self\real_cache_finewebedu_sample_seq10160_train192_val8_gpt2.pt,7.04758435384495,7.020336501617131,-0.027247852227819003,6.978597640991211,6.952147960662842,-0.02644968032836914,81002.62927800292,73720.82216934045,0.9101040648486713,3672.6318359375,4695.6083984375,40437009,40572179,135170,E:\CODEXRESEARCH\RESEARCH-1\artifacts\benchmark_runs\language\neuron_search_20260605\manual_self\screen_128_seed13_real_seq10160_40m_rank_competition_memory_centered_gate_neuron\result.json,E:\CODEXRESEARCH\RESEARCH-1\artifacts\benchmark_runs\language\neuron_search_20260605\manual_self\screen_128_seed13_real_seq10160_40m_baseline\result.json
screen_128_seed13_real_seq10160_40m,phase_residual_blend_centered_neuron,13,128,10160,4,512,2,24576,E:\CODEXRESEARCH\RESEARCH-1\artifacts\benchmark_runs\language\neuron_search_20260605\manual_self\real_cache_finewebedu_sample_seq10160_train192_val8_gpt2.pt,7.04758435384495,7.026332554854746,-0.02125179899020413,6.978597640991211,6.966439723968506,-0.012157917022705078,81002.62927800292,76456.74083978334,0.9438797421918492,3672.6318359375,4996.18212890625,40437009,40439057,2048,E:\CODEXRESEARCH\RESEARCH-1\artifacts\benchmark_runs\language\neuron_search_20260605\manual_self\screen_128_seed13_real_seq10160_40m_phase_residual_blend_centered_neuron\result.json,E:\CODEXRESEARCH\RESEARCH-1\artifacts\benchmark_runs\language\neuron_search_20260605\manual_self\screen_128_seed13_real_seq10160_40m_baseline\result.json
screen_128_seed13_real_seq10160_40m,phase_residual_memory_conv_centered_agreement_neuron,13,128,10160,4,512,2,24576,E:\CODEXRESEARCH\RESEARCH-1\artifacts\benchmark_runs\language\neuron_search_20260605\manual_self\real_cache_finewebedu_sample_seq10160_train192_val8_gpt2.pt,7.04758435384495,7.026336921106173,-0.02124743273877705,6.978597640991211,6.966403007507324,-0.012194633483886719,81002.62927800292,71697.11782796531,0.8851208715941692,3672.6318359375,5240.0361328125,40437009,40439059,2050,E:\CODEXRESEARCH\RESEARCH-1\artifacts\benchmark_runs\language\neuron_search_20260605\manual_self\screen_128_seed13_real_seq10160_40m_phase_residual_memory_conv_centered_agreement_neuron\result.json,E:\CODEXRESEARCH\RESEARCH-1\artifacts\benchmark_runs\language\neuron_search_20260605\manual_self\screen_128_seed13_real_seq10160_40m_baseline\result.json
screen_128_seed13_real_seq10160_40m,phase_residual_memory_centered_gate_neuron,13,128,10160,4,512,2,24576,E:\CODEXRESEARCH\RESEARCH-1\artifacts\benchmark_runs\language\neuron_search_20260605\manual_self\real_cache_finewebedu_sample_seq10160_train192_val8_gpt2.pt,7.04758435384495,7.031217403674689,-0.01636695017026124,6.978597640991211,6.959259033203125,-0.019338607788085938,81002.62927800292,74313.1093101665,0.9174160144249414,3672.6318359375,4654.21875,40437009,40572177,135168,E:\CODEXRESEARCH\RESEARCH-1\artifacts\benchmark_runs\language\neuron_search_20260605\manual_self\screen_128_seed13_real_seq10160_40m_phase_residual_memory_centered_gate_neuron\result.json,E:\CODEXRESEARCH\RESEARCH-1\artifacts\benchmark_runs\language\neuron_search_20260605\manual_self\screen_128_seed13_real_seq10160_40m_baseline\result.json
screen_128_seed13_real_seq10160_40m,phase_residual_memory_novelty_centered_gate_neuron,13,128,10160,4,512,2,24576,E:\CODEXRESEARCH\RESEARCH-1\artifacts\benchmark_runs\language\neuron_search_20260605\manual_self\real_cache_finewebedu_sample_seq10160_train192_val8_gpt2.pt,7.04758435384495,7.031236404884519,-0.01634794896043168,6.978597640991211,6.959270477294922,-0.019327163696289062,81002.62927800292,70119.20464289644,0.865641094219864,3672.6318359375,4659.228515625,40437009,40572177,135168,E:\CODEXRESEARCH\RESEARCH-1\artifacts\benchmark_runs\language\neuron_search_20260605\manual_self\screen_128_seed13_real_seq10160_40m_phase_residual_memory_novelty_centered_gate_neuron\result.json,E:\CODEXRESEARCH\RESEARCH-1\artifacts\benchmark_runs\language\neuron_search_20260605\manual_self\screen_128_seed13_real_seq10160_40m_baseline\result.json
screen_128_seed13_real_seq10160_40m,phase_residual_memory_bounded_centered_gate_neuron,13,128,10160,4,512,2,24576,E:\CODEXRESEARCH\RESEARCH-1\artifacts\benchmark_runs\language\neuron_search_20260605\manual_self\real_cache_finewebedu_sample_seq10160_train192_val8_gpt2.pt,7.04758435384495,7.031265383630287,-0.01631897021466333,6.978597640991211,6.959271430969238,-0.019326210021972656,81002.62927800292,73975.34311864893,0.9132461967964499,3672.6318359375,4735.2890625,40437009,40572177,135168,E:\CODEXRESEARCH\RESEARCH-1\artifacts\benchmark_runs\language\neuron_search_20260605\manual_self\screen_128_seed13_real_seq10160_40m_phase_residual_memory_bounded_centered_gate_neuron\result.json,E:\CODEXRESEARCH\RESEARCH-1\artifacts\benchmark_runs\language\neuron_search_20260605\manual_self\screen_128_seed13_real_seq10160_40m_baseline\result.json
screen_128_seed13_real_seq10160_40m,phase_residual_memory_sparse_centered_gate_neuron,13,128,10160,4,512,2,24576,E:\CODEXRESEARCH\RESEARCH-1\artifacts\benchmark_runs\language\neuron_search_20260605\manual_self\real_cache_finewebedu_sample_seq10160_train192_val8_gpt2.pt,7.04758435384495,7.031266055520125,-0.016318298324825342,6.978597640991211,6.95927619934082,-0.019321441650390625,81002.62927800292,71538.81566868113,0.8831665873851853,3672.6318359375,5241.36962890625,40437009,40572177,135168,E:\CODEXRESEARCH\RESEARCH-1\artifacts\benchmark_runs\language\neuron_search_20260605\manual_self\screen_128_seed13_real_seq10160_40m_phase_residual_memory_sparse_centered_gate_neuron\result.json,E:\CODEXRESEARCH\RESEARCH-1\artifacts\benchmark_runs\language\neuron_search_20260605\manual_self\screen_128_seed13_real_seq10160_40m_baseline\result.json
screen_128_seed13_real_seq10160_40m,phase_residual_memory_scalar_centered_gate_neuron,13,128,10160,4,512,2,24576,E:\CODEXRESEARCH\RESEARCH-1\artifacts\benchmark_runs\language\neuron_search_20260605\manual_self\real_cache_finewebedu_sample_seq10160_train192_val8_gpt2.pt,7.04758435384495,7.032526553146482,-0.015057800698468071,6.978597640991211,6.976589202880859,-0.0020084381103515625,81002.62927800292,75347.25290322413,0.9301828048646494,3672.6318359375,5079.0771484375,40437009,40439187,2178,E:\CODEXRESEARCH\RESEARCH-1\artifacts\benchmark_runs\language\neuron_search_20260605\manual_self\screen_128_seed13_real_seq10160_40m_phase_residual_memory_scalar_centered_gate_neuron\result.json,E:\CODEXRESEARCH\RESEARCH-1\artifacts\benchmark_runs\language\neuron_search_20260605\manual_self\screen_128_seed13_real_seq10160_40m_baseline\result.json
screen_128_seed13_real_seq10160_40m,phase_residual_boundary_centered_neuron,13,128,10160,4,512,2,24576,E:\CODEXRESEARCH\RESEARCH-1\artifacts\benchmark_runs\language\neuron_search_20260605\manual_self\real_cache_finewebedu_sample_seq10160_train192_val8_gpt2.pt,7.04758435384495,7.037923017449266,-0.009661336395684117,6.978597640991211,6.972344398498535,-0.006253242492675781,81002.62927800292,73931.92828894552,0.9127102286422014,3672.6318359375,4732.30859375,40437009,40439057,2048,E:\CODEXRESEARCH\RESEARCH-1\artifacts\benchmark_runs\language\neuron_search_20260605\manual_self\screen_128_seed13_real_seq10160_40m_phase_residual_boundary_centered_neuron\result.json,E:\CODEXRESEARCH\RESEARCH-1\artifacts\benchmark_runs\language\neuron_search_20260605\manual_self\screen_128_seed13_real_seq10160_40m_baseline\result.json
screen_128_seed13_real_seq10160_40m,phase_residual_memory_conv_agreement_neuron,13,128,10160,4,512,2,24576,E:\CODEXRESEARCH\RESEARCH-1\artifacts\benchmark_runs\language\neuron_search_20260605\manual_self\real_cache_finewebedu_sample_seq10160_train192_val8_gpt2.pt,7.04758435384495,7.038150843109672,-0.009433510735278539,6.978597640991211,6.970093727111816,-0.008503913879394531,81002.62927800292,71258.67751449485,0.8797082039143865,3672.6318359375,4313.5205078125,40437009,40439059,2050,E:\CODEXRESEARCH\RESEARCH-1\artifacts\benchmark_runs\language\neuron_search_20260605\manual_self\screen_128_seed13_real_seq10160_40m_phase_residual_memory_conv_agreement_neuron\result.json,E:\CODEXRESEARCH\RESEARCH-1\artifacts\benchmark_runs\language\neuron_search_20260605\manual_self\screen_128_seed13_real_seq10160_40m_baseline\result.json
screen_128_seed13_real_seq10160_40m,phase_residual_memory_conv_disagreement_damp_neuron,13,128,10160,4,512,2,24576,E:\CODEXRESEARCH\RESEARCH-1\artifacts\benchmark_runs\language\neuron_search_20260605\manual_self\real_cache_finewebedu_sample_seq10160_train192_val8_gpt2.pt,7.04758435384495,7.038156107279259,-0.00942824656569119,6.978597640991211,6.970077991485596,-0.008519649505615234,81002.62927800292,72804.9912084695,0.8987978767775681,3672.6318359375,4777.54443359375,40437009,40439059,2050,E:\CODEXRESEARCH\RESEARCH-1\artifacts\benchmark_runs\language\neuron_search_20260605\manual_self\screen_128_seed13_real_seq10160_40m_phase_residual_memory_conv_disagreement_damp_neuron\result.json,E:\CODEXRESEARCH\RESEARCH-1\artifacts\benchmark_runs\language\neuron_search_20260605\manual_self\screen_128_seed13_real_seq10160_40m_baseline\result.json
screen_128_seed13_real_seq10160_40m,phase_residual_blend_half_neuron,13,128,10160,4,512,2,24576,E:\CODEXRESEARCH\RESEARCH-1\artifacts\benchmark_runs\language\neuron_search_20260605\manual_self\real_cache_finewebedu_sample_seq10160_train192_val8_gpt2.pt,7.04758435384495,7.038164809369666,-0.009419544475284702,6.978597640991211,6.970086097717285,-0.008511543273925781,81002.62927800292,76516.89141800422,0.9446223178188013,3672.6318359375,4531.6982421875,40437009,40439057,2048,E:\CODEXRESEARCH\RESEARCH-1\artifacts\benchmark_runs\language\neuron_search_20260605\manual_self\screen_128_seed13_real_seq10160_40m_phase_residual_blend_half_neuron\result.json,E:\CODEXRESEARCH\RESEARCH-1\artifacts\benchmark_runs\language\neuron_search_20260605\manual_self\screen_128_seed13_real_seq10160_40m_baseline\result.json
screen_128_seed13_real_seq10160_40m,bottleneck_aware_neuron,13,128,10160,4,512,2,24576,E:\CODEXRESEARCH\RESEARCH-1\artifacts\benchmark_runs\language\neuron_search_20260605\manual_self\real_cache_finewebedu_sample_seq10160_train192_val8_gpt2.pt,7.04758435384495,7.038247890547504,-0.009336463297445974,6.978597640991211,6.98004150390625,0.0014438629150390625,81002.62927800292,79756.60448975161,0.9846174772429309,3672.6318359375,5204.72265625,40437009,41684241,1247232,E:\CODEXRESEARCH\RESEARCH-1\artifacts\benchmark_runs\language\neuron_search_20260605\manual_self\screen_128_seed13_real_seq10160_40m_bottleneck_aware_neuron\result.json,E:\CODEXRESEARCH\RESEARCH-1\artifacts\benchmark_runs\language\neuron_search_20260605\manual_self\screen_128_seed13_real_seq10160_40m_baseline\result.json
screen_128_seed13_real_seq10160_40m,phase_residual_conv_energy_gate_neuron,13,128,10160,4,512,2,24576,E:\CODEXRESEARCH\RESEARCH-1\artifacts\benchmark_runs\language\neuron_search_20260605\manual_self\real_cache_finewebedu_sample_seq10160_train192_val8_gpt2.pt,7.04758435384495,7.03863980751338,-0.008944546331570713,6.978597640991211,6.970428466796875,-0.008169174194335938,81002.62927800292,75079.1782874251,0.9268733491323052,3672.6318359375,5581.90966796875,40437009,40439059,2050,E:\CODEXRESEARCH\RESEARCH-1\artifacts\benchmark_runs\language\neuron_search_20260605\manual_self\screen_128_seed13_real_seq10160_40m_phase_residual_conv_energy_gate_neuron\result.json,E:\CODEXRESEARCH\RESEARCH-1\artifacts\benchmark_runs\language\neuron_search_20260605\manual_self\screen_128_seed13_real_seq10160_40m_baseline\result.json
screen_128_seed13_real_seq10160_40m,phase_residual_memory_rms_gate_neuron,13,128,10160,4,512,2,24576,E:\CODEXRESEARCH\RESEARCH-1\artifacts\benchmark_runs\language\neuron_search_20260605\manual_self\real_cache_finewebedu_sample_seq10160_train192_val8_gpt2.pt,7.04758435384495,7.040075049813338,-0.007509304031612096,6.978597640991211,6.965024948120117,-0.01357269287109375,81002.62927800292,72697.74048966792,0.8974738368080322,3672.6318359375,4779.19677734375,40437009,40572177,135168,E:\CODEXRESEARCH\RESEARCH-1\artifacts\benchmark_runs\language\neuron_search_20260605\manual_self\screen_128_seed13_real_seq10160_40m_phase_residual_memory_rms_gate_neuron\result.json,E:\CODEXRESEARCH\RESEARCH-1\artifacts\benchmark_runs\language\neuron_search_20260605\manual_self\screen_128_seed13_real_seq10160_40m_baseline\result.json
screen_128_seed13_real_seq10160_40m,phase_residual_memory_gate_neuron,13,128,10160,4,512,2,24576,E:\CODEXRESEARCH\RESEARCH-1\artifacts\benchmark_runs\language\neuron_search_20260605\manual_self\real_cache_finewebedu_sample_seq10160_train192_val8_gpt2.pt,7.04758435384495,7.040080363168491,-0.007503990676458905,6.978597640991211,6.965015411376953,-0.013582229614257812,81002.62927800292,75039.53065954495,0.926383888132909,3672.6318359375,5580.60498046875,40437009,40572177,135168,E:\CODEXRESEARCH\RESEARCH-1\artifacts\benchmark_runs\language\neuron_search_20260605\manual_self\screen_128_seed13_real_seq10160_40m_phase_residual_memory_gate_neuron\result.json,E:\CODEXRESEARCH\RESEARCH-1\artifacts\benchmark_runs\language\neuron_search_20260605\manual_self\screen_128_seed13_real_seq10160_40m_baseline\result.json
screen_128_seed13_real_seq10160_40m,phase_residual_memory_delta_gate_neuron,13,128,10160,4,512,2,24576,E:\CODEXRESEARCH\RESEARCH-1\artifacts\benchmark_runs\language\neuron_search_20260605\manual_self\real_cache_finewebedu_sample_seq10160_train192_val8_gpt2.pt,7.04758435384495,7.040086772498183,-0.007497581346767035,6.978597640991211,6.9650115966796875,-0.013586044311523438,81002.62927800292,75361.29138248622,0.9303561137977941,3672.6318359375,5590.34912109375,40437009,40572177,135168,E:\CODEXRESEARCH\RESEARCH-1\artifacts\benchmark_runs\language\neuron_search_20260605\manual_self\screen_128_seed13_real_seq10160_40m_phase_residual_memory_delta_gate_neuron\result.json,E:\CODEXRESEARCH\RESEARCH-1\artifacts\benchmark_runs\language\neuron_search_20260605\manual_self\screen_128_seed13_real_seq10160_40m_baseline\result.json
screen_128_seed13_real_seq10160_40m,rank_competition_memory_gate_neuron,13,128,10160,4,512,2,24576,E:\CODEXRESEARCH\RESEARCH-1\artifacts\benchmark_runs\language\neuron_search_20260605\manual_self\real_cache_finewebedu_sample_seq10160_train192_val8_gpt2.pt,7.04758435384495,7.040089718187888,-0.007494635657062432,6.978597640991211,6.963685989379883,-0.014911651611328125,81002.62927800292,73607.51222260098,0.9087052220240689,3672.6318359375,4233.34228515625,40437009,40572179,135170,E:\CODEXRESEARCH\RESEARCH-1\artifacts\benchmark_runs\language\neuron_search_20260605\manual_self\screen_128_seed13_real_seq10160_40m_rank_competition_memory_gate_neuron\result.json,E:\CODEXRESEARCH\RESEARCH-1\artifacts\benchmark_runs\language\neuron_search_20260605\manual_self\screen_128_seed13_real_seq10160_40m_baseline\result.json
screen_128_seed13_real_seq10160_40m,phase_residual_memory_bounded_gate_neuron,13,128,10160,4,512,2,24576,E:\CODEXRESEARCH\RESEARCH-1\artifacts\benchmark_runs\language\neuron_search_20260605\manual_self\real_cache_finewebedu_sample_seq10160_train192_val8_gpt2.pt,7.04758435384495,7.040091356893224,-0.0074929969517265604,6.978597640991211,6.965042591094971,-0.013555049896240234,81002.62927800292,73822.80042690363,0.9113630148169889,3672.6318359375,4273.02685546875,40437009,40572177,135168,E:\CODEXRESEARCH\RESEARCH-1\artifacts\benchmark_runs\language\neuron_search_20260605\manual_self\screen_128_seed13_real_seq10160_40m_phase_residual_memory_bounded_gate_neuron\result.json,E:\CODEXRESEARCH\RESEARCH-1\artifacts\benchmark_runs\language\neuron_search_20260605\manual_self\screen_128_seed13_real_seq10160_40m_baseline\result.json
screen_128_seed13_real_seq10160_40m,phase_residual_memory_sparse_gate_neuron,13,128,10160,4,512,2,24576,E:\CODEXRESEARCH\RESEARCH-1\artifacts\benchmark_runs\language\neuron_search_20260605\manual_self\real_cache_finewebedu_sample_seq10160_train192_val8_gpt2.pt,7.04758435384495,7.040096959542102,-0.007487394302848394,6.978597640991211,6.965032577514648,-0.0135650634765625,81002.62927800292,72646.61660340407,0.8968426982052543,3672.6318359375,5240.56494140625,40437009,40572177,135168,E:\CODEXRESEARCH\RESEARCH-1\artifacts\benchmark_runs\language\neuron_search_20260605\manual_self\screen_128_seed13_real_seq10160_40m_phase_residual_memory_sparse_gate_neuron\result.json,E:\CODEXRESEARCH\RESEARCH-1\artifacts\benchmark_runs\language\neuron_search_20260605\manual_self\screen_128_seed13_real_seq10160_40m_baseline\result.json
screen_128_seed13_real_seq10160_40m,phase_residual_memory_novelty_gate_neuron,13,128,10160,4,512,2,24576,E:\CODEXRESEARCH\RESEARCH-1\artifacts\benchmark_runs\language\neuron_search_20260605\manual_self\real_cache_finewebedu_sample_seq10160_train192_val8_gpt2.pt,7.04758435384495,7.040097518980972,-0.0074868348639780535,6.978597640991211,6.965029716491699,-0.013567924499511719,81002.62927800292,69899.22489090415,0.8629253829651428,3672.6318359375,4194.9794921875,40437009,40572177,135168,E:\CODEXRESEARCH\RESEARCH-1\artifacts\benchmark_runs\language\neuron_search_20260605\manual_self\screen_128_seed13_real_seq10160_40m_phase_residual_memory_novelty_gate_neuron\result.json,E:\CODEXRESEARCH\RESEARCH-1\artifacts\benchmark_runs\language\neuron_search_20260605\manual_self\screen_128_seed13_real_seq10160_40m_baseline\result.json
screen_128_seed13_real_seq10160_40m,phase_residual_blend_normed_neuron,13,128,10160,4,512,2,24576,E:\CODEXRESEARCH\RESEARCH-1\artifacts\benchmark_runs\language\neuron_search_20260605\manual_self\real_cache_finewebedu_sample_seq10160_train192_val8_gpt2.pt,7.04758435384495,7.040292317473043,-0.007292036371906896,6.978597640991211,6.9716291427612305,-0.006968498229980469,81002.62927800292,74398.30681154331,0.918467801288358,3672.6318359375,5074.47314453125,40437009,40439057,2048,E:\CODEXRESEARCH\RESEARCH-1\artifacts\benchmark_runs\language\neuron_search_20260605\manual_self\screen_128_seed13_real_seq10160_40m_phase_residual_blend_normed_neuron\result.json,E:\CODEXRESEARCH\RESEARCH-1\artifacts\benchmark_runs\language\neuron_search_20260605\manual_self\screen_128_seed13_real_seq10160_40m_baseline\result.json
screen_128_seed13_real_seq10160_40m,phase_residual_memory_normed_gate_neuron,13,128,10160,4,512,2,24576,E:\CODEXRESEARCH\RESEARCH-1\artifacts\benchmark_runs\language\neuron_search_20260605\manual_self\real_cache_finewebedu_sample_seq10160_train192_val8_gpt2.pt,7.04758435384495,7.0420074307073754,-0.005576923137574852,6.978597640991211,6.9664201736450195,-0.012177467346191406,81002.62927800292,72176.81432498325,0.8910428583406933,3672.6318359375,5199.8974609375,40437009,40572177,135168,E:\CODEXRESEARCH\RESEARCH-1\artifacts\benchmark_runs\language\neuron_search_20260605\manual_self\screen_128_seed13_real_seq10160_40m_phase_residual_memory_normed_gate_neuron\result.json,E:\CODEXRESEARCH\RESEARCH-1\artifacts\benchmark_runs\language\neuron_search_20260605\manual_self\screen_128_seed13_real_seq10160_40m_baseline\result.json
screen_128_seed13_real_seq10160_40m,phase_residual_memory_boundary_centered_gate_neuron,13,128,10160,4,512,2,24576,E:\CODEXRESEARCH\RESEARCH-1\artifacts\benchmark_runs\language\neuron_search_20260605\manual_self\real_cache_finewebedu_sample_seq10160_train192_val8_gpt2.pt,7.04758435384495,7.042244796865568,-0.005339556979381932,6.978597640991211,6.964666843414307,-0.013930797576904297,81002.62927800292,71518.05266322996,0.8829102623049226,3672.6318359375,4859.57666015625,40437009,40572177,135168,E:\CODEXRESEARCH\RESEARCH-1\artifacts\benchmark_runs\language\neuron_search_20260605\manual_self\screen_128_seed13_real_seq10160_40m_phase_residual_memory_boundary_centered_gate_neuron\result.json,E:\CODEXRESEARCH\RESEARCH-1\artifacts\benchmark_runs\language\neuron_search_20260605\manual_self\screen_128_seed13_real_seq10160_40m_baseline\result.json
screen_128_seed13_real_seq10160_40m,phase_residual_blend_large_neuron,13,128,10160,4,512,2,24576,E:\CODEXRESEARCH\RESEARCH-1\artifacts\benchmark_runs\language\neuron_search_20260605\manual_self\real_cache_finewebedu_sample_seq10160_train192_val8_gpt2.pt,7.04758435384495,7.042631525692977,-0.0049528281519730655,6.978597640991211,6.973706245422363,-0.004891395568847656,81002.62927800292,78075.58898291177,0.9638648730148563,3672.6318359375,4993.30908203125,40437009,40439057,2048,E:\CODEXRESEARCH\RESEARCH-1\artifacts\benchmark_runs\language\neuron_search_20260605\manual_self\screen_128_seed13_real_seq10160_40m_phase_residual_blend_large_neuron\result.json,E:\CODEXRESEARCH\RESEARCH-1\artifacts\benchmark_runs\language\neuron_search_20260605\manual_self\screen_128_seed13_real_seq10160_40m_baseline\result.json
screen_128_seed13_real_seq10160_40m,phase_residual_blend_quarter_neuron,13,128,10160,4,512,2,24576,E:\CODEXRESEARCH\RESEARCH-1\artifacts\benchmark_runs\language\neuron_search_20260605\manual_self\real_cache_finewebedu_sample_seq10160_train192_val8_gpt2.pt,7.04758435384495,7.042939077963041,-0.004645275881909328,6.978597640991211,6.974052906036377,-0.004544734954833984,81002.62927800292,77938.83566952839,0.962176615305171,3672.6318359375,4531.30908203125,40437009,40439057,2048,E:\CODEXRESEARCH\RESEARCH-1\artifacts\benchmark_runs\language\neuron_search_20260605\manual_self\screen_128_seed13_real_seq10160_40m_phase_residual_blend_quarter_neuron\result.json,E:\CODEXRESEARCH\RESEARCH-1\artifacts\benchmark_runs\language\neuron_search_20260605\manual_self\screen_128_seed13_real_seq10160_40m_baseline\result.json
screen_128_seed13_real_seq10160_40m,rank_competition_neuron,13,128,10160,4,512,2,24576,E:\CODEXRESEARCH\RESEARCH-1\artifacts\benchmark_runs\language\neuron_search_20260605\manual_self\real_cache_finewebedu_sample_seq10160_train192_val8_gpt2.pt,7.04758435384495,7.043744628635917,-0.0038397252090334177,6.978597640991211,6.980452537536621,0.0018548965454101562,81002.62927800292,83614.80279042355,1.0322480089313595,3672.6318359375,4177.4970703125,40437009,40437011,2,E:\CODEXRESEARCH\RESEARCH-1\artifacts\benchmark_runs\language\neuron_search_20260605\manual_self\screen_128_seed13_real_seq10160_40m_rank_competition_neuron\result.json,E:\CODEXRESEARCH\RESEARCH-1\artifacts\benchmark_runs\language\neuron_search_20260605\manual_self\screen_128_seed13_real_seq10160_40m_baseline\result.json
screen_128_seed13_real_seq10160_40m,phase_residual_memory_novelty_tiny_gate_neuron,13,128,10160,4,512,2,24576,E:\CODEXRESEARCH\RESEARCH-1\artifacts\benchmark_runs\language\neuron_search_20260605\manual_self\real_cache_finewebedu_sample_seq10160_train192_val8_gpt2.pt,7.04758435384495,7.044324226454487,-0.003260127390463552,6.978597640991211,6.967898368835449,-0.010699272155761719,81002.62927800292,71024.90564160152,0.8768222250890447,3672.6318359375,4661.97119140625,40437009,40572177,135168,E:\CODEXRESEARCH\RESEARCH-1\artifacts\benchmark_runs\language\neuron_search_20260605\manual_self\screen_128_seed13_real_seq10160_40m_phase_residual_memory_novelty_tiny_gate_neuron\result.json,E:\CODEXRESEARCH\RESEARCH-1\artifacts\benchmark_runs\language\neuron_search_20260605\manual_self\screen_128_seed13_real_seq10160_40m_baseline\result.json
screen_128_seed13_real_seq10160_40m,phase_residual_boundary_blend_neuron,13,128,10160,4,512,2,24576,E:\CODEXRESEARCH\RESEARCH-1\artifacts\benchmark_runs\language\neuron_search_20260605\manual_self\real_cache_finewebedu_sample_seq10160_train192_val8_gpt2.pt,7.04758435384495,7.045030746872969,-0.0025536069719809262,6.978597640991211,6.975275039672852,-0.003322601318359375,81002.62927800292,73532.29625996911,0.9077766600341397,3672.6318359375,4271.25927734375,40437009,40439057,2048,E:\CODEXRESEARCH\RESEARCH-1\artifacts\benchmark_runs\language\neuron_search_20260605\manual_self\screen_128_seed13_real_seq10160_40m_phase_residual_boundary_blend_neuron\result.json,E:\CODEXRESEARCH\RESEARCH-1\artifacts\benchmark_runs\language\neuron_search_20260605\manual_self\screen_128_seed13_real_seq10160_40m_baseline\result.json
screen_128_seed13_real_seq10160_40m,phase_residual_blend_neuron,13,128,10160,4,512,2,24576,E:\CODEXRESEARCH\RESEARCH-1\artifacts\benchmark_runs\language\neuron_search_20260605\manual_self\real_cache_finewebedu_sample_seq10160_train192_val8_gpt2.pt,7.04758435384495,7.045201171289278,-0.0023831825556719366,6.978597640991211,6.976337909698486,-0.0022597312927246094,81002.62927800292,76474.61031820241,0.9441003458756846,3672.6318359375,4070.67529296875,40437009,40439057,2048,E:\CODEXRESEARCH\RESEARCH-1\artifacts\benchmark_runs\language\neuron_search_20260605\manual_self\screen_128_seed13_real_seq10160_40m_phase_residual_blend_neuron\result.json,E:\CODEXRESEARCH\RESEARCH-1\artifacts\benchmark_runs\language\neuron_search_20260605\manual_self\screen_128_seed13_real_seq10160_40m_baseline\result.json
screen_128_seed13_real_seq10160_40m,stateful_threshold_neuron,13,128,10160,4,512,2,24576,E:\CODEXRESEARCH\RESEARCH-1\artifacts\benchmark_runs\language\neuron_search_20260605\manual_self\real_cache_finewebedu_sample_seq10160_train192_val8_gpt2.pt,7.04758435384495,7.046730247257263,-0.0008541065876874754,6.978597640991211,6.978612422943115,1.4781951904296875e-05,81002.62927800292,73926.9127575403,0.9126483105112725,3672.6318359375,4637.76806640625,40437009,40437011,2,E:\CODEXRESEARCH\RESEARCH-1\artifacts\benchmark_runs\language\neuron_search_20260605\manual_self\screen_128_seed13_real_seq10160_40m_stateful_threshold_neuron\result.json,E:\CODEXRESEARCH\RESEARCH-1\artifacts\benchmark_runs\language\neuron_search_20260605\manual_self\screen_128_seed13_real_seq10160_40m_baseline\result.json
screen_128_seed13_real_seq10160_40m,phase_residual_memory_boundary_gate_neuron,13,128,10160,4,512,2,24576,E:\CODEXRESEARCH\RESEARCH-1\artifacts\benchmark_runs\language\neuron_search_20260605\manual_self\real_cache_finewebedu_sample_seq10160_train192_val8_gpt2.pt,7.04758435384495,7.046788743349511,-0.0007956104954391918,6.978597640991211,6.969216346740723,-0.009381294250488281,81002.62927800292,72688.62843853283,0.8973613460010509,3672.6318359375,5318.36181640625,40437009,40572177,135168,E:\CODEXRESEARCH\RESEARCH-1\artifacts\benchmark_runs\language\neuron_search_20260605\manual_self\screen_128_seed13_real_seq10160_40m_phase_residual_memory_boundary_gate_neuron\result.json,E:\CODEXRESEARCH\RESEARCH-1\artifacts\benchmark_runs\language\neuron_search_20260605\manual_self\screen_128_seed13_real_seq10160_40m_baseline\result.json
screen_128_seed13_real_seq10160_40m,phase_residual_memory_scalar_gate_neuron,13,128,10160,4,512,2,24576,E:\CODEXRESEARCH\RESEARCH-1\artifacts\benchmark_runs\language\neuron_search_20260605\manual_self\real_cache_finewebedu_sample_seq10160_train192_val8_gpt2.pt,7.04758435384495,7.046850820413725,-0.0007335334312257302,6.978597640991211,6.984123229980469,0.0055255889892578125,81002.62927800292,74383.60878746073,0.9182863500908649,3672.6318359375,4150.71533203125,40437009,40439187,2178,E:\CODEXRESEARCH\RESEARCH-1\artifacts\benchmark_runs\language\neuron_search_20260605\manual_self\screen_128_seed13_real_seq10160_40m_phase_residual_memory_scalar_gate_neuron\result.json,E:\CODEXRESEARCH\RESEARCH-1\artifacts\benchmark_runs\language\neuron_search_20260605\manual_self\screen_128_seed13_real_seq10160_40m_baseline\result.json
screen_128_seed13_real_seq10160_40m,phase_residual_blend_tiny_neuron,13,128,10160,4,512,2,24576,E:\CODEXRESEARCH\RESEARCH-1\artifacts\benchmark_runs\language\neuron_search_20260605\manual_self\real_cache_finewebedu_sample_seq10160_train192_val8_gpt2.pt,7.04758435384495,7.0471584290031375,-0.0004259248418128081,6.978597640991211,6.978186130523682,-0.0004115104675292969,81002.62927800292,78361.80916528418,0.9673983408161311,3672.6318359375,4532.07470703125,40437009,40439057,2048,E:\CODEXRESEARCH\RESEARCH-1\artifacts\benchmark_runs\language\neuron_search_20260605\manual_self\screen_128_seed13_real_seq10160_40m_phase_residual_blend_tiny_neuron\result.json,E:\CODEXRESEARCH\RESEARCH-1\artifacts\benchmark_runs\language\neuron_search_20260605\manual_self\screen_128_seed13_real_seq10160_40m_baseline\result.json
screen_128_seed13_real_seq10160_40m,memory_square_centered_gain_neuron,13,128,10160,4,512,2,24576,E:\CODEXRESEARCH\RESEARCH-1\artifacts\benchmark_runs\language\neuron_search_20260605\manual_self\real_cache_finewebedu_sample_seq10160_train192_val8_gpt2.pt,7.04758435384495,7.050359352554862,0.0027749987099117135,6.978597640991211,6.969663619995117,-0.00893402099609375,81002.62927800292,91864.05964273875,1.1340873803918037,3672.6318359375,4295.7939453125,40437009,40570129,133120,E:\CODEXRESEARCH\RESEARCH-1\artifacts\benchmark_runs\language\neuron_search_20260605\manual_self\screen_128_seed13_real_seq10160_40m_memory_square_centered_gain_neuron\result.json,E:\CODEXRESEARCH\RESEARCH-1\artifacts\benchmark_runs\language\neuron_search_20260605\manual_self\screen_128_seed13_real_seq10160_40m_baseline\result.json
screen_128_seed13_real_seq10160_40m,memory_square_gain_neuron,13,128,10160,4,512,2,24576,E:\CODEXRESEARCH\RESEARCH-1\artifacts\benchmark_runs\language\neuron_search_20260605\manual_self\real_cache_finewebedu_sample_seq10160_train192_val8_gpt2.pt,7.04758435384495,7.0503677704202845,0.0027834165753342077,6.978597640991211,6.969672679901123,-0.00892496109008789,81002.62927800292,90339.84922084383,1.1152705785733863,3672.6318359375,3832.84619140625,40437009,40570129,133120,E:\CODEXRESEARCH\RESEARCH-1\artifacts\benchmark_runs\language\neuron_search_20260605\manual_self\screen_128_seed13_real_seq10160_40m_memory_square_gain_neuron\result.json,E:\CODEXRESEARCH\RESEARCH-1\artifacts\benchmark_runs\language\neuron_search_20260605\manual_self\screen_128_seed13_real_seq10160_40m_baseline\result.json
screen_128_seed13_real_seq10160_40m,memory_square_small_gain_neuron,13,128,10160,4,512,2,24576,E:\CODEXRESEARCH\RESEARCH-1\artifacts\benchmark_runs\language\neuron_search_20260605\manual_self\real_cache_finewebedu_sample_seq10160_train192_val8_gpt2.pt,7.04758435384495,7.050469693424195,0.00288533957924475,6.978597640991211,6.969684600830078,-0.008913040161132812,81002.62927800292,92651.04081354506,1.1438028819479984,3672.6318359375,4759.6884765625,40437009,40570129,133120,E:\CODEXRESEARCH\RESEARCH-1\artifacts\benchmark_runs\language\neuron_search_20260605\manual_self\screen_128_seed13_real_seq10160_40m_memory_square_small_gain_neuron\result.json,E:\CODEXRESEARCH\RESEARCH-1\artifacts\benchmark_runs\language\neuron_search_20260605\manual_self\screen_128_seed13_real_seq10160_40m_baseline\result.json
screen_128_seed13_real_seq10160_40m,memory_square_novelty_gain_neuron,13,128,10160,4,512,2,24576,E:\CODEXRESEARCH\RESEARCH-1\artifacts\benchmark_runs\language\neuron_search_20260605\manual_self\real_cache_finewebedu_sample_seq10160_train192_val8_gpt2.pt,7.04758435384495,7.050522811018576,0.0029384571736255083,6.978597640991211,6.969664573669434,-0.008933067321777344,81002.62927800292,76305.00477761554,0.9420065182789928,3672.6318359375,4769.94140625,40437009,40570129,133120,E:\CODEXRESEARCH\RESEARCH-1\artifacts\benchmark_runs\language\neuron_search_20260605\manual_self\screen_128_seed13_real_seq10160_40m_memory_square_novelty_gain_neuron\result.json,E:\CODEXRESEARCH\RESEARCH-1\artifacts\benchmark_runs\language\neuron_search_20260605\manual_self\screen_128_seed13_real_seq10160_40m_baseline\result.json
screen_128_seed13_real_seq10160_40m,conv_disagreement_neuron,13,128,10160,4,512,2,24576,E:\CODEXRESEARCH\RESEARCH-1\artifacts\benchmark_runs\language\neuron_search_20260605\manual_self\real_cache_finewebedu_sample_seq10160_train192_val8_gpt2.pt,7.04758435384495,7.050714299434752,0.0031299455898015083,6.978597640991211,6.982368469238281,0.0037708282470703125,81002.62927800292,81490.45010605718,1.0060222838740216,3672.6318359375,4275.9208984375,40437009,40437009,0,E:\CODEXRESEARCH\RESEARCH-1\artifacts\benchmark_runs\language\neuron_search_20260605\manual_self\screen_128_seed13_real_seq10160_40m_conv_disagreement_neuron\result.json,E:\CODEXRESEARCH\RESEARCH-1\artifacts\benchmark_runs\language\neuron_search_20260605\manual_self\screen_128_seed13_real_seq10160_40m_baseline\result.json
screen_128_seed13_real_seq10160_40m,phase_residual_memory_boundary_scalar_gate_neuron,13,128,10160,4,512,2,24576,E:\CODEXRESEARCH\RESEARCH-1\artifacts\benchmark_runs\language\neuron_search_20260605\manual_self\real_cache_finewebedu_sample_seq10160_train192_val8_gpt2.pt,7.04758435384495,7.052209139433433,0.004624785588482894,6.978597640991211,6.988223552703857,0.009625911712646484,81002.62927800292,73106.6894791882,0.902522425886749,3672.6318359375,5281.525390625,40437009,40439187,2178,E:\CODEXRESEARCH\RESEARCH-1\artifacts\benchmark_runs\language\neuron_search_20260605\manual_self\screen_128_seed13_real_seq10160_40m_phase_residual_memory_boundary_scalar_gate_neuron\result.json,E:\CODEXRESEARCH\RESEARCH-1\artifacts\benchmark_runs\language\neuron_search_20260605\manual_self\screen_128_seed13_real_seq10160_40m_baseline\result.json
screen_128_seed13_real_seq10160_40m,stable_competition_neuron,13,128,10160,4,512,2,24576,E:\CODEXRESEARCH\RESEARCH-1\artifacts\benchmark_runs\language\neuron_search_20260605\manual_self\real_cache_finewebedu_sample_seq10160_train192_val8_gpt2.pt,7.04758435384495,7.054999172218203,0.00741481837325253,6.978597640991211,6.9903388023376465,0.011741161346435547,81002.62927800292,77443.00454088821,0.9560554420412949,3672.6318359375,5222.62451171875,40437009,40437013,4,E:\CODEXRESEARCH\RESEARCH-1\artifacts\benchmark_runs\language\neuron_search_20260605\manual_self\screen_128_seed13_real_seq10160_40m_stable_competition_neuron\result.json,E:\CODEXRESEARCH\RESEARCH-1\artifacts\benchmark_runs\language\neuron_search_20260605\manual_self\screen_128_seed13_real_seq10160_40m_baseline\result.json
screen_128_seed13_real_seq10160_40m,memory_square_scalar_gain_neuron,13,128,10160,4,512,2,24576,E:\CODEXRESEARCH\RESEARCH-1\artifacts\benchmark_runs\language\neuron_search_20260605\manual_self\real_cache_finewebedu_sample_seq10160_train192_val8_gpt2.pt,7.04758435384495,7.055484792754406,0.007900438909455687,6.978597640991211,6.990614891052246,0.012017250061035156,81002.62927800292,93903.83194256198,1.159268937064769,3672.6318359375,4217.27001953125,40437009,40437139,130,E:\CODEXRESEARCH\RESEARCH-1\artifacts\benchmark_runs\language\neuron_search_20260605\manual_self\screen_128_seed13_real_seq10160_40m_memory_square_scalar_gain_neuron\result.json,E:\CODEXRESEARCH\RESEARCH-1\artifacts\benchmark_runs\language\neuron_search_20260605\manual_self\screen_128_seed13_real_seq10160_40m_baseline\result.json
screen_128_seed13_real_seq10160_40m,memory_square_conv_agreement_gain_neuron,13,128,10160,4,512,2,24576,E:\CODEXRESEARCH\RESEARCH-1\artifacts\benchmark_runs\language\neuron_search_20260605\manual_self\real_cache_finewebedu_sample_seq10160_train192_val8_gpt2.pt,7.04758435384495,7.055593721134456,0.008009367289505853,6.978597640991211,6.990781784057617,0.01218414306640625,81002.62927800292,78558.93217180295,0.9698318791873639,3672.6318359375,4385.33349609375,40437009,40437141,132,E:\CODEXRESEARCH\RESEARCH-1\artifacts\benchmark_runs\language\neuron_search_20260605\manual_self\screen_128_seed13_real_seq10160_40m_memory_square_conv_agreement_gain_neuron\result.json,E:\CODEXRESEARCH\RESEARCH-1\artifacts\benchmark_runs\language\neuron_search_20260605\manual_self\screen_128_seed13_real_seq10160_40m_baseline\result.json
screen_128_seed13_real_seq10160_40m,mem_threshold_neuron,13,128,10160,4,512,2,24576,E:\CODEXRESEARCH\RESEARCH-1\artifacts\benchmark_runs\language\neuron_search_20260605\manual_self\real_cache_finewebedu_sample_seq10160_train192_val8_gpt2.pt,7.04758435384495,7.055655684058122,0.008071330213171635,6.978597640991211,6.996837139129639,0.018239498138427734,81002.62927800292,79318.7439166522,0.97921196661936,3672.6318359375,3873.48291015625,40437009,40703249,266240,E:\CODEXRESEARCH\RESEARCH-1\artifacts\benchmark_runs\language\neuron_search_20260605\manual_self\screen_128_seed13_real_seq10160_40m_mem_threshold_neuron\result.json,E:\CODEXRESEARCH\RESEARCH-1\artifacts\benchmark_runs\language\neuron_search_20260605\manual_self\screen_128_seed13_real_seq10160_40m_baseline\result.json
screen_128_seed13_real_seq10160_40m,phase_residual_memory_group_gate_neuron,13,128,10160,4,512,2,24576,E:\CODEXRESEARCH\RESEARCH-1\artifacts\benchmark_runs\language\neuron_search_20260605\manual_self\real_cache_finewebedu_sample_seq10160_train192_val8_gpt2.pt,7.04758435384495,7.05901257541236,0.011428221567409302,6.978597640991211,6.998297691345215,0.019700050354003906,81002.62927800292,76014.8352846655,0.9384242951396159,3672.6318359375,4612.72705078125,40437009,40441137,4128,E:\CODEXRESEARCH\RESEARCH-1\artifacts\benchmark_runs\language\neuron_search_20260605\manual_self\screen_128_seed13_real_seq10160_40m_phase_residual_memory_group_gate_neuron\result.json,E:\CODEXRESEARCH\RESEARCH-1\artifacts\benchmark_runs\language\neuron_search_20260605\manual_self\screen_128_seed13_real_seq10160_40m_baseline\result.json
screen_128_seed13_real_seq10160_40m,stable_square_neuron,13,128,10160,4,512,2,24576,E:\CODEXRESEARCH\RESEARCH-1\artifacts\benchmark_runs\language\neuron_search_20260605\manual_self\real_cache_finewebedu_sample_seq10160_train192_val8_gpt2.pt,7.04758435384495,7.059827147130891,0.012242793285940579,6.978597640991211,6.992870330810547,0.014272689819335938,81002.62927800292,78644.16130667817,0.9708840565751214,3672.6318359375,4719.02587890625,40437009,40437011,2,E:\CODEXRESEARCH\RESEARCH-1\artifacts\benchmark_runs\language\neuron_search_20260605\manual_self\screen_128_seed13_real_seq10160_40m_stable_square_neuron\result.json,E:\CODEXRESEARCH\RESEARCH-1\artifacts\benchmark_runs\language\neuron_search_20260605\manual_self\screen_128_seed13_real_seq10160_40m_baseline\result.json
screen_128_seed13_real_seq10160_40m,adaptive_basis_neuron,13,128,10160,4,512,2,24576,E:\CODEXRESEARCH\RESEARCH-1\artifacts\benchmark_runs\language\neuron_search_20260605\manual_self\real_cache_finewebedu_sample_seq10160_train192_val8_gpt2.pt,7.04758435384495,7.078408324249147,0.03082397040419682,6.978597640991211,6.999251365661621,0.020653724670410156,81002.62927800292,76433.04614901975,0.94358722464057,3672.6318359375,5019.14208984375,40437009,40440087,3078,E:\CODEXRESEARCH\RESEARCH-1\artifacts\benchmark_runs\language\neuron_search_20260605\manual_self\screen_128_seed13_real_seq10160_40m_adaptive_basis_neuron\result.json,E:\CODEXRESEARCH\RESEARCH-1\artifacts\benchmark_runs\language\neuron_search_20260605\manual_self\screen_128_seed13_real_seq10160_40m_baseline\result.json
screen_128_seed13_real_seq10160_val8_rank_hybrid_cost_v1,rank_competition_memory_scalar_centered_gate_neuron,13,128,10160,8,512,2,24576,E:\CODEXRESEARCH\RESEARCH-1\artifacts\benchmark_runs\language\neuron_search_20260605\manual_self\real_cache_finewebedu_sample_seq10160_train192_val8_gpt2.pt,7.19901418751619,7.178205793298136,-0.02080839421805436,6.978597640991211,6.969995498657227,-0.008602142333984375,83856.16354381685,74605.46668610598,0.8896837576777865,3672.6318359375,5112.4931640625,40437009,40439189,2180,E:\CODEXRESEARCH\RESEARCH-1\artifacts\benchmark_runs\language\neuron_search_20260605\manual_self\screen_128_seed13_real_seq10160_val8_rank_hybrid_cost_v1_rank_competition_memory_scalar_centered_gate_neuron\result.json,E:\CODEXRESEARCH\RESEARCH-1\artifacts\benchmark_runs\language\neuron_search_20260605\manual_self\screen_128_seed13_real_seq10160_val8_rank_hybrid_cost_v1_baseline\result.json
screen_128_seed13_real_seq10160_val8_rank_hybrid_cost_v1,rank_competition_centered_residual_neuron,13,128,10160,8,512,2,24576,E:\CODEXRESEARCH\RESEARCH-1\artifacts\benchmark_runs\language\neuron_search_20260605\manual_self\real_cache_finewebedu_sample_seq10160_train192_val8_gpt2.pt,7.19901418751619,7.17848646377954,-0.02052772373665057,6.978597640991211,6.969817638397217,-0.00878000259399414,83856.16354381685,76364.87145930226,0.9106649795563303,3672.6318359375,4571.63525390625,40437009,40439059,2050,E:\CODEXRESEARCH\RESEARCH-1\artifacts\benchmark_runs\language\neuron_search_20260605\manual_self\screen_128_seed13_real_seq10160_val8_rank_hybrid_cost_v1_rank_competition_centered_residual_neuron\result.json,E:\CODEXRESEARCH\RESEARCH-1\artifacts\benchmark_runs\language\neuron_search_20260605\manual_self\screen_128_seed13_real_seq10160_val8_rank_hybrid_cost_v1_baseline\result.json
screen_128_seed13_real_seq10160_val8_rank_hybrid_cost_v1,rank_competition_memory_factor_centered_gate_neuron,13,128,10160,8,512,2,24576,E:\CODEXRESEARCH\RESEARCH-1\artifacts\benchmark_runs\language\neuron_search_20260605\manual_self\real_cache_finewebedu_sample_seq10160_train192_val8_gpt2.pt,7.19901418751619,7.184303937652918,-0.014710249863272296,6.978597640991211,6.978433609008789,-0.000164031982421875,83856.16354381685,73793.5108808135,0.8800010370407015,3672.6318359375,5157.8671875,40437009,40473907,36898,E:\CODEXRESEARCH\RESEARCH-1\artifacts\benchmark_runs\language\neuron_search_20260605\manual_self\screen_128_seed13_real_seq10160_val8_rank_hybrid_cost_v1_rank_competition_memory_factor_centered_gate_neuron\result.json,E:\CODEXRESEARCH\RESEARCH-1\artifacts\benchmark_runs\language\neuron_search_20260605\manual_self\screen_128_seed13_real_seq10160_val8_rank_hybrid_cost_v1_baseline\result.json
screen_128_seed13_real_seq10160_val8_rank_hybrid_cost_v1,rank_competition_memory_group_centered_gate_neuron,13,128,10160,8,512,2,24576,E:\CODEXRESEARCH\RESEARCH-1\artifacts\benchmark_runs\language\neuron_search_20260605\manual_self\real_cache_finewebedu_sample_seq10160_train192_val8_gpt2.pt,7.19901418751619,7.194880051124753,-0.0041341363914373375,6.978597640991211,6.993017673492432,0.014420032501220703,83856.16354381685,74297.10614516515,0.8860065021498764,3672.6318359375,4653.90087890625,40437009,40441139,4130,E:\CODEXRESEARCH\RESEARCH-1\artifacts\benchmark_runs\language\neuron_search_20260605\manual_self\screen_128_seed13_real_seq10160_val8_rank_hybrid_cost_v1_rank_competition_memory_group_centered_gate_neuron\result.json,E:\CODEXRESEARCH\RESEARCH-1\artifacts\benchmark_runs\language\neuron_search_20260605\manual_self\screen_128_seed13_real_seq10160_val8_rank_hybrid_cost_v1_baseline\result.json
screen_128_seed17_real_seq10160_40m,rank_competition_memory_centered_gate_neuron,17,128,10160,4,512,2,24576,E:\CODEXRESEARCH\RESEARCH-1\artifacts\benchmark_runs\language\neuron_search_20260605\manual_self\real_cache_finewebedu_sample_seq10160_train192_val8_gpt2.pt,7.075411135192931,7.02715840715123,-0.04825272804170133,7.25539493560791,7.204602241516113,-0.050792694091796875,81395.42838319579,73526.7931316886,0.9033282899567405,3672.60400390625,4695.58056640625,40437009,40572179,135170,E:\CODEXRESEARCH\RESEARCH-1\artifacts\benchmark_runs\language\neuron_search_20260605\manual_self\screen_128_seed17_real_seq10160_40m_rank_competition_memory_centered_gate_neuron\result.json,E:\CODEXRESEARCH\RESEARCH-1\artifacts\benchmark_runs\language\neuron_search_20260605\manual_self\screen_128_seed17_real_seq10160_40m_baseline\result.json
screen_128_seed17_real_seq10160_40m,phase_residual_memory_novelty_centered_gate_neuron,17,128,10160,4,512,2,24576,E:\CODEXRESEARCH\RESEARCH-1\artifacts\benchmark_runs\language\neuron_search_20260605\manual_self\real_cache_finewebedu_sample_seq10160_train192_val8_gpt2.pt,7.075411135192931,7.0320876975697795,-0.04332343762315194,7.25539493560791,7.212175369262695,-0.043219566345214844,81395.42838319579,69373.86443895087,0.8523066444512161,3672.60400390625,4659.20068359375,40437009,40572177,135168,E:\CODEXRESEARCH\RESEARCH-1\artifacts\benchmark_runs\language\neuron_search_20260605\manual_self\screen_128_seed17_real_seq10160_40m_phase_residual_memory_novelty_centered_gate_neuron\result.json,E:\CODEXRESEARCH\RESEARCH-1\artifacts\benchmark_runs\language\neuron_search_20260605\manual_self\screen_128_seed17_real_seq10160_40m_baseline\result.json
screen_128_seed17_real_seq10160_40m,phase_residual_memory_centered_gate_neuron,17,128,10160,4,512,2,24576,E:\CODEXRESEARCH\RESEARCH-1\artifacts\benchmark_runs\language\neuron_search_20260605\manual_self\real_cache_finewebedu_sample_seq10160_train192_val8_gpt2.pt,7.075411135192931,7.032095221834859,-0.0433159133580725,7.25539493560791,7.212166786193848,-0.0432281494140625,81395.42838319579,73774.9947413335,0.9063776210380443,3672.60400390625,4654.21875,40437009,40572177,135168,E:\CODEXRESEARCH\RESEARCH-1\artifacts\benchmark_runs\language\neuron_search_20260605\manual_self\screen_128_seed17_real_seq10160_40m_phase_residual_memory_centered_gate_neuron\result.json,E:\CODEXRESEARCH\RESEARCH-1\artifacts\benchmark_runs\language\neuron_search_20260605\manual_self\screen_128_seed17_real_seq10160_40m_baseline\result.json
screen_128_seed17_real_seq10160_40m,phase_residual_memory_sparse_centered_gate_neuron,17,128,10160,4,512,2,24576,E:\CODEXRESEARCH\RESEARCH-1\artifacts\benchmark_runs\language\neuron_search_20260605\manual_self\real_cache_finewebedu_sample_seq10160_train192_val8_gpt2.pt,7.075411135192931,7.032097364786103,-0.04331377040682849,7.25539493560791,7.21220064163208,-0.04319429397583008,81395.42838319579,70534.2368581064,0.8665626345259004,3672.60400390625,5241.36962890625,40437009,40572177,135168,E:\CODEXRESEARCH\RESEARCH-1\artifacts\benchmark_runs\language\neuron_search_20260605\manual_self\screen_128_seed17_real_seq10160_40m_phase_residual_memory_sparse_centered_gate_neuron\result.json,E:\CODEXRESEARCH\RESEARCH-1\artifacts\benchmark_runs\language\neuron_search_20260605\manual_self\screen_128_seed17_real_seq10160_40m_baseline\result.json
screen_128_seed17_real_seq10160_40m,phase_residual_memory_bounded_centered_gate_neuron,17,128,10160,4,512,2,24576,E:\CODEXRESEARCH\RESEARCH-1\artifacts\benchmark_runs\language\neuron_search_20260605\manual_self\real_cache_finewebedu_sample_seq10160_train192_val8_gpt2.pt,7.075411135192931,7.032111849559573,-0.04329928563335805,7.25539493560791,7.212207317352295,-0.043187618255615234,81395.42838319579,73624.01951020137,0.9045227842968286,3672.60400390625,4735.26123046875,40437009,40572177,135168,E:\CODEXRESEARCH\RESEARCH-1\artifacts\benchmark_runs\language\neuron_search_20260605\manual_self\screen_128_seed17_real_seq10160_40m_phase_residual_memory_bounded_centered_gate_neuron\result.json,E:\CODEXRESEARCH\RESEARCH-1\artifacts\benchmark_runs\language\neuron_search_20260605\manual_self\screen_128_seed17_real_seq10160_40m_baseline\result.json
screen_128_seed17_real_seq10160_40m,phase_residual_memory_scalar_centered_gate_neuron,17,128,10160,4,512,2,24576,E:\CODEXRESEARCH\RESEARCH-1\artifacts\benchmark_runs\language\neuron_search_20260605\manual_self\real_cache_finewebedu_sample_seq10160_train192_val8_gpt2.pt,7.075411135192931,7.033710099956182,-0.041701035236749284,7.25539493560791,7.199869155883789,-0.055525779724121094,81395.42838319579,74873.2090073618,0.9198699545491856,3672.60400390625,5079.0771484375,40437009,40439187,2178,E:\CODEXRESEARCH\RESEARCH-1\artifacts\benchmark_runs\language\neuron_search_20260605\manual_self\screen_128_seed17_real_seq10160_40m_phase_residual_memory_scalar_centered_gate_neuron\result.json,E:\CODEXRESEARCH\RESEARCH-1\artifacts\benchmark_runs\language\neuron_search_20260605\manual_self\screen_128_seed17_real_seq10160_40m_baseline\result.json
screen_128_seed17_real_seq10160_40m,rank_competition_memory_gate_neuron,17,128,10160,4,512,2,24576,E:\CODEXRESEARCH\RESEARCH-1\artifacts\benchmark_runs\language\neuron_search_20260605\manual_self\real_cache_finewebedu_sample_seq10160_train192_val8_gpt2.pt,7.075411135192931,7.0393344113207235,-0.03607672387220795,7.25539493560791,7.219919681549072,-0.03547525405883789,81395.42838319579,73187.66174021972,0.8991618226476393,3672.60400390625,4233.314453125,40437009,40572179,135170,E:\CODEXRESEARCH\RESEARCH-1\artifacts\benchmark_runs\language\neuron_search_20260605\manual_self\screen_128_seed17_real_seq10160_40m_rank_competition_memory_gate_neuron\result.json,E:\CODEXRESEARCH\RESEARCH-1\artifacts\benchmark_runs\language\neuron_search_20260605\manual_self\screen_128_seed17_real_seq10160_40m_baseline\result.json
screen_128_seed17_real_seq10160_40m,phase_residual_memory_scalar_gate_neuron,17,128,10160,4,512,2,24576,E:\CODEXRESEARCH\RESEARCH-1\artifacts\benchmark_runs\language\neuron_search_20260605\manual_self\real_cache_finewebedu_sample_seq10160_train192_val8_gpt2.pt,7.075411135192931,7.0414857768636985,-0.033925358329232935,7.25539493560791,7.210134506225586,-0.04526042938232422,81395.42838319579,74566.92050576895,0.9161069852070882,3672.60400390625,4150.71533203125,40437009,40439187,2178,E:\CODEXRESEARCH\RESEARCH-1\artifacts\benchmark_runs\language\neuron_search_20260605\manual_self\screen_128_seed17_real_seq10160_40m_phase_residual_memory_scalar_gate_neuron\result.json,E:\CODEXRESEARCH\RESEARCH-1\artifacts\benchmark_runs\language\neuron_search_20260605\manual_self\screen_128_seed17_real_seq10160_40m_baseline\result.json
screen_128_seed17_real_seq10160_40m,phase_residual_memory_novelty_gate_neuron,17,128,10160,4,512,2,24576,E:\CODEXRESEARCH\RESEARCH-1\artifacts\benchmark_runs\language\neuron_search_20260605\manual_self\real_cache_finewebedu_sample_seq10160_train192_val8_gpt2.pt,7.075411135192931,7.042762932251757,-0.0326482029411741,7.25539493560791,7.224603176116943,-0.030791759490966797,81395.42838319579,69281.16919308771,0.8511678182578485,3672.60400390625,4194.9794921875,40437009,40572177,135168,E:\CODEXRESEARCH\RESEARCH-1\artifacts\benchmark_runs\language\neuron_search_20260605\manual_self\screen_128_seed17_real_seq10160_40m_phase_residual_memory_novelty_gate_neuron\result.json,E:\CODEXRESEARCH\RESEARCH-1\artifacts\benchmark_runs\language\neuron_search_20260605\manual_self\screen_128_seed17_real_seq10160_40m_baseline\result.json
screen_128_seed17_real_seq10160_40m,phase_residual_memory_gate_neuron,17,128,10160,4,512,2,24576,E:\CODEXRESEARCH\RESEARCH-1\artifacts\benchmark_runs\language\neuron_search_20260605\manual_self\real_cache_finewebedu_sample_seq10160_train192_val8_gpt2.pt,7.075411135192931,7.042769932934618,-0.03264120225831313,7.25539493560791,7.224658966064453,-0.03073596954345703,81395.42838319579,74681.23256988636,0.91751138919375,3672.60400390625,5580.60498046875,40437009,40572177,135168,E:\CODEXRESEARCH\RESEARCH-1\artifacts\benchmark_runs\language\neuron_search_20260605\manual_self\screen_128_seed17_real_seq10160_40m_phase_residual_memory_gate_neuron\result.json,E:\CODEXRESEARCH\RESEARCH-1\artifacts\benchmark_runs\language\neuron_search_20260605\manual_self\screen_128_seed17_real_seq10160_40m_baseline\result.json
screen_128_seed17_real_seq10160_40m,phase_residual_memory_delta_gate_neuron,17,128,10160,4,512,2,24576,E:\CODEXRESEARCH\RESEARCH-1\artifacts\benchmark_runs\language\neuron_search_20260605\manual_self\real_cache_finewebedu_sample_seq10160_train192_val8_gpt2.pt,7.075411135192931,7.042770294880304,-0.03264084031262726,7.25539493560791,7.224632263183594,-0.030762672424316406,81395.42838319579,74924.53692568457,0.9205005540723078,3672.60400390625,5590.34912109375,40437009,40572177,135168,E:\CODEXRESEARCH\RESEARCH-1\artifacts\benchmark_runs\language\neuron_search_20260605\manual_self\screen_128_seed17_real_seq10160_40m_phase_residual_memory_delta_gate_neuron\result.json,E:\CODEXRESEARCH\RESEARCH-1\artifacts\benchmark_runs\language\neuron_search_20260605\manual_self\screen_128_seed17_real_seq10160_40m_baseline\result.json
screen_128_seed17_real_seq10160_40m,phase_residual_memory_sparse_gate_neuron,17,128,10160,4,512,2,24576,E:\CODEXRESEARCH\RESEARCH-1\artifacts\benchmark_runs\language\neuron_search_20260605\manual_self\real_cache_finewebedu_sample_seq10160_train192_val8_gpt2.pt,7.075411135192931,7.042771711875135,-0.03263942331779646,7.25539493560791,7.224642276763916,-0.03075265884399414,81395.42838319579,71659.50301234226,0.8803873194816489,3672.60400390625,5240.56494140625,40437009,40572177,135168,E:\CODEXRESEARCH\RESEARCH-1\artifacts\benchmark_runs\language\neuron_search_20260605\manual_self\screen_128_seed17_real_seq10160_40m_phase_residual_memory_sparse_gate_neuron\result.json,E:\CODEXRESEARCH\RESEARCH-1\artifacts\benchmark_runs\language\neuron_search_20260605\manual_self\screen_128_seed17_real_seq10160_40m_baseline\result.json
screen_128_seed17_real_seq10160_40m,phase_residual_memory_bounded_gate_neuron,17,128,10160,4,512,2,24576,E:\CODEXRESEARCH\RESEARCH-1\artifacts\benchmark_runs\language\neuron_search_20260605\manual_self\real_cache_finewebedu_sample_seq10160_train192_val8_gpt2.pt,7.075411135192931,7.042775789020569,-0.032635346172362745,7.25539493560791,7.224653244018555,-0.03074169158935547,81395.42838319579,72827.42387526268,0.8947360474890997,3672.60400390625,4272.9990234375,40437009,40572177,135168,E:\CODEXRESEARCH\RESEARCH-1\artifacts\benchmark_runs\language\neuron_search_20260605\manual_self\screen_128_seed17_real_seq10160_40m_phase_residual_memory_bounded_gate_neuron\result.json,E:\CODEXRESEARCH\RESEARCH-1\artifacts\benchmark_runs\language\neuron_search_20260605\manual_self\screen_128_seed17_real_seq10160_40m_baseline\result.json
screen_128_seed17_real_seq10160_40m,phase_residual_memory_rms_gate_neuron,17,128,10160,4,512,2,24576,E:\CODEXRESEARCH\RESEARCH-1\artifacts\benchmark_runs\language\neuron_search_20260605\manual_self\real_cache_finewebedu_sample_seq10160_train192_val8_gpt2.pt,7.075411135192931,7.0427771211609125,-0.03263401403201893,7.25539493560791,7.224628448486328,-0.03076648712158203,81395.42838319579,71344.64075219496,0.8765190154945381,3672.60400390625,4779.19677734375,40437009,40572177,135168,E:\CODEXRESEARCH\RESEARCH-1\artifacts\benchmark_runs\language\neuron_search_20260605\manual_self\screen_128_seed17_real_seq10160_40m_phase_residual_memory_rms_gate_neuron\result.json,E:\CODEXRESEARCH\RESEARCH-1\artifacts\benchmark_runs\language\neuron_search_20260605\manual_self\screen_128_seed17_real_seq10160_40m_baseline\result.json
screen_128_seed17_real_seq10160_40m,phase_residual_memory_boundary_centered_gate_neuron,17,128,10160,4,512,2,24576,E:\CODEXRESEARCH\RESEARCH-1\artifacts\benchmark_runs\language\neuron_search_20260605\manual_self\real_cache_finewebedu_sample_seq10160_train192_val8_gpt2.pt,7.075411135192931,7.04339751615299,-0.032013619039941155,7.25539493560791,7.223682403564453,-0.03171253204345703,81395.42838319579,70679.22003265156,0.8683438546438487,3672.60400390625,4859.57666015625,40437009,40572177,135168,E:\CODEXRESEARCH\RESEARCH-1\artifacts\benchmark_runs\language\neuron_search_20260605\manual_self\screen_128_seed17_real_seq10160_40m_phase_residual_memory_boundary_centered_gate_neuron\result.json,E:\CODEXRESEARCH\RESEARCH-1\artifacts\benchmark_runs\language\neuron_search_20260605\manual_self\screen_128_seed17_real_seq10160_40m_baseline\result.json
screen_128_seed17_real_seq10160_40m,phase_residual_memory_normed_gate_neuron,17,128,10160,4,512,2,24576,E:\CODEXRESEARCH\RESEARCH-1\artifacts\benchmark_runs\language\neuron_search_20260605\manual_self\real_cache_finewebedu_sample_seq10160_train192_val8_gpt2.pt,7.075411135192931,7.043527816224286,-0.031883318968645824,7.25539493560791,7.22494649887085,-0.030448436737060547,81395.42838319579,71506.94435484345,0.8785130292355113,3672.60400390625,5199.8974609375,40437009,40572177,135168,E:\CODEXRESEARCH\RESEARCH-1\artifacts\benchmark_runs\language\neuron_search_20260605\manual_self\screen_128_seed17_real_seq10160_40m_phase_residual_memory_normed_gate_neuron\result.json,E:\CODEXRESEARCH\RESEARCH-1\artifacts\benchmark_runs\language\neuron_search_20260605\manual_self\screen_128_seed17_real_seq10160_40m_baseline\result.json
screen_128_seed17_real_seq10160_40m,phase_residual_memory_novelty_tiny_gate_neuron,17,128,10160,4,512,2,24576,E:\CODEXRESEARCH\RESEARCH-1\artifacts\benchmark_runs\language\neuron_search_20260605\manual_self\real_cache_finewebedu_sample_seq10160_train192_val8_gpt2.pt,7.075411135192931,7.045542271681658,-0.029868863511273602,7.25539493560791,7.22653865814209,-0.028856277465820312,81395.42838319579,70304.29512983483,0.8637376389108024,3672.60400390625,4661.943359375,40437009,40572177,135168,E:\CODEXRESEARCH\RESEARCH-1\artifacts\benchmark_runs\language\neuron_search_20260605\manual_self\screen_128_seed17_real_seq10160_40m_phase_residual_memory_novelty_tiny_gate_neuron\result.json,E:\CODEXRESEARCH\RESEARCH-1\artifacts\benchmark_runs\language\neuron_search_20260605\manual_self\screen_128_seed17_real_seq10160_40m_baseline\result.json
screen_128_seed17_real_seq10160_40m,phase_residual_memory_group_gate_neuron,17,128,10160,4,512,2,24576,E:\CODEXRESEARCH\RESEARCH-1\artifacts\benchmark_runs\language\neuron_search_20260605\manual_self\real_cache_finewebedu_sample_seq10160_train192_val8_gpt2.pt,7.075411135192931,7.046197004768792,-0.02921413042413956,7.25539493560791,7.219886779785156,-0.035508155822753906,81395.42838319579,76001.89275373261,0.9337366270244155,3672.60400390625,4612.72705078125,40437009,40441137,4128,E:\CODEXRESEARCH\RESEARCH-1\artifacts\benchmark_runs\language\neuron_search_20260605\manual_self\screen_128_seed17_real_seq10160_40m_phase_residual_memory_group_gate_neuron\result.json,E:\CODEXRESEARCH\RESEARCH-1\artifacts\benchmark_runs\language\neuron_search_20260605\manual_self\screen_128_seed17_real_seq10160_40m_baseline\result.json
screen_128_seed17_real_seq10160_40m,mem_threshold_neuron,17,128,10160,4,512,2,24576,E:\CODEXRESEARCH\RESEARCH-1\artifacts\benchmark_runs\language\neuron_search_20260605\manual_self\real_cache_finewebedu_sample_seq10160_train192_val8_gpt2.pt,7.075411135192931,7.046262966366265,-0.0291481688266666,7.25539493560791,7.214363098144531,-0.041031837463378906,81395.42838319579,78516.63642483555,0.9646320190759686,3672.60400390625,3873.48291015625,40437009,40703249,266240,E:\CODEXRESEARCH\RESEARCH-1\artifacts\benchmark_runs\language\neuron_search_20260605\manual_self\screen_128_seed17_real_seq10160_40m_mem_threshold_neuron\result.json,E:\CODEXRESEARCH\RESEARCH-1\artifacts\benchmark_runs\language\neuron_search_20260605\manual_self\screen_128_seed17_real_seq10160_40m_baseline\result.json
screen_128_seed17_real_seq10160_40m,phase_residual_memory_boundary_gate_neuron,17,128,10160,4,512,2,24576,E:\CODEXRESEARCH\RESEARCH-1\artifacts\benchmark_runs\language\neuron_search_20260605\manual_self\real_cache_finewebedu_sample_seq10160_train192_val8_gpt2.pt,7.075411135192931,7.047752521357198,-0.027658613835733092,7.25539493560791,7.228818893432617,-0.02657604217529297,81395.42838319579,72023.32344364935,0.8848571089837606,3672.60400390625,5318.36181640625,40437009,40572177,135168,E:\CODEXRESEARCH\RESEARCH-1\artifacts\benchmark_runs\language\neuron_search_20260605\manual_self\screen_128_seed17_real_seq10160_40m_phase_residual_memory_boundary_gate_neuron\result.json,E:\CODEXRESEARCH\RESEARCH-1\artifacts\benchmark_runs\language\neuron_search_20260605\manual_self\screen_128_seed17_real_seq10160_40m_baseline\result.json
screen_128_seed17_real_seq10160_40m,memory_square_centered_gain_neuron,17,128,10160,4,512,2,24576,E:\CODEXRESEARCH\RESEARCH-1\artifacts\benchmark_runs\language\neuron_search_20260605\manual_self\real_cache_finewebedu_sample_seq10160_train192_val8_gpt2.pt,7.075411135192931,7.050852163382403,-0.024558971810528796,7.25539493560791,7.230928897857666,-0.02446603775024414,81395.42838319579,91295.48822921439,1.1216291878139741,3672.60400390625,4295.76611328125,40437009,40570129,133120,E:\CODEXRESEARCH\RESEARCH-1\artifacts\benchmark_runs\language\neuron_search_20260605\manual_self\screen_128_seed17_real_seq10160_40m_memory_square_centered_gain_neuron\result.json,E:\CODEXRESEARCH\RESEARCH-1\artifacts\benchmark_runs\language\neuron_search_20260605\manual_self\screen_128_seed17_real_seq10160_40m_baseline\result.json
screen_128_seed17_real_seq10160_40m,memory_square_gain_neuron,17,128,10160,4,512,2,24576,E:\CODEXRESEARCH\RESEARCH-1\artifacts\benchmark_runs\language\neuron_search_20260605\manual_self\real_cache_finewebedu_sample_seq10160_train192_val8_gpt2.pt,7.075411135192931,7.05086139769066,-0.024549737502271185,7.25539493560791,7.230900764465332,-0.024494171142578125,81395.42838319579,89971.1270914001,1.1053584811647086,3672.60400390625,3832.818359375,40437009,40570129,133120,E:\CODEXRESEARCH\RESEARCH-1\artifacts\benchmark_runs\language\neuron_search_20260605\manual_self\screen_128_seed17_real_seq10160_40m_memory_square_gain_neuron\result.json,E:\CODEXRESEARCH\RESEARCH-1\artifacts\benchmark_runs\language\neuron_search_20260605\manual_self\screen_128_seed17_real_seq10160_40m_baseline\result.json
screen_128_seed17_real_seq10160_40m,memory_square_novelty_gain_neuron,17,128,10160,4,512,2,24576,E:\CODEXRESEARCH\RESEARCH-1\artifacts\benchmark_runs\language\neuron_search_20260605\manual_self\real_cache_finewebedu_sample_seq10160_train192_val8_gpt2.pt,7.075411135192931,7.050877184567489,-0.02453395062544228,7.25539493560791,7.230892658233643,-0.024502277374267578,81395.42838319579,75303.79046943072,0.9251599501990865,3672.60400390625,4769.91357421875,40437009,40570129,133120,E:\CODEXRESEARCH\RESEARCH-1\artifacts\benchmark_runs\language\neuron_search_20260605\manual_self\screen_128_seed17_real_seq10160_40m_memory_square_novelty_gain_neuron\result.json,E:\CODEXRESEARCH\RESEARCH-1\artifacts\benchmark_runs\language\neuron_search_20260605\manual_self\screen_128_seed17_real_seq10160_40m_baseline\result.json
screen_128_seed17_real_seq10160_40m,memory_square_small_gain_neuron,17,128,10160,4,512,2,24576,E:\CODEXRESEARCH\RESEARCH-1\artifacts\benchmark_runs\language\neuron_search_20260605\manual_self\real_cache_finewebedu_sample_seq10160_train192_val8_gpt2.pt,7.075411135192931,7.050904513719514,-0.02450662147341731,7.25539493560791,7.230954170227051,-0.024440765380859375,81395.42838319579,91889.00939890071,1.1289210122011146,3672.60400390625,4759.6884765625,40437009,40570129,133120,E:\CODEXRESEARCH\RESEARCH-1\artifacts\benchmark_runs\language\neuron_search_20260605\manual_self\screen_128_seed17_real_seq10160_40m_memory_square_small_gain_neuron\result.json,E:\CODEXRESEARCH\RESEARCH-1\artifacts\benchmark_runs\language\neuron_search_20260605\manual_self\screen_128_seed17_real_seq10160_40m_baseline\result.json
screen_128_seed17_real_seq10160_40m,phase_residual_blend_centered_neuron,17,128,10160,4,512,2,24576,E:\CODEXRESEARCH\RESEARCH-1\artifacts\benchmark_runs\language\neuron_search_20260605\manual_self\real_cache_finewebedu_sample_seq10160_train192_val8_gpt2.pt,7.075411135192931,7.05188516012327,-0.023525975069661698,7.25539493560791,7.231757164001465,-0.023637771606445312,81395.42838319579,76140.89280634999,0.9354443402876592,3672.60400390625,4996.18212890625,40437009,40439057,2048,E:\CODEXRESEARCH\RESEARCH-1\artifacts\benchmark_runs\language\neuron_search_20260605\manual_self\screen_128_seed17_real_seq10160_40m_phase_residual_blend_centered_neuron\result.json,E:\CODEXRESEARCH\RESEARCH-1\artifacts\benchmark_runs\language\neuron_search_20260605\manual_self\screen_128_seed17_real_seq10160_40m_baseline\result.json
screen_128_seed17_real_seq10160_40m,phase_residual_memory_conv_centered_agreement_neuron,17,128,10160,4,512,2,24576,E:\CODEXRESEARCH\RESEARCH-1\artifacts\benchmark_runs\language\neuron_search_20260605\manual_self\real_cache_finewebedu_sample_seq10160_train192_val8_gpt2.pt,7.075411135192931,7.05189493171812,-0.023516203474811093,7.25539493560791,7.231774806976318,-0.023620128631591797,81395.42838319579,71331.09115702276,0.8763525492022495,3672.60400390625,5240.00830078125,40437009,40439059,2050,E:\CODEXRESEARCH\RESEARCH-1\artifacts\benchmark_runs\language\neuron_search_20260605\manual_self\screen_128_seed17_real_seq10160_40m_phase_residual_memory_conv_centered_agreement_neuron\result.json,E:\CODEXRESEARCH\RESEARCH-1\artifacts\benchmark_runs\language\neuron_search_20260605\manual_self\screen_128_seed17_real_seq10160_40m_baseline\result.json
screen_128_seed17_real_seq10160_40m,phase_residual_memory_boundary_scalar_gate_neuron,17,128,10160,4,512,2,24576,E:\CODEXRESEARCH\RESEARCH-1\artifacts\benchmark_runs\language\neuron_search_20260605\manual_self\real_cache_finewebedu_sample_seq10160_train192_val8_gpt2.pt,7.075411135192931,7.057935113043297,-0.017476022149634396,7.25539493560791,7.224973678588867,-0.03042125701904297,81395.42838319579,72831.78676485864,0.8947896486517525,3672.60400390625,5281.525390625,40437009,40439187,2178,E:\CODEXRESEARCH\RESEARCH-1\artifacts\benchmark_runs\language\neuron_search_20260605\manual_self\screen_128_seed17_real_seq10160_40m_phase_residual_memory_boundary_scalar_gate_neuron\result.json,E:\CODEXRESEARCH\RESEARCH-1\artifacts\benchmark_runs\language\neuron_search_20260605\manual_self\screen_128_seed17_real_seq10160_40m_baseline\result.json
screen_128_seed17_real_seq10160_40m,memory_square_conv_agreement_gain_neuron,17,128,10160,4,512,2,24576,E:\CODEXRESEARCH\RESEARCH-1\artifacts\benchmark_runs\language\neuron_search_20260605\manual_self\real_cache_finewebedu_sample_seq10160_train192_val8_gpt2.pt,7.075411135192931,7.05974468621682,-0.015666448976111802,7.25539493560791,7.226149559020996,-0.029245376586914062,81395.42838319579,78042.80025406221,0.9588106089527537,3672.60400390625,4385.3056640625,40437009,40437141,132,E:\CODEXRESEARCH\RESEARCH-1\artifacts\benchmark_runs\language\neuron_search_20260605\manual_self\screen_128_seed17_real_seq10160_40m_memory_square_conv_agreement_gain_neuron\result.json,E:\CODEXRESEARCH\RESEARCH-1\artifacts\benchmark_runs\language\neuron_search_20260605\manual_self\screen_128_seed17_real_seq10160_40m_baseline\result.json
screen_128_seed17_real_seq10160_40m,memory_square_scalar_gain_neuron,17,128,10160,4,512,2,24576,E:\CODEXRESEARCH\RESEARCH-1\artifacts\benchmark_runs\language\neuron_search_20260605\manual_self\real_cache_finewebedu_sample_seq10160_train192_val8_gpt2.pt,7.075411135192931,7.059834404442254,-0.015576730750677115,7.25539493560791,7.226214408874512,-0.029180526733398438,81395.42838319579,93217.16663842447,1.1452383566258042,3672.60400390625,4217.27001953125,40437009,40437139,130,E:\CODEXRESEARCH\RESEARCH-1\artifacts\benchmark_runs\language\neuron_search_20260605\manual_self\screen_128_seed17_real_seq10160_40m_memory_square_scalar_gain_neuron\result.json,E:\CODEXRESEARCH\RESEARCH-1\artifacts\benchmark_runs\language\neuron_search_20260605\manual_self\screen_128_seed17_real_seq10160_40m_baseline\result.json
screen_128_seed17_real_seq10160_40m,phase_residual_boundary_centered_neuron,17,128,10160,4,512,2,24576,E:\CODEXRESEARCH\RESEARCH-1\artifacts\benchmark_runs\language\neuron_search_20260605\manual_self\real_cache_finewebedu_sample_seq10160_train192_val8_gpt2.pt,7.075411135192931,7.064391597988099,-0.01101953720483273,7.25539493560791,7.244970798492432,-0.010424137115478516,81395.42838319579,73223.00956958847,0.899596095555478,3672.60400390625,4732.28076171875,40437009,40439057,2048,E:\CODEXRESEARCH\RESEARCH-1\artifacts\benchmark_runs\language\neuron_search_20260605\manual_self\screen_128_seed17_real_seq10160_40m_phase_residual_boundary_centered_neuron\result.json,E:\CODEXRESEARCH\RESEARCH-1\artifacts\benchmark_runs\language\neuron_search_20260605\manual_self\screen_128_seed17_real_seq10160_40m_baseline\result.json
screen_128_seed17_real_seq10160_40m,phase_residual_memory_conv_disagreement_damp_neuron,17,128,10160,4,512,2,24576,E:\CODEXRESEARCH\RESEARCH-1\artifacts\benchmark_runs\language\neuron_search_20260605\manual_self\real_cache_finewebedu_sample_seq10160_train192_val8_gpt2.pt,7.075411135192931,7.065219109452616,-0.010192025740315636,7.25539493560791,7.24578857421875,-0.009606361389160156,81395.42838319579,72472.17243113485,0.8903715340123063,3672.60400390625,4777.5166015625,40437009,40439059,2050,E:\CODEXRESEARCH\RESEARCH-1\artifacts\benchmark_runs\language\neuron_search_20260605\manual_self\screen_128_seed17_real_seq10160_40m_phase_residual_memory_conv_disagreement_damp_neuron\result.json,E:\CODEXRESEARCH\RESEARCH-1\artifacts\benchmark_runs\language\neuron_search_20260605\manual_self\screen_128_seed17_real_seq10160_40m_baseline\result.json
screen_128_seed17_real_seq10160_40m,phase_residual_blend_half_neuron,17,128,10160,4,512,2,24576,E:\CODEXRESEARCH\RESEARCH-1\artifacts\benchmark_runs\language\neuron_search_20260605\manual_self\real_cache_finewebedu_sample_seq10160_train192_val8_gpt2.pt,7.075411135192931,7.065231561097573,-0.010179574095358745,7.25539493560791,7.245823860168457,-0.009571075439453125,81395.42838319579,8594.876841805377,0.10559409800440098,3672.60400390625,4531.67041015625,40437009,40439057,2048,E:\CODEXRESEARCH\RESEARCH-1\artifacts\benchmark_runs\language\neuron_search_20260605\manual_self\screen_128_seed17_real_seq10160_40m_phase_residual_blend_half_neuron\result.json,E:\CODEXRESEARCH\RESEARCH-1\artifacts\benchmark_runs\language\neuron_search_20260605\manual_self\screen_128_seed17_real_seq10160_40m_baseline\result.json
screen_128_seed17_real_seq10160_40m,phase_residual_memory_conv_agreement_neuron,17,128,10160,4,512,2,24576,E:\CODEXRESEARCH\RESEARCH-1\artifacts\benchmark_runs\language\neuron_search_20260605\manual_self\real_cache_finewebedu_sample_seq10160_train192_val8_gpt2.pt,7.075411135192931,7.065237092971802,-0.010174042221129831,7.25539493560791,7.245818138122559,-0.009576797485351562,81395.42838319579,70971.27116248122,0.871931907875226,3672.60400390625,4313.5205078125,40437009,40439059,2050,E:\CODEXRESEARCH\RESEARCH-1\artifacts\benchmark_runs\language\neuron_search_20260605\manual_self\screen_128_seed17_real_seq10160_40m_phase_residual_memory_conv_agreement_neuron\result.json,E:\CODEXRESEARCH\RESEARCH-1\artifacts\benchmark_runs\language\neuron_search_20260605\manual_self\screen_128_seed17_real_seq10160_40m_baseline\result.json
screen_128_seed17_real_seq10160_40m,phase_residual_conv_energy_gate_neuron,17,128,10160,4,512,2,24576,E:\CODEXRESEARCH\RESEARCH-1\artifacts\benchmark_runs\language\neuron_search_20260605\manual_self\real_cache_finewebedu_sample_seq10160_train192_val8_gpt2.pt,7.075411135192931,7.06565147572615,-0.009759659466781478,7.25539493560791,7.246212005615234,-0.009182929992675781,81395.42838319579,74546.095999402,0.9158511415217535,3672.60400390625,5581.90966796875,40437009,40439059,2050,E:\CODEXRESEARCH\RESEARCH-1\artifacts\benchmark_runs\language\neuron_search_20260605\manual_self\screen_128_seed17_real_seq10160_40m_phase_residual_conv_energy_gate_neuron\result.json,E:\CODEXRESEARCH\RESEARCH-1\artifacts\benchmark_runs\language\neuron_search_20260605\manual_self\screen_128_seed17_real_seq10160_40m_baseline\result.json
screen_128_seed17_real_seq10160_40m,rank_competition_neuron,17,128,10160,4,512,2,24576,E:\CODEXRESEARCH\RESEARCH-1\artifacts\benchmark_runs\language\neuron_search_20260605\manual_self\real_cache_finewebedu_sample_seq10160_train192_val8_gpt2.pt,7.075411135192931,7.066062248597934,-0.009348886594997552,7.25539493560791,7.241849422454834,-0.013545513153076172,81395.42838319579,82481.25807355586,1.013340180301628,3672.60400390625,4177.46923828125,40437009,40437011,2,E:\CODEXRESEARCH\RESEARCH-1\artifacts\benchmark_runs\language\neuron_search_20260605\manual_self\screen_128_seed17_real_seq10160_40m_rank_competition_neuron\result.json,E:\CODEXRESEARCH\RESEARCH-1\artifacts\benchmark_runs\language\neuron_search_20260605\manual_self\screen_128_seed17_real_seq10160_40m_baseline\result.json
screen_128_seed17_real_seq10160_40m,bottleneck_aware_neuron,17,128,10160,4,512,2,24576,E:\CODEXRESEARCH\RESEARCH-1\artifacts\benchmark_runs\language\neuron_search_20260605\manual_self\real_cache_finewebedu_sample_seq10160_train192_val8_gpt2.pt,7.075411135192931,7.066368136818953,-0.00904299837397815,7.25539493560791,7.237236022949219,-0.018158912658691406,81395.42838319579,79833.25624195447,0.9808076181639235,3672.60400390625,5204.69482421875,40437009,41684241,1247232,E:\CODEXRESEARCH\RESEARCH-1\artifacts\benchmark_runs\language\neuron_search_20260605\manual_self\screen_128_seed17_real_seq10160_40m_bottleneck_aware_neuron\result.json,E:\CODEXRESEARCH\RESEARCH-1\artifacts\benchmark_runs\language\neuron_search_20260605\manual_self\screen_128_seed17_real_seq10160_40m_baseline\result.json
screen_128_seed17_real_seq10160_40m,phase_residual_blend_normed_neuron,17,128,10160,4,512,2,24576,E:\CODEXRESEARCH\RESEARCH-1\artifacts\benchmark_runs\language\neuron_search_20260605\manual_self\real_cache_finewebedu_sample_seq10160_train192_val8_gpt2.pt,7.075411135192931,7.066812666757839,-0.008598468435092599,7.25539493560791,7.247841835021973,-0.0075531005859375,81395.42838319579,73845.14230524986,0.9072394331239284,3672.60400390625,5074.47314453125,40437009,40439057,2048,E:\CODEXRESEARCH\RESEARCH-1\artifacts\benchmark_runs\language\neuron_search_20260605\manual_self\screen_128_seed17_real_seq10160_40m_phase_residual_blend_normed_neuron\result.json,E:\CODEXRESEARCH\RESEARCH-1\artifacts\benchmark_runs\language\neuron_search_20260605\manual_self\screen_128_seed17_real_seq10160_40m_baseline\result.json
screen_128_seed17_real_seq10160_40m,phase_residual_blend_large_neuron,17,128,10160,4,512,2,24576,E:\CODEXRESEARCH\RESEARCH-1\artifacts\benchmark_runs\language\neuron_search_20260605\manual_self\real_cache_finewebedu_sample_seq10160_train192_val8_gpt2.pt,7.075411135192931,7.069295544136228,-0.006115591056703451,7.25539493560791,7.250613689422607,-0.004781246185302734,81395.42838319579,77252.22219088525,0.9490978022401328,3672.60400390625,4993.30908203125,40437009,40439057,2048,E:\CODEXRESEARCH\RESEARCH-1\artifacts\benchmark_runs\language\neuron_search_20260605\manual_self\screen_128_seed17_real_seq10160_40m_phase_residual_blend_large_neuron\result.json,E:\CODEXRESEARCH\RESEARCH-1\artifacts\benchmark_runs\language\neuron_search_20260605\manual_self\screen_128_seed17_real_seq10160_40m_baseline\result.json
screen_128_seed17_real_seq10160_40m,phase_residual_blend_quarter_neuron,17,128,10160,4,512,2,24576,E:\CODEXRESEARCH\RESEARCH-1\artifacts\benchmark_runs\language\neuron_search_20260605\manual_self\real_cache_finewebedu_sample_seq10160_train192_val8_gpt2.pt,7.075411135192931,7.069849496000395,-0.005561639192536383,7.25539493560791,7.251125335693359,-0.004269599914550781,81395.42838319579,77089.7993729512,0.9471023238556541,3672.60400390625,4531.30908203125,40437009,40439057,2048,E:\CODEXRESEARCH\RESEARCH-1\artifacts\benchmark_runs\language\neuron_search_20260605\manual_self\screen_128_seed17_real_seq10160_40m_phase_residual_blend_quarter_neuron\result.json,E:\CODEXRESEARCH\RESEARCH-1\artifacts\benchmark_runs\language\neuron_search_20260605\manual_self\screen_128_seed17_real_seq10160_40m_baseline\result.json
screen_128_seed17_real_seq10160_40m,phase_residual_boundary_blend_neuron,17,128,10160,4,512,2,24576,E:\CODEXRESEARCH\RESEARCH-1\artifacts\benchmark_runs\language\neuron_search_20260605\manual_self\real_cache_finewebedu_sample_seq10160_train192_val8_gpt2.pt,7.075411135192931,7.071335069025595,-0.004076066167336023,7.25539493560791,7.252594947814941,-0.00279998779296875,81395.42838319579,71875.15088210157,0.8830367050066452,3672.60400390625,4271.2314453125,40437009,40439057,2048,E:\CODEXRESEARCH\RESEARCH-1\artifacts\benchmark_runs\language\neuron_search_20260605\manual_self\screen_128_seed17_real_seq10160_40m_phase_residual_boundary_blend_neuron\result.json,E:\CODEXRESEARCH\RESEARCH-1\artifacts\benchmark_runs\language\neuron_search_20260605\manual_self\screen_128_seed17_real_seq10160_40m_baseline\result.json
screen_128_seed17_real_seq10160_40m,stateful_threshold_neuron,17,128,10160,4,512,2,24576,E:\CODEXRESEARCH\RESEARCH-1\artifacts\benchmark_runs\language\neuron_search_20260605\manual_self\real_cache_finewebedu_sample_seq10160_train192_val8_gpt2.pt,7.075411135192931,7.072474304522117,-0.0029368306708148495,7.25539493560791,7.252028465270996,-0.0033664703369140625,81395.42838319579,72971.46080706862,0.89650564235047,3672.60400390625,4637.740234375,40437009,40437011,2,E:\CODEXRESEARCH\RESEARCH-1\artifacts\benchmark_runs\language\neuron_search_20260605\manual_self\screen_128_seed17_real_seq10160_40m_stateful_threshold_neuron\result.json,E:\CODEXRESEARCH\RESEARCH-1\artifacts\benchmark_runs\language\neuron_search_20260605\manual_self\screen_128_seed17_real_seq10160_40m_baseline\result.json
screen_128_seed17_real_seq10160_40m,phase_residual_blend_neuron,17,128,10160,4,512,2,24576,E:\CODEXRESEARCH\RESEARCH-1\artifacts\benchmark_runs\language\neuron_search_20260605\manual_self\real_cache_finewebedu_sample_seq10160_train192_val8_gpt2.pt,7.075411135192931,7.073481033730695,-0.0019301014622365997,7.25539493560791,7.25425910949707,-0.0011358261108398438,81395.42838319579,75852.55883572159,0.9319019549675528,3672.60400390625,4070.67529296875,40437009,40439057,2048,E:\CODEXRESEARCH\RESEARCH-1\artifacts\benchmark_runs\language\neuron_search_20260605\manual_self\screen_128_seed17_real_seq10160_40m_phase_residual_blend_neuron\result.json,E:\CODEXRESEARCH\RESEARCH-1\artifacts\benchmark_runs\language\neuron_search_20260605\manual_self\screen_128_seed17_real_seq10160_40m_baseline\result.json
screen_128_seed17_real_seq10160_40m,stable_competition_neuron,17,128,10160,4,512,2,24576,E:\CODEXRESEARCH\RESEARCH-1\artifacts\benchmark_runs\language\neuron_search_20260605\manual_self\real_cache_finewebedu_sample_seq10160_train192_val8_gpt2.pt,7.075411135192931,7.074201697064197,-0.0012094381287344191,7.25539493560791,7.24763822555542,-0.007756710052490234,81395.42838319579,77151.39956611805,0.9478591254892403,3672.60400390625,5222.5966796875,40437009,40437013,4,E:\CODEXRESEARCH\RESEARCH-1\artifacts\benchmark_runs\language\neuron_search_20260605\manual_self\screen_128_seed17_real_seq10160_40m_stable_competition_neuron\result.json,E:\CODEXRESEARCH\RESEARCH-1\artifacts\benchmark_runs\language\neuron_search_20260605\manual_self\screen_128_seed17_real_seq10160_40m_baseline\result.json
screen_128_seed17_real_seq10160_40m,phase_residual_blend_tiny_neuron,17,128,10160,4,512,2,24576,E:\CODEXRESEARCH\RESEARCH-1\artifacts\benchmark_runs\language\neuron_search_20260605\manual_self\real_cache_finewebedu_sample_seq10160_train192_val8_gpt2.pt,7.075411135192931,7.075178657929729,-0.0002324772632027461,7.25539493560791,7.255329132080078,-6.580352783203125e-05,81395.42838319579,77781.06590488632,0.955595018662551,3672.60400390625,4532.07470703125,40437009,40439057,2048,E:\CODEXRESEARCH\RESEARCH-1\artifacts\benchmark_runs\language\neuron_search_20260605\manual_self\screen_128_seed17_real_seq10160_40m_phase_residual_blend_tiny_neuron\result.json,E:\CODEXRESEARCH\RESEARCH-1\artifacts\benchmark_runs\language\neuron_search_20260605\manual_self\screen_128_seed17_real_seq10160_40m_baseline\result.json
screen_128_seed17_real_seq10160_40m,adaptive_basis_neuron,17,128,10160,4,512,2,24576,E:\CODEXRESEARCH\RESEARCH-1\artifacts\benchmark_runs\language\neuron_search_20260605\manual_self\real_cache_finewebedu_sample_seq10160_train192_val8_gpt2.pt,7.075411135192931,7.0757170001352865,0.0003058649423550719,7.25539493560791,7.244438171386719,-0.010956764221191406,81395.42838319579,75244.72283237445,0.92443426279588,3672.60400390625,5019.1142578125,40437009,40440087,3078,E:\CODEXRESEARCH\RESEARCH-1\artifacts\benchmark_runs\language\neuron_search_20260605\manual_self\screen_128_seed17_real_seq10160_40m_adaptive_basis_neuron\result.json,E:\CODEXRESEARCH\RESEARCH-1\artifacts\benchmark_runs\language\neuron_search_20260605\manual_self\screen_128_seed17_real_seq10160_40m_baseline\result.json
screen_128_seed17_real_seq10160_40m,conv_disagreement_neuron,17,128,10160,4,512,2,24576,E:\CODEXRESEARCH\RESEARCH-1\artifacts\benchmark_runs\language\neuron_search_20260605\manual_self\real_cache_finewebedu_sample_seq10160_train192_val8_gpt2.pt,7.075411135192931,7.076298114258473,0.0008869790655419152,7.25539493560791,7.255642414093018,0.0002474784851074219,81395.42838319579,80853.12832891908,0.9933374629871883,3672.60400390625,4275.89306640625,40437009,40437009,0,E:\CODEXRESEARCH\RESEARCH-1\artifacts\benchmark_runs\language\neuron_search_20260605\manual_self\screen_128_seed17_real_seq10160_40m_conv_disagreement_neuron\result.json,E:\CODEXRESEARCH\RESEARCH-1\artifacts\benchmark_runs\language\neuron_search_20260605\manual_self\screen_128_seed17_real_seq10160_40m_baseline\result.json
screen_128_seed17_real_seq10160_40m,stable_square_neuron,17,128,10160,4,512,2,24576,E:\CODEXRESEARCH\RESEARCH-1\artifacts\benchmark_runs\language\neuron_search_20260605\manual_self\real_cache_finewebedu_sample_seq10160_train192_val8_gpt2.pt,7.075411135192931,7.076431944238858,0.0010208090459267183,7.25539493560791,7.253183364868164,-0.0022115707397460938,81395.42838319579,78074.08296798864,0.9591949390625377,3672.60400390625,4718.998046875,40437009,40437011,2,E:\CODEXRESEARCH\RESEARCH-1\artifacts\benchmark_runs\language\neuron_search_20260605\manual_self\screen_128_seed17_real_seq10160_40m_stable_square_neuron\result.json,E:\CODEXRESEARCH\RESEARCH-1\artifacts\benchmark_runs\language\neuron_search_20260605\manual_self\screen_128_seed17_real_seq10160_40m_baseline\result.json
screen_128_seed17_real_seq10160_val8_rank_hybrid_cost_v1,rank_competition_memory_group_centered_gate_neuron,17,128,10160,8,512,2,24576,E:\CODEXRESEARCH\RESEARCH-1\artifacts\benchmark_runs\language\neuron_search_20260605\manual_self\real_cache_finewebedu_sample_seq10160_train192_val8_gpt2.pt,7.2147976362799096,7.166117027425391,-0.04868060885451886,7.25539493560791,7.195156097412109,-0.06023883819580078,82794.30262037336,73490.85286453871,0.8876317637640766,3672.60400390625,4653.77587890625,40437009,40441139,4130,E:\CODEXRESEARCH\RESEARCH-1\artifacts\benchmark_runs\language\neuron_search_20260605\manual_self\screen_128_seed17_real_seq10160_val8_rank_hybrid_cost_v1_rank_competition_memory_group_centered_gate_neuron\result.json,E:\CODEXRESEARCH\RESEARCH-1\artifacts\benchmark_runs\language\neuron_search_20260605\manual_self\screen_128_seed17_real_seq10160_val8_rank_hybrid_cost_v1_baseline\result.json
screen_128_seed17_real_seq10160_val8_rank_hybrid_cost_v1,rank_competition_memory_scalar_centered_gate_neuron,17,128,10160,8,512,2,24576,E:\CODEXRESEARCH\RESEARCH-1\artifacts\benchmark_runs\language\neuron_search_20260605\manual_self\real_cache_finewebedu_sample_seq10160_train192_val8_gpt2.pt,7.2147976362799096,7.16716520072907,-0.04763243555083996,7.25539493560791,7.192249298095703,-0.06314563751220703,82794.30262037336,73988.51633915224,0.8936426058010631,3672.60400390625,5112.3681640625,40437009,40439189,2180,E:\CODEXRESEARCH\RESEARCH-1\artifacts\benchmark_runs\language\neuron_search_20260605\manual_self\screen_128_seed17_real_seq10160_val8_rank_hybrid_cost_v1_rank_competition_memory_scalar_centered_gate_neuron\result.json,E:\CODEXRESEARCH\RESEARCH-1\artifacts\benchmark_runs\language\neuron_search_20260605\manual_self\screen_128_seed17_real_seq10160_val8_rank_hybrid_cost_v1_baseline\result.json
screen_128_seed17_real_seq10160_val8_rank_hybrid_cost_v1,rank_competition_memory_factor_centered_gate_neuron,17,128,10160,8,512,2,24576,E:\CODEXRESEARCH\RESEARCH-1\artifacts\benchmark_runs\language\neuron_search_20260605\manual_self\real_cache_finewebedu_sample_seq10160_train192_val8_gpt2.pt,7.2147976362799096,7.180276581903143,-0.03452105437676689,7.25539493560791,7.208926677703857,-0.046468257904052734,82794.30262037336,72845.23396857159,0.8798338975397857,3672.60400390625,5157.6171875,40437009,40473907,36898,E:\CODEXRESEARCH\RESEARCH-1\artifacts\benchmark_runs\language\neuron_search_20260605\manual_self\screen_128_seed17_real_seq10160_val8_rank_hybrid_cost_v1_rank_competition_memory_factor_centered_gate_neuron\result.json,E:\CODEXRESEARCH\RESEARCH-1\artifacts\benchmark_runs\language\neuron_search_20260605\manual_self\screen_128_seed17_real_seq10160_val8_rank_hybrid_cost_v1_baseline\result.json
screen_128_seed17_real_seq10160_val8_rank_hybrid_cost_v1,rank_competition_centered_residual_neuron,17,128,10160,8,512,2,24576,E:\CODEXRESEARCH\RESEARCH-1\artifacts\benchmark_runs\language\neuron_search_20260605\manual_self\real_cache_finewebedu_sample_seq10160_train192_val8_gpt2.pt,7.2147976362799096,7.187743320427542,-0.02705431585236795,7.25539493560791,7.223517417907715,-0.03187751770019531,82794.30262037336,75588.76195853924,0.912970573653204,3672.60400390625,4571.63525390625,40437009,40439059,2050,E:\CODEXRESEARCH\RESEARCH-1\artifacts\benchmark_runs\language\neuron_search_20260605\manual_self\screen_128_seed17_real_seq10160_val8_rank_hybrid_cost_v1_rank_competition_centered_residual_neuron\result.json,E:\CODEXRESEARCH\RESEARCH-1\artifacts\benchmark_runs\language\neuron_search_20260605\manual_self\screen_128_seed17_real_seq10160_val8_rank_hybrid_cost_v1_baseline\result.json
screen_128_seed29_real_seq10160_40m,phase_residual_memory_scalar_centered_gate_neuron,29,128,10160,4,512,2,24576,E:\CODEXRESEARCH\RESEARCH-1\artifacts\benchmark_runs\language\neuron_search_20260605\manual_self\real_cache_finewebedu_sample_seq10160_train192_val8_gpt2.pt,7.056069083852092,7.022347320909575,-0.03372176294251705,7.14030122756958,7.100564479827881,-0.03973674774169922,81108.44853434319,74474.54323625892,0.9182094415814732,3672.61962890625,5079.0771484375,40437009,40439187,2178,E:\CODEXRESEARCH\RESEARCH-1\artifacts\benchmark_runs\language\neuron_search_20260605\manual_self\screen_128_seed29_real_seq10160_40m_phase_residual_memory_scalar_centered_gate_neuron\result.json,E:\CODEXRESEARCH\RESEARCH-1\artifacts\benchmark_runs\language\neuron_search_20260605\manual_self\screen_128_seed29_real_seq10160_40m_baseline\result.json
screen_128_seed29_real_seq10160_40m,rank_competition_memory_centered_gate_neuron,29,128,10160,4,512,2,24576,E:\CODEXRESEARCH\RESEARCH-1\artifacts\benchmark_runs\language\neuron_search_20260605\manual_self\real_cache_finewebedu_sample_seq10160_train192_val8_gpt2.pt,7.056069083852092,7.029355999240725,-0.026713084611367677,7.14030122756958,7.107699394226074,-0.03260183334350586,81108.44853434319,73411.9188444867,0.9051081628494275,3672.61962890625,4695.59619140625,40437009,40572179,135170,E:\CODEXRESEARCH\RESEARCH-1\artifacts\benchmark_runs\language\neuron_search_20260605\manual_self\screen_128_seed29_real_seq10160_40m_rank_competition_memory_centered_gate_neuron\result.json,E:\CODEXRESEARCH\RESEARCH-1\artifacts\benchmark_runs\language\neuron_search_20260605\manual_self\screen_128_seed29_real_seq10160_40m_baseline\result.json
screen_128_seed29_real_seq10160_40m,phase_residual_memory_conv_centered_agreement_neuron,29,128,10160,4,512,2,24576,E:\CODEXRESEARCH\RESEARCH-1\artifacts\benchmark_runs\language\neuron_search_20260605\manual_self\real_cache_finewebedu_sample_seq10160_train192_val8_gpt2.pt,7.056069083852092,7.037223885753962,-0.018845198098130567,7.14030122756958,7.133852958679199,-0.006448268890380859,81108.44853434319,71103.46500025208,0.8766468387093513,3672.61962890625,5240.02392578125,40437009,40439059,2050,E:\CODEXRESEARCH\RESEARCH-1\artifacts\benchmark_runs\language\neuron_search_20260605\manual_self\screen_128_seed29_real_seq10160_40m_phase_residual_memory_conv_centered_agreement_neuron\result.json,E:\CODEXRESEARCH\RESEARCH-1\artifacts\benchmark_runs\language\neuron_search_20260605\manual_self\screen_128_seed29_real_seq10160_40m_baseline\result.json
screen_128_seed29_real_seq10160_40m,phase_residual_blend_centered_neuron,29,128,10160,4,512,2,24576,E:\CODEXRESEARCH\RESEARCH-1\artifacts\benchmark_runs\language\neuron_search_20260605\manual_self\real_cache_finewebedu_sample_seq10160_train192_val8_gpt2.pt,7.056069083852092,7.037226036965378,-0.018843046886714454,7.14030122756958,7.133852958679199,-0.006448268890380859,81108.44853434319,75791.73391050861,0.9344493117559344,3672.61962890625,4996.18212890625,40437009,40439057,2048,E:\CODEXRESEARCH\RESEARCH-1\artifacts\benchmark_runs\language\neuron_search_20260605\manual_self\screen_128_seed29_real_seq10160_40m_phase_residual_blend_centered_neuron\result.json,E:\CODEXRESEARCH\RESEARCH-1\artifacts\benchmark_runs\language\neuron_search_20260605\manual_self\screen_128_seed29_real_seq10160_40m_baseline\result.json
screen_128_seed29_real_seq10160_40m,phase_residual_memory_scalar_gate_neuron,29,128,10160,4,512,2,24576,E:\CODEXRESEARCH\RESEARCH-1\artifacts\benchmark_runs\language\neuron_search_20260605\manual_self\real_cache_finewebedu_sample_seq10160_train192_val8_gpt2.pt,7.056069083852092,7.038685446085893,-0.017383637766199556,7.14030122756958,7.108415603637695,-0.031885623931884766,81108.44853434319,74494.82808041437,0.9184595369108995,3672.61962890625,4150.71533203125,40437009,40439187,2178,E:\CODEXRESEARCH\RESEARCH-1\artifacts\benchmark_runs\language\neuron_search_20260605\manual_self\screen_128_seed29_real_seq10160_40m_phase_residual_memory_scalar_gate_neuron\result.json,E:\CODEXRESEARCH\RESEARCH-1\artifacts\benchmark_runs\language\neuron_search_20260605\manual_self\screen_128_seed29_real_seq10160_40m_baseline\result.json
screen_128_seed29_real_seq10160_40m,phase_residual_memory_group_gate_neuron,29,128,10160,4,512,2,24576,E:\CODEXRESEARCH\RESEARCH-1\artifacts\benchmark_runs\language\neuron_search_20260605\manual_self\real_cache_finewebedu_sample_seq10160_train192_val8_gpt2.pt,7.056069083852092,7.0401680968877836,-0.01590098696430875,7.14030122756958,7.099679946899414,-0.040621280670166016,81108.44853434319,75871.67186002531,0.9354348804724022,3672.61962890625,4612.72705078125,40437009,40441137,4128,E:\CODEXRESEARCH\RESEARCH-1\artifacts\benchmark_runs\language\neuron_search_20260605\manual_self\screen_128_seed29_real_seq10160_40m_phase_residual_memory_group_gate_neuron\result.json,E:\CODEXRESEARCH\RESEARCH-1\artifacts\benchmark_runs\language\neuron_search_20260605\manual_self\screen_128_seed29_real_seq10160_40m_baseline\result.json
screen_128_seed29_real_seq10160_40m,phase_residual_memory_centered_gate_neuron,29,128,10160,4,512,2,24576,E:\CODEXRESEARCH\RESEARCH-1\artifacts\benchmark_runs\language\neuron_search_20260605\manual_self\real_cache_finewebedu_sample_seq10160_train192_val8_gpt2.pt,7.056069083852092,7.040407583844943,-0.015661500007149165,7.14030122756958,7.113999843597412,-0.02630138397216797,81108.44853434319,73795.07863409049,0.9098322057392573,3672.61962890625,4654.21875,40437009,40572177,135168,E:\CODEXRESEARCH\RESEARCH-1\artifacts\benchmark_runs\language\neuron_search_20260605\manual_self\screen_128_seed29_real_seq10160_40m_phase_residual_memory_centered_gate_neuron\result.json,E:\CODEXRESEARCH\RESEARCH-1\artifacts\benchmark_runs\language\neuron_search_20260605\manual_self\screen_128_seed29_real_seq10160_40m_baseline\result.json
screen_128_seed29_real_seq10160_40m,phase_residual_memory_novelty_centered_gate_neuron,29,128,10160,4,512,2,24576,E:\CODEXRESEARCH\RESEARCH-1\artifacts\benchmark_runs\language\neuron_search_20260605\manual_self\real_cache_finewebedu_sample_seq10160_train192_val8_gpt2.pt,7.056069083852092,7.040418833071791,-0.015650250780301356,7.14030122756958,7.114012718200684,-0.026288509368896484,81108.44853434319,69441.91920451482,0.8561613550666243,3672.61962890625,4659.21630859375,40437009,40572177,135168,E:\CODEXRESEARCH\RESEARCH-1\artifacts\benchmark_runs\language\neuron_search_20260605\manual_self\screen_128_seed29_real_seq10160_40m_phase_residual_memory_novelty_centered_gate_neuron\result.json,E:\CODEXRESEARCH\RESEARCH-1\artifacts\benchmark_runs\language\neuron_search_20260605\manual_self\screen_128_seed29_real_seq10160_40m_baseline\result.json
screen_128_seed29_real_seq10160_40m,phase_residual_memory_bounded_centered_gate_neuron,29,128,10160,4,512,2,24576,E:\CODEXRESEARCH\RESEARCH-1\artifacts\benchmark_runs\language\neuron_search_20260605\manual_self\real_cache_finewebedu_sample_seq10160_train192_val8_gpt2.pt,7.056069083852092,7.040430846176748,-0.015638237675344335,7.14030122756958,7.113981246948242,-0.02631998062133789,81108.44853434319,73598.40061108637,0.9074073285956531,3672.61962890625,4735.27685546875,40437009,40572177,135168,E:\CODEXRESEARCH\RESEARCH-1\artifacts\benchmark_runs\language\neuron_search_20260605\manual_self\screen_128_seed29_real_seq10160_40m_phase_residual_memory_bounded_centered_gate_neuron\result.json,E:\CODEXRESEARCH\RESEARCH-1\artifacts\benchmark_runs\language\neuron_search_20260605\manual_self\screen_128_seed29_real_seq10160_40m_baseline\result.json
screen_128_seed29_real_seq10160_40m,phase_residual_memory_sparse_centered_gate_neuron,29,128,10160,4,512,2,24576,E:\CODEXRESEARCH\RESEARCH-1\artifacts\benchmark_runs\language\neuron_search_20260605\manual_self\real_cache_finewebedu_sample_seq10160_train192_val8_gpt2.pt,7.056069083852092,7.0404345508635515,-0.015634532988540784,7.14030122756958,7.11399507522583,-0.02630615234375,81108.44853434319,70815.21364396196,0.8730929382033139,3672.61962890625,5241.36962890625,40437009,40572177,135168,E:\CODEXRESEARCH\RESEARCH-1\artifacts\benchmark_runs\language\neuron_search_20260605\manual_self\screen_128_seed29_real_seq10160_40m_phase_residual_memory_sparse_centered_gate_neuron\result.json,E:\CODEXRESEARCH\RESEARCH-1\artifacts\benchmark_runs\language\neuron_search_20260605\manual_self\screen_128_seed29_real_seq10160_40m_baseline\result.json
screen_128_seed29_real_seq10160_40m,phase_residual_memory_boundary_scalar_gate_neuron,29,128,10160,4,512,2,24576,E:\CODEXRESEARCH\RESEARCH-1\artifacts\benchmark_runs\language\neuron_search_20260605\manual_self\real_cache_finewebedu_sample_seq10160_train192_val8_gpt2.pt,7.056069083852092,7.042191000059834,-0.013878083792258522,7.14030122756958,7.116543769836426,-0.023757457733154297,81108.44853434319,72779.19937711832,0.8973072558070436,3672.61962890625,5281.525390625,40437009,40439187,2178,E:\CODEXRESEARCH\RESEARCH-1\artifacts\benchmark_runs\language\neuron_search_20260605\manual_self\screen_128_seed29_real_seq10160_40m_phase_residual_memory_boundary_scalar_gate_neuron\result.json,E:\CODEXRESEARCH\RESEARCH-1\artifacts\benchmark_runs\language\neuron_search_20260605\manual_self\screen_128_seed29_real_seq10160_40m_baseline\result.json
screen_128_seed29_real_seq10160_40m,rank_competition_neuron,29,128,10160,4,512,2,24576,E:\CODEXRESEARCH\RESEARCH-1\artifacts\benchmark_runs\language\neuron_search_20260605\manual_self\real_cache_finewebedu_sample_seq10160_train192_val8_gpt2.pt,7.056069083852092,7.043496329202426,-0.012572754649665896,7.14030122756958,7.127656936645508,-0.012644290924072266,81108.44853434319,82603.47651443908,1.0184324568785565,3672.61962890625,4177.48486328125,40437009,40437011,2,E:\CODEXRESEARCH\RESEARCH-1\artifacts\benchmark_runs\language\neuron_search_20260605\manual_self\screen_128_seed29_real_seq10160_40m_rank_competition_neuron\result.json,E:\CODEXRESEARCH\RESEARCH-1\artifacts\benchmark_runs\language\neuron_search_20260605\manual_self\screen_128_seed29_real_seq10160_40m_baseline\result.json
screen_128_seed29_real_seq10160_40m,memory_square_conv_agreement_gain_neuron,29,128,10160,4,512,2,24576,E:\CODEXRESEARCH\RESEARCH-1\artifacts\benchmark_runs\language\neuron_search_20260605\manual_self\real_cache_finewebedu_sample_seq10160_train192_val8_gpt2.pt,7.056069083852092,7.043515626839765,-0.01255345701232713,7.14030122756958,7.119379997253418,-0.02092123031616211,81108.44853434319,77945.82635600785,0.9610074876848839,3672.61962890625,4385.3212890625,40437009,40437141,132,E:\CODEXRESEARCH\RESEARCH-1\artifacts\benchmark_runs\language\neuron_search_20260605\manual_self\screen_128_seed29_real_seq10160_40m_memory_square_conv_agreement_gain_neuron\result.json,E:\CODEXRESEARCH\RESEARCH-1\artifacts\benchmark_runs\language\neuron_search_20260605\manual_self\screen_128_seed29_real_seq10160_40m_baseline\result.json
screen_128_seed29_real_seq10160_40m,memory_square_scalar_gain_neuron,29,128,10160,4,512,2,24576,E:\CODEXRESEARCH\RESEARCH-1\artifacts\benchmark_runs\language\neuron_search_20260605\manual_self\real_cache_finewebedu_sample_seq10160_train192_val8_gpt2.pt,7.056069083852092,7.04353029915667,-0.012538784695422578,7.14030122756958,7.1193342208862305,-0.02096700668334961,81108.44853434319,92877.9785134211,1.1451085576380422,3672.61962890625,4217.27001953125,40437009,40437139,130,E:\CODEXRESEARCH\RESEARCH-1\artifacts\benchmark_runs\language\neuron_search_20260605\manual_self\screen_128_seed29_real_seq10160_40m_memory_square_scalar_gain_neuron\result.json,E:\CODEXRESEARCH\RESEARCH-1\artifacts\benchmark_runs\language\neuron_search_20260605\manual_self\screen_128_seed29_real_seq10160_40m_baseline\result.json
screen_128_seed29_real_seq10160_40m,stable_competition_neuron,29,128,10160,4,512,2,24576,E:\CODEXRESEARCH\RESEARCH-1\artifacts\benchmark_runs\language\neuron_search_20260605\manual_self\real_cache_finewebedu_sample_seq10160_train192_val8_gpt2.pt,7.056069083852092,7.046164831777257,-0.009904252074835362,7.14030122756958,7.12930965423584,-0.010991573333740234,81108.44853434319,76560.92389620696,0.9439327872704815,3672.61962890625,5222.6123046875,40437009,40437013,4,E:\CODEXRESEARCH\RESEARCH-1\artifacts\benchmark_runs\language\neuron_search_20260605\manual_self\screen_128_seed29_real_seq10160_40m_stable_competition_neuron\result.json,E:\CODEXRESEARCH\RESEARCH-1\artifacts\benchmark_runs\language\neuron_search_20260605\manual_self\screen_128_seed29_real_seq10160_40m_baseline\result.json
screen_128_seed29_real_seq10160_40m,rank_competition_memory_gate_neuron,29,128,10160,4,512,2,24576,E:\CODEXRESEARCH\RESEARCH-1\artifacts\benchmark_runs\language\neuron_search_20260605\manual_self\real_cache_finewebedu_sample_seq10160_train192_val8_gpt2.pt,7.056069083852092,7.047466100857952,-0.008602982994140085,7.14030122756958,7.116754531860352,-0.023546695709228516,81108.44853434319,72921.36321846646,0.8990600182370628,3672.61962890625,4233.330078125,40437009,40572179,135170,E:\CODEXRESEARCH\RESEARCH-1\artifacts\benchmark_runs\language\neuron_search_20260605\manual_self\screen_128_seed29_real_seq10160_40m_rank_competition_memory_gate_neuron\result.json,E:\CODEXRESEARCH\RESEARCH-1\artifacts\benchmark_runs\language\neuron_search_20260605\manual_self\screen_128_seed29_real_seq10160_40m_baseline\result.json
screen_128_seed29_real_seq10160_40m,phase_residual_boundary_centered_neuron,29,128,10160,4,512,2,24576,E:\CODEXRESEARCH\RESEARCH-1\artifacts\benchmark_runs\language\neuron_search_20260605\manual_self\real_cache_finewebedu_sample_seq10160_train192_val8_gpt2.pt,7.056069083852092,7.048473999631686,-0.007595084220406001,7.14030122756958,7.138545989990234,-0.0017552375793457031,81108.44853434319,73232.66559815189,0.9028981187717268,3672.61962890625,4732.29638671875,40437009,40439057,2048,E:\CODEXRESEARCH\RESEARCH-1\artifacts\benchmark_runs\language\neuron_search_20260605\manual_self\screen_128_seed29_real_seq10160_40m_phase_residual_boundary_centered_neuron\result.json,E:\CODEXRESEARCH\RESEARCH-1\artifacts\benchmark_runs\language\neuron_search_20260605\manual_self\screen_128_seed29_real_seq10160_40m_baseline\result.json
screen_128_seed29_real_seq10160_40m,phase_residual_memory_conv_disagreement_damp_neuron,29,128,10160,4,512,2,24576,E:\CODEXRESEARCH\RESEARCH-1\artifacts\benchmark_runs\language\neuron_search_20260605\manual_self\real_cache_finewebedu_sample_seq10160_train192_val8_gpt2.pt,7.056069083852092,7.049205162956959,-0.006863920895133546,7.14030122756958,7.133666038513184,-0.006635189056396484,81108.44853434319,72102.39324920178,0.8889627967507228,3672.61962890625,4777.5322265625,40437009,40439059,2050,E:\CODEXRESEARCH\RESEARCH-1\artifacts\benchmark_runs\language\neuron_search_20260605\manual_self\screen_128_seed29_real_seq10160_40m_phase_residual_memory_conv_disagreement_damp_neuron\result.json,E:\CODEXRESEARCH\RESEARCH-1\artifacts\benchmark_runs\language\neuron_search_20260605\manual_self\screen_128_seed29_real_seq10160_40m_baseline\result.json
screen_128_seed29_real_seq10160_40m,phase_residual_memory_conv_agreement_neuron,29,128,10160,4,512,2,24576,E:\CODEXRESEARCH\RESEARCH-1\artifacts\benchmark_runs\language\neuron_search_20260605\manual_self\real_cache_finewebedu_sample_seq10160_train192_val8_gpt2.pt,7.056069083852092,7.049207873044051,-0.0068612108080410295,7.14030122756958,7.133660316467285,-0.006640911102294922,81108.44853434319,70843.38524997958,0.8734402707750334,3672.61962890625,4313.5205078125,40437009,40439059,2050,E:\CODEXRESEARCH\RESEARCH-1\artifacts\benchmark_runs\language\neuron_search_20260605\manual_self\screen_128_seed29_real_seq10160_40m_phase_residual_memory_conv_agreement_neuron\result.json,E:\CODEXRESEARCH\RESEARCH-1\artifacts\benchmark_runs\language\neuron_search_20260605\manual_self\screen_128_seed29_real_seq10160_40m_baseline\result.json
screen_128_seed29_real_seq10160_40m,phase_residual_blend_half_neuron,29,128,10160,4,512,2,24576,E:\CODEXRESEARCH\RESEARCH-1\artifacts\benchmark_runs\language\neuron_search_20260605\manual_self\real_cache_finewebedu_sample_seq10160_train192_val8_gpt2.pt,7.056069083852092,7.04920916388354,-0.006859919968552397,7.14030122756958,7.133645057678223,-0.006656169891357422,81108.44853434319,77564.54856394303,0.9563066482661224,3672.61962890625,4531.68603515625,40437009,40439057,2048,E:\CODEXRESEARCH\RESEARCH-1\artifacts\benchmark_runs\language\neuron_search_20260605\manual_self\screen_128_seed29_real_seq10160_40m_phase_residual_blend_half_neuron\result.json,E:\CODEXRESEARCH\RESEARCH-1\artifacts\benchmark_runs\language\neuron_search_20260605\manual_self\screen_128_seed29_real_seq10160_40m_baseline\result.json
screen_128_seed29_real_seq10160_40m,phase_residual_conv_energy_gate_neuron,29,128,10160,4,512,2,24576,E:\CODEXRESEARCH\RESEARCH-1\artifacts\benchmark_runs\language\neuron_search_20260605\manual_self\real_cache_finewebedu_sample_seq10160_train192_val8_gpt2.pt,7.056069083852092,7.049791042448029,-0.006278041404063295,7.14030122756958,7.133786201477051,-0.006515026092529297,81108.44853434319,74450.49593886931,0.9179129583195671,3672.61962890625,5581.90966796875,40437009,40439059,2050,E:\CODEXRESEARCH\RESEARCH-1\artifacts\benchmark_runs\language\neuron_search_20260605\manual_self\screen_128_seed29_real_seq10160_40m_phase_residual_conv_energy_gate_neuron\result.json,E:\CODEXRESEARCH\RESEARCH-1\artifacts\benchmark_runs\language\neuron_search_20260605\manual_self\screen_128_seed29_real_seq10160_40m_baseline\result.json
screen_128_seed29_real_seq10160_40m,stateful_threshold_neuron,29,128,10160,4,512,2,24576,E:\CODEXRESEARCH\RESEARCH-1\artifacts\benchmark_runs\language\neuron_search_20260605\manual_self\real_cache_finewebedu_sample_seq10160_train192_val8_gpt2.pt,7.056069083852092,7.050219633635574,-0.005849450216518726,7.14030122756958,7.135015487670898,-0.005285739898681641,81108.44853434319,73439.7884992209,0.9054517726118851,3672.61962890625,4637.755859375,40437009,40437011,2,E:\CODEXRESEARCH\RESEARCH-1\artifacts\benchmark_runs\language\neuron_search_20260605\manual_self\screen_128_seed29_real_seq10160_40m_stateful_threshold_neuron\result.json,E:\CODEXRESEARCH\RESEARCH-1\artifacts\benchmark_runs\language\neuron_search_20260605\manual_self\screen_128_seed29_real_seq10160_40m_baseline\result.json
screen_128_seed29_real_seq10160_40m,phase_residual_blend_normed_neuron,29,128,10160,4,512,2,24576,E:\CODEXRESEARCH\RESEARCH-1\artifacts\benchmark_runs\language\neuron_search_20260605\manual_self\real_cache_finewebedu_sample_seq10160_train192_val8_gpt2.pt,7.056069083852092,7.051510687700406,-0.004558396151685962,7.14030122756958,7.133681297302246,-0.006619930267333984,81108.44853434319,73600.63279516611,0.9074348495767602,3672.61962890625,5074.47314453125,40437009,40439057,2048,E:\CODEXRESEARCH\RESEARCH-1\artifacts\benchmark_runs\language\neuron_search_20260605\manual_self\screen_128_seed29_real_seq10160_40m_phase_residual_blend_normed_neuron\result.json,E:\CODEXRESEARCH\RESEARCH-1\artifacts\benchmark_runs\language\neuron_search_20260605\manual_self\screen_128_seed29_real_seq10160_40m_baseline\result.json
screen_128_seed29_real_seq10160_40m,phase_residual_memory_boundary_centered_gate_neuron,29,128,10160,4,512,2,24576,E:\CODEXRESEARCH\RESEARCH-1\artifacts\benchmark_runs\language\neuron_search_20260605\manual_self\real_cache_finewebedu_sample_seq10160_train192_val8_gpt2.pt,7.056069083852092,7.051686743676193,-0.004382340175899557,7.14030122756958,7.120253562927246,-0.020047664642333984,81108.44853434319,70669.91068195543,0.8713014730152576,3672.61962890625,4859.57666015625,40437009,40572177,135168,E:\CODEXRESEARCH\RESEARCH-1\artifacts\benchmark_runs\language\neuron_search_20260605\manual_self\screen_128_seed29_real_seq10160_40m_phase_residual_memory_boundary_centered_gate_neuron\result.json,E:\CODEXRESEARCH\RESEARCH-1\artifacts\benchmark_runs\language\neuron_search_20260605\manual_self\screen_128_seed29_real_seq10160_40m_baseline\result.json
screen_128_seed29_real_seq10160_40m,phase_residual_memory_gate_neuron,29,128,10160,4,512,2,24576,E:\CODEXRESEARCH\RESEARCH-1\artifacts\benchmark_runs\language\neuron_search_20260605\manual_self\real_cache_finewebedu_sample_seq10160_train192_val8_gpt2.pt,7.056069083852092,7.053320954540583,-0.002748129311509473,7.14030122756958,7.131366729736328,-0.008934497833251953,81108.44853434319,74481.24660511217,0.9182920885680004,3672.61962890625,5580.60498046875,40437009,40572177,135168,E:\CODEXRESEARCH\RESEARCH-1\artifacts\benchmark_runs\language\neuron_search_20260605\manual_self\screen_128_seed29_real_seq10160_40m_phase_residual_memory_gate_neuron\result.json,E:\CODEXRESEARCH\RESEARCH-1\artifacts\benchmark_runs\language\neuron_search_20260605\manual_self\screen_128_seed29_real_seq10160_40m_baseline\result.json
screen_128_seed29_real_seq10160_40m,phase_residual_memory_rms_gate_neuron,29,128,10160,4,512,2,24576,E:\CODEXRESEARCH\RESEARCH-1\artifacts\benchmark_runs\language\neuron_search_20260605\manual_self\real_cache_finewebedu_sample_seq10160_train192_val8_gpt2.pt,7.056069083852092,7.053324307794646,-0.0027447760574466074,7.14030122756958,7.131329536437988,-0.008971691131591797,81108.44853434319,71748.38411948652,0.8845981573560319,3672.61962890625,4779.19677734375,40437009,40572177,135168,E:\CODEXRESEARCH\RESEARCH-1\artifacts\benchmark_runs\language\neuron_search_20260605\manual_self\screen_128_seed29_real_seq10160_40m_phase_residual_memory_rms_gate_neuron\result.json,E:\CODEXRESEARCH\RESEARCH-1\artifacts\benchmark_runs\language\neuron_search_20260605\manual_self\screen_128_seed29_real_seq10160_40m_baseline\result.json
screen_128_seed29_real_seq10160_40m,phase_residual_memory_sparse_gate_neuron,29,128,10160,4,512,2,24576,E:\CODEXRESEARCH\RESEARCH-1\artifacts\benchmark_runs\language\neuron_search_20260605\manual_self\real_cache_finewebedu_sample_seq10160_train192_val8_gpt2.pt,7.056069083852092,7.053341187266853,-0.002727896585239087,7.14030122756958,7.1313557624816895,-0.008945465087890625,81108.44853434319,71987.828627841,0.8875503098466948,3672.61962890625,5240.56494140625,40437009,40572177,135168,E:\CODEXRESEARCH\RESEARCH-1\artifacts\benchmark_runs\language\neuron_search_20260605\manual_self\screen_128_seed29_real_seq10160_40m_phase_residual_memory_sparse_gate_neuron\result.json,E:\CODEXRESEARCH\RESEARCH-1\artifacts\benchmark_runs\language\neuron_search_20260605\manual_self\screen_128_seed29_real_seq10160_40m_baseline\result.json
screen_128_seed29_real_seq10160_40m,phase_residual_memory_novelty_gate_neuron,29,128,10160,4,512,2,24576,E:\CODEXRESEARCH\RESEARCH-1\artifacts\benchmark_runs\language\neuron_search_20260605\manual_self\real_cache_finewebedu_sample_seq10160_train192_val8_gpt2.pt,7.056069083852092,7.053344938323254,-0.002724145528838484,7.14030122756958,7.131344795227051,-0.008956432342529297,81108.44853434319,68998.23448284218,0.8506910898884563,3672.61962890625,4194.9794921875,40437009,40572177,135168,E:\CODEXRESEARCH\RESEARCH-1\artifacts\benchmark_runs\language\neuron_search_20260605\manual_self\screen_128_seed29_real_seq10160_40m_phase_residual_memory_novelty_gate_neuron\result.json,E:\CODEXRESEARCH\RESEARCH-1\artifacts\benchmark_runs\language\neuron_search_20260605\manual_self\screen_128_seed29_real_seq10160_40m_baseline\result.json
screen_128_seed29_real_seq10160_40m,phase_residual_memory_delta_gate_neuron,29,128,10160,4,512,2,24576,E:\CODEXRESEARCH\RESEARCH-1\artifacts\benchmark_runs\language\neuron_search_20260605\manual_self\real_cache_finewebedu_sample_seq10160_train192_val8_gpt2.pt,7.056069083852092,7.053347130835526,-0.002721953016566303,7.14030122756958,7.131336212158203,-0.008965015411376953,81108.44853434319,74737.5947404831,0.9214526487809401,3672.61962890625,5590.34912109375,40437009,40572177,135168,E:\CODEXRESEARCH\RESEARCH-1\artifacts\benchmark_runs\language\neuron_search_20260605\manual_self\screen_128_seed29_real_seq10160_40m_phase_residual_memory_delta_gate_neuron\result.json,E:\CODEXRESEARCH\RESEARCH-1\artifacts\benchmark_runs\language\neuron_search_20260605\manual_self\screen_128_seed29_real_seq10160_40m_baseline\result.json
screen_128_seed29_real_seq10160_40m,phase_residual_memory_bounded_gate_neuron,29,128,10160,4,512,2,24576,E:\CODEXRESEARCH\RESEARCH-1\artifacts\benchmark_runs\language\neuron_search_20260605\manual_self\real_cache_finewebedu_sample_seq10160_train192_val8_gpt2.pt,7.056069083852092,7.053350302929014,-0.002718780923077979,7.14030122756958,7.13136100769043,-0.00894021987915039,81108.44853434319,73367.3451258369,0.9045586058124571,3672.61962890625,4273.0146484375,40437009,40572177,135168,E:\CODEXRESEARCH\RESEARCH-1\artifacts\benchmark_runs\language\neuron_search_20260605\manual_self\screen_128_seed29_real_seq10160_40m_phase_residual_memory_bounded_gate_neuron\result.json,E:\CODEXRESEARCH\RESEARCH-1\artifacts\benchmark_runs\language\neuron_search_20260605\manual_self\screen_128_seed29_real_seq10160_40m_baseline\result.json
screen_128_seed29_real_seq10160_40m,phase_residual_blend_large_neuron,29,128,10160,4,512,2,24576,E:\CODEXRESEARCH\RESEARCH-1\artifacts\benchmark_runs\language\neuron_search_20260605\manual_self\real_cache_finewebedu_sample_seq10160_train192_val8_gpt2.pt,7.056069083852092,7.054160238814166,-0.001908845037926099,7.14030122756958,7.134554386138916,-0.0057468414306640625,81108.44853434319,77220.8154419345,0.9520687035363204,3672.61962890625,4993.30908203125,40437009,40439057,2048,E:\CODEXRESEARCH\RESEARCH-1\artifacts\benchmark_runs\language\neuron_search_20260605\manual_self\screen_128_seed29_real_seq10160_40m_phase_residual_blend_large_neuron\result.json,E:\CODEXRESEARCH\RESEARCH-1\artifacts\benchmark_runs\language\neuron_search_20260605\manual_self\screen_128_seed29_real_seq10160_40m_baseline\result.json
screen_128_seed29_real_seq10160_40m,phase_residual_blend_quarter_neuron,29,128,10160,4,512,2,24576,E:\CODEXRESEARCH\RESEARCH-1\artifacts\benchmark_runs\language\neuron_search_20260605\manual_self\real_cache_finewebedu_sample_seq10160_train192_val8_gpt2.pt,7.056069083852092,7.0544830699605265,-0.0015860138915657629,7.14030122756958,7.134714126586914,-0.005587100982666016,81108.44853434319,76543.48935705736,0.9437178338412808,3672.61962890625,4531.30908203125,40437009,40439057,2048,E:\CODEXRESEARCH\RESEARCH-1\artifacts\benchmark_runs\language\neuron_search_20260605\manual_self\screen_128_seed29_real_seq10160_40m_phase_residual_blend_quarter_neuron\result.json,E:\CODEXRESEARCH\RESEARCH-1\artifacts\benchmark_runs\language\neuron_search_20260605\manual_self\screen_128_seed29_real_seq10160_40m_baseline\result.json
screen_128_seed29_real_seq10160_40m,phase_residual_memory_normed_gate_neuron,29,128,10160,4,512,2,24576,E:\CODEXRESEARCH\RESEARCH-1\artifacts\benchmark_runs\language\neuron_search_20260605\manual_self\real_cache_finewebedu_sample_seq10160_train192_val8_gpt2.pt,7.056069083852092,7.054856070571058,-0.0012130132810339589,7.14030122756958,7.1315460205078125,-0.008755207061767578,81108.44853434319,71448.64030133447,0.880902564312785,3672.61962890625,5199.8974609375,40437009,40572177,135168,E:\CODEXRESEARCH\RESEARCH-1\artifacts\benchmark_runs\language\neuron_search_20260605\manual_self\screen_128_seed29_real_seq10160_40m_phase_residual_memory_normed_gate_neuron\result.json,E:\CODEXRESEARCH\RESEARCH-1\artifacts\benchmark_runs\language\neuron_search_20260605\manual_self\screen_128_seed29_real_seq10160_40m_baseline\result.json
screen_128_seed29_real_seq10160_40m,phase_residual_boundary_blend_neuron,29,128,10160,4,512,2,24576,E:\CODEXRESEARCH\RESEARCH-1\artifacts\benchmark_runs\language\neuron_search_20260605\manual_self\real_cache_finewebedu_sample_seq10160_train192_val8_gpt2.pt,7.056069083852092,7.055994313157449,-7.477069464290054e-05,7.14030122756958,7.1353960037231445,-0.004905223846435547,81108.44853434319,73241.28593407068,0.9030044003746247,3672.61962890625,4271.2470703125,40437009,40439057,2048,E:\CODEXRESEARCH\RESEARCH-1\artifacts\benchmark_runs\language\neuron_search_20260605\manual_self\screen_128_seed29_real_seq10160_40m_phase_residual_boundary_blend_neuron\result.json,E:\CODEXRESEARCH\RESEARCH-1\artifacts\benchmark_runs\language\neuron_search_20260605\manual_self\screen_128_seed29_real_seq10160_40m_baseline\result.json
screen_128_seed29_real_seq10160_40m,conv_disagreement_neuron,29,128,10160,4,512,2,24576,E:\CODEXRESEARCH\RESEARCH-1\artifacts\benchmark_runs\language\neuron_search_20260605\manual_self\real_cache_finewebedu_sample_seq10160_train192_val8_gpt2.pt,7.056069083852092,7.056151428748303,8.234489621106178e-05,7.14030122756958,7.141923904418945,0.0016226768493652344,81108.44853434319,80650.2730904845,0.994351076217853,3672.61962890625,4275.90869140625,40437009,40437009,0,E:\CODEXRESEARCH\RESEARCH-1\artifacts\benchmark_runs\language\neuron_search_20260605\manual_self\screen_128_seed29_real_seq10160_40m_conv_disagreement_neuron\result.json,E:\CODEXRESEARCH\RESEARCH-1\artifacts\benchmark_runs\language\neuron_search_20260605\manual_self\screen_128_seed29_real_seq10160_40m_baseline\result.json
screen_128_seed29_real_seq10160_40m,phase_residual_blend_tiny_neuron,29,128,10160,4,512,2,24576,E:\CODEXRESEARCH\RESEARCH-1\artifacts\benchmark_runs\language\neuron_search_20260605\manual_self\real_cache_finewebedu_sample_seq10160_train192_val8_gpt2.pt,7.056069083852092,7.056257048366577,0.000187964514484662,7.14030122756958,7.140494346618652,0.00019311904907226562,81108.44853434319,76991.141116867,0.9492370093143525,3672.61962890625,4532.07470703125,40437009,40439057,2048,E:\CODEXRESEARCH\RESEARCH-1\artifacts\benchmark_runs\language\neuron_search_20260605\manual_self\screen_128_seed29_real_seq10160_40m_phase_residual_blend_tiny_neuron\result.json,E:\CODEXRESEARCH\RESEARCH-1\artifacts\benchmark_runs\language\neuron_search_20260605\manual_self\screen_128_seed29_real_seq10160_40m_baseline\result.json
screen_128_seed29_real_seq10160_40m,phase_residual_blend_neuron,29,128,10160,4,512,2,24576,E:\CODEXRESEARCH\RESEARCH-1\artifacts\benchmark_runs\language\neuron_search_20260605\manual_self\real_cache_finewebedu_sample_seq10160_train192_val8_gpt2.pt,7.056069083852092,7.056344968878378,0.000275885026285394,7.14030122756958,7.1379852294921875,-0.002315998077392578,81108.44853434319,75970.83338759305,0.9366574599861228,3672.61962890625,4070.67529296875,40437009,40439057,2048,E:\CODEXRESEARCH\RESEARCH-1\artifacts\benchmark_runs\language\neuron_search_20260605\manual_self\screen_128_seed29_real_seq10160_40m_phase_residual_blend_neuron\result.json,E:\CODEXRESEARCH\RESEARCH-1\artifacts\benchmark_runs\language\neuron_search_20260605\manual_self\screen_128_seed29_real_seq10160_40m_baseline\result.json
screen_128_seed29_real_seq10160_40m,phase_residual_memory_novelty_tiny_gate_neuron,29,128,10160,4,512,2,24576,E:\CODEXRESEARCH\RESEARCH-1\artifacts\benchmark_runs\language\neuron_search_20260605\manual_self\real_cache_finewebedu_sample_seq10160_train192_val8_gpt2.pt,7.056069083852092,7.056999995952516,0.0009309121004239529,7.14030122756958,7.131870269775391,-0.008430957794189453,81108.44853434319,70463.57978742586,0.8687575839598257,3672.61962890625,4661.958984375,40437009,40572177,135168,E:\CODEXRESEARCH\RESEARCH-1\artifacts\benchmark_runs\language\neuron_search_20260605\manual_self\screen_128_seed29_real_seq10160_40m_phase_residual_memory_novelty_tiny_gate_neuron\result.json,E:\CODEXRESEARCH\RESEARCH-1\artifacts\benchmark_runs\language\neuron_search_20260605\manual_self\screen_128_seed29_real_seq10160_40m_baseline\result.json
screen_128_seed29_real_seq10160_40m,stable_square_neuron,29,128,10160,4,512,2,24576,E:\CODEXRESEARCH\RESEARCH-1\artifacts\benchmark_runs\language\neuron_search_20260605\manual_self\real_cache_finewebedu_sample_seq10160_train192_val8_gpt2.pt,7.056069083852092,7.057081586544908,0.001012502692815609,7.14030122756958,7.127204895019531,-0.013096332550048828,81108.44853434319,78277.5661052625,0.9650975640610111,3672.61962890625,4719.013671875,40437009,40437011,2,E:\CODEXRESEARCH\RESEARCH-1\artifacts\benchmark_runs\language\neuron_search_20260605\manual_self\screen_128_seed29_real_seq10160_40m_stable_square_neuron\result.json,E:\CODEXRESEARCH\RESEARCH-1\artifacts\benchmark_runs\language\neuron_search_20260605\manual_self\screen_128_seed29_real_seq10160_40m_baseline\result.json
screen_128_seed29_real_seq10160_40m,phase_residual_memory_boundary_gate_neuron,29,128,10160,4,512,2,24576,E:\CODEXRESEARCH\RESEARCH-1\artifacts\benchmark_runs\language\neuron_search_20260605\manual_self\real_cache_finewebedu_sample_seq10160_train192_val8_gpt2.pt,7.056069083852092,7.0589506567932485,0.0028815729411562074,7.14030122756958,7.13275146484375,-0.007549762725830078,81108.44853434319,72034.22569575746,0.888122347270106,3672.61962890625,5318.36181640625,40437009,40572177,135168,E:\CODEXRESEARCH\RESEARCH-1\artifacts\benchmark_runs\language\neuron_search_20260605\manual_self\screen_128_seed29_real_seq10160_40m_phase_residual_memory_boundary_gate_neuron\result.json,E:\CODEXRESEARCH\RESEARCH-1\artifacts\benchmark_runs\language\neuron_search_20260605\manual_self\screen_128_seed29_real_seq10160_40m_baseline\result.json
screen_128_seed29_real_seq10160_40m,memory_square_centered_gain_neuron,29,128,10160,4,512,2,24576,E:\CODEXRESEARCH\RESEARCH-1\artifacts\benchmark_runs\language\neuron_search_20260605\manual_self\real_cache_finewebedu_sample_seq10160_train192_val8_gpt2.pt,7.056069083852092,7.059699588873255,0.003630505021162911,7.14030122756958,7.124048233032227,-0.016252994537353516,81108.44853434319,90863.00226003534,1.1202655691479766,3672.61962890625,4295.78173828125,40437009,40570129,133120,E:\CODEXRESEARCH\RESEARCH-1\artifacts\benchmark_runs\language\neuron_search_20260605\manual_self\screen_128_seed29_real_seq10160_40m_memory_square_centered_gain_neuron\result.json,E:\CODEXRESEARCH\RESEARCH-1\artifacts\benchmark_runs\language\neuron_search_20260605\manual_self\screen_128_seed29_real_seq10160_40m_baseline\result.json
screen_128_seed29_real_seq10160_40m,memory_square_novelty_gain_neuron,29,128,10160,4,512,2,24576,E:\CODEXRESEARCH\RESEARCH-1\artifacts\benchmark_runs\language\neuron_search_20260605\manual_self\real_cache_finewebedu_sample_seq10160_train192_val8_gpt2.pt,7.056069083852092,7.059706900063462,0.0036378162113699375,7.14030122756958,7.1240668296813965,-0.016234397888183594,81108.44853434319,75582.2100582782,0.9318660561763175,3672.61962890625,4769.92919921875,40437009,40570129,133120,E:\CODEXRESEARCH\RESEARCH-1\artifacts\benchmark_runs\language\neuron_search_20260605\manual_self\screen_128_seed29_real_seq10160_40m_memory_square_novelty_gain_neuron\result.json,E:\CODEXRESEARCH\RESEARCH-1\artifacts\benchmark_runs\language\neuron_search_20260605\manual_self\screen_128_seed29_real_seq10160_40m_baseline\result.json
screen_128_seed29_real_seq10160_40m,memory_square_gain_neuron,29,128,10160,4,512,2,24576,E:\CODEXRESEARCH\RESEARCH-1\artifacts\benchmark_runs\language\neuron_search_20260605\manual_self\real_cache_finewebedu_sample_seq10160_train192_val8_gpt2.pt,7.056069083852092,7.059714368384654,0.0036452845325616323,7.14030122756958,7.124044895172119,-0.016256332397460938,81108.44853434319,89849.50677404641,1.1077700091378528,3672.61962890625,3832.833984375,40437009,40570129,133120,E:\CODEXRESEARCH\RESEARCH-1\artifacts\benchmark_runs\language\neuron_search_20260605\manual_self\screen_128_seed29_real_seq10160_40m_memory_square_gain_neuron\result.json,E:\CODEXRESEARCH\RESEARCH-1\artifacts\benchmark_runs\language\neuron_search_20260605\manual_self\screen_128_seed29_real_seq10160_40m_baseline\result.json
screen_128_seed29_real_seq10160_40m,memory_square_small_gain_neuron,29,128,10160,4,512,2,24576,E:\CODEXRESEARCH\RESEARCH-1\artifacts\benchmark_runs\language\neuron_search_20260605\manual_self\real_cache_finewebedu_sample_seq10160_train192_val8_gpt2.pt,7.056069083852092,7.05972711307796,0.003658029225867665,7.14030122756958,7.124077796936035,-0.016223430633544922,81108.44853434319,91501.9189911583,1.1281428833201546,3672.61962890625,4759.6884765625,40437009,40570129,133120,E:\CODEXRESEARCH\RESEARCH-1\artifacts\benchmark_runs\language\neuron_search_20260605\manual_self\screen_128_seed29_real_seq10160_40m_memory_square_small_gain_neuron\result.json,E:\CODEXRESEARCH\RESEARCH-1\artifacts\benchmark_runs\language\neuron_search_20260605\manual_self\screen_128_seed29_real_seq10160_40m_baseline\result.json
screen_128_seed29_real_seq10160_40m,mem_threshold_neuron,29,128,10160,4,512,2,24576,E:\CODEXRESEARCH\RESEARCH-1\artifacts\benchmark_runs\language\neuron_search_20260605\manual_self\real_cache_finewebedu_sample_seq10160_train192_val8_gpt2.pt,7.056069083852092,7.060812765031349,0.004743681179256498,7.14030122756958,7.121318817138672,-0.018982410430908203,81108.44853434319,78315.81445960996,0.9655691345945205,3672.61962890625,3873.48291015625,40437009,40703249,266240,E:\CODEXRESEARCH\RESEARCH-1\artifacts\benchmark_runs\language\neuron_search_20260605\manual_self\screen_128_seed29_real_seq10160_40m_mem_threshold_neuron\result.json,E:\CODEXRESEARCH\RESEARCH-1\artifacts\benchmark_runs\language\neuron_search_20260605\manual_self\screen_128_seed29_real_seq10160_40m_baseline\result.json
screen_128_seed29_real_seq10160_40m,bottleneck_aware_neuron,29,128,10160,4,512,2,24576,E:\CODEXRESEARCH\RESEARCH-1\artifacts\benchmark_runs\language\neuron_search_20260605\manual_self\real_cache_finewebedu_sample_seq10160_train192_val8_gpt2.pt,7.056069083852092,7.063988913889006,0.0079198300369141,7.14030122756958,7.1249613761901855,-0.015339851379394531,81108.44853434319,79512.67475981299,0.980325430909278,3672.61962890625,5204.71044921875,40437009,41684241,1247232,E:\CODEXRESEARCH\RESEARCH-1\artifacts\benchmark_runs\language\neuron_search_20260605\manual_self\screen_128_seed29_real_seq10160_40m_bottleneck_aware_neuron\result.json,E:\CODEXRESEARCH\RESEARCH-1\artifacts\benchmark_runs\language\neuron_search_20260605\manual_self\screen_128_seed29_real_seq10160_40m_baseline\result.json
screen_128_seed29_real_seq10160_40m,adaptive_basis_neuron,29,128,10160,4,512,2,24576,E:\CODEXRESEARCH\RESEARCH-1\artifacts\benchmark_runs\language\neuron_search_20260605\manual_self\real_cache_finewebedu_sample_seq10160_train192_val8_gpt2.pt,7.056069083852092,7.0810783504501105,0.025009266598018165,7.14030122756958,7.133121013641357,-0.007180213928222656,81108.44853434319,75585.65763770705,0.9319085619755424,3672.61962890625,5019.1298828125,40437009,40440087,3078,E:\CODEXRESEARCH\RESEARCH-1\artifacts\benchmark_runs\language\neuron_search_20260605\manual_self\screen_128_seed29_real_seq10160_40m_adaptive_basis_neuron\result.json,E:\CODEXRESEARCH\RESEARCH-1\artifacts\benchmark_runs\language\neuron_search_20260605\manual_self\screen_128_seed29_real_seq10160_40m_baseline\result.json
screen_128_seed29_real_seq10160_val8_rank_hybrid_cost_v1,rank_competition_memory_scalar_centered_gate_neuron,29,128,10160,8,512,2,24576,E:\CODEXRESEARCH\RESEARCH-1\artifacts\benchmark_runs\language\neuron_search_20260605\manual_self\real_cache_finewebedu_sample_seq10160_train192_val8_gpt2.pt,7.199352416842003,7.164458171213706,-0.034894245628296794,7.14030122756958,7.101296424865723,-0.03900480270385742,82317.85997715822,73733.07088446518,0.8957117070939992,3672.61962890625,5112.43896484375,40437009,40439189,2180,E:\CODEXRESEARCH\RESEARCH-1\artifacts\benchmark_runs\language\neuron_search_20260605\manual_self\screen_128_seed29_real_seq10160_val8_rank_hybrid_cost_v1_rank_competition_memory_scalar_centered_gate_neuron\result.json,E:\CODEXRESEARCH\RESEARCH-1\artifacts\benchmark_runs\language\neuron_search_20260605\manual_self\screen_128_seed29_real_seq10160_val8_rank_hybrid_cost_v1_baseline\result.json
screen_128_seed29_real_seq10160_val8_rank_hybrid_cost_v1,rank_competition_centered_residual_neuron,29,128,10160,8,512,2,24576,E:\CODEXRESEARCH\RESEARCH-1\artifacts\benchmark_runs\language\neuron_search_20260605\manual_self\real_cache_finewebedu_sample_seq10160_train192_val8_gpt2.pt,7.199352416842003,7.167313136923031,-0.03203927991897171,7.14030122756958,7.116476058959961,-0.02382516860961914,82317.85997715822,74983.76984350114,0.910905238113671,3672.61962890625,4571.63525390625,40437009,40439059,2050,E:\CODEXRESEARCH\RESEARCH-1\artifacts\benchmark_runs\language\neuron_search_20260605\manual_self\screen_128_seed29_real_seq10160_val8_rank_hybrid_cost_v1_rank_competition_centered_residual_neuron\result.json,E:\CODEXRESEARCH\RESEARCH-1\artifacts\benchmark_runs\language\neuron_search_20260605\manual_self\screen_128_seed29_real_seq10160_val8_rank_hybrid_cost_v1_baseline\result.json
screen_128_seed29_real_seq10160_val8_rank_hybrid_cost_v1,rank_competition_memory_factor_centered_gate_neuron,29,128,10160,8,512,2,24576,E:\CODEXRESEARCH\RESEARCH-1\artifacts\benchmark_runs\language\neuron_search_20260605\manual_self\real_cache_finewebedu_sample_seq10160_train192_val8_gpt2.pt,7.199352416842003,7.173671487842019,-0.025680928999983976,7.14030122756958,7.076443195343018,-0.0638580322265625,82317.85997715822,72867.79923325781,0.8852003593567346,3672.61962890625,5157.7587890625,40437009,40473907,36898,E:\CODEXRESEARCH\RESEARCH-1\artifacts\benchmark_runs\language\neuron_search_20260605\manual_self\screen_128_seed29_real_seq10160_val8_rank_hybrid_cost_v1_rank_competition_memory_factor_centered_gate_neuron\result.json,E:\CODEXRESEARCH\RESEARCH-1\artifacts\benchmark_runs\language\neuron_search_20260605\manual_self\screen_128_seed29_real_seq10160_val8_rank_hybrid_cost_v1_baseline\result.json
screen_128_seed29_real_seq10160_val8_rank_hybrid_cost_v1,rank_competition_memory_group_centered_gate_neuron,29,128,10160,8,512,2,24576,E:\CODEXRESEARCH\RESEARCH-1\artifacts\benchmark_runs\language\neuron_search_20260605\manual_self\real_cache_finewebedu_sample_seq10160_train192_val8_gpt2.pt,7.199352416842003,7.179897532876082,-0.019454883965920544,7.14030122756958,7.097527980804443,-0.04277324676513672,82317.85997715822,73468.8900113619,0.8925024293846833,3672.61962890625,4653.8466796875,40437009,40441139,4130,E:\CODEXRESEARCH\RESEARCH-1\artifacts\benchmark_runs\language\neuron_search_20260605\manual_self\screen_128_seed29_real_seq10160_val8_rank_hybrid_cost_v1_rank_competition_memory_group_centered_gate_neuron\result.json,E:\CODEXRESEARCH\RESEARCH-1\artifacts\benchmark_runs\language\neuron_search_20260605\manual_self\screen_128_seed29_real_seq10160_val8_rank_hybrid_cost_v1_baseline\result.json
screen_1024_seed13_real_seq10160_40m_1024,rank_competition_memory_suppressed_centered_gate_neuron,13,1024,10160,8,512,2,24576,E:\CODEXRESEARCH\RESEARCH-1\artifacts\benchmark_runs\language\neuron_search_20260605\manual_self\real_cache_finewebedu_sample_seq10160_train192_val8_gpt2.pt,6.490743960639623,6.482527013651029,-0.00821694698859421,5.45195198059082,5.420195579528809,-0.03175640106201172,82940.16269500328,70215.63632489897,0.8465818494123728,3672.6318359375,4392.14794921875,40437009,40572179,135170,E:\CODEXRESEARCH\RESEARCH-1\artifacts\benchmark_runs\language\neuron_search_20260605\manual_self\screen_1024_seed13_real_seq10160_40m_1024_rank_competition_memory_suppressed_centered_gate_neuron\result.json,E:\CODEXRESEARCH\RESEARCH-1\artifacts\benchmark_runs\language\neuron_search_20260605\manual_self\screen_1024_seed13_real_seq10160_40m_1024_baseline\result.json
screen_1024_seed13_real_seq10160_40m_1024,rank_competition_neuron,13,1024,10160,8,512,2,24576,E:\CODEXRESEARCH\RESEARCH-1\artifacts\benchmark_runs\language\neuron_search_20260605\manual_self\real_cache_finewebedu_sample_seq10160_train192_val8_gpt2.pt,6.490743960639623,6.486382225930221,-0.004361734709402043,5.45195198059082,5.442748546600342,-0.009203433990478516,82940.16269500328,82695.81252328063,0.9970538980901062,3672.6318359375,3711.38623046875,40437009,40437011,2,E:\CODEXRESEARCH\RESEARCH-1\artifacts\benchmark_runs\language\neuron_search_20260605\manual_self\screen_1024_seed13_real_seq10160_40m_1024_rank_competition_neuron\result.json,E:\CODEXRESEARCH\RESEARCH-1\artifacts\benchmark_runs\language\neuron_search_20260605\manual_self\screen_1024_seed13_real_seq10160_40m_1024_baseline\result.json
screen_1024_seed13_real_seq10160_40m_1024,rank_competition_memory_centered_gate_neuron,13,1024,10160,8,512,2,24576,E:\CODEXRESEARCH\RESEARCH-1\artifacts\benchmark_runs\language\neuron_search_20260605\manual_self\real_cache_finewebedu_sample_seq10160_train192_val8_gpt2.pt,6.490743960639623,6.488335163386788,-0.002408797252835271,5.45195198059082,5.406091690063477,-0.04586029052734375,82940.16269500328,72766.06474994417,0.8773320715264036,3672.6318359375,4231.83740234375,40437009,40572179,135170,E:\CODEXRESEARCH\RESEARCH-1\artifacts\benchmark_runs\language\neuron_search_20260605\manual_self\screen_1024_seed13_real_seq10160_40m_1024_rank_competition_memory_centered_gate_neuron\result.json,E:\CODEXRESEARCH\RESEARCH-1\artifacts\benchmark_runs\language\neuron_search_20260605\manual_self\screen_1024_seed13_real_seq10160_40m_1024_baseline\result.json
screen_1024_seed13_real_seq10160_40m_1024,phase_residual_memory_tiny_gate_neuron,13,1024,10160,8,512,2,24576,E:\CODEXRESEARCH\RESEARCH-1\artifacts\benchmark_runs\language\neuron_search_20260605\manual_self\real_cache_finewebedu_sample_seq10160_train192_val8_gpt2.pt,6.490743960639623,6.490360572112827,-0.0003833885267958692,5.45195198059082,5.419029235839844,-0.03292274475097656,82940.16269500328,74711.26697821864,0.9007851510124855,3672.6318359375,4655.6015625,40437009,40572177,135168,E:\CODEXRESEARCH\RESEARCH-1\artifacts\benchmark_runs\language\neuron_search_20260605\manual_self\screen_1024_seed13_real_seq10160_40m_1024_phase_residual_memory_tiny_gate_neuron\result.json,E:\CODEXRESEARCH\RESEARCH-1\artifacts\benchmark_runs\language\neuron_search_20260605\manual_self\screen_1024_seed13_real_seq10160_40m_1024_baseline\result.json
screen_1024_seed13_real_seq10160_40m_1024,phase_residual_blend_centered_neuron,13,1024,10160,8,512,2,24576,E:\CODEXRESEARCH\RESEARCH-1\artifacts\benchmark_runs\language\neuron_search_20260605\manual_self\real_cache_finewebedu_sample_seq10160_train192_val8_gpt2.pt,6.490743960639623,6.491135826636487,0.000391865996864027,5.45195198059082,5.4428229331970215,-0.009129047393798828,82940.16269500328,76128.70797410814,0.9178750740344822,3672.6318359375,4069.31689453125,40437009,40439057,2048,E:\CODEXRESEARCH\RESEARCH-1\artifacts\benchmark_runs\language\neuron_search_20260605\manual_self\screen_1024_seed13_real_seq10160_40m_1024_phase_residual_blend_centered_neuron\result.json,E:\CODEXRESEARCH\RESEARCH-1\artifacts\benchmark_runs\language\neuron_search_20260605\manual_self\screen_1024_seed13_real_seq10160_40m_1024_baseline\result.json
screen_1024_seed13_real_seq10160_40m_1024,phase_residual_memory_small_gate_neuron,13,1024,10160,8,512,2,24576,E:\CODEXRESEARCH\RESEARCH-1\artifacts\benchmark_runs\language\neuron_search_20260605\manual_self\real_cache_finewebedu_sample_seq10160_train192_val8_gpt2.pt,6.490743960639623,6.491292481628928,0.0005485209893052456,5.45195198059082,5.418215751647949,-0.033736228942871094,82940.16269500328,75513.9999258754,0.9104636098142683,3672.6318359375,4193.02685546875,40437009,40572177,135168,E:\CODEXRESEARCH\RESEARCH-1\artifacts\benchmark_runs\language\neuron_search_20260605\manual_self\screen_1024_seed13_real_seq10160_40m_1024_phase_residual_memory_small_gate_neuron\result.json,E:\CODEXRESEARCH\RESEARCH-1\artifacts\benchmark_runs\language\neuron_search_20260605\manual_self\screen_1024_seed13_real_seq10160_40m_1024_baseline\result.json
screen_1024_seed13_real_seq10160_40m_1024,phase_residual_blend_normed_neuron,13,1024,10160,8,512,2,24576,E:\CODEXRESEARCH\RESEARCH-1\artifacts\benchmark_runs\language\neuron_search_20260605\manual_self\real_cache_finewebedu_sample_seq10160_train192_val8_gpt2.pt,6.490743960639623,6.491492923976868,0.0007489633372452786,5.45195198059082,5.447239875793457,-0.004712104797363281,82940.16269500328,73162.46889194878,0.8821114706633731,3672.6318359375,4753.5,40437009,40439057,2048,E:\CODEXRESEARCH\RESEARCH-1\artifacts\benchmark_runs\language\neuron_search_20260605\manual_self\screen_1024_seed13_real_seq10160_40m_1024_phase_residual_blend_normed_neuron\result.json,E:\CODEXRESEARCH\RESEARCH-1\artifacts\benchmark_runs\language\neuron_search_20260605\manual_self\screen_1024_seed13_real_seq10160_40m_1024_baseline\result.json
screen_1024_seed13_real_seq10160_40m_1024,phase_residual_memory_centered_gate_neuron,13,1024,10160,8,512,2,24576,E:\CODEXRESEARCH\RESEARCH-1\artifacts\benchmark_runs\language\neuron_search_20260605\manual_self\real_cache_finewebedu_sample_seq10160_train192_val8_gpt2.pt,6.490743960639623,6.491577075691674,0.000833115052050637,5.45195198059082,5.416988372802734,-0.03496360778808594,82940.16269500328,73480.94226597626,0.8859512674961646,3672.6318359375,4654.7197265625,40437009,40572177,135168,E:\CODEXRESEARCH\RESEARCH-1\artifacts\benchmark_runs\language\neuron_search_20260605\manual_self\screen_1024_seed13_real_seq10160_40m_1024_phase_residual_memory_centered_gate_neuron\result.json,E:\CODEXRESEARCH\RESEARCH-1\artifacts\benchmark_runs\language\neuron_search_20260605\manual_self\screen_1024_seed13_real_seq10160_40m_1024_baseline\result.json
screen_1024_seed13_real_seq10160_40m_1024,phase_residual_blend_half_neuron,13,1024,10160,8,512,2,24576,E:\CODEXRESEARCH\RESEARCH-1\artifacts\benchmark_runs\language\neuron_search_20260605\manual_self\real_cache_finewebedu_sample_seq10160_train192_val8_gpt2.pt,6.490743960639623,6.491696851929341,0.0009528912897183162,5.45195198059082,5.446325302124023,-0.005626678466796875,82940.16269500328,76832.69009769111,0.9263629055109135,3672.6318359375,4207.14111328125,40437009,40439057,2048,E:\CODEXRESEARCH\RESEARCH-1\artifacts\benchmark_runs\language\neuron_search_20260605\manual_self\screen_1024_seed13_real_seq10160_40m_1024_phase_residual_blend_half_neuron\result.json,E:\CODEXRESEARCH\RESEARCH-1\artifacts\benchmark_runs\language\neuron_search_20260605\manual_self\screen_1024_seed13_real_seq10160_40m_1024_baseline\result.json
screen_1024_seed13_real_seq10160_40m_1024,phase_residual_conv_energy_gate_neuron,13,1024,10160,8,512,2,24576,E:\CODEXRESEARCH\RESEARCH-1\artifacts\benchmark_runs\language\neuron_search_20260605\manual_self\real_cache_finewebedu_sample_seq10160_train192_val8_gpt2.pt,6.490743960639623,6.491700165008935,0.000956204369312097,5.45195198059082,5.446425437927246,-0.005526542663574219,82940.16269500328,74364.36481909057,0.8966025915882444,3672.6318359375,4794.34716796875,40437009,40439059,2050,E:\CODEXRESEARCH\RESEARCH-1\artifacts\benchmark_runs\language\neuron_search_20260605\manual_self\screen_1024_seed13_real_seq10160_40m_1024_phase_residual_conv_energy_gate_neuron\result.json,E:\CODEXRESEARCH\RESEARCH-1\artifacts\benchmark_runs\language\neuron_search_20260605\manual_self\screen_1024_seed13_real_seq10160_40m_1024_baseline\result.json
screen_1024_seed13_real_seq10160_40m_1024,phase_residual_memory_gate_neuron,13,1024,10160,8,512,2,24576,E:\CODEXRESEARCH\RESEARCH-1\artifacts\benchmark_runs\language\neuron_search_20260605\manual_self\real_cache_finewebedu_sample_seq10160_train192_val8_gpt2.pt,6.490743960639623,6.491958728925449,0.0012147682858261177,5.45195198059082,5.417598724365234,-0.03435325622558594,82940.16269500328,74519.25780142342,0.8984701184570116,3672.6318359375,4656.548828125,40437009,40572177,135168,E:\CODEXRESEARCH\RESEARCH-1\artifacts\benchmark_runs\language\neuron_search_20260605\manual_self\screen_1024_seed13_real_seq10160_40m_1024_phase_residual_memory_gate_neuron\result.json,E:\CODEXRESEARCH\RESEARCH-1\artifacts\benchmark_runs\language\neuron_search_20260605\manual_self\screen_1024_seed13_real_seq10160_40m_1024_baseline\result.json
screen_1024_seed13_real_seq10160_40m_1024,phase_residual_memory_zero_mean_gate_neuron,13,1024,10160,8,512,2,24576,E:\CODEXRESEARCH\RESEARCH-1\artifacts\benchmark_runs\language\neuron_search_20260605\manual_self\real_cache_finewebedu_sample_seq10160_train192_val8_gpt2.pt,6.490743960639623,6.491961954522321,0.001217993882697499,5.45195198059082,5.417588233947754,-0.034363746643066406,82940.16269500328,74169.26914986355,0.8942503455485972,3672.6318359375,4799.53564453125,40437009,40572177,135168,E:\CODEXRESEARCH\RESEARCH-1\artifacts\benchmark_runs\language\neuron_search_20260605\manual_self\screen_1024_seed13_real_seq10160_40m_1024_phase_residual_memory_zero_mean_gate_neuron\result.json,E:\CODEXRESEARCH\RESEARCH-1\artifacts\benchmark_runs\language\neuron_search_20260605\manual_self\screen_1024_seed13_real_seq10160_40m_1024_baseline\result.json
screen_1024_seed13_real_seq10160_40m_1024,phase_residual_memory_scalar_centered_gate_neuron,13,1024,10160,8,512,2,24576,E:\CODEXRESEARCH\RESEARCH-1\artifacts\benchmark_runs\language\neuron_search_20260605\manual_self\real_cache_finewebedu_sample_seq10160_train192_val8_gpt2.pt,6.490743960639623,6.4948057833619,0.004061822722277064,5.45195198059082,5.421931266784668,-0.030020713806152344,82940.16269500328,74843.18297394234,0.9023756469970279,3672.6318359375,4149.35693359375,40437009,40439187,2178,E:\CODEXRESEARCH\RESEARCH-1\artifacts\benchmark_runs\language\neuron_search_20260605\manual_self\screen_1024_seed13_real_seq10160_40m_1024_phase_residual_memory_scalar_centered_gate_neuron\result.json,E:\CODEXRESEARCH\RESEARCH-1\artifacts\benchmark_runs\language\neuron_search_20260605\manual_self\screen_1024_seed13_real_seq10160_40m_1024_baseline\result.json
screen_1024_seed13_real_seq10160_40m_1024,memory_square_scalar_gain_neuron,13,1024,10160,8,512,2,24576,E:\CODEXRESEARCH\RESEARCH-1\artifacts\benchmark_runs\language\neuron_search_20260605\manual_self\real_cache_finewebedu_sample_seq10160_train192_val8_gpt2.pt,6.490743960639623,6.4948093449036906,0.00406538426406744,5.45195198059082,5.429124355316162,-0.022827625274658203,82940.16269500328,92858.75398031113,1.119587314071008,3672.6318359375,3751.15771484375,40437009,40437139,130,E:\CODEXRESEARCH\RESEARCH-1\artifacts\benchmark_runs\language\neuron_search_20260605\manual_self\screen_1024_seed13_real_seq10160_40m_1024_memory_square_scalar_gain_neuron\result.json,E:\CODEXRESEARCH\RESEARCH-1\artifacts\benchmark_runs\language\neuron_search_20260605\manual_self\screen_1024_seed13_real_seq10160_40m_1024_baseline\result.json
screen_1024_seed13_real_seq10160_40m_1024,phase_residual_memory_scalar_gate_neuron,13,1024,10160,8,512,2,24576,E:\CODEXRESEARCH\RESEARCH-1\artifacts\benchmark_runs\language\neuron_search_20260605\manual_self\real_cache_finewebedu_sample_seq10160_train192_val8_gpt2.pt,6.490743960639623,6.495215996043888,0.004472035404265107,5.45195198059082,5.431331634521484,-0.020620346069335938,82940.16269500328,75704.61812601896,0.9127618715242739,3672.6318359375,4754.95166015625,40437009,40439187,2178,E:\CODEXRESEARCH\RESEARCH-1\artifacts\benchmark_runs\language\neuron_search_20260605\manual_self\screen_1024_seed13_real_seq10160_40m_1024_phase_residual_memory_scalar_gate_neuron\result.json,E:\CODEXRESEARCH\RESEARCH-1\artifacts\benchmark_runs\language\neuron_search_20260605\manual_self\screen_1024_seed13_real_seq10160_40m_1024_baseline\result.json
screen_1024_seed13_real_seq10160_40m_1024_verify_val8_v4,phase_residual_memory_bounded_gate_neuron,13,1024,10160,8,512,2,24576,E:\CODEXRESEARCH\RESEARCH-1\artifacts\benchmark_runs\language\neuron_search_20260605\manual_self\real_cache_finewebedu_sample_seq10160_train192_val8_gpt2.pt,6.490743960639623,6.491803382982419,0.0010594223427959903,5.45195198059082,5.418135643005371,-0.03381633758544922,84342.14748754248,73807.86046535126,0.8751005596134821,3672.6318359375,4873.13818359375,40437009,40572177,135168,E:\CODEXRESEARCH\RESEARCH-1\artifacts\benchmark_runs\language\neuron_search_20260605\manual_self\screen_1024_seed13_real_seq10160_40m_1024_verify_val8_v4_phase_residual_memory_bounded_gate_neuron\result.json,E:\CODEXRESEARCH\RESEARCH-1\artifacts\benchmark_runs\language\neuron_search_20260605\manual_self\screen_1024_seed13_real_seq10160_40m_1024_verify_val8_v4_baseline\result.json
screen_1024_seed13_real_seq10160_40m_1024_verify_val8_v4,phase_residual_memory_rms_gate_neuron,13,1024,10160,8,512,2,24576,E:\CODEXRESEARCH\RESEARCH-1\artifacts\benchmark_runs\language\neuron_search_20260605\manual_self\real_cache_finewebedu_sample_seq10160_train192_val8_gpt2.pt,6.490743960639623,6.491938723260024,0.0011947626204005246,5.45195198059082,5.41774845123291,-0.034203529357910156,84342.14748754248,71236.78543300119,0.8446166899357528,3672.6318359375,4913.88623046875,40437009,40572177,135168,E:\CODEXRESEARCH\RESEARCH-1\artifacts\benchmark_runs\language\neuron_search_20260605\manual_self\screen_1024_seed13_real_seq10160_40m_1024_verify_val8_v4_phase_residual_memory_rms_gate_neuron\result.json,E:\CODEXRESEARCH\RESEARCH-1\artifacts\benchmark_runs\language\neuron_search_20260605\manual_self\screen_1024_seed13_real_seq10160_40m_1024_verify_val8_v4_baseline\result.json
screen_1024_seed13_real_seq10160_40m_1024_verify_val8_v4,phase_residual_memory_gate_neuron,13,1024,10160,8,512,2,24576,E:\CODEXRESEARCH\RESEARCH-1\artifacts\benchmark_runs\language\neuron_search_20260605\manual_self\real_cache_finewebedu_sample_seq10160_train192_val8_gpt2.pt,6.490743960639623,6.491958728925449,0.0012147682858261177,5.45195198059082,5.417598724365234,-0.03435325622558594,84342.14748754248,74607.07790421681,0.8845764558607717,3672.6318359375,4652.59228515625,40437009,40572177,135168,E:\CODEXRESEARCH\RESEARCH-1\artifacts\benchmark_runs\language\neuron_search_20260605\manual_self\screen_1024_seed13_real_seq10160_40m_1024_verify_val8_v4_phase_residual_memory_gate_neuron\result.json,E:\CODEXRESEARCH\RESEARCH-1\artifacts\benchmark_runs\language\neuron_search_20260605\manual_self\screen_1024_seed13_real_seq10160_40m_1024_verify_val8_v4_baseline\result.json
screen_1024_seed13_real_seq10160_val8_rankcost_1024_v1,rank_competition_centered_residual_neuron,13,1024,10160,8,512,2,24576,E:\CODEXRESEARCH\RESEARCH-1\artifacts\benchmark_runs\language\neuron_search_20260605\manual_self\real_cache_finewebedu_sample_seq10160_train192_val8_gpt2.pt,6.490743960639623,6.486663895235287,-0.004080065404336253,5.45195198059082,5.432966232299805,-0.018985748291015625,84167.24516628131,74592.84701233228,0.8862455562727068,3672.6318359375,4713.076171875,40437009,40439059,2050,E:\CODEXRESEARCH\RESEARCH-1\artifacts\benchmark_runs\language\neuron_search_20260605\manual_self\screen_1024_seed13_real_seq10160_val8_rankcost_1024_v1_rank_competition_centered_residual_neuron\result.json,E:\CODEXRESEARCH\RESEARCH-1\artifacts\benchmark_runs\language\neuron_search_20260605\manual_self\screen_1024_seed13_real_seq10160_val8_rankcost_1024_v1_baseline\result.json
screen_1024_seed13_real_seq10160_val8_rankcost_1024_v1,rank_competition_memory_scalar_centered_gate_neuron,13,1024,10160,8,512,2,24576,E:\CODEXRESEARCH\RESEARCH-1\artifacts\benchmark_runs\language\neuron_search_20260605\manual_self\real_cache_finewebedu_sample_seq10160_train192_val8_gpt2.pt,6.490743960639623,6.492792820930481,0.0020488602908574904,5.45195198059082,5.416390419006348,-0.035561561584472656,84167.24516628131,73405.05065332747,0.8721332212823174,3672.6318359375,4651.18017578125,40437009,40439189,2180,E:\CODEXRESEARCH\RESEARCH-1\artifacts\benchmark_runs\language\neuron_search_20260605\manual_self\screen_1024_seed13_real_seq10160_val8_rankcost_1024_v1_rank_competition_memory_scalar_centered_gate_neuron\result.json,E:\CODEXRESEARCH\RESEARCH-1\artifacts\benchmark_runs\language\neuron_search_20260605\manual_self\screen_1024_seed13_real_seq10160_val8_rankcost_1024_v1_baseline\result.json
screen_1024_seed17_real_seq10160_40m_1024,rank_competition_memory_suppressed_centered_gate_neuron,17,1024,10160,8,512,2,24576,E:\CODEXRESEARCH\RESEARCH-1\artifacts\benchmark_runs\language\neuron_search_20260605\manual_self\real_cache_finewebedu_sample_seq10160_train192_val8_gpt2.pt,6.493108171553124,6.474003679921308,-0.019104491631815712,5.595936298370361,5.569856643676758,-0.026079654693603516,83392.29651060654,69706.88795116558,0.8358912137921477,3672.60400390625,4392.14794921875,40437009,40572179,135170,E:\CODEXRESEARCH\RESEARCH-1\artifacts\benchmark_runs\language\neuron_search_20260605\manual_self\screen_1024_seed17_real_seq10160_40m_1024_rank_competition_memory_suppressed_centered_gate_neuron\result.json,E:\CODEXRESEARCH\RESEARCH-1\artifacts\benchmark_runs\language\neuron_search_20260605\manual_self\screen_1024_seed17_real_seq10160_40m_1024_baseline\result.json
screen_1024_seed17_real_seq10160_40m_1024,rank_competition_memory_centered_gate_neuron,17,1024,10160,8,512,2,24576,E:\CODEXRESEARCH\RESEARCH-1\artifacts\benchmark_runs\language\neuron_search_20260605\manual_self\real_cache_finewebedu_sample_seq10160_train192_val8_gpt2.pt,6.493108171553124,6.478446355391675,-0.014661816161448904,5.595936298370361,5.581412315368652,-0.014523983001708984,83392.29651060654,72360.51548636852,0.8677122289966567,3672.60400390625,4231.83740234375,40437009,40572179,135170,E:\CODEXRESEARCH\RESEARCH-1\artifacts\benchmark_runs\language\neuron_search_20260605\manual_self\screen_1024_seed17_real_seq10160_40m_1024_rank_competition_memory_centered_gate_neuron\result.json,E:\CODEXRESEARCH\RESEARCH-1\artifacts\benchmark_runs\language\neuron_search_20260605\manual_self\screen_1024_seed17_real_seq10160_40m_1024_baseline\result.json
screen_1024_seed17_real_seq10160_40m_1024,phase_residual_memory_gate_neuron,17,1024,10160,8,512,2,24576,E:\CODEXRESEARCH\RESEARCH-1\artifacts\benchmark_runs\language\neuron_search_20260605\manual_self\real_cache_finewebedu_sample_seq10160_train192_val8_gpt2.pt,6.493108171553124,6.478981038529104,-0.014127133024020466,5.595936298370361,5.587127208709717,-0.008809089660644531,83392.29651060654,74449.51607724414,0.8927625115561486,3672.60400390625,4656.548828125,40437009,40572177,135168,E:\CODEXRESEARCH\RESEARCH-1\artifacts\benchmark_runs\language\neuron_search_20260605\manual_self\screen_1024_seed17_real_seq10160_40m_1024_phase_residual_memory_gate_neuron\result.json,E:\CODEXRESEARCH\RESEARCH-1\artifacts\benchmark_runs\language\neuron_search_20260605\manual_self\screen_1024_seed17_real_seq10160_40m_1024_baseline\result.json
screen_1024_seed17_real_seq10160_40m_1024,phase_residual_memory_centered_gate_neuron,17,1024,10160,8,512,2,24576,E:\CODEXRESEARCH\RESEARCH-1\artifacts\benchmark_runs\language\neuron_search_20260605\manual_self\real_cache_finewebedu_sample_seq10160_train192_val8_gpt2.pt,6.493108171553124,6.4810182582675,-0.012089913285623588,5.595936298370361,5.59157133102417,-0.004364967346191406,83392.29651060654,73466.40081683341,0.8809734698634824,3672.60400390625,4654.7197265625,40437009,40572177,135168,E:\CODEXRESEARCH\RESEARCH-1\artifacts\benchmark_runs\language\neuron_search_20260605\manual_self\screen_1024_seed17_real_seq10160_40m_1024_phase_residual_memory_centered_gate_neuron\result.json,E:\CODEXRESEARCH\RESEARCH-1\artifacts\benchmark_runs\language\neuron_search_20260605\manual_self\screen_1024_seed17_real_seq10160_40m_1024_baseline\result.json
screen_1024_seed17_real_seq10160_40m_1024,rank_competition_neuron,17,1024,10160,8,512,2,24576,E:\CODEXRESEARCH\RESEARCH-1\artifacts\benchmark_runs\language\neuron_search_20260605\manual_self\real_cache_finewebedu_sample_seq10160_train192_val8_gpt2.pt,6.493108171553124,6.4899042676752945,-0.0032039038778295392,5.595936298370361,5.583463668823242,-0.01247262954711914,83392.29651060654,82056.56525543741,0.9839825582090879,3672.60400390625,3711.3583984375,40437009,40437011,2,E:\CODEXRESEARCH\RESEARCH-1\artifacts\benchmark_runs\language\neuron_search_20260605\manual_self\screen_1024_seed17_real_seq10160_40m_1024_rank_competition_neuron\result.json,E:\CODEXRESEARCH\RESEARCH-1\artifacts\benchmark_runs\language\neuron_search_20260605\manual_self\screen_1024_seed17_real_seq10160_40m_1024_baseline\result.json
screen_1024_seed17_real_seq10160_40m_1024,phase_residual_blend_centered_neuron,17,1024,10160,8,512,2,24576,E:\CODEXRESEARCH\RESEARCH-1\artifacts\benchmark_runs\language\neuron_search_20260605\manual_self\real_cache_finewebedu_sample_seq10160_train192_val8_gpt2.pt,6.493108171553124,6.491495132540154,-0.0016130390129696082,5.595936298370361,5.599761962890625,0.003825664520263672,83392.29651060654,75374.09232134391,0.9038495817387304,3672.60400390625,4069.31689453125,40437009,40439057,2048,E:\CODEXRESEARCH\RESEARCH-1\artifacts\benchmark_runs\language\neuron_search_20260605\manual_self\screen_1024_seed17_real_seq10160_40m_1024_phase_residual_blend_centered_neuron\result.json,E:\CODEXRESEARCH\RESEARCH-1\artifacts\benchmark_runs\language\neuron_search_20260605\manual_self\screen_1024_seed17_real_seq10160_40m_1024_baseline\result.json
screen_1024_seed17_real_seq10160_40m_1024,phase_residual_blend_normed_neuron,17,1024,10160,8,512,2,24576,E:\CODEXRESEARCH\RESEARCH-1\artifacts\benchmark_runs\language\neuron_search_20260605\manual_self\real_cache_finewebedu_sample_seq10160_train192_val8_gpt2.pt,6.493108171553124,6.492040767068938,-0.00106740448418563,5.595936298370361,5.596244812011719,0.0003085136413574219,83392.29651060654,73316.58761133005,0.8791769825166648,3672.60400390625,4759.421875,40437009,40439057,2048,E:\CODEXRESEARCH\RESEARCH-1\artifacts\benchmark_runs\language\neuron_search_20260605\manual_self\screen_1024_seed17_real_seq10160_40m_1024_phase_residual_blend_normed_neuron\result.json,E:\CODEXRESEARCH\RESEARCH-1\artifacts\benchmark_runs\language\neuron_search_20260605\manual_self\screen_1024_seed17_real_seq10160_40m_1024_baseline\result.json
screen_1024_seed17_real_seq10160_40m_1024,phase_residual_blend_half_neuron,17,1024,10160,8,512,2,24576,E:\CODEXRESEARCH\RESEARCH-1\artifacts\benchmark_runs\language\neuron_search_20260605\manual_self\real_cache_finewebedu_sample_seq10160_train192_val8_gpt2.pt,6.493108171553124,6.492086674003151,-0.0010214975499733825,5.595936298370361,5.596941947937012,0.0010056495666503906,83392.29651060654,76629.32321050504,0.9189017021585282,3672.60400390625,4212.08837890625,40437009,40439057,2048,E:\CODEXRESEARCH\RESEARCH-1\artifacts\benchmark_runs\language\neuron_search_20260605\manual_self\screen_1024_seed17_real_seq10160_40m_1024_phase_residual_blend_half_neuron\result.json,E:\CODEXRESEARCH\RESEARCH-1\artifacts\benchmark_runs\language\neuron_search_20260605\manual_self\screen_1024_seed17_real_seq10160_40m_1024_baseline\result.json
screen_1024_seed17_real_seq10160_40m_1024,phase_residual_conv_energy_gate_neuron,17,1024,10160,8,512,2,24576,E:\CODEXRESEARCH\RESEARCH-1\artifacts\benchmark_runs\language\neuron_search_20260605\manual_self\real_cache_finewebedu_sample_seq10160_train192_val8_gpt2.pt,6.493108171553124,6.49214927342933,-0.0009588981237937944,5.595936298370361,5.596623420715332,0.0006871223449707031,83392.29651060654,74413.52574664287,0.8923309329558796,3672.60400390625,4800.296875,40437009,40439059,2050,E:\CODEXRESEARCH\RESEARCH-1\artifacts\benchmark_runs\language\neuron_search_20260605\manual_self\screen_1024_seed17_real_seq10160_40m_1024_phase_residual_conv_energy_gate_neuron\result.json,E:\CODEXRESEARCH\RESEARCH-1\artifacts\benchmark_runs\language\neuron_search_20260605\manual_self\screen_1024_seed17_real_seq10160_40m_1024_baseline\result.json
screen_1024_seed17_real_seq10160_40m_1024,phase_residual_memory_scalar_gate_neuron,17,1024,10160,8,512,2,24576,E:\CODEXRESEARCH\RESEARCH-1\artifacts\benchmark_runs\language\neuron_search_20260605\manual_self\real_cache_finewebedu_sample_seq10160_train192_val8_gpt2.pt,6.493108171553124,6.493775763567977,0.0006675920148531134,5.595936298370361,5.548541069030762,-0.04739522933959961,83392.29651060654,75738.19298794995,0.9082157004552204,3672.60400390625,4761.8916015625,40437009,40439187,2178,E:\CODEXRESEARCH\RESEARCH-1\artifacts\benchmark_runs\language\neuron_search_20260605\manual_self\screen_1024_seed17_real_seq10160_40m_1024_phase_residual_memory_scalar_gate_neuron\result.json,E:\CODEXRESEARCH\RESEARCH-1\artifacts\benchmark_runs\language\neuron_search_20260605\manual_self\screen_1024_seed17_real_seq10160_40m_1024_baseline\result.json
screen_1024_seed17_real_seq10160_40m_1024,phase_residual_memory_scalar_centered_gate_neuron,17,1024,10160,8,512,2,24576,E:\CODEXRESEARCH\RESEARCH-1\artifacts\benchmark_runs\language\neuron_search_20260605\manual_self\real_cache_finewebedu_sample_seq10160_train192_val8_gpt2.pt,6.493108171553124,6.4939430381369405,0.0008348665838164848,5.595936298370361,5.548460960388184,-0.047475337982177734,83392.29651060654,74405.88256175943,0.892239279587364,3672.60400390625,4149.35693359375,40437009,40439187,2178,E:\CODEXRESEARCH\RESEARCH-1\artifacts\benchmark_runs\language\neuron_search_20260605\manual_self\screen_1024_seed17_real_seq10160_40m_1024_phase_residual_memory_scalar_centered_gate_neuron\result.json,E:\CODEXRESEARCH\RESEARCH-1\artifacts\benchmark_runs\language\neuron_search_20260605\manual_self\screen_1024_seed17_real_seq10160_40m_1024_baseline\result.json
screen_1024_seed17_real_seq10160_val8_rankcost_1024_v1,rank_competition_centered_residual_neuron,17,1024,10160,8,512,2,24576,E:\CODEXRESEARCH\RESEARCH-1\artifacts\benchmark_runs\language\neuron_search_20260605\manual_self\real_cache_finewebedu_sample_seq10160_train192_val8_gpt2.pt,6.493108171553124,6.488046152103604,-0.0050620194495198945,5.595936298370361,5.590003967285156,-0.005932331085205078,83260.3457627894,74383.55241515578,0.8933851010789241,3672.60400390625,4717.875,40437009,40439059,2050,E:\CODEXRESEARCH\RESEARCH-1\artifacts\benchmark_runs\language\neuron_search_20260605\manual_self\screen_1024_seed17_real_seq10160_val8_rankcost_1024_v1_rank_competition_centered_residual_neuron\result.json,E:\CODEXRESEARCH\RESEARCH-1\artifacts\benchmark_runs\language\neuron_search_20260605\manual_self\screen_1024_seed17_real_seq10160_val8_rankcost_1024_v1_baseline\result.json
screen_1024_seed17_real_seq10160_val8_rankcost_1024_v1,rank_competition_memory_scalar_centered_gate_neuron,17,1024,10160,8,512,2,24576,E:\CODEXRESEARCH\RESEARCH-1\artifacts\benchmark_runs\language\neuron_search_20260605\manual_self\real_cache_finewebedu_sample_seq10160_train192_val8_gpt2.pt,6.493108171553124,6.490093801434584,-0.0030143701185396665,5.595936298370361,5.537289619445801,-0.05864667892456055,83260.3457627894,73219.85942781456,0.8794085438513503,3672.60400390625,4651.03173828125,40437009,40439189,2180,E:\CODEXRESEARCH\RESEARCH-1\artifacts\benchmark_runs\language\neuron_search_20260605\manual_self\screen_1024_seed17_real_seq10160_val8_rankcost_1024_v1_rank_competition_memory_scalar_centered_gate_neuron\result.json,E:\CODEXRESEARCH\RESEARCH-1\artifacts\benchmark_runs\language\neuron_search_20260605\manual_self\screen_1024_seed17_real_seq10160_val8_rankcost_1024_v1_baseline\result.json
screen_1024_seed29_real_seq10160_40m_1024,rank_competition_memory_suppressed_centered_gate_neuron,29,1024,10160,8,512,2,24576,E:\CODEXRESEARCH\RESEARCH-1\artifacts\benchmark_runs\language\neuron_search_20260605\manual_self\real_cache_finewebedu_sample_seq10160_train192_val8_gpt2.pt,6.498115837198543,6.48196838286918,-0.01614745432936271,5.432253837585449,5.430658340454102,-0.0015954971313476562,83133.10710084398,69714.21407152496,0.8385854505228424,3672.61962890625,4392.14794921875,40437009,40572179,135170,E:\CODEXRESEARCH\RESEARCH-1\artifacts\benchmark_runs\language\neuron_search_20260605\manual_self\screen_1024_seed29_real_seq10160_40m_1024_rank_competition_memory_suppressed_centered_gate_neuron\result.json,E:\CODEXRESEARCH\RESEARCH-1\artifacts\benchmark_runs\language\neuron_search_20260605\manual_self\screen_1024_seed29_real_seq10160_40m_1024_baseline\result.json
screen_1024_seed29_real_seq10160_40m_1024,rank_competition_memory_centered_gate_neuron,29,1024,10160,8,512,2,24576,E:\CODEXRESEARCH\RESEARCH-1\artifacts\benchmark_runs\language\neuron_search_20260605\manual_self\real_cache_finewebedu_sample_seq10160_train192_val8_gpt2.pt,6.498115837198543,6.486530396882005,-0.011585440316538076,5.432253837585449,5.4098734855651855,-0.022380352020263672,83133.10710084398,72293.29815993908,0.8696090003257577,3672.61962890625,4231.83740234375,40437009,40572179,135170,E:\CODEXRESEARCH\RESEARCH-1\artifacts\benchmark_runs\language\neuron_search_20260605\manual_self\screen_1024_seed29_real_seq10160_40m_1024_rank_competition_memory_centered_gate_neuron\result.json,E:\CODEXRESEARCH\RESEARCH-1\artifacts\benchmark_runs\language\neuron_search_20260605\manual_self\screen_1024_seed29_real_seq10160_40m_1024_baseline\result.json
screen_1024_seed29_real_seq10160_40m_1024,phase_residual_memory_centered_gate_neuron,29,1024,10160,8,512,2,24576,E:\CODEXRESEARCH\RESEARCH-1\artifacts\benchmark_runs\language\neuron_search_20260605\manual_self\real_cache_finewebedu_sample_seq10160_train192_val8_gpt2.pt,6.498115837198543,6.489002096183657,-0.009113741014886045,5.432253837585449,5.41074275970459,-0.021511077880859375,83133.10710084398,73519.48234799498,0.8843586497833257,3672.61962890625,4654.7197265625,40437009,40572177,135168,E:\CODEXRESEARCH\RESEARCH-1\artifacts\benchmark_runs\language\neuron_search_20260605\manual_self\screen_1024_seed29_real_seq10160_40m_1024_phase_residual_memory_centered_gate_neuron\result.json,E:\CODEXRESEARCH\RESEARCH-1\artifacts\benchmark_runs\language\neuron_search_20260605\manual_self\screen_1024_seed29_real_seq10160_40m_1024_baseline\result.json
screen_1024_seed29_real_seq10160_40m_1024,phase_residual_memory_gate_neuron,29,1024,10160,8,512,2,24576,E:\CODEXRESEARCH\RESEARCH-1\artifacts\benchmark_runs\language\neuron_search_20260605\manual_self\real_cache_finewebedu_sample_seq10160_train192_val8_gpt2.pt,6.498115837198543,6.489210685876411,-0.008905151322132099,5.432253837585449,5.417881011962891,-0.014372825622558594,83133.10710084398,74297.91343010562,0.8937223209999731,3672.61962890625,4656.548828125,40437009,40572177,135168,E:\CODEXRESEARCH\RESEARCH-1\artifacts\benchmark_runs\language\neuron_search_20260605\manual_self\screen_1024_seed29_real_seq10160_40m_1024_phase_residual_memory_gate_neuron\result.json,E:\CODEXRESEARCH\RESEARCH-1\artifacts\benchmark_runs\language\neuron_search_20260605\manual_self\screen_1024_seed29_real_seq10160_40m_1024_baseline\result.json
screen_1024_seed29_real_seq10160_40m_1024,rank_competition_neuron,29,1024,10160,8,512,2,24576,E:\CODEXRESEARCH\RESEARCH-1\artifacts\benchmark_runs\language\neuron_search_20260605\manual_self\real_cache_finewebedu_sample_seq10160_train192_val8_gpt2.pt,6.498115837198543,6.493997481207209,-0.004118355991333367,5.432253837585449,5.431251525878906,-0.0010023117065429688,83133.10710084398,82116.39059428943,0.9877700167597342,3672.61962890625,3711.3740234375,40437009,40437011,2,E:\CODEXRESEARCH\RESEARCH-1\artifacts\benchmark_runs\language\neuron_search_20260605\manual_self\screen_1024_seed29_real_seq10160_40m_1024_rank_competition_neuron\result.json,E:\CODEXRESEARCH\RESEARCH-1\artifacts\benchmark_runs\language\neuron_search_20260605\manual_self\screen_1024_seed29_real_seq10160_40m_1024_baseline\result.json
screen_1024_seed29_real_seq10160_40m_1024,phase_residual_memory_scalar_gate_neuron,29,1024,10160,8,512,2,24576,E:\CODEXRESEARCH\RESEARCH-1\artifacts\benchmark_runs\language\neuron_search_20260605\manual_self\real_cache_finewebedu_sample_seq10160_train192_val8_gpt2.pt,6.498115837198543,6.496270082785388,-0.0018457544131544878,5.432253837585449,5.428041458129883,-0.004212379455566406,83133.10710084398,75754.07320420472,0.9112383242492287,3672.61962890625,4758.1044921875,40437009,40439187,2178,E:\CODEXRESEARCH\RESEARCH-1\artifacts\benchmark_runs\language\neuron_search_20260605\manual_self\screen_1024_seed29_real_seq10160_40m_1024_phase_residual_memory_scalar_gate_neuron\result.json,E:\CODEXRESEARCH\RESEARCH-1\artifacts\benchmark_runs\language\neuron_search_20260605\manual_self\screen_1024_seed29_real_seq10160_40m_1024_baseline\result.json
screen_1024_seed29_real_seq10160_40m_1024,phase_residual_memory_scalar_centered_gate_neuron,29,1024,10160,8,512,2,24576,E:\CODEXRESEARCH\RESEARCH-1\artifacts\benchmark_runs\language\neuron_search_20260605\manual_self\real_cache_finewebedu_sample_seq10160_train192_val8_gpt2.pt,6.498115837198543,6.496689305343027,-0.001426531855515556,5.432253837585449,5.429726600646973,-0.0025272369384765625,83133.10710084398,74355.88617895449,0.894419669515752,3672.61962890625,4149.35693359375,40437009,40439187,2178,E:\CODEXRESEARCH\RESEARCH-1\artifacts\benchmark_runs\language\neuron_search_20260605\manual_self\screen_1024_seed29_real_seq10160_40m_1024_phase_residual_memory_scalar_centered_gate_neuron\result.json,E:\CODEXRESEARCH\RESEARCH-1\artifacts\benchmark_runs\language\neuron_search_20260605\manual_self\screen_1024_seed29_real_seq10160_40m_1024_baseline\result.json
screen_1024_seed29_real_seq10160_40m_1024,phase_residual_blend_half_neuron,29,1024,10160,8,512,2,24576,E:\CODEXRESEARCH\RESEARCH-1\artifacts\benchmark_runs\language\neuron_search_20260605\manual_self\real_cache_finewebedu_sample_seq10160_train192_val8_gpt2.pt,6.498115837198543,6.497892729691633,-0.00022310750691012515,5.432253837585449,5.429808616638184,-0.002445220947265625,83133.10710084398,76773.7516324067,0.9235039361547848,3672.61962890625,4209.29150390625,40437009,40439057,2048,E:\CODEXRESEARCH\RESEARCH-1\artifacts\benchmark_runs\language\neuron_search_20260605\manual_self\screen_1024_seed29_real_seq10160_40m_1024_phase_residual_blend_half_neuron\result.json,E:\CODEXRESEARCH\RESEARCH-1\artifacts\benchmark_runs\language\neuron_search_20260605\manual_self\screen_1024_seed29_real_seq10160_40m_1024_baseline\result.json
screen_1024_seed29_real_seq10160_40m_1024,phase_residual_blend_normed_neuron,29,1024,10160,8,512,2,24576,E:\CODEXRESEARCH\RESEARCH-1\artifacts\benchmark_runs\language\neuron_search_20260605\manual_self\real_cache_finewebedu_sample_seq10160_train192_val8_gpt2.pt,6.498115837198543,6.497902897493107,-0.0002129397054355664,5.432253837585449,5.4298224449157715,-0.0024313926696777344,83133.10710084398,73473.42500167742,0.883804630477134,3672.61962890625,4756.640625,40437009,40439057,2048,E:\CODEXRESEARCH\RESEARCH-1\artifacts\benchmark_runs\language\neuron_search_20260605\manual_self\screen_1024_seed29_real_seq10160_40m_1024_phase_residual_blend_normed_neuron\result.json,E:\CODEXRESEARCH\RESEARCH-1\artifacts\benchmark_runs\language\neuron_search_20260605\manual_self\screen_1024_seed29_real_seq10160_40m_1024_baseline\result.json
screen_1024_seed29_real_seq10160_40m_1024,phase_residual_conv_energy_gate_neuron,29,1024,10160,8,512,2,24576,E:\CODEXRESEARCH\RESEARCH-1\artifacts\benchmark_runs\language\neuron_search_20260605\manual_self\real_cache_finewebedu_sample_seq10160_train192_val8_gpt2.pt,6.498115837198543,6.497923070990194,-0.000192766208348516,5.432253837585449,5.429642677307129,-0.0026111602783203125,83133.10710084398,74412.27329305468,0.8950979445864984,3672.61962890625,4797.5,40437009,40439059,2050,E:\CODEXRESEARCH\RESEARCH-1\artifacts\benchmark_runs\language\neuron_search_20260605\manual_self\screen_1024_seed29_real_seq10160_40m_1024_phase_residual_conv_energy_gate_neuron\result.json,E:\CODEXRESEARCH\RESEARCH-1\artifacts\benchmark_runs\language\neuron_search_20260605\manual_self\screen_1024_seed29_real_seq10160_40m_1024_baseline\result.json
screen_1024_seed29_real_seq10160_40m_1024,memory_square_scalar_gain_neuron,29,1024,10160,8,512,2,24576,E:\CODEXRESEARCH\RESEARCH-1\artifacts\benchmark_runs\language\neuron_search_20260605\manual_self\real_cache_finewebedu_sample_seq10160_train192_val8_gpt2.pt,6.498115837198543,6.497931173748857,-0.00018466344968537385,5.432253837585449,5.426319122314453,-0.005934715270996094,83133.10710084398,89196.22213447928,1.0729326166803856,3672.61962890625,3751.1455078125,40437009,40437139,130,E:\CODEXRESEARCH\RESEARCH-1\artifacts\benchmark_runs\language\neuron_search_20260605\manual_self\screen_1024_seed29_real_seq10160_40m_1024_memory_square_scalar_gain_neuron\result.json,E:\CODEXRESEARCH\RESEARCH-1\artifacts\benchmark_runs\language\neuron_search_20260605\manual_self\screen_1024_seed29_real_seq10160_40m_1024_baseline\result.json
screen_1024_seed29_real_seq10160_40m_1024,phase_residual_blend_centered_neuron,29,1024,10160,8,512,2,24576,E:\CODEXRESEARCH\RESEARCH-1\artifacts\benchmark_runs\language\neuron_search_20260605\manual_self\real_cache_finewebedu_sample_seq10160_train192_val8_gpt2.pt,6.498115837198543,6.498497071697956,0.00038123449941362964,5.432253837585449,5.423210144042969,-0.009043693542480469,83133.10710084398,75341.79122108428,0.9062790246693354,3672.61962890625,4069.31689453125,40437009,40439057,2048,E:\CODEXRESEARCH\RESEARCH-1\artifacts\benchmark_runs\language\neuron_search_20260605\manual_self\screen_1024_seed29_real_seq10160_40m_1024_phase_residual_blend_centered_neuron\result.json,E:\CODEXRESEARCH\RESEARCH-1\artifacts\benchmark_runs\language\neuron_search_20260605\manual_self\screen_1024_seed29_real_seq10160_40m_1024_baseline\result.json
screen_1024_seed29_real_seq10160_val8_rankcost_1024_v1,rank_competition_centered_residual_neuron,29,1024,10160,8,512,2,24576,E:\CODEXRESEARCH\RESEARCH-1\artifacts\benchmark_runs\language\neuron_search_20260605\manual_self\real_cache_finewebedu_sample_seq10160_train192_val8_gpt2.pt,6.498115837198543,6.495301617881444,-0.0028142193170985763,5.432253837585449,5.410987854003906,-0.02126598358154297,83298.06388566787,74566.67829839443,0.8951790092113323,3672.61962890625,4715.162109375,40437009,40439059,2050,E:\CODEXRESEARCH\RESEARCH-1\artifacts\benchmark_runs\language\neuron_search_20260605\manual_self\screen_1024_seed29_real_seq10160_val8_rankcost_1024_v1_rank_competition_centered_residual_neuron\result.json,E:\CODEXRESEARCH\RESEARCH-1\artifacts\benchmark_runs\language\neuron_search_20260605\manual_self\screen_1024_seed29_real_seq10160_val8_rankcost_1024_v1_baseline\result.json
screen_1024_seed29_real_seq10160_val8_rankcost_1024_v1,rank_competition_memory_scalar_centered_gate_neuron,29,1024,10160,8,512,2,24576,E:\CODEXRESEARCH\RESEARCH-1\artifacts\benchmark_runs\language\neuron_search_20260605\manual_self\real_cache_finewebedu_sample_seq10160_train192_val8_gpt2.pt,6.498115837198543,6.4965037546758575,-0.0016120825226852986,5.432253837585449,5.418164253234863,-0.014089584350585938,83298.06388566787,73378.63874267766,0.8809164981720911,3672.61962890625,4651.11572265625,40437009,40439189,2180,E:\CODEXRESEARCH\RESEARCH-1\artifacts\benchmark_runs\language\neuron_search_20260605\manual_self\screen_1024_seed29_real_seq10160_val8_rankcost_1024_v1_rank_competition_memory_scalar_centered_gate_neuron\result.json,E:\CODEXRESEARCH\RESEARCH-1\artifacts\benchmark_runs\language\neuron_search_20260605\manual_self\screen_1024_seed29_real_seq10160_val8_rankcost_1024_v1_baseline\result.json
screen_1024_seed31_real_seq10160_40m_1024_extra,phase_residual_memory_gate_neuron,31,1024,10160,8,512,2,24576,E:\CODEXRESEARCH\RESEARCH-1\artifacts\benchmark_runs\language\neuron_search_20260605\manual_self\real_cache_finewebedu_sample_seq10160_train192_val8_gpt2.pt,6.490791113921038,6.493193677185088,0.002402563264050528,5.562407493591309,5.539336204528809,-0.0230712890625,84116.30187691773,74509.97169810852,0.8857970457038689,3672.59912109375,4652.41845703125,40437009,40572177,135168,E:\CODEXRESEARCH\RESEARCH-1\artifacts\benchmark_runs\language\neuron_search_20260605\manual_self\screen_1024_seed31_real_seq10160_40m_1024_extra_phase_residual_memory_gate_neuron\result.json,E:\CODEXRESEARCH\RESEARCH-1\artifacts\benchmark_runs\language\neuron_search_20260605\manual_self\screen_1024_seed31_real_seq10160_40m_1024_extra_baseline\result.json
screen_1024_seed31_real_seq10160_40m_1024_extra,phase_residual_memory_zero_mean_gate_neuron,31,1024,10160,8,512,2,24576,E:\CODEXRESEARCH\RESEARCH-1\artifacts\benchmark_runs\language\neuron_search_20260605\manual_self\real_cache_finewebedu_sample_seq10160_train192_val8_gpt2.pt,6.490791113921038,6.493214203147438,0.0024230892263998882,5.562407493591309,5.539278984069824,-0.023128509521484375,84116.30187691773,74112.33310839707,0.8810697980617496,3672.59912109375,4806.333984375,40437009,40572177,135168,E:\CODEXRESEARCH\RESEARCH-1\artifacts\benchmark_runs\language\neuron_search_20260605\manual_self\screen_1024_seed31_real_seq10160_40m_1024_extra_phase_residual_memory_zero_mean_gate_neuron\result.json,E:\CODEXRESEARCH\RESEARCH-1\artifacts\benchmark_runs\language\neuron_search_20260605\manual_self\screen_1024_seed31_real_seq10160_40m_1024_extra_baseline\result.json
screen_1024_seed31_real_seq10160_40m_1024_extra,phase_residual_memory_tiny_gate_neuron,31,1024,10160,8,512,2,24576,E:\CODEXRESEARCH\RESEARCH-1\artifacts\benchmark_runs\language\neuron_search_20260605\manual_self\real_cache_finewebedu_sample_seq10160_train192_val8_gpt2.pt,6.490791113921038,6.493510592453123,0.0027194785320849846,5.562407493591309,5.544368743896484,-0.01803874969482422,84116.30187691773,74764.1121850167,0.8888183445631559,3672.59912109375,4655.56884765625,40437009,40572177,135168,E:\CODEXRESEARCH\RESEARCH-1\artifacts\benchmark_runs\language\neuron_search_20260605\manual_self\screen_1024_seed31_real_seq10160_40m_1024_extra_phase_residual_memory_tiny_gate_neuron\result.json,E:\CODEXRESEARCH\RESEARCH-1\artifacts\benchmark_runs\language\neuron_search_20260605\manual_self\screen_1024_seed31_real_seq10160_40m_1024_extra_baseline\result.json
screen_1024_seed31_real_seq10160_40m_1024_extra,phase_residual_memory_small_gate_neuron,31,1024,10160,8,512,2,24576,E:\CODEXRESEARCH\RESEARCH-1\artifacts\benchmark_runs\language\neuron_search_20260605\manual_self\real_cache_finewebedu_sample_seq10160_train192_val8_gpt2.pt,6.490791113921038,6.493580949400354,0.002789835479315883,5.562407493591309,5.542759895324707,-0.019647598266601562,84116.30187691773,74643.39675459077,0.887383243069957,3672.59912109375,4192.994140625,40437009,40572177,135168,E:\CODEXRESEARCH\RESEARCH-1\artifacts\benchmark_runs\language\neuron_search_20260605\manual_self\screen_1024_seed31_real_seq10160_40m_1024_extra_phase_residual_memory_small_gate_neuron\result.json,E:\CODEXRESEARCH\RESEARCH-1\artifacts\benchmark_runs\language\neuron_search_20260605\manual_self\screen_1024_seed31_real_seq10160_40m_1024_extra_baseline\result.json
screen_1024_seed31_real_seq10160_40m_1024_extra,phase_residual_memory_centered_gate_neuron,31,1024,10160,8,512,2,24576,E:\CODEXRESEARCH\RESEARCH-1\artifacts\benchmark_runs\language\neuron_search_20260605\manual_self\real_cache_finewebedu_sample_seq10160_train192_val8_gpt2.pt,6.490791113921038,6.495628151180237,0.004837037259199484,5.562407493591309,5.5345354080200195,-0.027872085571289062,84116.30187691773,73390.4453102986,0.8724877779064322,3672.59912109375,4799.02734375,40437009,40572177,135168,E:\CODEXRESEARCH\RESEARCH-1\artifacts\benchmark_runs\language\neuron_search_20260605\manual_self\screen_1024_seed31_real_seq10160_40m_1024_extra_phase_residual_memory_centered_gate_neuron\result.json,E:\CODEXRESEARCH\RESEARCH-1\artifacts\benchmark_runs\language\neuron_search_20260605\manual_self\screen_1024_seed31_real_seq10160_40m_1024_extra_baseline\result.json
screen_1024_seed31_real_seq10160_val8_fullhybrid_extra_1024_v1,rank_competition_memory_centered_gate_neuron,31,1024,10160,8,512,2,24576,E:\CODEXRESEARCH\RESEARCH-1\artifacts\benchmark_runs\language\neuron_search_20260605\manual_self\real_cache_finewebedu_sample_seq10160_train192_val8_gpt2.pt,6.490791113921038,6.494787213182825,0.003996099261787123,5.562407493591309,5.530543327331543,-0.031864166259765625,84434.3731255067,72542.55804008748,0.859159076508536,3672.59912109375,4691.58544921875,40437009,40572179,135170,E:\CODEXRESEARCH\RESEARCH-1\artifacts\benchmark_runs\language\neuron_search_20260605\manual_self\screen_1024_seed31_real_seq10160_val8_fullhybrid_extra_1024_v1_rank_competition_memory_centered_gate_neuron\result.json,E:\CODEXRESEARCH\RESEARCH-1\artifacts\benchmark_runs\language\neuron_search_20260605\manual_self\screen_1024_seed31_real_seq10160_val8_fullhybrid_extra_1024_v1_baseline\result.json
screen_1024_seed31_real_seq10160_val8_seed31_competition_masks_1024_v1,rank_competition_memory_suppressed_centered_gate_neuron,31,1024,10160,8,512,2,24576,E:\CODEXRESEARCH\RESEARCH-1\artifacts\benchmark_runs\language\neuron_search_20260605\manual_self\real_cache_finewebedu_sample_seq10160_train192_val8_gpt2.pt,6.490791113921038,6.490653623746136,-0.00013749017490205517,5.562407493591309,5.544279098510742,-0.018128395080566406,84619.8523584869,70040.03121998637,0.8277021203401066,3672.59912109375,4999.1513671875,40437009,40572179,135170,E:\CODEXRESEARCH\RESEARCH-1\artifacts\benchmark_runs\language\neuron_search_20260605\manual_self\screen_1024_seed31_real_seq10160_val8_seed31_competition_masks_1024_v1_rank_competition_memory_suppressed_centered_gate_neuron\result.json,E:\CODEXRESEARCH\RESEARCH-1\artifacts\benchmark_runs\language\neuron_search_20260605\manual_self\screen_1024_seed31_real_seq10160_val8_seed31_competition_masks_1024_v1_baseline\result.json
screen_1024_seed31_real_seq10160_val8_seed31_competition_masks_1024_v1,rank_competition_memory_uncertainty_centered_gate_neuron,31,1024,10160,8,512,2,24576,E:\CODEXRESEARCH\RESEARCH-1\artifacts\benchmark_runs\language\neuron_search_20260605\manual_self\real_cache_finewebedu_sample_seq10160_train192_val8_gpt2.pt,6.490791113921038,6.491906745227303,0.0011156313062654633,5.562407493591309,5.539462089538574,-0.022945404052734375,84619.8523584869,69076.08963358926,0.8163106848845892,3672.59912109375,4930.92236328125,40437009,40572179,135170,E:\CODEXRESEARCH\RESEARCH-1\artifacts\benchmark_runs\language\neuron_search_20260605\manual_self\screen_1024_seed31_real_seq10160_val8_seed31_competition_masks_1024_v1_rank_competition_memory_uncertainty_centered_gate_neuron\result.json,E:\CODEXRESEARCH\RESEARCH-1\artifacts\benchmark_runs\language\neuron_search_20260605\manual_self\screen_1024_seed31_real_seq10160_val8_seed31_competition_masks_1024_v1_baseline\result.json
screen_1024_seed31_real_seq10160_val8_seed31_competition_masks_1024_v1,rank_competition_memory_within_group_centered_gate_neuron,31,1024,10160,8,512,2,24576,E:\CODEXRESEARCH\RESEARCH-1\artifacts\benchmark_runs\language\neuron_search_20260605\manual_self\real_cache_finewebedu_sample_seq10160_train192_val8_gpt2.pt,6.490791113921038,6.494897322485766,0.00410620856472832,5.562407493591309,5.530057430267334,-0.03235006332397461,84619.8523584869,72616.49805976359,0.8581496662524082,3672.59912109375,4840.537109375,40437009,40572179,135170,E:\CODEXRESEARCH\RESEARCH-1\artifacts\benchmark_runs\language\neuron_search_20260605\manual_self\screen_1024_seed31_real_seq10160_val8_seed31_competition_masks_1024_v1_rank_competition_memory_within_group_centered_gate_neuron\result.json,E:\CODEXRESEARCH\RESEARCH-1\artifacts\benchmark_runs\language\neuron_search_20260605\manual_self\screen_1024_seed31_real_seq10160_val8_seed31_competition_masks_1024_v1_baseline\result.json
screen_1024_seed31_real_seq10160_val8_seed31_hidden_drop_endpoint_1024_v1,hidden_drop_ultra_square_neuron,31,1024,10160,8,512,2,24576,E:\CODEXRESEARCH\RESEARCH-1\artifacts\benchmark_runs\language\neuron_search_20260605\manual_self\real_cache_finewebedu_sample_seq10160_train192_val8_gpt2.pt,6.490791113921038,6.485865390863944,-0.0049257230570933785,5.562407493591309,5.637836456298828,0.07542896270751953,84225.87205943208,82719.60772025741,0.982116369918832,3672.59912109375,4150.90283203125,40437009,40437009,0,E:\CODEXRESEARCH\RESEARCH-1\artifacts\benchmark_runs\language\neuron_search_20260605\manual_self\screen_1024_seed31_real_seq10160_val8_seed31_hidden_drop_endpoint_1024_v1_hidden_drop_ultra_square_neuron\result.json,E:\CODEXRESEARCH\RESEARCH-1\artifacts\benchmark_runs\language\neuron_search_20260605\manual_self\screen_1024_seed31_real_seq10160_val8_seed31_hidden_drop_endpoint_1024_v1_baseline\result.json
screen_1024_seed31_real_seq10160_val8_seed31_hidden_drop_endpoint_1024_v1,hidden_drop_extreme_square_neuron,31,1024,10160,8,512,2,24576,E:\CODEXRESEARCH\RESEARCH-1\artifacts\benchmark_runs\language\neuron_search_20260605\manual_self\real_cache_finewebedu_sample_seq10160_train192_val8_gpt2.pt,6.490791113921038,6.486462109201536,-0.004329004719501484,5.562407493591309,5.659146308898926,0.09673881530761719,84225.87205943208,82703.8786275131,0.9819296209738854,3672.59912109375,4300.447265625,40437009,40437009,0,E:\CODEXRESEARCH\RESEARCH-1\artifacts\benchmark_runs\language\neuron_search_20260605\manual_self\screen_1024_seed31_real_seq10160_val8_seed31_hidden_drop_endpoint_1024_v1_hidden_drop_extreme_square_neuron\result.json,E:\CODEXRESEARCH\RESEARCH-1\artifacts\benchmark_runs\language\neuron_search_20260605\manual_self\screen_1024_seed31_real_seq10160_val8_seed31_hidden_drop_endpoint_1024_v1_baseline\result.json
screen_1024_seed31_real_seq10160_val8_seed31_hidden_drop_p25_p30_1024_v1,hidden_drop_p25_square_neuron,31,1024,10160,8,512,2,24576,E:\CODEXRESEARCH\RESEARCH-1\artifacts\benchmark_runs\language\neuron_search_20260605\manual_self\real_cache_finewebedu_sample_seq10160_train192_val8_gpt2.pt,6.490791113921038,6.486498386277927,-0.0042927276431106165,5.562407493591309,5.673813819885254,0.11140632629394531,84384.66845982373,82827.53616149665,0.9815472131757151,3672.59912109375,4150.90283203125,40437009,40437009,0,E:\CODEXRESEARCH\RESEARCH-1\artifacts\benchmark_runs\language\neuron_search_20260605\manual_self\screen_1024_seed31_real_seq10160_val8_seed31_hidden_drop_p25_p30_1024_v1_hidden_drop_p25_square_neuron\result.json,E:\CODEXRESEARCH\RESEARCH-1\artifacts\benchmark_runs\language\neuron_search_20260605\manual_self\screen_1024_seed31_real_seq10160_val8_seed31_hidden_drop_p25_p30_1024_v1_baseline\result.json
screen_1024_seed31_real_seq10160_val8_seed31_hidden_drop_p25_p30_1024_v1,hidden_drop_p30_square_neuron,31,1024,10160,8,512,2,24576,E:\CODEXRESEARCH\RESEARCH-1\artifacts\benchmark_runs\language\neuron_search_20260605\manual_self\real_cache_finewebedu_sample_seq10160_train192_val8_gpt2.pt,6.490791113921038,6.487752128586056,-0.003038985334981703,5.562407493591309,5.69210147857666,0.12969398498535156,84384.66845982373,82790.53682324536,0.9811087527429542,3672.59912109375,4300.447265625,40437009,40437009,0,E:\CODEXRESEARCH\RESEARCH-1\artifacts\benchmark_runs\language\neuron_search_20260605\manual_self\screen_1024_seed31_real_seq10160_val8_seed31_hidden_drop_p25_p30_1024_v1_hidden_drop_p30_square_neuron\result.json,E:\CODEXRESEARCH\RESEARCH-1\artifacts\benchmark_runs\language\neuron_search_20260605\manual_self\screen_1024_seed31_real_seq10160_val8_seed31_hidden_drop_p25_p30_1024_v1_baseline\result.json
screen_1024_seed31_real_seq10160_val8_seed31_hidden_drop_p35_p40_1024_v1,hidden_drop_p35_square_neuron,31,1024,10160,8,512,2,24576,E:\CODEXRESEARCH\RESEARCH-1\artifacts\benchmark_runs\language\neuron_search_20260605\manual_self\real_cache_finewebedu_sample_seq10160_train192_val8_gpt2.pt,6.490791113921038,6.488544294026893,-0.0022468198941449913,5.562407493591309,5.706451892852783,0.1440443992614746,84335.37141225448,82949.05520195396,0.9835618651215299,3672.59912109375,4150.90283203125,40437009,40437009,0,E:\CODEXRESEARCH\RESEARCH-1\artifacts\benchmark_runs\language\neuron_search_20260605\manual_self\screen_1024_seed31_real_seq10160_val8_seed31_hidden_drop_p35_p40_1024_v1_hidden_drop_p35_square_neuron\result.json,E:\CODEXRESEARCH\RESEARCH-1\artifacts\benchmark_runs\language\neuron_search_20260605\manual_self\screen_1024_seed31_real_seq10160_val8_seed31_hidden_drop_p35_p40_1024_v1_baseline\result.json
screen_1024_seed31_real_seq10160_val8_seed31_hidden_drop_p35_p40_1024_v1,hidden_drop_p40_square_neuron,31,1024,10160,8,512,2,24576,E:\CODEXRESEARCH\RESEARCH-1\artifacts\benchmark_runs\language\neuron_search_20260605\manual_self\real_cache_finewebedu_sample_seq10160_train192_val8_gpt2.pt,6.490791113921038,6.490488214286294,-0.00030289963474405823,5.562407493591309,5.721555709838867,0.1591482162475586,84335.37141225448,83036.59306695264,0.984599838436081,3672.59912109375,4300.447265625,40437009,40437009,0,E:\CODEXRESEARCH\RESEARCH-1\artifacts\benchmark_runs\language\neuron_search_20260605\manual_self\screen_1024_seed31_real_seq10160_val8_seed31_hidden_drop_p35_p40_1024_v1_hidden_drop_p40_square_neuron\result.json,E:\CODEXRESEARCH\RESEARCH-1\artifacts\benchmark_runs\language\neuron_search_20260605\manual_self\screen_1024_seed31_real_seq10160_val8_seed31_hidden_drop_p35_p40_1024_v1_baseline\result.json
screen_1024_seed31_real_seq10160_val8_seed31_hidden_drop_strength_1024_v1,hidden_drop_high_square_neuron,31,1024,10160,8,512,2,24576,E:\CODEXRESEARCH\RESEARCH-1\artifacts\benchmark_runs\language\neuron_search_20260605\manual_self\real_cache_finewebedu_sample_seq10160_train192_val8_gpt2.pt,6.490791113921038,6.4869172229541565,-0.003873890966881177,5.562407493591309,5.613320350646973,0.05091285705566406,84457.87721296141,82737.40300017096,0.9796292036981672,3672.59912109375,4300.447265625,40437009,40437009,0,E:\CODEXRESEARCH\RESEARCH-1\artifacts\benchmark_runs\language\neuron_search_20260605\manual_self\screen_1024_seed31_real_seq10160_val8_seed31_hidden_drop_strength_1024_v1_hidden_drop_high_square_neuron\result.json,E:\CODEXRESEARCH\RESEARCH-1\artifacts\benchmark_runs\language\neuron_search_20260605\manual_self\screen_1024_seed31_real_seq10160_val8_seed31_hidden_drop_strength_1024_v1_baseline\result.json
screen_1024_seed31_real_seq10160_val8_seed31_hidden_drop_strength_1024_v1,hidden_drop_mid_square_neuron,31,1024,10160,8,512,2,24576,E:\CODEXRESEARCH\RESEARCH-1\artifacts\benchmark_runs\language\neuron_search_20260605\manual_self\real_cache_finewebedu_sample_seq10160_train192_val8_gpt2.pt,6.490791113921038,6.487987487053308,-0.002803626867729392,5.562407493591309,5.602258205413818,0.039850711822509766,84457.87721296141,82756.5697424921,0.9798561421786691,3672.59912109375,4150.90283203125,40437009,40437009,0,E:\CODEXRESEARCH\RESEARCH-1\artifacts\benchmark_runs\language\neuron_search_20260605\manual_self\screen_1024_seed31_real_seq10160_val8_seed31_hidden_drop_strength_1024_v1_hidden_drop_mid_square_neuron\result.json,E:\CODEXRESEARCH\RESEARCH-1\artifacts\benchmark_runs\language\neuron_search_20260605\manual_self\screen_1024_seed31_real_seq10160_val8_seed31_hidden_drop_strength_1024_v1_baseline\result.json
screen_1024_seed31_real_seq10160_val8_seed31_hidden_drop_strength_1024_v1,memory_energy_drop_square_neuron,31,1024,10160,8,512,2,24576,E:\CODEXRESEARCH\RESEARCH-1\artifacts\benchmark_runs\language\neuron_search_20260605\manual_self\real_cache_finewebedu_sample_seq10160_train192_val8_gpt2.pt,6.490791113921038,6.490110675650318,-0.0006804382707192858,5.562407493591309,5.593563079833984,0.03115558624267578,84457.87721296141,79341.26942774994,0.9394182288964014,3672.59912109375,4525.2734375,40437009,40437009,0,E:\CODEXRESEARCH\RESEARCH-1\artifacts\benchmark_runs\language\neuron_search_20260605\manual_self\screen_1024_seed31_real_seq10160_val8_seed31_hidden_drop_strength_1024_v1_memory_energy_drop_square_neuron\result.json,E:\CODEXRESEARCH\RESEARCH-1\artifacts\benchmark_runs\language\neuron_search_20260605\manual_self\screen_1024_seed31_real_seq10160_val8_seed31_hidden_drop_strength_1024_v1_baseline\result.json
screen_1024_seed31_real_seq10160_val8_seed31_hidden_regularizer_1024_v1,rank_competition_fixed_feather_hidden_drop_neuron,31,1024,10160,8,512,2,24576,E:\CODEXRESEARCH\RESEARCH-1\artifacts\benchmark_runs\language\neuron_search_20260605\manual_self\real_cache_finewebedu_sample_seq10160_train192_val8_gpt2.pt,6.490791113921038,6.488661163247476,-0.002129950673561254,5.562407493591309,5.591558456420898,0.029150962829589844,84683.40314772604,81599.08282225367,0.9635782194523769,3672.59912109375,4337.9853515625,40437009,40437009,0,E:\CODEXRESEARCH\RESEARCH-1\artifacts\benchmark_runs\language\neuron_search_20260605\manual_self\screen_1024_seed31_real_seq10160_val8_seed31_hidden_regularizer_1024_v1_rank_competition_fixed_feather_hidden_drop_neuron\result.json,E:\CODEXRESEARCH\RESEARCH-1\artifacts\benchmark_runs\language\neuron_search_20260605\manual_self\screen_1024_seed31_real_seq10160_val8_seed31_hidden_regularizer_1024_v1_baseline\result.json
screen_1024_seed31_real_seq10160_val8_seed31_hidden_regularizer_1024_v1,hidden_drop_square_neuron,31,1024,10160,8,512,2,24576,E:\CODEXRESEARCH\RESEARCH-1\artifacts\benchmark_runs\language\neuron_search_20260605\manual_self\real_cache_finewebedu_sample_seq10160_train192_val8_gpt2.pt,6.490791113921038,6.488811957085226,-0.001979156835811402,5.562407493591309,5.591764450073242,0.029356956481933594,84683.40314772604,82857.21234728894,0.9784350801626216,3672.59912109375,4150.90283203125,40437009,40437009,0,E:\CODEXRESEARCH\RESEARCH-1\artifacts\benchmark_runs\language\neuron_search_20260605\manual_self\screen_1024_seed31_real_seq10160_val8_seed31_hidden_regularizer_1024_v1_hidden_drop_square_neuron\result.json,E:\CODEXRESEARCH\RESEARCH-1\artifacts\benchmark_runs\language\neuron_search_20260605\manual_self\screen_1024_seed31_real_seq10160_val8_seed31_hidden_regularizer_1024_v1_baseline\result.json
screen_1024_seed31_real_seq10160_val8_seed31_hidden_regularizer_1024_v1,hidden_drop_low_square_neuron,31,1024,10160,8,512,2,24576,E:\CODEXRESEARCH\RESEARCH-1\artifacts\benchmark_runs\language\neuron_search_20260605\manual_self\real_cache_finewebedu_sample_seq10160_train192_val8_gpt2.pt,6.490791113921038,6.4907588776641,-3.2236256937601127e-05,5.562407493591309,5.573938369750977,0.011530876159667969,84683.40314772604,82797.50780704187,0.9777300477946744,3672.59912109375,4300.447265625,40437009,40437009,0,E:\CODEXRESEARCH\RESEARCH-1\artifacts\benchmark_runs\language\neuron_search_20260605\manual_self\screen_1024_seed31_real_seq10160_val8_seed31_hidden_regularizer_1024_v1_hidden_drop_low_square_neuron\result.json,E:\CODEXRESEARCH\RESEARCH-1\artifacts\benchmark_runs\language\neuron_search_20260605\manual_self\screen_1024_seed31_real_seq10160_val8_seed31_hidden_regularizer_1024_v1_baseline\result.json
screen_1024_seed31_real_seq10160_val8_seed31_hidden_regularizer_1024_v1,rank_competition_fixed_feather_channel_drop_neuron,31,1024,10160,8,512,2,24576,E:\CODEXRESEARCH\RESEARCH-1\artifacts\benchmark_runs\language\neuron_search_20260605\manual_self\real_cache_finewebedu_sample_seq10160_train192_val8_gpt2.pt,6.490791113921038,6.490867328456067,7.62145350297061e-05,5.562407493591309,5.608437538146973,0.04603004455566406,84683.40314772604,81646.5393172184,0.9641386184585664,3672.59912109375,4318.3955078125,40437009,40437009,0,E:\CODEXRESEARCH\RESEARCH-1\artifacts\benchmark_runs\language\neuron_search_20260605\manual_self\screen_1024_seed31_real_seq10160_val8_seed31_hidden_regularizer_1024_v1_rank_competition_fixed_feather_channel_drop_neuron\result.json,E:\CODEXRESEARCH\RESEARCH-1\artifacts\benchmark_runs\language\neuron_search_20260605\manual_self\screen_1024_seed31_real_seq10160_val8_seed31_hidden_regularizer_1024_v1_baseline\result.json
screen_1024_seed31_real_seq10160_val8_seed31_hidden_regularizer_1024_v1,channel_drop_square_neuron,31,1024,10160,8,512,2,24576,E:\CODEXRESEARCH\RESEARCH-1\artifacts\benchmark_runs\language\neuron_search_20260605\manual_self\real_cache_finewebedu_sample_seq10160_train192_val8_gpt2.pt,6.490791113921038,6.491031453083819,0.00024033916278121126,5.562407493591309,5.609025955200195,0.04661846160888672,84683.40314772604,82879.11939234084,0.9786937736519904,3672.59912109375,4282.2705078125,40437009,40437009,0,E:\CODEXRESEARCH\RESEARCH-1\artifacts\benchmark_runs\language\neuron_search_20260605\manual_self\screen_1024_seed31_real_seq10160_val8_seed31_hidden_regularizer_1024_v1_channel_drop_square_neuron\result.json,E:\CODEXRESEARCH\RESEARCH-1\artifacts\benchmark_runs\language\neuron_search_20260605\manual_self\screen_1024_seed31_real_seq10160_val8_seed31_hidden_regularizer_1024_v1_baseline\result.json
screen_1024_seed31_real_seq10160_val8_seed31_rank_pressure_1024_v1,rank_competition_mild_neuron,31,1024,10160,8,512,2,24576,E:\CODEXRESEARCH\RESEARCH-1\artifacts\benchmark_runs\language\neuron_search_20260605\manual_self\real_cache_finewebedu_sample_seq10160_train192_val8_gpt2.pt,6.490791113921038,6.488402558874896,-0.0023885550461413274,5.562407493591309,5.559819221496582,-0.0025882720947265625,84464.36187226635,82280.29010049796,0.9741420911334023,3672.59912109375,4171.18505859375,40437009,40437011,2,E:\CODEXRESEARCH\RESEARCH-1\artifacts\benchmark_runs\language\neuron_search_20260605\manual_self\screen_1024_seed31_real_seq10160_val8_seed31_rank_pressure_1024_v1_rank_competition_mild_neuron\result.json,E:\CODEXRESEARCH\RESEARCH-1\artifacts\benchmark_runs\language\neuron_search_20260605\manual_self\screen_1024_seed31_real_seq10160_val8_seed31_rank_pressure_1024_v1_baseline\result.json
screen_1024_seed31_real_seq10160_val8_seed31_rank_pressure_1024_v1,rank_competition_soft_neuron,31,1024,10160,8,512,2,24576,E:\CODEXRESEARCH\RESEARCH-1\artifacts\benchmark_runs\language\neuron_search_20260605\manual_self\real_cache_finewebedu_sample_seq10160_train192_val8_gpt2.pt,6.490791113921038,6.489584335098116,-0.0012067788229215282,5.562407493591309,5.561157703399658,-0.0012497901916503906,84464.36187226635,82163.73970417751,0.9727622145353088,3672.59912109375,4321.375,40437009,40437011,2,E:\CODEXRESEARCH\RESEARCH-1\artifacts\benchmark_runs\language\neuron_search_20260605\manual_self\screen_1024_seed31_real_seq10160_val8_seed31_rank_pressure_1024_v1_rank_competition_soft_neuron\result.json,E:\CODEXRESEARCH\RESEARCH-1\artifacts\benchmark_runs\language\neuron_search_20260605\manual_self\screen_1024_seed31_real_seq10160_val8_seed31_rank_pressure_1024_v1_baseline\result.json
screen_1024_seed31_real_seq10160_val8_seed31_rank_pressure_1024_v1,rank_competition_mild_centered_residual_neuron,31,1024,10160,8,512,2,24576,E:\CODEXRESEARCH\RESEARCH-1\artifacts\benchmark_runs\language\neuron_search_20260605\manual_self\real_cache_finewebedu_sample_seq10160_train192_val8_gpt2.pt,6.490791113921038,6.490098289805134,-0.0006928241159034343,5.562407493591309,5.552660942077637,-0.009746551513671875,84464.36187226635,74468.35064462708,0.8816540964015566,3672.59912109375,4716.9365234375,40437009,40439059,2050,E:\CODEXRESEARCH\RESEARCH-1\artifacts\benchmark_runs\language\neuron_search_20260605\manual_self\screen_1024_seed31_real_seq10160_val8_seed31_rank_pressure_1024_v1_rank_competition_mild_centered_residual_neuron\result.json,E:\CODEXRESEARCH\RESEARCH-1\artifacts\benchmark_runs\language\neuron_search_20260605\manual_self\screen_1024_seed31_real_seq10160_val8_seed31_rank_pressure_1024_v1_baseline\result.json
screen_1024_seed31_real_seq10160_val8_seed31_rank_pressure_1024_v1,rank_competition_soft_centered_residual_neuron,31,1024,10160,8,512,2,24576,E:\CODEXRESEARCH\RESEARCH-1\artifacts\benchmark_runs\language\neuron_search_20260605\manual_self\real_cache_finewebedu_sample_seq10160_train192_val8_gpt2.pt,6.490791113921038,6.492003682091481,0.001212568170442907,5.562407493591309,5.553045749664307,-0.009361743927001953,84464.36187226635,74552.22684301494,0.8826471329500918,3672.59912109375,4716.599609375,40437009,40439059,2050,E:\CODEXRESEARCH\RESEARCH-1\artifacts\benchmark_runs\language\neuron_search_20260605\manual_self\screen_1024_seed31_real_seq10160_val8_seed31_rank_pressure_1024_v1_rank_competition_soft_centered_residual_neuron\result.json,E:\CODEXRESEARCH\RESEARCH-1\artifacts\benchmark_runs\language\neuron_search_20260605\manual_self\screen_1024_seed31_real_seq10160_val8_seed31_rank_pressure_1024_v1_baseline\result.json
screen_1024_seed31_real_seq10160_val8_seed31_rank_pressure_fixed_1024_v1,rank_competition_fixed_feather_neuron,31,1024,10160,8,512,2,24576,E:\CODEXRESEARCH\RESEARCH-1\artifacts\benchmark_runs\language\neuron_search_20260605\manual_self\real_cache_finewebedu_sample_seq10160_train192_val8_gpt2.pt,6.490791113921038,6.490631772401764,-0.00015934151927332607,5.562407493591309,5.562231540679932,-0.00017595291137695312,84673.90860113395,82325.51005170224,0.9722653815298156,3672.59912109375,4170.87158203125,40437009,40437009,0,E:\CODEXRESEARCH\RESEARCH-1\artifacts\benchmark_runs\language\neuron_search_20260605\manual_self\screen_1024_seed31_real_seq10160_val8_seed31_rank_pressure_fixed_1024_v1_rank_competition_fixed_feather_neuron\result.json,E:\CODEXRESEARCH\RESEARCH-1\artifacts\benchmark_runs\language\neuron_search_20260605\manual_self\screen_1024_seed31_real_seq10160_val8_seed31_rank_pressure_fixed_1024_v1_baseline\result.json
screen_1024_seed31_real_seq10160_val8_seed31_rank_pressure_fixed_1024_v1,rank_competition_fixed_trace_neuron,31,1024,10160,8,512,2,24576,E:\CODEXRESEARCH\RESEARCH-1\artifacts\benchmark_runs\language\neuron_search_20260605\manual_self\real_cache_finewebedu_sample_seq10160_train192_val8_gpt2.pt,6.490791113921038,6.490721572853449,-6.954106758882972e-05,5.562407493591309,5.562416076660156,8.58306884765625e-06,84673.90860113395,82162.35903314178,0.9703385658051631,3672.59912109375,4321.0615234375,40437009,40437009,0,E:\CODEXRESEARCH\RESEARCH-1\artifacts\benchmark_runs\language\neuron_search_20260605\manual_self\screen_1024_seed31_real_seq10160_val8_seed31_rank_pressure_fixed_1024_v1_rank_competition_fixed_trace_neuron\result.json,E:\CODEXRESEARCH\RESEARCH-1\artifacts\benchmark_runs\language\neuron_search_20260605\manual_self\screen_1024_seed31_real_seq10160_val8_seed31_rank_pressure_fixed_1024_v1_baseline\result.json
screen_1024_seed31_real_seq10160_val8_seed31_rank_pressure_fixed_1024_v1,rank_competition_fixed_dust_neuron,31,1024,10160,8,512,2,24576,E:\CODEXRESEARCH\RESEARCH-1\artifacts\benchmark_runs\language\neuron_search_20260605\manual_self\real_cache_finewebedu_sample_seq10160_train192_val8_gpt2.pt,6.490791113921038,6.490779493831274,-1.162008976329787e-05,5.562407493591309,5.562474250793457,6.67572021484375e-05,84673.90860113395,82189.04837381384,0.9706537672776472,3672.59912109375,4318.103515625,40437009,40437009,0,E:\CODEXRESEARCH\RESEARCH-1\artifacts\benchmark_runs\language\neuron_search_20260605\manual_self\screen_1024_seed31_real_seq10160_val8_seed31_rank_pressure_fixed_1024_v1_rank_competition_fixed_dust_neuron\result.json,E:\CODEXRESEARCH\RESEARCH-1\artifacts\benchmark_runs\language\neuron_search_20260605\manual_self\screen_1024_seed31_real_seq10160_val8_seed31_rank_pressure_fixed_1024_v1_baseline\result.json
screen_1024_seed31_real_seq10160_val8_seed31_rank_pressure_ultrasoft_1024_v1,rank_competition_ultrasoft_neuron,31,1024,10160,8,512,2,24576,E:\CODEXRESEARCH\RESEARCH-1\artifacts\benchmark_runs\language\neuron_search_20260605\manual_self\real_cache_finewebedu_sample_seq10160_train192_val8_gpt2.pt,6.490791113921038,6.490355917975658,-0.00043519594537944073,5.562407493591309,5.5624237060546875,1.621246337890625e-05,84107.13396470454,82136.08056090839,0.9765649676682207,3672.59912109375,4171.18505859375,40437009,40437011,2,E:\CODEXRESEARCH\RESEARCH-1\artifacts\benchmark_runs\language\neuron_search_20260605\manual_self\screen_1024_seed31_real_seq10160_val8_seed31_rank_pressure_ultrasoft_1024_v1_rank_competition_ultrasoft_neuron\result.json,E:\CODEXRESEARCH\RESEARCH-1\artifacts\benchmark_runs\language\neuron_search_20260605\manual_self\screen_1024_seed31_real_seq10160_val8_seed31_rank_pressure_ultrasoft_1024_v1_baseline\result.json
screen_1024_seed31_real_seq10160_val8_seed31_rank_pressure_ultrasoft_1024_v1,rank_competition_feather_neuron,31,1024,10160,8,512,2,24576,E:\CODEXRESEARCH\RESEARCH-1\artifacts\benchmark_runs\language\neuron_search_20260605\manual_self\real_cache_finewebedu_sample_seq10160_train192_val8_gpt2.pt,6.490791113921038,6.490636066752156,-0.00015504716888159464,5.562407493591309,5.562232494354248,-0.00017499923706054688,84107.13396470454,82146.92291872065,0.976693878942463,3672.59912109375,4321.375,40437009,40437011,2,E:\CODEXRESEARCH\RESEARCH-1\artifacts\benchmark_runs\language\neuron_search_20260605\manual_self\screen_1024_seed31_real_seq10160_val8_seed31_rank_pressure_ultrasoft_1024_v1_rank_competition_feather_neuron\result.json,E:\CODEXRESEARCH\RESEARCH-1\artifacts\benchmark_runs\language\neuron_search_20260605\manual_self\screen_1024_seed31_real_seq10160_val8_seed31_rank_pressure_ultrasoft_1024_v1_baseline\result.json
screen_1024_seed31_real_seq10160_val8_seed31_regularized_1024_v1,rank_competition_memory_small_centered_gate_neuron,31,1024,10160,8,512,2,24576,E:\CODEXRESEARCH\RESEARCH-1\artifacts\benchmark_runs\language\neuron_search_20260605\manual_self\real_cache_finewebedu_sample_seq10160_train192_val8_gpt2.pt,6.490791113921038,6.493618178743077,0.0028270648220392047,5.562407493591309,5.534441947937012,-0.027965545654296875,84458.7225284822,72504.15214258598,0.8584566516280807,3672.59912109375,4691.58544921875,40437009,40572179,135170,E:\CODEXRESEARCH\RESEARCH-1\artifacts\benchmark_runs\language\neuron_search_20260605\manual_self\screen_1024_seed31_real_seq10160_val8_seed31_regularized_1024_v1_rank_competition_memory_small_centered_gate_neuron\result.json,E:\CODEXRESEARCH\RESEARCH-1\artifacts\benchmark_runs\language\neuron_search_20260605\manual_self\screen_1024_seed31_real_seq10160_val8_seed31_regularized_1024_v1_baseline\result.json
screen_1024_seed31_real_seq10160_val8_seed31_regularized_1024_v1,rank_competition_memory_normed_centered_gate_neuron,31,1024,10160,8,512,2,24576,E:\CODEXRESEARCH\RESEARCH-1\artifacts\benchmark_runs\language\neuron_search_20260605\manual_self\real_cache_finewebedu_sample_seq10160_train192_val8_gpt2.pt,6.490791113921038,6.494292539780534,0.003501425859496088,5.562407493591309,5.533045768737793,-0.029361724853515625,84458.7225284822,65844.1788783238,0.7796018801506146,3672.59912109375,5040.0283203125,40437009,40572179,135170,E:\CODEXRESEARCH\RESEARCH-1\artifacts\benchmark_runs\language\neuron_search_20260605\manual_self\screen_1024_seed31_real_seq10160_val8_seed31_regularized_1024_v1_rank_competition_memory_normed_centered_gate_neuron\result.json,E:\CODEXRESEARCH\RESEARCH-1\artifacts\benchmark_runs\language\neuron_search_20260605\manual_self\screen_1024_seed31_real_seq10160_val8_seed31_regularized_1024_v1_baseline\result.json
screen_1024_seed31_real_seq10160_val8_seed31_suppressed_guarded_1024_v1,rank_competition_memory_suppressed_stopgrad_mask_centered_gate_neuron,31,1024,10160,8,512,2,24576,E:\CODEXRESEARCH\RESEARCH-1\artifacts\benchmark_runs\language\neuron_search_20260605\manual_self\real_cache_finewebedu_sample_seq10160_train192_val8_gpt2.pt,6.490791113921038,6.490351336959779,-0.00043977696125896415,5.562407493591309,5.541642189025879,-0.020765304565429688,84645.51045533897,71016.55032972954,0.8389877968448143,3672.59912109375,4959.1533203125,40437009,40572179,135170,E:\CODEXRESEARCH\RESEARCH-1\artifacts\benchmark_runs\language\neuron_search_20260605\manual_self\screen_1024_seed31_real_seq10160_val8_seed31_suppressed_guarded_1024_v1_rank_competition_memory_suppressed_stopgrad_mask_centered_gate_neuron\result.json,E:\CODEXRESEARCH\RESEARCH-1\artifacts\benchmark_runs\language\neuron_search_20260605\manual_self\screen_1024_seed31_real_seq10160_val8_seed31_suppressed_guarded_1024_v1_baseline\result.json
screen_1024_seed31_real_seq10160_val8_seed31_suppressed_guarded_1024_v1,rank_competition_memory_suppressed_energy_matched_centered_gate_neuron,31,1024,10160,8,512,2,24576,E:\CODEXRESEARCH\RESEARCH-1\artifacts\benchmark_runs\language\neuron_search_20260605\manual_self\real_cache_finewebedu_sample_seq10160_train192_val8_gpt2.pt,6.490791113921038,6.490949440377904,0.00015832645686586488,5.562407493591309,5.542890548706055,-0.019516944885253906,84645.51045533897,66960.98915442127,0.791075495843947,3672.59912109375,4931.23486328125,40437009,40572179,135170,E:\CODEXRESEARCH\RESEARCH-1\artifacts\benchmark_runs\language\neuron_search_20260605\manual_self\screen_1024_seed31_real_seq10160_val8_seed31_suppressed_guarded_1024_v1_rank_competition_memory_suppressed_energy_matched_centered_gate_neuron\result.json,E:\CODEXRESEARCH\RESEARCH-1\artifacts\benchmark_runs\language\neuron_search_20260605\manual_self\screen_1024_seed31_real_seq10160_val8_seed31_suppressed_guarded_1024_v1_baseline\result.json
screen_1024_seed31_real_seq10160_val8_seed31_suppressed_guarded_1024_v1,rank_competition_memory_suppressed_aux_head_centered_gate_neuron,31,1024,10160,8,512,2,24576,E:\CODEXRESEARCH\RESEARCH-1\artifacts\benchmark_runs\language\neuron_search_20260605\manual_self\real_cache_finewebedu_sample_seq10160_train192_val8_gpt2.pt,6.490791113921038,31.40754250241077,24.916751388489732,5.562407493591309,22.293445587158203,16.731038093566895,84645.51045533897,67993.6814939886,0.8032756980048424,3672.59912109375,5065.82421875,40437009,41620757,1183748,E:\CODEXRESEARCH\RESEARCH-1\artifacts\benchmark_runs\language\neuron_search_20260605\manual_self\screen_1024_seed31_real_seq10160_val8_seed31_suppressed_guarded_1024_v1_rank_competition_memory_suppressed_aux_head_centered_gate_neuron\result.json,E:\CODEXRESEARCH\RESEARCH-1\artifacts\benchmark_runs\language\neuron_search_20260605\manual_self\screen_1024_seed31_real_seq10160_val8_seed31_suppressed_guarded_1024_v1_baseline\result.json
screen_1024_seed31_real_seq10160_val8_seed31_suppressed_stable_1024_v1,rank_competition_memory_suppressed_bounded_centered_gate_neuron,31,1024,10160,8,512,2,24576,E:\CODEXRESEARCH\RESEARCH-1\artifacts\benchmark_runs\language\neuron_search_20260605\manual_self\real_cache_finewebedu_sample_seq10160_train192_val8_gpt2.pt,6.490791113921038,6.490695723398464,-9.539052257334646e-05,5.562407493591309,5.54398250579834,-0.01842498779296875,84697.8974310421,69213.89943689831,0.8171855681925246,3672.59912109375,4999.2294921875,40437009,40572179,135170,E:\CODEXRESEARCH\RESEARCH-1\artifacts\benchmark_runs\language\neuron_search_20260605\manual_self\screen_1024_seed31_real_seq10160_val8_seed31_suppressed_stable_1024_v1_rank_competition_memory_suppressed_bounded_centered_gate_neuron\result.json,E:\CODEXRESEARCH\RESEARCH-1\artifacts\benchmark_runs\language\neuron_search_20260605\manual_self\screen_1024_seed31_real_seq10160_val8_seed31_suppressed_stable_1024_v1_baseline\result.json
screen_1024_seed31_real_seq10160_val8_seed31_suppressed_stable_1024_v1,rank_competition_memory_suppressed_small_centered_gate_neuron,31,1024,10160,8,512,2,24576,E:\CODEXRESEARCH\RESEARCH-1\artifacts\benchmark_runs\language\neuron_search_20260605\manual_self\real_cache_finewebedu_sample_seq10160_train192_val8_gpt2.pt,6.490791113921038,6.49137834366851,0.0005872297474720511,5.562407493591309,5.541891098022461,-0.020516395568847656,84697.8974310421,69808.65347726938,0.8242076320029669,3672.59912109375,4851.84130859375,40437009,40572179,135170,E:\CODEXRESEARCH\RESEARCH-1\artifacts\benchmark_runs\language\neuron_search_20260605\manual_self\screen_1024_seed31_real_seq10160_val8_seed31_suppressed_stable_1024_v1_rank_competition_memory_suppressed_small_centered_gate_neuron\result.json,E:\CODEXRESEARCH\RESEARCH-1\artifacts\benchmark_runs\language\neuron_search_20260605\manual_self\screen_1024_seed31_real_seq10160_val8_seed31_suppressed_stable_1024_v1_baseline\result.json
screen_1024_seed31_real_seq10160_val8_seed31_suppressed_stable_1024_v1,rank_competition_memory_suppressed_bounded_small_centered_gate_neuron,31,1024,10160,8,512,2,24576,E:\CODEXRESEARCH\RESEARCH-1\artifacts\benchmark_runs\language\neuron_search_20260605\manual_self\real_cache_finewebedu_sample_seq10160_train192_val8_gpt2.pt,6.490791113921038,6.491415230026395,0.0006241161053575084,5.562407493591309,5.541728496551514,-0.020678997039794922,84697.8974310421,69218.58503817915,0.8172408895337026,3672.59912109375,4998.4267578125,40437009,40572179,135170,E:\CODEXRESEARCH\RESEARCH-1\artifacts\benchmark_runs\language\neuron_search_20260605\manual_self\screen_1024_seed31_real_seq10160_val8_seed31_suppressed_stable_1024_v1_rank_competition_memory_suppressed_bounded_small_centered_gate_neuron\result.json,E:\CODEXRESEARCH\RESEARCH-1\artifacts\benchmark_runs\language\neuron_search_20260605\manual_self\screen_1024_seed31_real_seq10160_val8_seed31_suppressed_stable_1024_v1_baseline\result.json
screen_1024_seed31_real_seq10160_val8_seed31_suppressed_stable_1024_v1,rank_competition_memory_suppressed_normed_centered_gate_neuron,31,1024,10160,8,512,2,24576,E:\CODEXRESEARCH\RESEARCH-1\artifacts\benchmark_runs\language\neuron_search_20260605\manual_self\real_cache_finewebedu_sample_seq10160_train192_val8_gpt2.pt,6.490791113921038,6.4914293403700585,0.0006382264490207845,5.562407493591309,5.54306697845459,-0.01934051513671875,84697.8974310421,66911.96444417172,0.7900073847600405,3672.59912109375,5076.841796875,40437009,40572179,135170,E:\CODEXRESEARCH\RESEARCH-1\artifacts\benchmark_runs\language\neuron_search_20260605\manual_self\screen_1024_seed31_real_seq10160_val8_seed31_suppressed_stable_1024_v1_rank_competition_memory_suppressed_normed_centered_gate_neuron\result.json,E:\CODEXRESEARCH\RESEARCH-1\artifacts\benchmark_runs\language\neuron_search_20260605\manual_self\screen_1024_seed31_real_seq10160_val8_seed31_suppressed_stable_1024_v1_baseline\result.json
screen_1024_seed43_real_seq10160_40m_1024_extra,phase_residual_memory_centered_gate_neuron,43,1024,10160,8,512,2,24576,E:\CODEXRESEARCH\RESEARCH-1\artifacts\benchmark_runs\language\neuron_search_20260605\manual_self\real_cache_finewebedu_sample_seq10160_train192_val8_gpt2.pt,6.487358072235828,6.48502589924129,-0.002332172994538695,5.350937843322754,5.359033584594727,0.008095741271972656,83571.85382212001,73595.7843505293,0.880628835961633,3672.6181640625,4795.72509765625,40437009,40572177,135168,E:\CODEXRESEARCH\RESEARCH-1\artifacts\benchmark_runs\language\neuron_search_20260605\manual_self\screen_1024_seed43_real_seq10160_40m_1024_extra_phase_residual_memory_centered_gate_neuron\result.json,E:\CODEXRESEARCH\RESEARCH-1\artifacts\benchmark_runs\language\neuron_search_20260605\manual_self\screen_1024_seed43_real_seq10160_40m_1024_extra_baseline\result.json
screen_1024_seed43_real_seq10160_40m_1024_extra,phase_residual_memory_gate_neuron,43,1024,10160,8,512,2,24576,E:\CODEXRESEARCH\RESEARCH-1\artifacts\benchmark_runs\language\neuron_search_20260605\manual_self\real_cache_finewebedu_sample_seq10160_train192_val8_gpt2.pt,6.487358072235828,6.486451147860429,-0.0009069243753989653,5.350937843322754,5.362852096557617,0.011914253234863281,83571.85382212001,74691.08867541415,0.8937349748683536,3672.6181640625,4652.52001953125,40437009,40572177,135168,E:\CODEXRESEARCH\RESEARCH-1\artifacts\benchmark_runs\language\neuron_search_20260605\manual_self\screen_1024_seed43_real_seq10160_40m_1024_extra_phase_residual_memory_gate_neuron\result.json,E:\CODEXRESEARCH\RESEARCH-1\artifacts\benchmark_runs\language\neuron_search_20260605\manual_self\screen_1024_seed43_real_seq10160_40m_1024_extra_baseline\result.json
screen_1024_seed43_real_seq10160_val8_fullhybrid_extra_1024_v1,rank_competition_memory_suppressed_centered_gate_neuron,43,1024,10160,8,512,2,24576,E:\CODEXRESEARCH\RESEARCH-1\artifacts\benchmark_runs\language\neuron_search_20260605\manual_self\real_cache_finewebedu_sample_seq10160_train192_val8_gpt2.pt,6.487358072235828,6.478143745895446,-0.009214326340382328,5.350937843322754,5.354279518127441,0.0033416748046875,83280.8132093127,69896.92962787877,0.8392921122444406,3672.6181640625,4392.14794921875,40437009,40572179,135170,E:\CODEXRESEARCH\RESEARCH-1\artifacts\benchmark_runs\language\neuron_search_20260605\manual_self\screen_1024_seed43_real_seq10160_val8_fullhybrid_extra_1024_v1_rank_competition_memory_suppressed_centered_gate_neuron\result.json,E:\CODEXRESEARCH\RESEARCH-1\artifacts\benchmark_runs\language\neuron_search_20260605\manual_self\screen_1024_seed43_real_seq10160_val8_fullhybrid_extra_1024_v1_baseline\result.json
screen_1024_seed43_real_seq10160_val8_fullhybrid_extra_1024_v1,rank_competition_memory_centered_gate_neuron,43,1024,10160,8,512,2,24576,E:\CODEXRESEARCH\RESEARCH-1\artifacts\benchmark_runs\language\neuron_search_20260605\manual_self\real_cache_finewebedu_sample_seq10160_train192_val8_gpt2.pt,6.487358072235828,6.482294282199829,-0.005063790035999105,5.350937843322754,5.3498334884643555,-0.0011043548583984375,83280.8132093127,72418.70476694823,0.8695724978685745,3672.6181640625,4691.6044921875,40437009,40572179,135170,E:\CODEXRESEARCH\RESEARCH-1\artifacts\benchmark_runs\language\neuron_search_20260605\manual_self\screen_1024_seed43_real_seq10160_val8_fullhybrid_extra_1024_v1_rank_competition_memory_centered_gate_neuron\result.json,E:\CODEXRESEARCH\RESEARCH-1\artifacts\benchmark_runs\language\neuron_search_20260605\manual_self\screen_1024_seed43_real_seq10160_val8_fullhybrid_extra_1024_v1_baseline\result.json
screen_2048_seed13_real_seq10160_val8_seed13_hidden_drop_2048_v1,hidden_drop_square_neuron,13,2048,10160,8,512,2,24576,E:\CODEXRESEARCH\RESEARCH-1\artifacts\benchmark_runs\language\neuron_search_20260605\manual_self\real_cache_finewebedu_sample_seq10160_train192_val8_gpt2.pt,6.796638631726813,6.760132321410292,-0.03650631031652107,4.454273223876953,4.511371612548828,0.057098388671875,83544.80790843113,82666.27378970767,0.9894842762738006,3672.6318359375,4150.935546875,40437009,40437009,0,E:\CODEXRESEARCH\RESEARCH-1\artifacts\benchmark_runs\language\neuron_search_20260605\manual_self\screen_2048_seed13_real_seq10160_val8_seed13_hidden_drop_2048_v1_hidden_drop_square_neuron\result.json,E:\CODEXRESEARCH\RESEARCH-1\artifacts\benchmark_runs\language\neuron_search_20260605\manual_self\screen_2048_seed13_real_seq10160_val8_seed13_hidden_drop_2048_v1_baseline\result.json
screen_2048_seed17_real_seq10160_val8_seed17_hidden_drop_2048_v1,hidden_drop_square_neuron,17,2048,10160,8,512,2,24576,E:\CODEXRESEARCH\RESEARCH-1\artifacts\benchmark_runs\language\neuron_search_20260605\manual_self\real_cache_finewebedu_sample_seq10160_train192_val8_gpt2.pt,6.797128779118455,6.765906025481036,-0.031222753637418776,4.637609481811523,4.693774223327637,0.05616474151611328,83955.25306148773,82742.83883206875,0.9855588044201233,3672.60400390625,4150.90771484375,40437009,40437009,0,E:\CODEXRESEARCH\RESEARCH-1\artifacts\benchmark_runs\language\neuron_search_20260605\manual_self\screen_2048_seed17_real_seq10160_val8_seed17_hidden_drop_2048_v1_hidden_drop_square_neuron\result.json,E:\CODEXRESEARCH\RESEARCH-1\artifacts\benchmark_runs\language\neuron_search_20260605\manual_self\screen_2048_seed17_real_seq10160_val8_seed17_hidden_drop_2048_v1_baseline\result.json
screen_2048_seed31_real_seq10160_val8_seed31_hidden_drop_extreme_2048_v1,hidden_drop_extreme_square_neuron,31,2048,10160,8,512,2,24576,E:\CODEXRESEARCH\RESEARCH-1\artifacts\benchmark_runs\language\neuron_search_20260605\manual_self\real_cache_finewebedu_sample_seq10160_train192_val8_gpt2.pt,6.788070307097097,6.696503792785284,-0.09156651431181295,4.497857570648193,4.692343711853027,0.19448614120483398,83588.76669785033,82813.36841534953,0.990723654467787,3672.59912109375,4150.90283203125,40437009,40437009,0,E:\CODEXRESEARCH\RESEARCH-1\artifacts\benchmark_runs\language\neuron_search_20260605\manual_self\screen_2048_seed31_real_seq10160_val8_seed31_hidden_drop_extreme_2048_v1_hidden_drop_extreme_square_neuron\result.json,E:\CODEXRESEARCH\RESEARCH-1\artifacts\benchmark_runs\language\neuron_search_20260605\manual_self\screen_2048_seed31_real_seq10160_val8_seed31_hidden_drop_extreme_2048_v1_baseline\result.json
screen_2048_seed31_real_seq10160_val8_seed31_hidden_drop_p25_p30_2048_v1,hidden_drop_p30_square_neuron,31,2048,10160,8,512,2,24576,E:\CODEXRESEARCH\RESEARCH-1\artifacts\benchmark_runs\language\neuron_search_20260605\manual_self\real_cache_finewebedu_sample_seq10160_train192_val8_gpt2.pt,6.788070307097097,6.677765361906037,-0.11030494519106071,4.497857570648193,4.75578498840332,0.25792741775512695,83557.35687126155,82776.36496954346,0.9906532239534409,3672.59912109375,4616.77587890625,40437009,40437009,0,E:\CODEXRESEARCH\RESEARCH-1\artifacts\benchmark_runs\language\neuron_search_20260605\manual_self\screen_2048_seed31_real_seq10160_val8_seed31_hidden_drop_p25_p30_2048_v1_hidden_drop_p30_square_neuron\result.json,E:\CODEXRESEARCH\RESEARCH-1\artifacts\benchmark_runs\language\neuron_search_20260605\manual_self\screen_2048_seed31_real_seq10160_val8_seed31_hidden_drop_p25_p30_2048_v1_baseline\result.json
screen_2048_seed31_real_seq10160_val8_seed31_hidden_drop_p25_p30_2048_v1,hidden_drop_p25_square_neuron,31,2048,10160,8,512,2,24576,E:\CODEXRESEARCH\RESEARCH-1\artifacts\benchmark_runs\language\neuron_search_20260605\manual_self\real_cache_finewebedu_sample_seq10160_train192_val8_gpt2.pt,6.788070307097097,6.686021690199694,-0.1020486168974033,4.497857570648193,4.728611946105957,0.23075437545776367,83557.35687126155,82409.24245380785,0.9862595651604606,3672.59912109375,4150.90283203125,40437009,40437009,0,E:\CODEXRESEARCH\RESEARCH-1\artifacts\benchmark_runs\language\neuron_search_20260605\manual_self\screen_2048_seed31_real_seq10160_val8_seed31_hidden_drop_p25_p30_2048_v1_hidden_drop_p25_square_neuron\result.json,E:\CODEXRESEARCH\RESEARCH-1\artifacts\benchmark_runs\language\neuron_search_20260605\manual_self\screen_2048_seed31_real_seq10160_val8_seed31_hidden_drop_p25_p30_2048_v1_baseline\result.json
screen_2048_seed31_real_seq10160_val8_seed31_hidden_drop_strength_2048_v1,hidden_drop_high_square_neuron,31,2048,10160,8,512,2,24576,E:\CODEXRESEARCH\RESEARCH-1\artifacts\benchmark_runs\language\neuron_search_20260605\manual_self\real_cache_finewebedu_sample_seq10160_train192_val8_gpt2.pt,6.788070307097097,6.729147533638271,-0.05892277345882668,4.497857570648193,4.620866298675537,0.12300872802734375,83582.95394711735,82618.84588489232,0.9884652549748958,3672.59912109375,4616.77587890625,40437009,40437009,0,E:\CODEXRESEARCH\RESEARCH-1\artifacts\benchmark_runs\language\neuron_search_20260605\manual_self\screen_2048_seed31_real_seq10160_val8_seed31_hidden_drop_strength_2048_v1_hidden_drop_high_square_neuron\result.json,E:\CODEXRESEARCH\RESEARCH-1\artifacts\benchmark_runs\language\neuron_search_20260605\manual_self\screen_2048_seed31_real_seq10160_val8_seed31_hidden_drop_strength_2048_v1_baseline\result.json
screen_2048_seed31_real_seq10160_val8_seed31_hidden_drop_strength_2048_v1,hidden_drop_mid_square_neuron,31,2048,10160,8,512,2,24576,E:\CODEXRESEARCH\RESEARCH-1\artifacts\benchmark_runs\language\neuron_search_20260605\manual_self\real_cache_finewebedu_sample_seq10160_train192_val8_gpt2.pt,6.788070307097097,6.740041240463107,-0.048029066633990425,4.497857570648193,4.596635818481445,0.09877824783325195,83582.95394711735,82717.18695445798,0.9896418234607126,3672.59912109375,4150.90283203125,40437009,40437009,0,E:\CODEXRESEARCH\RESEARCH-1\artifacts\benchmark_runs\language\neuron_search_20260605\manual_self\screen_2048_seed31_real_seq10160_val8_seed31_hidden_drop_strength_2048_v1_hidden_drop_mid_square_neuron\result.json,E:\CODEXRESEARCH\RESEARCH-1\artifacts\benchmark_runs\language\neuron_search_20260605\manual_self\screen_2048_seed31_real_seq10160_val8_seed31_hidden_drop_strength_2048_v1_baseline\result.json
screen_2048_seed31_real_seq10160_val8_seed31_hidden_drop_ultra_2048_v1,hidden_drop_ultra_square_neuron,31,2048,10160,8,512,2,24576,E:\CODEXRESEARCH\RESEARCH-1\artifacts\benchmark_runs\language\neuron_search_20260605\manual_self\real_cache_finewebedu_sample_seq10160_train192_val8_gpt2.pt,6.788070307097097,6.710196517583892,-0.07787378951320534,4.497857570648193,4.655778884887695,0.15792131423950195,83551.53932920727,82707.87350979594,0.9899024503176759,3672.59912109375,4150.90283203125,40437009,40437009,0,E:\CODEXRESEARCH\RESEARCH-1\artifacts\benchmark_runs\language\neuron_search_20260605\manual_self\screen_2048_seed31_real_seq10160_val8_seed31_hidden_drop_ultra_2048_v1_hidden_drop_ultra_square_neuron\result.json,E:\CODEXRESEARCH\RESEARCH-1\artifacts\benchmark_runs\language\neuron_search_20260605\manual_self\screen_2048_seed31_real_seq10160_val8_seed31_hidden_drop_ultra_2048_v1_baseline\result.json
screen_2048_seed31_real_seq10160_val8_seed31_hidden_regularizer_2048_v1,hidden_drop_square_neuron,31,2048,10160,8,512,2,24576,E:\CODEXRESEARCH\RESEARCH-1\artifacts\benchmark_runs\language\neuron_search_20260605\manual_self\real_cache_finewebedu_sample_seq10160_train192_val8_gpt2.pt,6.788070307097097,6.7520684124916555,-0.0360018946054419,4.497857570648193,4.570465087890625,0.07260751724243164,83566.82526987909,82663.72773890902,0.989193109489878,3672.59912109375,4150.90283203125,40437009,40437009,0,E:\CODEXRESEARCH\RESEARCH-1\artifacts\benchmark_runs\language\neuron_search_20260605\manual_self\screen_2048_seed31_real_seq10160_val8_seed31_hidden_regularizer_2048_v1_hidden_drop_square_neuron\result.json,E:\CODEXRESEARCH\RESEARCH-1\artifacts\benchmark_runs\language\neuron_search_20260605\manual_self\screen_2048_seed31_real_seq10160_val8_seed31_hidden_regularizer_2048_v1_baseline\result.json
screen_2048_seed31_real_seq10160_val8_seed31_hidden_regularizer_2048_v1,rank_competition_fixed_feather_hidden_drop_neuron,31,2048,10160,8,512,2,24576,E:\CODEXRESEARCH\RESEARCH-1\artifacts\benchmark_runs\language\neuron_search_20260605\manual_self\real_cache_finewebedu_sample_seq10160_train192_val8_gpt2.pt,6.788070307097097,6.75246383430451,-0.03560647279258777,4.497857570648193,4.569223880767822,0.0713663101196289,83566.82526987909,81489.0938526557,0.9751368870300702,3672.59912109375,4656.98681640625,40437009,40437009,0,E:\CODEXRESEARCH\RESEARCH-1\artifacts\benchmark_runs\language\neuron_search_20260605\manual_self\screen_2048_seed31_real_seq10160_val8_seed31_hidden_regularizer_2048_v1_rank_competition_fixed_feather_hidden_drop_neuron\result.json,E:\CODEXRESEARCH\RESEARCH-1\artifacts\benchmark_runs\language\neuron_search_20260605\manual_self\screen_2048_seed31_real_seq10160_val8_seed31_hidden_regularizer_2048_v1_baseline\result.json
screen_2048_seed31_real_seq10160_val8_seed31_rank_pressure_2048_v1,rank_competition_soft_neuron,31,2048,10160,8,512,2,24576,E:\CODEXRESEARCH\RESEARCH-1\artifacts\benchmark_runs\language\neuron_search_20260605\manual_self\real_cache_finewebedu_sample_seq10160_train192_val8_gpt2.pt,6.788070307097097,6.7916145317197785,0.0035442246226811136,4.497857570648193,4.486319065093994,-0.011538505554199219,83633.1330971943,82197.68075527773,0.9828363199038789,3672.59912109375,4634.2939453125,40437009,40437011,2,E:\CODEXRESEARCH\RESEARCH-1\artifacts\benchmark_runs\language\neuron_search_20260605\manual_self\screen_2048_seed31_real_seq10160_val8_seed31_rank_pressure_2048_v1_rank_competition_soft_neuron\result.json,E:\CODEXRESEARCH\RESEARCH-1\artifacts\benchmark_runs\language\neuron_search_20260605\manual_self\screen_2048_seed31_real_seq10160_val8_seed31_rank_pressure_2048_v1_baseline\result.json
screen_2048_seed31_real_seq10160_val8_seed31_rank_pressure_2048_v1,rank_competition_mild_neuron,31,2048,10160,8,512,2,24576,E:\CODEXRESEARCH\RESEARCH-1\artifacts\benchmark_runs\language\neuron_search_20260605\manual_self\real_cache_finewebedu_sample_seq10160_train192_val8_gpt2.pt,6.788070307097097,6.7956020523244005,0.007531745227303155,4.497857570648193,4.479122161865234,-0.018735408782958984,83633.1330971943,82192.21680362379,0.9827709875236176,3672.59912109375,4171.18505859375,40437009,40437011,2,E:\CODEXRESEARCH\RESEARCH-1\artifacts\benchmark_runs\language\neuron_search_20260605\manual_self\screen_2048_seed31_real_seq10160_val8_seed31_rank_pressure_2048_v1_rank_competition_mild_neuron\result.json,E:\CODEXRESEARCH\RESEARCH-1\artifacts\benchmark_runs\language\neuron_search_20260605\manual_self\screen_2048_seed31_real_seq10160_val8_seed31_rank_pressure_2048_v1_baseline\result.json
screen_2048_seed31_real_seq10160_val8_seed31_rank_pressure_fixed_feather_2048_v1,rank_competition_fixed_feather_neuron,31,2048,10160,8,512,2,24576,E:\CODEXRESEARCH\RESEARCH-1\artifacts\benchmark_runs\language\neuron_search_20260605\manual_self\real_cache_finewebedu_sample_seq10160_train192_val8_gpt2.pt,6.788070307097097,6.788181459528254,0.00011115243115700224,4.497857570648193,4.495086669921875,-0.0027709007263183594,83548.51663417598,82062.45366717703,0.9822131735323825,3672.59912109375,4170.87158203125,40437009,40437009,0,E:\CODEXRESEARCH\RESEARCH-1\artifacts\benchmark_runs\language\neuron_search_20260605\manual_self\screen_2048_seed31_real_seq10160_val8_seed31_rank_pressure_fixed_feather_2048_v1_rank_competition_fixed_feather_neuron\result.json,E:\CODEXRESEARCH\RESEARCH-1\artifacts\benchmark_runs\language\neuron_search_20260605\manual_self\screen_2048_seed31_real_seq10160_val8_seed31_rank_pressure_fixed_feather_2048_v1_baseline\result.json
screen_2048_seed31_real_seq10160_val8_seed31_rank_pressure_ultrasoft_2048_v1,rank_competition_feather_neuron,31,2048,10160,8,512,2,24576,E:\CODEXRESEARCH\RESEARCH-1\artifacts\benchmark_runs\language\neuron_search_20260605\manual_self\real_cache_finewebedu_sample_seq10160_train192_val8_gpt2.pt,6.788070307097097,6.788191381214172,0.0001210741170742935,4.497857570648193,4.495212554931641,-0.0026450157165527344,83592.69200481733,82109.442355868,0.9822562282255025,3672.59912109375,4634.2939453125,40437009,40437011,2,E:\CODEXRESEARCH\RESEARCH-1\artifacts\benchmark_runs\language\neuron_search_20260605\manual_self\screen_2048_seed31_real_seq10160_val8_seed31_rank_pressure_ultrasoft_2048_v1_rank_competition_feather_neuron\result.json,E:\CODEXRESEARCH\RESEARCH-1\artifacts\benchmark_runs\language\neuron_search_20260605\manual_self\screen_2048_seed31_real_seq10160_val8_seed31_rank_pressure_ultrasoft_2048_v1_baseline\result.json
screen_2048_seed31_real_seq10160_val8_seed31_rank_pressure_ultrasoft_2048_v1,rank_competition_ultrasoft_neuron,31,2048,10160,8,512,2,24576,E:\CODEXRESEARCH\RESEARCH-1\artifacts\benchmark_runs\language\neuron_search_20260605\manual_self\real_cache_finewebedu_sample_seq10160_train192_val8_gpt2.pt,6.788070307097097,6.7890008991158854,0.0009305920187880901,4.497857570648193,4.493058204650879,-0.004799365997314453,83592.69200481733,82204.79777751768,0.9833969430339716,3672.59912109375,4171.18505859375,40437009,40437011,2,E:\CODEXRESEARCH\RESEARCH-1\artifacts\benchmark_runs\language\neuron_search_20260605\manual_self\screen_2048_seed31_real_seq10160_val8_seed31_rank_pressure_ultrasoft_2048_v1_rank_competition_ultrasoft_neuron\result.json,E:\CODEXRESEARCH\RESEARCH-1\artifacts\benchmark_runs\language\neuron_search_20260605\manual_self\screen_2048_seed31_real_seq10160_val8_seed31_rank_pressure_ultrasoft_2048_v1_baseline\result.json
screen_2048_seed31_real_seq10160_val8_seed31_rankcheap_2048_v1,rank_competition_centered_residual_neuron,31,2048,10160,8,512,2,24576,E:\CODEXRESEARCH\RESEARCH-1\artifacts\benchmark_runs\language\neuron_search_20260605\manual_self\real_cache_finewebedu_sample_seq10160_train192_val8_gpt2.pt,6.788070307097097,6.789162986297307,0.001092679200209723,4.497857570648193,4.521729946136475,0.02387237548828125,83715.21083270812,74563.97048818138,0.8906860503186921,3672.59912109375,5032.73046875,40437009,40439059,2050,E:\CODEXRESEARCH\RESEARCH-1\artifacts\benchmark_runs\language\neuron_search_20260605\manual_self\screen_2048_seed31_real_seq10160_val8_seed31_rankcheap_2048_v1_rank_competition_centered_residual_neuron\result.json,E:\CODEXRESEARCH\RESEARCH-1\artifacts\benchmark_runs\language\neuron_search_20260605\manual_self\screen_2048_seed31_real_seq10160_val8_seed31_rankcheap_2048_v1_baseline\result.json
screen_2048_seed31_real_seq10160_val8_seed31_rankcheap_2048_v1,rank_competition_neuron,31,2048,10160,8,512,2,24576,E:\CODEXRESEARCH\RESEARCH-1\artifacts\benchmark_runs\language\neuron_search_20260605\manual_self\real_cache_finewebedu_sample_seq10160_train192_val8_gpt2.pt,6.788070307097097,6.800185562963561,0.01211525586646367,4.497857570648193,4.471946716308594,-0.02591085433959961,83715.21083270812,82213.29645303833,0.982059241507841,3672.59912109375,4171.18505859375,40437009,40437011,2,E:\CODEXRESEARCH\RESEARCH-1\artifacts\benchmark_runs\language\neuron_search_20260605\manual_self\screen_2048_seed31_real_seq10160_val8_seed31_rankcheap_2048_v1_rank_competition_neuron\result.json,E:\CODEXRESEARCH\RESEARCH-1\artifacts\benchmark_runs\language\neuron_search_20260605\manual_self\screen_2048_seed31_real_seq10160_val8_seed31_rankcheap_2048_v1_baseline\result.json
screen_2048_seed31_real_seq10160_val8_seed31_suppressed_2048_v1,rank_competition_memory_suppressed_centered_gate_neuron,31,2048,10160,8,512,2,24576,E:\CODEXRESEARCH\RESEARCH-1\artifacts\benchmark_runs\language\neuron_search_20260605\manual_self\real_cache_finewebedu_sample_seq10160_train192_val8_gpt2.pt,6.788070307097097,,,4.497857570648193,,,83960.20396705622,70784.10457681527,0.8430673251411953,3672.59912109375,4851.84130859375,40437009,40572179,135170,E:\CODEXRESEARCH\RESEARCH-1\artifacts\benchmark_runs\language\neuron_search_20260605\manual_self\screen_2048_seed31_real_seq10160_val8_seed31_suppressed_2048_v1_rank_competition_memory_suppressed_centered_gate_neuron\result.json,E:\CODEXRESEARCH\RESEARCH-1\artifacts\benchmark_runs\language\neuron_search_20260605\manual_self\screen_2048_seed31_real_seq10160_val8_seed31_suppressed_2048_v1_baseline\result.json
screen_2048_seed31_real_seq10160_val8_seed31_suppressed_bounded_2048_v1,rank_competition_memory_suppressed_bounded_centered_gate_neuron,31,2048,10160,8,512,2,24576,E:\CODEXRESEARCH\RESEARCH-1\artifacts\benchmark_runs\language\neuron_search_20260605\manual_self\real_cache_finewebedu_sample_seq10160_train192_val8_gpt2.pt,6.788070307097097,276.37643069169656,269.58836038459947,4.497857570648193,268.264404296875,263.7665467262268,83633.33035053642,69432.50667902244,0.830201384878572,3672.59912109375,4851.84130859375,40437009,40572179,135170,E:\CODEXRESEARCH\RESEARCH-1\artifacts\benchmark_runs\language\neuron_search_20260605\manual_self\screen_2048_seed31_real_seq10160_val8_seed31_suppressed_bounded_2048_v1_rank_competition_memory_suppressed_bounded_centered_gate_neuron\result.json,E:\CODEXRESEARCH\RESEARCH-1\artifacts\benchmark_runs\language\neuron_search_20260605\manual_self\screen_2048_seed31_real_seq10160_val8_seed31_suppressed_bounded_2048_v1_baseline\result.json
screen_2048_seed31_real_seq10160_val8_seed31_suppressed_stopgrad_2048_v1,rank_competition_memory_suppressed_stopgrad_mask_centered_gate_neuron,31,2048,10160,8,512,2,24576,E:\CODEXRESEARCH\RESEARCH-1\artifacts\benchmark_runs\language\neuron_search_20260605\manual_self\real_cache_finewebedu_sample_seq10160_train192_val8_gpt2.pt,6.788070307097097,6.796138498163598,0.00806819106650103,4.497857570648193,4.48503303527832,-0.012824535369873047,83597.84283598518,70939.63037142166,0.8485820682072107,3672.59912109375,4811.39306640625,40437009,40572179,135170,E:\CODEXRESEARCH\RESEARCH-1\artifacts\benchmark_runs\language\neuron_search_20260605\manual_self\screen_2048_seed31_real_seq10160_val8_seed31_suppressed_stopgrad_2048_v1_rank_competition_memory_suppressed_stopgrad_mask_centered_gate_neuron\result.json,E:\CODEXRESEARCH\RESEARCH-1\artifacts\benchmark_runs\language\neuron_search_20260605\manual_self\screen_2048_seed31_real_seq10160_val8_seed31_suppressed_stopgrad_2048_v1_baseline\result.json
