{
  "partial_untied_forward_ms": 14.311199999974633,
  "compact_partial_forward_ms": 9.804780000013125,
  "partial_untied_trainstep_ms": 45.67276500019943,
  "compact_partial_trainstep_ms": 50.911325000197394
}