timestamp,run,pid,pid_alive,status,step,train_steps,tokens_seen,latest_train_loss,latest_val_loss,pure_train_tok_per_sec,peak_vram_mb
2026-06-03T06:32:07Z,80m,30404,True,running,14078,196851,143032480,nan,nan,93105.29744208606,3169.18896484375
2026-06-03T06:33:07Z,80m,30404,True,running,14660,196851,148945600,nan,nan,93371.38480889187,3169.18896484375
2026-06-03T06:34:07Z,80m,30404,True,running,15213,196851,154564080,nan,nan,93610.4856189142,3169.18896484375
2026-06-03T06:35:08Z,80m,30404,True,running,15791,196851,160436560,nan,nan,93821.1201645163,3169.18896484375
2026-06-03T06:36:08Z,80m,30404,True,running,16338,196851,165994080,nan,nan,94018.04484927062,3169.18896484375
2026-06-03T06:37:08Z,80m,30404,True,running,16912,196851,171825920,nan,nan,94186.69164364379,3169.18896484375
2026-06-03T06:38:08Z,80m,30404,True,running,17454,196851,177332640,nan,nan,94330.85028979849,3169.18896484375
2026-06-03T06:39:09Z,80m,30404,True,running,18000,196851,182880000,nan,nan,94483.02187572593,3169.18896484375
2026-06-03T06:40:09Z,80m,23796,True,running,18044,196851,183327040,nan,nan,94482.14038815857,3169.18896484375
2026-06-03T06:41:10Z,80m,23796,False,running,18044,196851,183327040,nan,nan,94482.14038815857,3169.18896484375
2026-06-03T06:41:10Z,80m_retry,26700,True,running,89,196851,904240,7.412798881530762,10.829497367143631,86127.68165866313,3150.796875
2026-06-03T06:42:10Z,80m,23796,False,running,18044,196851,183327040,nan,nan,94482.14038815857,3169.18896484375
2026-06-03T06:42:10Z,80m_retry,26700,True,running,611,196851,6207760,6.628775119781494,10.829497367143631,88755.23858978026,3158.4619140625
2026-06-03T06:43:11Z,80m,23796,False,running,18044,196851,183327040,nan,nan,94482.14038815857,3169.18896484375
2026-06-03T06:43:11Z,80m_retry,26700,True,running,1094,196851,11115040,6.607088088989258,10.829497367143631,88426.05133809413,3158.4619140625
2026-06-03T06:43:41Z,80m,23796,False,running,18044,196851,183327040,nan,nan,94482.14038815857,3169.18896484375
2026-06-03T06:43:41Z,80m_retry,26700,True,running,1350,196851,13716000,6.143998622894287,10.829497367143631,88117.87419322476,3158.4619140625
2026-06-03T06:44:42Z,80m,23796,False,running,18044,196851,183327040,nan,nan,94482.14038815857,3169.18896484375
2026-06-03T06:44:42Z,80m_retry,26700,True,running,1859,196851,18887440,6.20775032043457,10.829497367143631,88020.15478228347,3158.4619140625
2026-06-03T06:45:42Z,80m,23796,False,running,18044,196851,183327040,nan,nan,94482.14038815857,3169.18896484375
2026-06-03T06:45:42Z,80m_retry,26700,True,running,2337,196851,23743920,5.853731632232666,10.829497367143631,87794.29328442358,3158.4619140625
2026-06-03T06:46:42Z,80m,23796,False,running,18044,196851,183327040,nan,nan,94482.14038815857,3169.18896484375
2026-06-03T06:46:43Z,80m_retry,26700,True,running,2846,196851,28915360,6.089373588562012,10.829497367143631,87708.43518548398,3158.4619140625
2026-06-03T06:46:49Z,80m,23796,False,running,18044,196851,183327040,nan,nan,94482.14038815857,3169.18896484375
2026-06-03T06:46:49Z,80m_retry,26700,True,running,2898,196851,29443680,6.307665824890137,10.829497367143631,87693.4382684512,3158.4619140625
2026-06-03T06:47:49Z,80m,23796,False,running,18044,196851,183327040,nan,nan,94482.14038815857,3169.18896484375
2026-06-03T06:47:49Z,80m_retry,26700,True,running,3386,196851,34401760,5.977133750915527,10.829497367143631,87744.56096965946,3158.4619140625
2026-06-03T06:48:50Z,80m,23796,False,running,18044,196851,183327040,nan,nan,94482.14038815857,3169.18896484375
2026-06-03T06:48:50Z,80m_retry,26700,True,running,3900,196851,39624000,5.792018890380859,10.829497367143631,87765.41572751582,3158.4619140625
2026-06-03T06:49:50Z,80m,23796,False,running,18044,196851,183327040,nan,nan,94482.14038815857,3169.18896484375
2026-06-03T06:49:50Z,80m_retry,26700,True,running,4387,196851,44571920,5.739518165588379,10.829497367143631,87778.03869952282,3158.4619140625
2026-06-03T06:50:51Z,80m,23796,False,running,18044,196851,183327040,nan,nan,94482.14038815857,3169.18896484375
2026-06-03T06:50:51Z,80m_retry,26700,True,running,4900,196851,49784000,5.812782287597656,10.829497367143631,87759.09681025847,3158.4619140625
2026-06-03T06:51:51Z,80m,23796,False,running,18044,196851,183327040,nan,nan,94482.14038815857,3169.18896484375
2026-06-03T06:51:51Z,80m_retry,26700,True,running,5387,196851,54731920,5.8286213874816895,10.829497367143631,87763.00075193506,3168.0830078125
2026-06-03T06:52:52Z,80m,23796,False,running,18044,196851,183327040,nan,nan,94482.14038815857,3169.18896484375
2026-06-03T06:52:52Z,80m_retry,26700,True,running,5898,196851,59923680,5.694469928741455,10.829497367143631,87729.11890435927,3168.0830078125
2026-06-03T06:53:52Z,80m,23796,False,running,18044,196851,183327040,nan,nan,94482.14038815857,3169.18896484375
2026-06-03T06:53:52Z,80m_retry,26700,True,running,6382,196851,64841120,5.872531414031982,10.829497367143631,87722.8494966857,3168.0830078125
2026-06-03T06:54:52Z,80m,23796,False,running,18044,196851,183327040,nan,nan,94482.14038815857,3169.18896484375
2026-06-03T06:54:53Z,80m_retry,26700,True,running,6896,196851,70063360,5.675349712371826,10.829497367143631,87733.67698407068,3169.18896484375
2026-06-03T06:55:53Z,80m,23796,False,running,18044,196851,183327040,nan,nan,94482.14038815857,3169.18896484375
2026-06-03T06:55:53Z,80m_retry,26700,True,running,7385,196851,75031600,5.468968391418457,10.829497367143631,87758.87082049462,3169.18896484375
2026-06-03T06:56:53Z,80m,23796,False,running,18044,196851,183327040,nan,nan,94482.14038815857,3169.18896484375
2026-06-03T06:56:53Z,80m_retry,26700,True,running,7900,196851,80264000,6.010440826416016,10.829497367143631,87781.53829130303,3169.18896484375
2026-06-03T06:57:54Z,80m,23796,False,running,18044,196851,183327040,nan,nan,94482.14038815857,3169.18896484375
2026-06-03T06:57:54Z,80m_retry,26700,True,running,8384,196851,85181440,5.604192733764648,10.829497367143631,87783.39540677838,3169.18896484375
2026-06-03T06:58:54Z,80m,23796,False,running,18044,196851,183327040,nan,nan,94482.14038815857,3169.18896484375
2026-06-03T06:58:54Z,80m_retry,26700,True,running,8899,196851,90413840,5.588274002075195,10.829497367143631,87805.62345996656,3169.18896484375
2026-06-03T06:59:55Z,80m,23796,False,running,18044,196851,183327040,nan,nan,94482.14038815857,3169.18896484375
2026-06-03T06:59:55Z,80m_retry,26700,True,running,9380,196851,95300800,5.736107349395752,10.829497367143631,87788.40729165831,3169.18896484375
2026-06-03T07:00:55Z,80m,23796,False,running,18044,196851,183327040,nan,nan,94482.14038815857,3169.18896484375
2026-06-03T07:00:55Z,80m_retry,26700,True,running,9852,196851,100096320,5.467289924621582,5.611664071679115,87786.43755258326,3169.18896484375
2026-06-03T07:01:56Z,80m,23796,False,running,18044,196851,183327040,nan,nan,94482.14038815857,3169.18896484375
2026-06-03T07:01:56Z,80m_retry,26700,True,running,10337,196851,105023920,5.6507368087768555,5.611664071679115,87794.73678568537,3169.18896484375
2026-06-03T07:02:56Z,80m,23796,False,running,18044,196851,183327040,nan,nan,94482.14038815857,3169.18896484375
2026-06-03T07:02:56Z,80m_retry,26700,True,running,10844,196851,110175040,5.319504737854004,5.611664071679115,87748.12001639807,3169.18896484375
2026-06-03T07:03:57Z,80m,23796,False,running,18044,196851,183327040,nan,nan,94482.14038815857,3169.18896484375
2026-06-03T07:03:57Z,80m_retry,26700,True,running,11324,196851,115051840,5.34600830078125,5.611664071679115,87678.79574468253,3169.18896484375
2026-06-03T07:04:58Z,80m,23796,False,running,18044,196851,183327040,nan,nan,94482.14038815857,3169.18896484375
2026-06-03T07:04:58Z,80m_retry,26700,True,running,11825,196851,120142000,5.577923774719238,5.611664071679115,87611.54962153135,3169.18896484375
2026-06-03T07:05:58Z,80m,23796,False,running,18044,196851,183327040,nan,nan,94482.14038815857,3169.18896484375
2026-06-03T07:05:58Z,80m_retry,26700,True,running,12306,196851,125028960,5.314486503601074,5.611664071679115,87617.93560973473,3169.18896484375
2026-06-03T07:06:59Z,80m,23796,False,running,18044,196851,183327040,nan,nan,94482.14038815857,3169.18896484375
2026-06-03T07:06:59Z,80m_retry,26700,True,running,12818,196851,130230880,5.557743072509766,5.611664071679115,87617.95465747843,3169.18896484375
2026-06-03T07:07:59Z,80m,23796,False,running,18044,196851,183327040,nan,nan,94482.14038815857,3169.18896484375
2026-06-03T07:07:59Z,80m_retry,26700,True,running,13308,196851,135209280,5.279311656951904,5.611664071679115,87661.00424381258,3169.18896484375
2026-06-03T07:09:00Z,80m,23796,False,running,18044,196851,183327040,nan,nan,94482.14038815857,3169.18896484375
2026-06-03T07:09:00Z,80m_retry,26700,True,running,13824,196851,140451840,5.397388935089111,5.611664071679115,87686.14212650382,3169.18896484375
2026-06-03T07:10:00Z,80m,23796,False,running,18044,196851,183327040,nan,nan,94482.14038815857,3169.18896484375
2026-06-03T07:10:00Z,80m_retry,26700,True,running,14316,196851,145450560,5.153458118438721,5.611664071679115,87718.32407042845,3169.18896484375
2026-06-03T07:11:01Z,80m,23796,False,running,18044,196851,183327040,nan,nan,94482.14038815857,3169.18896484375
2026-06-03T07:11:01Z,80m_retry,26700,True,running,14833,196851,150703280,5.493160247802734,5.611664071679115,87740.40757732082,3169.18896484375
2026-06-03T07:12:01Z,80m,23796,False,running,18044,196851,183327040,nan,nan,94482.14038815857,3169.18896484375
2026-06-03T07:12:01Z,80m_retry,26700,True,running,15324,196851,155691840,5.294731616973877,5.611664071679115,87760.44604808236,3169.18896484375
2026-06-03T07:13:01Z,80m,23796,False,running,18044,196851,183327040,nan,nan,94482.14038815857,3169.18896484375
2026-06-03T07:13:01Z,80m_retry,26700,True,running,15841,196851,160944560,5.214258193969727,5.611664071679115,87780.99749862701,3169.18896484375
2026-06-03T07:14:02Z,80m,23796,False,running,18044,196851,183327040,nan,nan,94482.14038815857,3169.18896484375
2026-06-03T07:14:02Z,80m_retry,26700,True,running,16332,196851,165933120,5.416799545288086,5.611664071679115,87799.51190375446,3169.18896484375
2026-06-03T07:15:02Z,80m,23796,False,running,18044,196851,183327040,nan,nan,94482.14038815857,3169.18896484375
2026-06-03T07:15:02Z,80m_retry,26700,True,running,16847,196851,171165520,5.2334184646606445,5.611664071679115,87813.6841830981,3169.18896484375
2026-06-03T07:16:02Z,80m,23796,False,running,18044,196851,183327040,nan,nan,94482.14038815857,3169.18896484375
2026-06-03T07:16:03Z,80m_retry,26700,True,running,17337,196851,176143920,5.315559387207031,5.611664071679115,87827.41580701777,3169.18896484375
2026-06-03T07:17:03Z,80m,23796,False,running,18044,196851,183327040,nan,nan,94482.14038815857,3169.18896484375
2026-06-03T07:17:03Z,80m_retry,26700,True,running,17854,196851,181396640,4.995655059814453,5.611664071679115,87842.51922228423,3169.18896484375
2026-06-03T07:18:03Z,80m,23796,False,running,18044,196851,183327040,nan,nan,94482.14038815857,3169.18896484375
2026-06-03T07:18:03Z,80m_retry,26700,True,running,18343,196851,186364880,5.0900750160217285,5.611664071679115,87856.8327453925,3169.18896484375
2026-06-03T07:19:04Z,80m,23796,False,running,18044,196851,183327040,nan,nan,94482.14038815857,3169.18896484375
2026-06-03T07:19:04Z,80m_retry,26700,True,running,18859,196851,191607440,5.332005023956299,5.611664071679115,87868.83335496891,3169.18896484375
2026-06-03T07:20:04Z,80m,23796,False,running,18044,196851,183327040,nan,nan,94482.14038815857,3169.18896484375
2026-06-03T07:20:04Z,80m_retry,26700,True,running,19349,196851,196585840,5.48248291015625,5.611664071679115,87881.77818399302,3169.18896484375
2026-06-03T07:21:04Z,80m,23796,False,running,18044,196851,183327040,nan,nan,94482.14038815857,3169.18896484375
2026-06-03T07:21:05Z,80m_retry,26700,True,running,19825,196851,201422000,5.1985063552856445,5.350542351603508,87894.92760015115,3169.18896484375
2026-06-03T07:22:05Z,80m,23796,False,running,18044,196851,183327040,nan,nan,94482.14038815857,3169.18896484375
2026-06-03T07:22:05Z,80m_retry,26700,True,running,20315,196851,206400400,5.276440143585205,5.350542351603508,87906.95460597523,3169.18896484375
2026-06-03T07:23:05Z,80m,23796,False,running,18044,196851,183327040,nan,nan,94482.14038815857,3169.18896484375
2026-06-03T07:23:05Z,80m_retry,26700,True,running,20831,196851,211642960,5.150102138519287,5.350542351603508,87916.61273300543,3169.18896484375
2026-06-03T07:24:06Z,80m,23796,False,running,18044,196851,183327040,nan,nan,94482.14038815857,3169.18896484375
2026-06-03T07:24:06Z,80m_retry,26700,True,running,21313,196851,216540080,5.2052459716796875,5.350542351603508,87923.91322908057,3169.18896484375
2026-06-03T07:25:06Z,80m,23796,False,running,18044,196851,183327040,nan,nan,94482.14038815857,3169.18896484375
2026-06-03T07:25:06Z,80m_retry,26700,True,running,21828,196851,221772480,5.073763847351074,5.350542351603508,87933.04526580969,3169.18896484375
2026-06-03T07:26:07Z,80m,23796,False,running,18044,196851,183327040,nan,nan,94482.14038815857,3169.18896484375
2026-06-03T07:26:07Z,80m_retry,26700,True,running,22317,196851,226740720,5.207257270812988,5.350542351603508,87939.91118663571,3169.18896484375
2026-06-03T07:27:07Z,80m,23796,False,running,18044,196851,183327040,nan,nan,94482.14038815857,3169.18896484375
2026-06-03T07:27:07Z,80m_retry,26700,True,running,22833,196851,231983280,5.374457836151123,5.350542351603508,87947.84456050518,3169.18896484375
2026-06-03T07:28:07Z,80m,23796,False,running,18044,196851,183327040,nan,nan,94482.14038815857,3169.18896484375
2026-06-03T07:28:08Z,80m_retry,26700,True,running,23321,196851,236941360,5.197057723999023,5.350542351603508,87954.88795505147,3169.18896484375
2026-06-03T07:29:08Z,80m,23796,False,running,18044,196851,183327040,nan,nan,94482.14038815857,3169.18896484375
2026-06-03T07:29:08Z,80m_retry,26700,True,running,23837,196851,242183920,4.929953575134277,5.350542351603508,87960.88969640729,3169.18896484375
2026-06-03T07:30:08Z,80m,23796,False,running,18044,196851,183327040,nan,nan,94482.14038815857,3169.18896484375
2026-06-03T07:30:08Z,80m_retry,26700,True,running,24325,196851,247142000,5.128236770629883,5.350542351603508,87965.08339690838,3169.18896484375
2026-06-03T07:31:09Z,80m,23796,False,running,18044,196851,183327040,nan,nan,94482.14038815857,3169.18896484375
2026-06-03T07:31:09Z,80m_retry,26700,True,running,24841,196851,252384560,5.213017463684082,5.350542351603508,87971.41966864122,3169.18896484375
2026-06-03T07:32:09Z,80m,23796,False,running,18044,196851,183327040,nan,nan,94482.14038815857,3169.18896484375
2026-06-03T07:32:09Z,80m_retry,26700,True,running,25330,196851,257352800,5.286991119384766,5.350542351603508,87976.48078798101,3169.18896484375
2026-06-03T07:33:09Z,80m,23796,False,running,18044,196851,183327040,nan,nan,94482.14038815857,3169.18896484375
2026-06-03T07:33:10Z,80m_retry,26700,True,running,25845,196851,262585200,5.032764434814453,5.350542351603508,87982.26676131555,3169.18896484375
2026-06-03T07:34:10Z,80m,23796,False,running,18044,196851,183327040,nan,nan,94482.14038815857,3169.18896484375
2026-06-03T07:34:10Z,80m_retry,26700,True,running,26334,196851,267553440,5.176667213439941,5.350542351603508,87986.98286479253,3169.18896484375
2026-06-03T07:35:10Z,80m,23796,False,running,18044,196851,183327040,nan,nan,94482.14038815857,3169.18896484375
2026-06-03T07:35:10Z,80m_retry,26700,True,running,26849,196851,272785840,5.092709541320801,5.350542351603508,87991.02251987995,3169.18896484375
2026-06-03T07:36:11Z,80m,23796,False,running,18044,196851,183327040,nan,nan,94482.14038815857,3169.18896484375
2026-06-03T07:36:11Z,80m_retry,26700,True,running,27339,196851,277764240,5.090822219848633,5.350542351603508,87998.53498719815,3169.18896484375
2026-06-03T07:37:11Z,80m,23796,False,running,18044,196851,183327040,nan,nan,94482.14038815857,3169.18896484375
2026-06-03T07:37:11Z,80m_retry,26700,True,running,27854,196851,282996640,4.9649248123168945,5.350542351603508,88003.58078646832,3169.18896484375
2026-06-03T07:38:12Z,80m,23796,False,running,18044,196851,183327040,nan,nan,94482.14038815857,3169.18896484375
2026-06-03T07:38:12Z,80m_retry,26700,True,running,28344,196851,287975040,5.157416343688965,5.350542351603508,88008.48769723656,3169.18896484375
2026-06-03T07:39:12Z,80m,23796,False,running,18044,196851,183327040,nan,nan,94482.14038815857,3169.18896484375
2026-06-03T07:39:12Z,80m_retry,26700,True,running,28858,196851,293197280,5.132669448852539,5.350542351603508,88010.84847417686,3169.18896484375
2026-06-03T07:40:12Z,80m,23796,False,running,18044,196851,183327040,nan,nan,94482.14038815857,3169.18896484375
2026-06-03T07:40:12Z,80m_retry,26700,True,running,29347,196851,298165520,5.057133674621582,5.350542351603508,88015.48221269982,3169.18896484375
2026-06-03T07:41:13Z,80m,23796,False,running,18044,196851,183327040,nan,nan,94482.14038815857,3169.18896484375
2026-06-03T07:41:13Z,80m_retry,26700,True,running,29822,196851,302991520,5.931695938110352,5.211947754025459,88019.5311015061,3169.18896484375
2026-06-03T07:42:13Z,80m,23796,False,running,18044,196851,183327040,nan,nan,94482.14038815857,3169.18896484375
2026-06-03T07:42:13Z,80m_retry,26700,True,running,30311,196851,307959760,5.37308406829834,5.211947754025459,88025.0347002401,3169.18896484375
2026-06-03T07:43:14Z,80m,23796,False,running,18044,196851,183327040,nan,nan,94482.14038815857,3169.18896484375
2026-06-03T07:43:14Z,80m_retry,26700,True,running,30826,196851,313192160,5.25527286529541,5.211947754025459,88026.79619843492,3169.18896484375
2026-06-03T07:44:14Z,80m,23796,False,running,18044,196851,183327040,nan,nan,94482.14038815857,3169.18896484375
2026-06-03T07:44:14Z,80m_retry,26700,True,running,31315,196851,318160400,4.984537601470947,5.211947754025459,88028.66945447784,3169.18896484375
2026-06-03T07:45:15Z,80m,23796,False,running,18044,196851,183327040,nan,nan,94482.14038815857,3169.18896484375
2026-06-03T07:45:15Z,80m_retry,26700,True,running,31830,196851,323392800,5.856733322143555,5.211947754025459,88033.04495645339,3169.18896484375
2026-06-03T07:46:15Z,80m,23796,False,running,18044,196851,183327040,nan,nan,94482.14038815857,3169.18896484375
2026-06-03T07:46:15Z,80m_retry,26700,True,running,32320,196851,328371200,5.038765907287598,5.211947754025459,88039.26726258172,3175.32958984375
2026-06-03T07:47:15Z,80m,23796,False,running,18044,196851,183327040,nan,nan,94482.14038815857,3169.18896484375
2026-06-03T07:47:15Z,80m_retry,26700,True,running,32835,196851,333603600,5.364067077636719,5.211947754025459,88044.58945477684,3175.32958984375
2026-06-03T07:48:16Z,80m,23796,False,running,18044,196851,183327040,nan,nan,94482.14038815857,3169.18896484375
2026-06-03T07:48:16Z,80m_retry,26700,True,running,33324,196851,338571840,5.447677135467529,5.211947754025459,88048.38340212221,3175.32958984375
2026-06-03T07:49:16Z,80m,23796,False,running,18044,196851,183327040,nan,nan,94482.14038815857,3169.18896484375
2026-06-03T07:49:16Z,80m_retry,26700,True,running,33839,196851,343804240,5.1713032722473145,5.211947754025459,88053.41198043006,3175.32958984375
2026-06-03T07:50:17Z,80m,23796,False,running,18044,196851,183327040,nan,nan,94482.14038815857,3169.18896484375
2026-06-03T07:50:17Z,80m_retry,26700,True,running,34329,196851,348782640,5.4429168701171875,5.211947754025459,88057.55088758368,3175.32958984375
2026-06-03T07:51:17Z,80m,23796,False,running,18044,196851,183327040,nan,nan,94482.14038815857,3169.18896484375
2026-06-03T07:51:17Z,80m_retry,26700,True,running,34844,196851,354015040,4.746356010437012,5.211947754025459,88061.14755553451,3175.7998046875
2026-06-03T07:52:17Z,80m,23796,False,running,18044,196851,183327040,nan,nan,94482.14038815857,3169.18896484375
2026-06-03T07:52:18Z,80m_retry,26700,True,running,35333,196851,358983280,5.0629730224609375,5.211947754025459,88063.48848546982,3175.7998046875
2026-06-03T07:53:18Z,80m,23796,False,running,18044,196851,183327040,nan,nan,94482.14038815857,3169.18896484375
2026-06-03T07:53:18Z,80m_retry,26700,True,running,35847,196851,364205520,5.124017715454102,5.211947754025459,88065.83503864074,3175.7998046875
2026-06-03T07:54:18Z,80m,23796,False,running,18044,196851,183327040,nan,nan,94482.14038815857,3169.18896484375
2026-06-03T07:54:18Z,80m_retry,26700,True,running,36336,196851,369173760,5.508570671081543,5.211947754025459,88067.95771787887,3175.7998046875
2026-06-03T07:55:19Z,80m,23796,False,running,18044,196851,183327040,nan,nan,94482.14038815857,3169.18896484375
2026-06-03T07:55:19Z,80m_retry,26700,True,running,36850,196851,374396000,5.119915962219238,5.211947754025459,88070.14777440975,3175.7998046875
2026-06-03T07:56:19Z,80m,23796,False,running,18044,196851,183327040,nan,nan,94482.14038815857,3169.18896484375
2026-06-03T07:56:19Z,80m_retry,26700,True,running,37339,196851,379364240,5.237790584564209,5.211947754025459,88073.2695804876,3175.7998046875
2026-06-03T07:57:20Z,80m,23796,False,running,18044,196851,183327040,nan,nan,94482.14038815857,3169.18896484375
2026-06-03T07:57:20Z,80m_retry,26700,True,running,37852,196851,384576320,4.903294086456299,5.211947754025459,88074.00997530602,3175.7998046875
2026-06-03T07:58:20Z,80m,23796,False,running,18044,196851,183327040,nan,nan,94482.14038815857,3169.18896484375
2026-06-03T07:58:20Z,80m_retry,26700,True,running,38340,196851,389534400,4.908797264099121,5.211947754025459,88074.95868257328,3175.7998046875
2026-06-03T07:59:20Z,80m,23796,False,running,18044,196851,183327040,nan,nan,94482.14038815857,3169.18896484375
2026-06-03T07:59:20Z,80m_retry,26700,True,running,38854,196851,394756640,4.821697235107422,5.211947754025459,88077.55035609944,3175.7998046875
2026-06-03T08:00:21Z,80m,23796,False,running,18044,196851,183327040,nan,nan,94482.14038815857,3169.18896484375
2026-06-03T08:00:21Z,80m_retry,26700,True,running,39343,196851,399724880,4.940267086029053,5.211947754025459,88081.02603301509,3175.7998046875
2026-06-03T08:01:21Z,80m,23796,False,running,18044,196851,183327040,nan,nan,94482.14038815857,3169.18896484375
2026-06-03T08:01:21Z,80m_retry,26700,True,running,39817,196851,404540720,4.921388626098633,5.135958731174469,88082.90017253663,3175.7998046875
2026-06-03T08:02:22Z,80m,23796,False,running,18044,196851,183327040,nan,nan,94482.14038815857,3169.18896484375
2026-06-03T08:02:22Z,80m_retry,26700,True,running,40305,196851,409498800,4.789021015167236,5.135958731174469,88085.153150991,3175.7998046875
2026-06-03T08:03:22Z,80m,23796,False,running,18044,196851,183327040,nan,nan,94482.14038815857,3169.18896484375
2026-06-03T08:03:22Z,80m_retry,26700,True,running,40819,196851,414721040,5.025657653808594,5.135958731174469,88086.31747918345,3175.7998046875
2026-06-03T08:04:22Z,80m,23796,False,running,18044,196851,183327040,nan,nan,94482.14038815857,3169.18896484375
2026-06-03T08:04:22Z,80m_retry,26700,True,running,41306,196851,419668960,5.066273212432861,5.135958731174469,88088.48393541233,3175.7998046875
2026-06-03T08:05:23Z,80m,23796,False,running,18044,196851,183327040,nan,nan,94482.14038815857,3169.18896484375
2026-06-03T08:05:23Z,80m_retry,26700,True,running,41820,196851,424891200,5.346596717834473,5.135958731174469,88089.2638998808,3175.7998046875
2026-06-03T08:06:23Z,80m,23796,False,running,18044,196851,183327040,nan,nan,94482.14038815857,3169.18896484375
2026-06-03T08:06:23Z,80m_retry,26700,True,running,42308,196851,429849280,5.071465492248535,5.135958731174469,88091.60115955309,3175.7998046875
2026-06-03T08:07:24Z,80m,23796,False,running,18044,196851,183327040,nan,nan,94482.14038815857,3169.18896484375
2026-06-03T08:07:24Z,80m_retry,26700,True,running,42822,196851,435071520,4.96558141708374,5.135958731174469,88093.97618727467,3175.7998046875
2026-06-03T08:08:24Z,80m,23796,False,running,18044,196851,183327040,nan,nan,94482.14038815857,3169.18896484375
2026-06-03T08:08:24Z,80m_retry,26700,True,running,43311,196851,440039760,4.781028747558594,5.135958731174469,88097.19154784444,3175.7998046875
2026-06-03T08:09:24Z,80m,23796,False,running,18044,196851,183327040,nan,nan,94482.14038815857,3169.18896484375
2026-06-03T08:09:24Z,80m_retry,26700,True,running,43825,196851,445262000,5.0945634841918945,5.135958731174469,88100.25692611709,3175.7998046875
2026-06-03T08:10:25Z,80m,23796,False,running,18044,196851,183327040,nan,nan,94482.14038815857,3169.18896484375
2026-06-03T08:10:25Z,80m_retry,26700,True,running,44314,196851,450230240,4.862367630004883,5.135958731174469,88103.09878746525,3175.7998046875
2026-06-03T08:11:25Z,80m,23796,False,running,18044,196851,183327040,nan,nan,94482.14038815857,3169.18896484375
2026-06-03T08:11:25Z,80m_retry,26700,True,running,44828,196851,455452480,5.038512706756592,5.135958731174469,88105.91815129304,3175.7998046875
2026-06-03T08:12:26Z,80m,23796,False,running,18044,196851,183327040,nan,nan,94482.14038815857,3169.18896484375
2026-06-03T08:12:26Z,80m_retry,26700,True,running,45316,196851,460410560,4.974794387817383,5.135958731174469,88108.55124706,3175.7998046875
2026-06-03T08:13:26Z,80m,23796,False,running,18044,196851,183327040,nan,nan,94482.14038815857,3169.18896484375
2026-06-03T08:13:26Z,80m_retry,26700,True,running,45831,196851,465642960,5.052295207977295,5.135958731174469,88110.72500106925,3175.7998046875
2026-06-03T08:14:26Z,80m,23796,False,running,18044,196851,183327040,nan,nan,94482.14038815857,3169.18896484375
2026-06-03T08:14:26Z,80m_retry,26700,True,running,46319,196851,470601040,5.0555524826049805,5.135958731174469,88113.16131421938,3175.7998046875
2026-06-03T08:15:27Z,80m,23796,False,running,18044,196851,183327040,nan,nan,94482.14038815857,3169.18896484375
2026-06-03T08:15:27Z,80m_retry,26700,True,running,46833,196851,475823280,4.949984550476074,5.135958731174469,88115.72210451381,3175.7998046875
2026-06-03T08:16:27Z,80m,23796,False,running,18044,196851,183327040,nan,nan,94482.14038815857,3169.18896484375
2026-06-03T08:16:27Z,80m_retry,26700,True,running,47322,196851,480791520,5.169415473937988,5.135958731174469,88118.58915487354,3175.7998046875
2026-06-03T08:17:28Z,80m,23796,False,running,18044,196851,183327040,nan,nan,94482.14038815857,3169.18896484375
2026-06-03T08:17:28Z,80m_retry,26700,True,running,47835,196851,486003600,5.170444011688232,5.135958731174469,88119.34945310887,3175.7998046875
2026-06-03T08:18:28Z,80m,23796,False,running,18044,196851,183327040,nan,nan,94482.14038815857,3169.18896484375
2026-06-03T08:18:28Z,80m_retry,26700,True,running,48324,196851,490971840,5.129215240478516,5.135958731174469,88121.11302408857,3175.7998046875
2026-06-03T08:19:28Z,80m,23796,False,running,18044,196851,183327040,nan,nan,94482.14038815857,3169.18896484375
2026-06-03T08:19:29Z,80m_retry,26700,True,running,48838,196851,496194080,5.163561820983887,5.135958731174469,88123.03240709034,3176.44873046875
2026-06-03T08:20:29Z,80m,23796,False,running,18044,196851,183327040,nan,nan,94482.14038815857,3169.18896484375
2026-06-03T08:20:29Z,80m_retry,26700,True,running,49284,196851,500725440,4.974725246429443,5.071734294295311,88123.75695379385,3176.44873046875
2026-06-03T08:21:29Z,80m,23796,False,running,18044,196851,183327040,nan,nan,94482.14038815857,3169.18896484375
2026-06-03T08:21:29Z,80m_retry,26700,True,running,49798,196851,505947680,4.985742568969727,5.071734294295311,88125.063178418,3176.44873046875
2026-06-03T08:22:30Z,80m,23796,False,running,18044,196851,183327040,nan,nan,94482.14038815857,3169.18896484375
2026-06-03T08:22:30Z,80m_retry,26700,True,running,50285,196851,510895600,5.146584987640381,5.071734294295311,88126.40334894568,3176.44873046875
2026-06-03T08:23:30Z,80m,23796,False,running,18044,196851,183327040,nan,nan,94482.14038815857,3169.18896484375
2026-06-03T08:23:30Z,80m_retry,26700,True,running,50799,196851,516117840,5.15152645111084,5.071734294295311,88128.37327607104,3176.44873046875
2026-06-03T08:24:30Z,80m,23796,False,running,18044,196851,183327040,nan,nan,94482.14038815857,3169.18896484375
2026-06-03T08:24:31Z,80m_retry,26700,True,running,51287,196851,521075920,4.839215278625488,5.071734294295311,88130.78126148463,3176.44873046875
2026-06-03T08:25:31Z,80m,23796,False,running,18044,196851,183327040,nan,nan,94482.14038815857,3169.18896484375
2026-06-03T08:25:31Z,80m_retry,26700,True,running,51800,196851,526288000,4.967721939086914,5.071734294295311,88130.51052760238,3176.44873046875
2026-06-03T08:26:31Z,80m,23796,False,running,18044,196851,183327040,nan,nan,94482.14038815857,3169.18896484375
2026-06-03T08:26:31Z,80m_retry,26700,True,running,52289,196851,531256240,5.035747528076172,5.071734294295311,88132.42867310377,3176.44873046875
2026-06-03T08:27:32Z,80m,23796,False,running,18044,196851,183327040,nan,nan,94482.14038815857,3169.18896484375
2026-06-03T08:27:32Z,80m_retry,26700,True,running,52802,196851,536468320,4.867650032043457,5.071734294295311,88134.60847507777,3176.44873046875
2026-06-03T08:28:32Z,80m,23796,False,running,18044,196851,183327040,nan,nan,94482.14038815857,3169.18896484375
2026-06-03T08:28:32Z,80m_retry,26700,True,running,53289,196851,541416240,4.995691299438477,5.071734294295311,88135.9721746172,3176.44873046875
2026-06-03T08:29:33Z,80m,23796,False,running,18044,196851,183327040,nan,nan,94482.14038815857,3169.18896484375
2026-06-03T08:29:33Z,80m_retry,26700,True,running,53803,196851,546638480,4.750795364379883,5.071734294295311,88138.23358700183,3176.44873046875
2026-06-03T08:30:33Z,80m,23796,False,running,18044,196851,183327040,nan,nan,94482.14038815857,3169.18896484375
2026-06-03T08:30:33Z,80m_retry,26700,True,running,54291,196851,551596560,5.320333480834961,5.071734294295311,88139.82138969626,3176.44873046875
2026-06-03T08:31:33Z,80m,23796,False,running,18044,196851,183327040,nan,nan,94482.14038815857,3169.18896484375
2026-06-03T08:31:34Z,80m_retry,26700,True,running,54805,196851,556818800,4.798896789550781,5.071734294295311,88142.1474231175,3176.44873046875
2026-06-03T08:32:34Z,80m,23796,False,running,18044,196851,183327040,nan,nan,94482.14038815857,3169.18896484375
2026-06-03T08:32:34Z,80m_retry,26700,True,running,55294,196851,561787040,4.89078426361084,5.071734294295311,88144.26424149025,3176.44873046875
2026-06-03T08:33:34Z,80m,23796,False,running,18044,196851,183327040,nan,nan,94482.14038815857,3169.18896484375
2026-06-03T08:33:34Z,80m_retry,26700,True,running,55807,196851,566999120,4.975885391235352,5.071734294295311,88145.48669766595,3176.44873046875
2026-06-03T08:34:35Z,80m,23796,False,running,18044,196851,183327040,nan,nan,94482.14038815857,3169.18896484375
2026-06-03T08:34:35Z,80m_retry,26700,True,running,56295,196851,571957200,4.696152687072754,5.071734294295311,88147.26083719239,3176.44873046875
2026-06-03T08:35:35Z,80m,23796,False,running,18044,196851,183327040,nan,nan,94482.14038815857,3169.18896484375
2026-06-03T08:35:35Z,80m_retry,26700,True,running,56809,196851,577179440,4.789990425109863,5.071734294295311,88149.30168253557,3176.44873046875
2026-06-03T08:36:36Z,80m,23796,False,running,18044,196851,183327040,nan,nan,94482.14038815857,3169.18896484375
2026-06-03T08:36:36Z,80m_retry,26700,True,running,57296,196851,582127360,5.0440592765808105,5.071734294295311,88151.19691977427,3176.44873046875
2026-06-03T08:37:36Z,80m,23796,False,running,18044,196851,183327040,nan,nan,94482.14038815857,3169.18896484375
2026-06-03T08:37:36Z,80m_retry,26700,True,running,57809,196851,587339440,4.929887771606445,5.071734294295311,88152.42735391489,3176.44873046875
2026-06-03T08:38:36Z,80m,23796,False,running,18044,196851,183327040,nan,nan,94482.14038815857,3169.18896484375
2026-06-03T08:38:36Z,80m_retry,26700,True,running,58296,196851,592287360,4.940823554992676,5.071734294295311,88153.84625992659,3176.44873046875
2026-06-03T08:39:37Z,80m,23796,False,running,18044,196851,183327040,nan,nan,94482.14038815857,3169.18896484375
2026-06-03T08:39:37Z,80m_retry,26700,True,running,58809,196851,597499440,5.060234546661377,5.071734294295311,88154.3008178843,3176.44873046875
2026-06-03T08:40:37Z,80m,23796,False,running,18044,196851,183327040,nan,nan,94482.14038815857,3169.18896484375
2026-06-03T08:40:37Z,80m_retry,26700,True,running,59231,196851,601786960,5.111978530883789,5.036295384168625,88157.0293894705,3176.44873046875
2026-06-03T08:41:38Z,80m,23796,False,running,18044,196851,183327040,nan,nan,94482.14038815857,3169.18896484375
2026-06-03T08:41:38Z,80m_retry,26700,True,running,59741,196851,606968560,5.06329870223999,5.036295384168625,88155.3965801286,3176.44873046875
2026-06-03T08:42:38Z,80m,23796,False,running,18044,196851,183327040,nan,nan,94482.14038815857,3169.18896484375
2026-06-03T08:42:38Z,80m_retry,26700,True,running,60228,196851,611916480,5.141640663146973,5.036295384168625,88154.97520183523,3176.44873046875
2026-06-03T08:43:39Z,80m,23796,False,running,18044,196851,183327040,nan,nan,94482.14038815857,3169.18896484375
2026-06-03T08:43:39Z,80m_retry,26700,True,running,60740,196851,617118400,5.032355308532715,5.036295384168625,88155.20992916744,3176.44873046875
2026-06-03T08:44:39Z,80m,23796,False,running,18044,196851,183327040,nan,nan,94482.14038815857,3169.18896484375
2026-06-03T08:44:39Z,80m_retry,26700,True,running,61227,196851,622066320,5.605695724487305,5.036295384168625,88155.95530294906,3176.44873046875
2026-06-03T08:45:40Z,80m,23796,False,running,18044,196851,183327040,nan,nan,94482.14038815857,3169.18896484375
2026-06-03T08:45:40Z,80m_retry,26700,True,running,61740,196851,627278400,4.824705123901367,5.036295384168625,88157.41484801029,3176.44873046875
2026-06-03T08:46:40Z,80m,23796,False,running,18044,196851,183327040,nan,nan,94482.14038815857,3169.18896484375
2026-06-03T08:46:40Z,80m_retry,26700,True,running,62228,196851,632236480,4.570464134216309,5.036295384168625,88159.2626264265,3176.44873046875
2026-06-03T08:47:40Z,80m,23796,False,running,18044,196851,183327040,nan,nan,94482.14038815857,3169.18896484375
2026-06-03T08:47:41Z,80m_retry,26700,True,running,62741,196851,637448560,4.899728775024414,5.036295384168625,88160.61892918816,3176.44873046875
2026-06-03T08:48:41Z,80m,23796,False,running,18044,196851,183327040,nan,nan,94482.14038815857,3169.18896484375
2026-06-03T08:48:41Z,80m_retry,26700,True,running,63228,196851,642396480,5.005600929260254,5.036295384168625,88161.71347395286,3176.44873046875
2026-06-03T08:49:41Z,80m,23796,False,running,18044,196851,183327040,nan,nan,94482.14038815857,3169.18896484375
2026-06-03T08:49:41Z,80m_retry,26700,True,running,63741,196851,647608560,5.147329330444336,5.036295384168625,88162.8364911978,3176.44873046875
2026-06-03T08:50:42Z,80m,23796,False,running,18044,196851,183327040,nan,nan,94482.14038815857,3169.18896484375
2026-06-03T08:50:42Z,80m_retry,26700,True,running,64229,196851,652566640,5.185558319091797,5.036295384168625,88164.58418452305,3176.44873046875
2026-06-03T08:51:42Z,80m,23796,False,running,18044,196851,183327040,nan,nan,94482.14038815857,3169.18896484375
2026-06-03T08:51:42Z,80m_retry,26700,True,running,64742,196851,657778720,5.30705451965332,5.036295384168625,88166.32434138405,3176.44873046875
2026-06-03T08:52:43Z,80m,23796,False,running,18044,196851,183327040,nan,nan,94482.14038815857,3169.18896484375
2026-06-03T08:52:43Z,80m_retry,26700,True,running,65229,196851,662726640,4.562378883361816,5.036295384168625,88167.69549007986,3176.44873046875
2026-06-03T08:53:43Z,80m,23796,False,running,18044,196851,183327040,nan,nan,94482.14038815857,3169.18896484375
2026-06-03T08:53:43Z,80m_retry,26700,True,running,65742,196851,667938720,4.872447967529297,5.036295384168625,88168.46265004465,3176.44873046875
2026-06-03T08:54:44Z,80m,23796,False,running,18044,196851,183327040,nan,nan,94482.14038815857,3169.18896484375
2026-06-03T08:54:44Z,80m_retry,26700,True,running,66228,196851,672876480,4.854948043823242,5.036295384168625,88169.82239366186,3176.44873046875
2026-06-03T08:55:44Z,80m,23796,False,running,18044,196851,183327040,nan,nan,94482.14038815857,3169.18896484375
2026-06-03T08:55:44Z,80m_retry,26700,True,running,66741,196851,678088560,4.481679439544678,5.036295384168625,88170.73860166193,3176.44873046875
2026-06-03T08:56:44Z,80m,23796,False,running,18044,196851,183327040,nan,nan,94482.14038815857,3169.18896484375
2026-06-03T08:56:45Z,80m_retry,26700,True,running,67228,196851,683036480,4.8504228591918945,5.036295384168625,88172.01236113942,3176.44873046875
2026-06-03T08:57:45Z,80m,23796,False,running,18044,196851,183327040,nan,nan,94482.14038815857,3169.18896484375
2026-06-03T08:57:45Z,80m_retry,26700,True,running,67741,196851,688248560,4.704985618591309,5.036295384168625,88172.85497086268,3176.44873046875
2026-06-03T08:58:45Z,80m,23796,False,running,18044,196851,183327040,nan,nan,94482.14038815857,3169.18896484375
2026-06-03T08:58:45Z,80m_retry,26700,True,running,68228,196851,693196480,5.055895805358887,5.036295384168625,88173.86562034942,3176.44873046875
2026-06-03T08:59:46Z,80m,23796,False,running,18044,196851,183327040,nan,nan,94482.14038815857,3169.18896484375
2026-06-03T08:59:46Z,80m_retry,26700,True,running,68741,196851,698408560,4.586759090423584,5.036295384168625,88175.36307692592,3176.44873046875
2026-06-03T09:00:46Z,80m,23796,False,running,18044,196851,183327040,nan,nan,94482.14038815857,3169.18896484375
2026-06-03T09:00:46Z,80m_retry,26700,True,running,69187,196851,702939920,4.903215408325195,5.001431107521057,88176.71104531283,3176.44873046875
2026-06-03T09:01:47Z,80m,23796,False,running,18044,196851,183327040,nan,nan,94482.14038815857,3169.18896484375
2026-06-03T09:01:47Z,80m_retry,26700,True,running,69699,196851,708141840,4.888228416442871,5.001431107521057,88176.70347674275,3176.44873046875
2026-06-03T09:02:47Z,80m,23796,False,running,18044,196851,183327040,nan,nan,94482.14038815857,3169.18896484375
2026-06-03T09:02:47Z,80m_retry,26700,True,running,70185,196851,713079600,4.8724799156188965,5.001431107521057,88177.6279739689,3176.44873046875
2026-06-03T09:03:48Z,80m,23796,False,running,18044,196851,183327040,nan,nan,94482.14038815857,3169.18896484375
2026-06-03T09:03:48Z,80m_retry,26700,True,running,70697,196851,718281520,4.92664909362793,5.001431107521057,88178.26903104935,3176.44873046875
2026-06-03T09:04:48Z,80m,23796,False,running,18044,196851,183327040,nan,nan,94482.14038815857,3169.18896484375
2026-06-03T09:04:48Z,80m_retry,26700,True,running,71183,196851,723219280,4.783692836761475,5.001431107521057,88179.36690774097,3176.44873046875
2026-06-03T09:05:48Z,80m,23796,False,running,18044,196851,183327040,nan,nan,94482.14038815857,3169.18896484375
2026-06-03T09:05:49Z,80m_retry,26700,True,running,71696,196851,728431360,4.940733909606934,5.001431107521057,88180.00701648509,3176.44873046875
2026-06-03T09:06:49Z,80m,23796,False,running,18044,196851,183327040,nan,nan,94482.14038815857,3169.18896484375
2026-06-03T09:06:49Z,80m_retry,26700,True,running,72183,196851,733379280,5.071021556854248,5.001431107521057,88181.58728181616,3176.44873046875
2026-06-03T09:07:49Z,80m,23796,False,running,18044,196851,183327040,nan,nan,94482.14038815857,3169.18896484375
2026-06-03T09:07:49Z,80m_retry,26700,True,running,72695,196851,738581200,4.844422340393066,5.001431107521057,88182.56635174171,3176.44873046875
2026-06-03T09:08:50Z,80m,23796,False,running,18044,196851,183327040,nan,nan,94482.14038815857,3169.18896484375
2026-06-03T09:08:50Z,80m_retry,26700,True,running,73180,196851,743508800,5.111959457397461,5.001431107521057,88183.4340308753,3176.44873046875
2026-06-03T09:09:50Z,80m,23796,False,running,18044,196851,183327040,nan,nan,94482.14038815857,3169.18896484375
2026-06-03T09:09:50Z,80m_retry,26700,True,running,73692,196851,748710720,4.695010185241699,5.001431107521057,88184.03618185832,3176.44873046875
2026-06-03T09:10:51Z,80m,23796,False,running,18044,196851,183327040,nan,nan,94482.14038815857,3169.18896484375
2026-06-03T09:10:51Z,80m_retry,26700,True,running,74179,196851,753658640,4.744623184204102,5.001431107521057,88184.56943131301,3176.44873046875
2026-06-03T09:11:51Z,80m,23796,False,running,18044,196851,183327040,nan,nan,94482.14038815857,3169.18896484375
2026-06-03T09:11:51Z,80m_retry,26700,True,running,74691,196851,758860560,4.999819755554199,5.001431107521057,88185.11040386965,3176.44873046875
2026-06-03T09:12:51Z,80m,23796,False,running,18044,196851,183327040,nan,nan,94482.14038815857,3169.18896484375
2026-06-03T09:12:52Z,80m_retry,26700,True,running,75176,196851,763788160,5.0842390060424805,5.001431107521057,88185.71390647805,3176.44873046875
2026-06-03T09:13:52Z,80m,23796,False,running,18044,196851,183327040,nan,nan,94482.14038815857,3169.18896484375
2026-06-03T09:13:52Z,80m_retry,26700,True,running,75689,196851,769000240,4.892037391662598,5.001431107521057,88186.69475428734,3176.44873046875
2026-06-03T09:14:52Z,80m,23796,False,running,18044,196851,183327040,nan,nan,94482.14038815857,3169.18896484375
2026-06-03T09:14:52Z,80m_retry,26700,True,running,76174,196851,773927840,4.816164016723633,5.001431107521057,88187.60736305118,3176.44873046875
2026-06-03T09:15:53Z,80m,23796,False,running,18044,196851,183327040,nan,nan,94482.14038815857,3169.18896484375
2026-06-03T09:15:53Z,80m_retry,26700,True,running,76685,196851,779119600,5.315290451049805,5.001431107521057,88188.06275236809,3176.44873046875
2026-06-03T09:16:53Z,80m,23796,False,running,18044,196851,183327040,nan,nan,94482.14038815857,3169.18896484375
2026-06-03T09:16:53Z,80m_retry,26700,True,running,77172,196851,784067520,4.683842658996582,5.001431107521057,88188.67455635006,3176.44873046875
2026-06-03T09:17:54Z,80m,23796,False,running,18044,196851,183327040,nan,nan,94482.14038815857,3169.18896484375
2026-06-03T09:17:54Z,80m_retry,26700,True,running,77684,196851,789269440,4.624582290649414,5.001431107521057,88189.07406868305,3176.44873046875
2026-06-03T09:18:54Z,80m,23796,False,running,18044,196851,183327040,nan,nan,94482.14038815857,3169.18896484375
2026-06-03T09:18:54Z,80m_retry,26700,True,running,78170,196851,794207200,4.7853546142578125,5.001431107521057,88189.92888329602,3176.44873046875
2026-06-03T09:19:55Z,80m,23796,False,running,18044,196851,183327040,nan,nan,94482.14038815857,3169.18896484375
2026-06-03T09:19:55Z,80m_retry,26700,True,running,78682,196851,799409120,4.932949066162109,5.001431107521057,88190.96338802176,3176.44873046875
2026-06-03T09:20:55Z,80m,23796,False,running,18044,196851,183327040,nan,nan,94482.14038815857,3169.18896484375
2026-06-03T09:20:55Z,80m_retry,26700,True,running,79127,196851,803930320,4.775595664978027,4.978268176317215,88191.42246495644,3176.44873046875
2026-06-03T09:21:56Z,80m,23796,False,running,18044,196851,183327040,nan,nan,94482.14038815857,3169.18896484375
2026-06-03T09:21:56Z,80m_retry,26700,True,running,79639,196851,809132240,4.878676414489746,4.978268176317215,88192.14432974177,3176.44873046875
2026-06-03T09:22:56Z,80m,23796,False,running,18044,196851,183327040,nan,nan,94482.14038815857,3169.18896484375
2026-06-03T09:22:56Z,80m_retry,26700,True,running,80125,196851,814070000,4.552436828613281,4.978268176317215,88192.4413980794,3176.44873046875
2026-06-03T09:23:56Z,80m,23796,False,running,18044,196851,183327040,nan,nan,94482.14038815857,3169.18896484375
2026-06-03T09:23:57Z,80m_retry,26700,True,running,80637,196851,819271920,4.4927659034729,4.978268176317215,88193.17322669731,3176.44873046875
2026-06-03T09:24:57Z,80m,23796,False,running,18044,196851,183327040,nan,nan,94482.14038815857,3169.18896484375
2026-06-03T09:24:57Z,80m_retry,26700,True,running,81123,196851,824209680,4.936190605163574,4.978268176317215,88194.28453174123,3176.44873046875
2026-06-03T09:25:57Z,80m,23796,False,running,18044,196851,183327040,nan,nan,94482.14038815857,3169.18896484375
2026-06-03T09:25:57Z,80m_retry,26700,True,running,81635,196851,829411600,4.871029376983643,4.978268176317215,88194.89405463873,3176.44873046875
2026-06-03T09:26:58Z,80m,23796,False,running,18044,196851,183327040,nan,nan,94482.14038815857,3169.18896484375
2026-06-03T09:26:58Z,80m_retry,26700,True,running,82121,196851,834349360,4.804233551025391,4.978268176317215,88195.47558878415,3176.44873046875
2026-06-03T09:27:58Z,80m,23796,False,running,18044,196851,183327040,nan,nan,94482.14038815857,3169.18896484375
2026-06-03T09:27:58Z,80m_retry,26700,True,running,82632,196851,839541120,4.7304840087890625,4.978268176317215,88196.26035207923,3176.44873046875
2026-06-03T09:28:59Z,80m,23796,False,running,18044,196851,183327040,nan,nan,94482.14038815857,3169.18896484375
2026-06-03T09:28:59Z,80m_retry,26700,True,running,83118,196851,844478880,4.965538024902344,4.978268176317215,88196.74023332293,3176.44873046875
2026-06-03T09:29:59Z,80m,23796,False,running,18044,196851,183327040,nan,nan,94482.14038815857,3169.18896484375
2026-06-03T09:29:59Z,80m_retry,26700,True,running,83630,196851,849680800,5.134363174438477,4.978268176317215,88197.51880785917,3176.44873046875
2026-06-03T09:31:00Z,80m,23796,False,running,18044,196851,183327040,nan,nan,94482.14038815857,3169.18896484375
2026-06-03T09:31:00Z,80m_retry,26700,True,running,84115,196851,854608400,5.162755966186523,4.978268176317215,88198.06617314504,3176.44873046875
2026-06-03T09:32:00Z,80m,23796,False,running,18044,196851,183327040,nan,nan,94482.14038815857,3169.18896484375
2026-06-03T09:32:00Z,80m_retry,26700,True,running,84627,196851,859810320,4.69593620300293,4.978268176317215,88199.31824812255,3176.44873046875
2026-06-03T09:33:00Z,80m,23796,False,running,18044,196851,183327040,nan,nan,94482.14038815857,3169.18896484375
2026-06-03T09:33:01Z,80m_retry,26700,True,running,85112,196851,864737920,5.104931831359863,4.978268176317215,88200.087430667,3176.44873046875
2026-06-03T09:34:01Z,80m,23796,False,running,18044,196851,183327040,nan,nan,94482.14038815857,3169.18896484375
2026-06-03T09:34:01Z,80m_retry,26700,True,running,85624,196851,869939840,5.056685447692871,4.978268176317215,88200.82339044538,3176.44873046875
2026-06-03T09:35:01Z,80m,23796,False,running,18044,196851,183327040,nan,nan,94482.14038815857,3169.18896484375
2026-06-03T09:35:01Z,80m_retry,26700,True,running,86109,196851,874867440,4.864862442016602,4.978268176317215,88201.04435075232,3176.44873046875
2026-06-03T09:36:02Z,80m,23796,False,running,18044,196851,183327040,nan,nan,94482.14038815857,3169.18896484375
2026-06-03T09:36:02Z,80m_retry,26700,True,running,86620,196851,880059200,4.689321994781494,4.978268176317215,88201.18423228615,3176.44873046875
2026-06-03T09:37:02Z,80m,23796,False,running,18044,196851,183327040,nan,nan,94482.14038815857,3169.18896484375
2026-06-03T09:37:02Z,80m_retry,26700,True,running,87104,196851,884976640,4.922143936157227,4.978268176317215,88200.8766971306,3176.44873046875
2026-06-03T09:38:03Z,80m,23796,False,running,18044,196851,183327040,nan,nan,94482.14038815857,3169.18896484375
2026-06-03T09:38:03Z,80m_retry,26700,True,running,87615,196851,890168400,5.265264511108398,4.978268176317215,88201.57691128389,3176.44873046875
2026-06-03T09:39:03Z,80m,23796,False,running,18044,196851,183327040,nan,nan,94482.14038815857,3169.18896484375
2026-06-03T09:39:03Z,80m_retry,26700,True,running,88101,196851,895106160,5.239569187164307,4.978268176317215,88201.44469244321,3176.44873046875
2026-06-03T09:40:04Z,80m,23796,False,running,18044,196851,183327040,nan,nan,94482.14038815857,3169.18896484375
2026-06-03T09:40:04Z,80m_retry,26700,True,running,88587,196851,900043920,4.8510332107543945,4.965719997882843,88201.77934940727,3176.44873046875
2026-06-03T09:41:04Z,80m,23796,False,running,18044,196851,183327040,nan,nan,94482.14038815857,3169.18896484375
2026-06-03T09:41:04Z,80m_retry,26700,True,running,89056,196851,904808960,4.844757080078125,4.965719997882843,88202.18434695601,3176.44873046875
2026-06-03T09:42:05Z,80m,23796,False,running,18044,196851,183327040,nan,nan,94482.14038815857,3169.18896484375
2026-06-03T09:42:05Z,80m_retry,26700,True,running,89567,196851,910000720,5.037883758544922,4.965719997882843,88202.61033869395,3176.44873046875
2026-06-03T09:43:05Z,80m,23796,False,running,18044,196851,183327040,nan,nan,94482.14038815857,3169.18896484375
2026-06-03T09:43:05Z,80m_retry,26700,True,running,90051,196851,914918160,4.763394355773926,4.965719997882843,88202.27038153097,3176.44873046875
2026-06-03T09:44:05Z,80m,23796,False,running,18044,196851,183327040,nan,nan,94482.14038815857,3169.18896484375
2026-06-03T09:44:06Z,80m_retry,26700,True,running,90562,196851,920109920,4.945561408996582,4.965719997882843,88203.03074086727,3176.44873046875
2026-06-03T09:45:06Z,80m,23796,False,running,18044,196851,183327040,nan,nan,94482.14038815857,3169.18896484375
2026-06-03T09:45:06Z,80m_retry,26700,True,running,91047,196851,925037520,4.907632827758789,4.965719997882843,88203.90674467427,3176.44873046875
2026-06-03T09:46:06Z,80m,23796,False,running,18044,196851,183327040,nan,nan,94482.14038815857,3169.18896484375
2026-06-03T09:46:06Z,80m_retry,26700,True,running,91558,196851,930229280,4.902712821960449,4.965719997882843,88205.02499831194,3176.44873046875
2026-06-03T09:47:07Z,80m,23796,False,running,18044,196851,183327040,nan,nan,94482.14038815857,3169.18896484375
2026-06-03T09:47:07Z,80m_retry,26700,True,running,92044,196851,935167040,5.062731742858887,4.965719997882843,88206.13015522735,3176.44873046875
2026-06-03T09:48:07Z,80m,23796,False,running,18044,196851,183327040,nan,nan,94482.14038815857,3169.18896484375
2026-06-03T09:48:07Z,80m_retry,26700,True,running,92556,196851,940368960,4.995652675628662,4.965719997882843,88207.23984066946,3176.44873046875
2026-06-03T09:49:08Z,80m,23796,False,running,18044,196851,183327040,nan,nan,94482.14038815857,3169.18896484375
2026-06-03T09:49:08Z,80m_retry,26700,True,running,93040,196851,945286400,4.6279401779174805,4.965719997882843,88208.07505655418,3176.44873046875
2026-06-03T09:50:08Z,80m,23796,False,running,18044,196851,183327040,nan,nan,94482.14038815857,3169.18896484375
2026-06-03T09:50:08Z,80m_retry,26700,True,running,93552,196851,950488320,4.690587043762207,4.965719997882843,88209.29075196791,3176.44873046875
2026-06-03T09:51:09Z,80m,23796,False,running,18044,196851,183327040,nan,nan,94482.14038815857,3169.18896484375
2026-06-03T09:51:09Z,80m_retry,26700,True,running,94038,196851,955426080,4.434523105621338,4.965719997882843,88210.4745849577,3176.44873046875
2026-06-03T09:52:09Z,80m,23796,False,running,18044,196851,183327040,nan,nan,94482.14038815857,3169.18896484375
2026-06-03T09:52:09Z,80m_retry,26700,True,running,94549,196851,960617840,5.027674674987793,4.965719997882843,88211.18528254672,3176.44873046875
2026-06-03T09:53:09Z,80m,23796,False,running,18044,196851,183327040,nan,nan,94482.14038815857,3169.18896484375
2026-06-03T09:53:10Z,80m_retry,26700,True,running,95033,196851,965535280,4.751418113708496,4.965719997882843,88211.72972607522,3176.44873046875
2026-06-03T09:54:10Z,80m,23796,False,running,18044,196851,183327040,nan,nan,94482.14038815857,3169.18896484375
2026-06-03T09:54:10Z,80m_retry,26700,True,running,95544,196851,970727040,5.102324962615967,4.965719997882843,88212.86664870879,3176.44873046875
2026-06-03T09:55:10Z,80m,23796,False,running,18044,196851,183327040,nan,nan,94482.14038815857,3169.18896484375
2026-06-03T09:55:10Z,80m_retry,26700,True,running,96029,196851,975654640,4.945143699645996,4.965719997882843,88213.38896716142,3176.44873046875
2026-06-03T09:56:11Z,80m,23796,False,running,18044,196851,183327040,nan,nan,94482.14038815857,3169.18896484375
2026-06-03T09:56:11Z,80m_retry,26700,True,running,96540,196851,980846400,4.667657852172852,4.965719997882843,88214.38500731057,3176.44873046875
2026-06-03T09:57:11Z,80m,23796,False,running,18044,196851,183327040,nan,nan,94482.14038815857,3169.18896484375
2026-06-03T09:57:11Z,80m_retry,26700,True,running,97025,196851,985774000,4.779006004333496,4.965719997882843,88215.09488904278,3176.44873046875
2026-06-03T09:58:12Z,80m,23796,False,running,18044,196851,183327040,nan,nan,94482.14038815857,3169.18896484375
2026-06-03T09:58:12Z,80m_retry,26700,True,running,97536,196851,990965760,5.050971984863281,4.965719997882843,88215.72525780354,3176.44873046875
2026-06-03T09:59:12Z,80m,23796,False,running,18044,196851,183327040,nan,nan,94482.14038815857,3169.18896484375
2026-06-03T09:59:12Z,80m_retry,26700,True,running,98020,196851,995883200,5.10933780670166,4.965719997882843,88216.15775036725,3176.44873046875
2026-06-03T10:00:12Z,80m,23796,False,running,18044,196851,183327040,nan,nan,94482.14038815857,3169.18896484375
2026-06-03T10:00:13Z,80m_retry,26700,True,running,98490,196851,1000658400,4.733499526977539,4.930744215846062,88216.49901159269,3176.44873046875
2026-06-03T10:01:13Z,80m,23796,False,running,18044,196851,183327040,nan,nan,94482.14038815857,3169.18896484375
2026-06-03T10:01:13Z,80m_retry,26700,True,running,99000,196851,1005840000,4.672176837921143,4.930744215846062,88217.31558950157,3176.44873046875
2026-06-03T10:02:13Z,80m,23796,False,running,18044,196851,183327040,nan,nan,94482.14038815857,3169.18896484375
2026-06-03T10:02:13Z,80m_retry,26700,True,running,99485,196851,1010767600,5.073084831237793,4.930744215846062,88217.74002256825,3176.44873046875
2026-06-03T10:03:14Z,80m,23796,False,running,18044,196851,183327040,nan,nan,94482.14038815857,3169.18896484375
2026-06-03T10:03:14Z,80m_retry,26700,True,running,99996,196851,1015959360,4.9635210037231445,4.930744215846062,88218.30170508049,3176.44873046875
2026-06-03T10:04:14Z,80m,23796,False,running,18044,196851,183327040,nan,nan,94482.14038815857,3169.18896484375
2026-06-03T10:04:14Z,80m_retry,26700,True,running,100480,196851,1020876800,4.558599472045898,4.930744215846062,88218.72051269753,3176.44873046875
2026-06-03T10:05:15Z,80m,23796,False,running,18044,196851,183327040,nan,nan,94482.14038815857,3169.18896484375
2026-06-03T10:05:15Z,80m_retry,26700,True,running,100990,196851,1026058400,4.796689987182617,4.930744215846062,88219.05055154841,3176.44873046875
2026-06-03T10:06:15Z,80m,23796,False,running,18044,196851,183327040,nan,nan,94482.14038815857,3169.18896484375
2026-06-03T10:06:15Z,80m_retry,26700,True,running,101474,196851,1030975840,5.1943135261535645,4.930744215846062,88219.50325129007,3176.44873046875
2026-06-03T10:07:16Z,80m,23796,False,running,18044,196851,183327040,nan,nan,94482.14038815857,3169.18896484375
2026-06-03T10:07:16Z,80m_retry,26700,True,running,101984,196851,1036157440,4.778144836425781,4.930744215846062,88219.92037879537,3176.44873046875
2026-06-03T10:08:16Z,80m,23796,False,running,18044,196851,183327040,nan,nan,94482.14038815857,3169.18896484375
2026-06-03T10:08:16Z,80m_retry,26700,True,running,102469,196851,1041085040,5.707508563995361,4.930744215846062,88220.62400544483,3176.44873046875
2026-06-03T10:09:17Z,80m,23796,False,running,18044,196851,183327040,nan,nan,94482.14038815857,3169.18896484375
2026-06-03T10:09:17Z,80m_retry,26700,True,running,102979,196851,1046266640,4.795994281768799,4.930744215846062,88221.22232673406,3176.44873046875
2026-06-03T10:10:17Z,80m,23796,False,running,18044,196851,183327040,nan,nan,94482.14038815857,3169.18896484375
2026-06-03T10:10:17Z,80m_retry,26700,True,running,103464,196851,1051194240,4.8329010009765625,4.930744215846062,88221.90658249098,3176.44873046875
2026-06-03T10:11:17Z,80m,23796,False,running,18044,196851,183327040,nan,nan,94482.14038815857,3169.18896484375
2026-06-03T10:11:18Z,80m_retry,26700,True,running,103975,196851,1056386000,5.067817211151123,4.930744215846062,88222.80272687331,3176.44873046875
2026-06-03T10:12:18Z,80m,23796,False,running,18044,196851,183327040,nan,nan,94482.14038815857,3169.18896484375
2026-06-03T10:12:18Z,80m_retry,26700,True,running,104459,196851,1061303440,4.230799198150635,4.930744215846062,88223.48864107644,3176.44873046875
2026-06-03T10:13:18Z,80m,23796,False,running,18044,196851,183327040,nan,nan,94482.14038815857,3169.18896484375
2026-06-03T10:13:18Z,80m_retry,26700,True,running,104970,196851,1066495200,4.817798614501953,4.930744215846062,88224.27249295313,3176.44873046875
2026-06-03T10:14:19Z,80m,23796,False,running,18044,196851,183327040,nan,nan,94482.14038815857,3169.18896484375
2026-06-03T10:14:19Z,80m_retry,26700,True,running,105453,196851,1071402480,4.819019317626953,4.930744215846062,88224.43779094465,3176.44873046875
2026-06-03T10:15:19Z,80m,23796,False,running,18044,196851,183327040,nan,nan,94482.14038815857,3169.18896484375
2026-06-03T10:15:19Z,80m_retry,26700,True,running,105961,196851,1076563760,4.746310234069824,4.930744215846062,88222.8729968857,3176.44873046875
2026-06-03T10:16:20Z,80m,23796,False,running,18044,196851,183327040,nan,nan,94482.14038815857,3169.18896484375
2026-06-03T10:16:20Z,80m_retry,26700,True,running,106444,196851,1081471040,5.3028950691223145,4.930744215846062,88222.74955161428,3176.44873046875
2026-06-03T10:17:20Z,80m,23796,False,running,18044,196851,183327040,nan,nan,94482.14038815857,3169.18896484375
2026-06-03T10:17:20Z,80m_retry,26700,True,running,106953,196851,1086642480,4.752739906311035,4.930744215846062,88222.87261961732,3176.44873046875
2026-06-03T10:18:21Z,80m,23796,False,running,18044,196851,183327040,nan,nan,94482.14038815857,3169.18896484375
2026-06-03T10:18:21Z,80m_retry,26700,True,running,107437,196851,1091559920,4.293514251708984,4.930744215846062,88223.13327350063,3176.44873046875
2026-06-03T10:19:21Z,80m,23796,False,running,18044,196851,183327040,nan,nan,94482.14038815857,3169.18896484375
2026-06-03T10:19:21Z,80m_retry,26700,True,running,107946,196851,1096731360,5.004977226257324,4.930744215846062,88223.37566797067,3176.44873046875
2026-06-03T10:20:21Z,80m,23796,False,running,18044,196851,183327040,nan,nan,94482.14038815857,3169.18896484375
2026-06-03T10:20:22Z,80m_retry,26700,True,running,108390,196851,1101242400,5.023419380187988,4.923869073390961,88224.12627215899,3176.44873046875
2026-06-03T10:21:22Z,80m,23796,False,running,18044,196851,183327040,nan,nan,94482.14038815857,3169.18896484375
2026-06-03T10:21:22Z,80m_retry,26700,True,running,108899,196851,1106413840,4.201944351196289,4.923869073390961,88224.47717325088,3176.44873046875
2026-06-03T10:22:22Z,80m,23796,False,running,18044,196851,183327040,nan,nan,94482.14038815857,3169.18896484375
2026-06-03T10:22:23Z,80m_retry,26700,True,running,109384,196851,1111341440,5.374846458435059,4.923869073390961,88224.80564942899,3176.44873046875
2026-06-03T10:23:23Z,80m,23796,False,running,18044,196851,183327040,nan,nan,94482.14038815857,3169.18896484375
2026-06-03T10:23:23Z,80m_retry,26700,True,running,109894,196851,1116523040,4.699267864227295,4.923869073390961,88225.27810114034,3176.44873046875
2026-06-03T10:24:23Z,80m,23796,False,running,18044,196851,183327040,nan,nan,94482.14038815857,3169.18896484375
2026-06-03T10:24:23Z,80m_retry,26700,True,running,110377,196851,1121430320,4.569375991821289,4.923869073390961,88225.7533271613,3176.44873046875
2026-06-03T10:25:24Z,80m,23796,False,running,18044,196851,183327040,nan,nan,94482.14038815857,3169.18896484375
2026-06-03T10:25:24Z,80m_retry,26700,True,running,110887,196851,1126611920,4.905026435852051,4.923869073390961,88226.16839631427,3176.44873046875
2026-06-03T10:26:24Z,80m,23796,False,running,18044,196851,183327040,nan,nan,94482.14038815857,3169.18896484375
2026-06-03T10:26:24Z,80m_retry,26700,True,running,111370,196851,1131519200,4.609026908874512,4.923869073390961,88226.567758952,3176.44873046875
2026-06-03T10:27:25Z,80m,23796,False,running,18044,196851,183327040,nan,nan,94482.14038815857,3169.18896484375
2026-06-03T10:27:25Z,80m_retry,26700,True,running,111880,196851,1136700800,4.727569580078125,4.923869073390961,88226.9281352722,3176.44873046875
2026-06-03T10:28:25Z,80m,23796,False,running,18044,196851,183327040,nan,nan,94482.14038815857,3169.18896484375
2026-06-03T10:28:25Z,80m_retry,26700,True,running,112364,196851,1141618240,4.572244644165039,4.923869073390961,88227.70669019132,3176.44873046875
2026-06-03T10:29:26Z,80m,23796,False,running,18044,196851,183327040,nan,nan,94482.14038815857,3169.18896484375
2026-06-03T10:29:26Z,80m_retry,26700,True,running,112874,196851,1146799840,4.736442565917969,4.923869073390961,88228.6749596835,3176.44873046875
2026-06-03T10:30:26Z,80m,23796,False,running,18044,196851,183327040,nan,nan,94482.14038815857,3169.18896484375
2026-06-03T10:30:26Z,80m_retry,26700,True,running,113358,196851,1151717280,4.856649398803711,4.923869073390961,88229.39710181543,3176.44873046875
2026-06-03T10:31:27Z,80m,23796,False,running,18044,196851,183327040,nan,nan,94482.14038815857,3169.18896484375
2026-06-03T10:31:27Z,80m_retry,26700,True,running,113867,196851,1156888720,4.778325080871582,4.923869073390961,88229.81227529087,3176.44873046875
2026-06-03T10:32:27Z,80m,23796,False,running,18044,196851,183327040,nan,nan,94482.14038815857,3169.18896484375
2026-06-03T10:32:27Z,80m_retry,26700,True,running,114351,196851,1161806160,4.700623989105225,4.923869073390961,88230.4606120203,3176.44873046875
2026-06-03T10:33:27Z,80m,23796,False,running,18044,196851,183327040,nan,nan,94482.14038815857,3169.18896484375
2026-06-03T10:33:28Z,80m_retry,26700,True,running,114861,196851,1166987760,4.839517593383789,4.923869073390961,88231.14743970096,3176.44873046875
2026-06-03T10:34:28Z,80m,23796,False,running,18044,196851,183327040,nan,nan,94482.14038815857,3169.18896484375
2026-06-03T10:34:28Z,80m_retry,26700,True,running,115345,196851,1171905200,4.74232292175293,4.923869073390961,88231.96040342469,3176.44873046875
2026-06-03T10:35:28Z,80m,23796,False,running,18044,196851,183327040,nan,nan,94482.14038815857,3169.18896484375
2026-06-03T10:35:28Z,80m_retry,26700,True,running,115855,196851,1177086800,4.825652122497559,4.923869073390961,88232.6963493079,3176.44873046875
2026-06-03T10:36:29Z,80m,23796,False,running,18044,196851,183327040,nan,nan,94482.14038815857,3169.18896484375
2026-06-03T10:36:29Z,80m_retry,26700,True,running,116337,196851,1181983920,4.571398735046387,4.923869073390961,88233.36793843962,3176.44873046875
2026-06-03T10:37:29Z,80m,23796,False,running,18044,196851,183327040,nan,nan,94482.14038815857,3169.18896484375
2026-06-03T10:37:29Z,80m_retry,26700,True,running,116847,196851,1187165520,4.893324851989746,4.923869073390961,88233.8548069849,3176.44873046875
2026-06-03T10:38:30Z,80m,23796,False,running,18044,196851,183327040,nan,nan,94482.14038815857,3169.18896484375
2026-06-03T10:38:30Z,80m_retry,26700,True,running,117329,196851,1192062640,4.637719631195068,4.923869073390961,88234.44875356017,3176.44873046875
2026-06-03T10:39:30Z,80m,23796,False,running,18044,196851,183327040,nan,nan,94482.14038815857,3169.18896484375
2026-06-03T10:39:30Z,80m_retry,26700,True,running,117838,196851,1197234080,4.808691024780273,4.923869073390961,88234.74092821585,3176.44873046875
2026-06-03T10:40:31Z,80m,23796,False,running,18044,196851,183327040,nan,nan,94482.14038815857,3169.18896484375
2026-06-03T10:40:31Z,80m_retry,26700,True,running,118257,196851,1201491120,4.57652473449707,4.914090633392334,88236.69185756448,3176.44873046875
2026-06-03T10:41:31Z,80m,23796,False,running,18044,196851,183327040,nan,nan,94482.14038815857,3169.18896484375
2026-06-03T10:41:31Z,80m_retry,26700,True,running,118765,196851,1206652400,4.9553422927856445,4.914090633392334,88237.02437596067,3176.44873046875
2026-06-03T10:42:31Z,80m,23796,False,running,18044,196851,183327040,nan,nan,94482.14038815857,3169.18896484375
2026-06-03T10:42:32Z,80m_retry,26700,True,running,119247,196851,1211549520,4.782804012298584,4.914090633392334,88236.96960732293,3176.44873046875
2026-06-03T10:43:32Z,80m,23796,True,running,18044,196851,183327040,nan,nan,94482.14038815857,3169.18896484375
2026-06-03T10:43:32Z,80m_retry,26700,True,running,119756,196851,1216720960,5.138528823852539,4.914090633392334,88236.97018401527,3176.44873046875
2026-06-03T10:44:32Z,80m,23796,False,running,18044,196851,183327040,nan,nan,94482.14038815857,3169.18896484375
2026-06-03T10:44:32Z,80m_retry,26700,True,running,120239,196851,1221628240,4.731725692749023,4.914090633392334,88237.38331114371,3176.44873046875
2026-06-03T10:45:33Z,80m,23796,False,running,18044,196851,183327040,nan,nan,94482.14038815857,3169.18896484375
2026-06-03T10:45:33Z,80m_retry,26700,True,running,120748,196851,1226799680,5.078121185302734,4.914090633392334,88238.0259618147,3176.44873046875
2026-06-03T10:46:33Z,80m,23796,False,running,18044,196851,183327040,nan,nan,94482.14038815857,3169.18896484375
2026-06-03T10:46:33Z,80m_retry,26700,True,running,121231,196851,1231706960,4.777846336364746,4.914090633392334,88238.66252713141,3176.44873046875
2026-06-03T10:47:34Z,80m,23796,False,running,18044,196851,183327040,nan,nan,94482.14038815857,3169.18896484375
2026-06-03T10:47:34Z,80m_retry,26700,True,running,121741,196851,1236888560,4.846124649047852,4.914090633392334,88239.4701744942,3176.44873046875
2026-06-03T10:48:34Z,80m,23796,False,running,18044,196851,183327040,nan,nan,94482.14038815857,3169.18896484375
2026-06-03T10:48:34Z,80m_retry,26700,True,running,122224,196851,1241795840,4.785704612731934,4.914090633392334,88240.17094016376,3176.44873046875
2026-06-03T10:49:35Z,80m,23796,False,running,18044,196851,183327040,nan,nan,94482.14038815857,3169.18896484375
2026-06-03T10:49:35Z,80m_retry,26700,True,running,122733,196851,1246967280,5.142670154571533,4.914090633392334,88240.48915894612,3176.44873046875
2026-06-03T10:50:35Z,80m,23796,False,running,18044,196851,183327040,nan,nan,94482.14038815857,3169.18896484375
2026-06-03T10:50:35Z,80m_retry,26700,True,running,123216,196851,1251874560,5.185789108276367,4.914090633392334,88241.19911015843,3176.44873046875
2026-06-03T10:51:35Z,80m,23796,False,running,18044,196851,183327040,nan,nan,94482.14038815857,3169.18896484375
2026-06-03T10:51:36Z,80m_retry,26700,True,running,123725,196851,1257046000,4.6219563484191895,4.914090633392334,88242.08436286065,3176.44873046875
2026-06-03T10:52:36Z,80m,23796,False,running,18044,196851,183327040,nan,nan,94482.14038815857,3169.18896484375
2026-06-03T10:52:36Z,80m_retry,26700,True,running,124209,196851,1261963440,5.0081329345703125,4.914090633392334,88242.85445087969,3176.44873046875
2026-06-03T10:53:36Z,80m,23796,False,running,18044,196851,183327040,nan,nan,94482.14038815857,3169.18896484375
2026-06-03T10:53:36Z,80m_retry,26700,True,running,124718,196851,1267134880,4.26405668258667,4.914090633392334,88243.57378392106,3176.44873046875
2026-06-03T10:54:37Z,80m,23796,False,running,18044,196851,183327040,nan,nan,94482.14038815857,3169.18896484375
2026-06-03T10:54:37Z,80m_retry,26700,True,running,125200,196851,1272032000,4.901302337646484,4.914090633392334,88244.15078546456,3176.44873046875
2026-06-03T10:55:37Z,80m,23796,False,running,18044,196851,183327040,nan,nan,94482.14038815857,3169.18896484375
2026-06-03T10:55:37Z,80m_retry,26700,True,running,125709,196851,1277203440,4.682539939880371,4.914090633392334,88244.90539009418,3176.44873046875
2026-06-03T10:56:38Z,80m,23796,False,running,18044,196851,183327040,nan,nan,94482.14038815857,3169.18896484375
2026-06-03T10:56:38Z,80m_retry,26700,True,running,126191,196851,1282100560,4.437780857086182,4.914090633392334,88245.57475216669,3176.44873046875
2026-06-03T10:57:38Z,80m,23796,False,running,18044,196851,183327040,nan,nan,94482.14038815857,3169.18896484375
2026-06-03T10:57:38Z,80m_retry,26700,True,running,126700,196851,1287272000,4.946472644805908,4.914090633392334,88245.89512040811,3176.44873046875
2026-06-03T10:58:39Z,80m,23796,False,running,18044,196851,183327040,nan,nan,94482.14038815857,3169.18896484375
2026-06-03T10:58:39Z,80m_retry,26700,True,running,127182,196851,1292169120,4.855161666870117,4.914090633392334,88246.2715671462,3176.44873046875
2026-06-03T10:59:39Z,80m,23796,False,running,18044,196851,183327040,nan,nan,94482.14038815857,3169.18896484375
2026-06-03T10:59:39Z,80m_retry,26700,True,running,127691,196851,1297340560,4.637288570404053,4.914090633392334,88246.9218256871,3176.44873046875
2026-06-03T11:00:39Z,80m,23796,False,running,18044,196851,183327040,nan,nan,94482.14038815857,3169.18896484375
2026-06-03T11:00:40Z,80m_retry,26700,True,running,128132,196851,1301821120,4.977575302124023,4.888244584202766,88247.27370861659,3176.44873046875
2026-06-03T11:01:40Z,80m,23796,False,running,18044,196851,183327040,nan,nan,94482.14038815857,3169.18896484375
2026-06-03T11:01:40Z,80m_retry,26700,True,running,128641,196851,1306992560,4.735085487365723,4.888244584202766,88247.62634680718,3176.44873046875
2026-06-03T11:02:40Z,80m,23796,False,running,18044,196851,183327040,nan,nan,94482.14038815857,3169.18896484375
2026-06-03T11:02:41Z,80m_retry,26700,True,running,129123,196851,1311889680,4.844106674194336,4.888244584202766,88247.57669553174,3176.44873046875
2026-06-03T11:03:41Z,80m,23796,False,running,18044,196851,183327040,nan,nan,94482.14038815857,3169.18896484375
2026-06-03T11:03:41Z,80m_retry,26700,True,running,129631,196851,1317050960,4.793023109436035,4.888244584202766,88248.13444015385,3176.44873046875
2026-06-03T11:04:41Z,80m,23796,False,running,18044,196851,183327040,nan,nan,94482.14038815857,3169.18896484375
2026-06-03T11:04:41Z,80m_retry,26700,True,running,130113,196851,1321948080,4.6953020095825195,4.888244584202766,88248.20109594919,3176.44873046875
2026-06-03T11:05:42Z,80m,23796,False,running,18044,196851,183327040,nan,nan,94482.14038815857,3169.18896484375
2026-06-03T11:05:42Z,80m_retry,26700,True,running,130621,196851,1327109360,4.744447708129883,4.888244584202766,88248.93296822312,3176.44873046875
2026-06-03T11:06:42Z,80m,23796,False,running,18044,196851,183327040,nan,nan,94482.14038815857,3169.18896484375
2026-06-03T11:06:42Z,80m_retry,26700,True,running,131104,196851,1332016640,4.382630825042725,4.888244584202766,88249.3946021383,3176.44873046875
2026-06-03T11:07:43Z,80m,23796,False,running,18044,196851,183327040,nan,nan,94482.14038815857,3169.18896484375
2026-06-03T11:07:43Z,80m_retry,26700,True,running,131612,196851,1337177920,4.727511405944824,4.888244584202766,88250.10928997249,3176.44873046875
2026-06-03T11:08:43Z,80m,23796,False,running,18044,196851,183327040,nan,nan,94482.14038815857,3169.18896484375
2026-06-03T11:08:43Z,80m_retry,26700,True,running,132095,196851,1342085200,5.151345252990723,4.888244584202766,88250.87145516276,3176.44873046875
2026-06-03T11:09:43Z,80m,23796,False,running,18044,196851,183327040,nan,nan,94482.14038815857,3169.18896484375
2026-06-03T11:09:44Z,80m_retry,26700,True,running,132604,196851,1347256640,4.670807361602783,4.888244584202766,88251.63060007314,3176.44873046875
2026-06-03T11:10:44Z,80m,23796,False,running,18044,196851,183327040,nan,nan,94482.14038815857,3169.18896484375
2026-06-03T11:10:44Z,80m_retry,26700,True,running,133085,196851,1352143600,4.748124122619629,4.888244584202766,88252.15171003244,3176.44873046875
2026-06-03T11:11:44Z,80m,23796,False,running,18044,196851,183327040,nan,nan,94482.14038815857,3169.18896484375
2026-06-03T11:11:44Z,80m_retry,26700,True,running,133594,196851,1357315040,4.46269416809082,4.888244584202766,88252.60744590922,3176.44873046875
2026-06-03T11:12:45Z,80m,23796,False,running,18044,196851,183327040,nan,nan,94482.14038815857,3169.18896484375
2026-06-03T11:12:45Z,80m_retry,26700,True,running,134076,196851,1362212160,4.853214263916016,4.888244584202766,88253.13362447052,3176.44873046875
2026-06-03T11:13:45Z,80m,23796,False,running,18044,196851,183327040,nan,nan,94482.14038815857,3169.18896484375
2026-06-03T11:13:45Z,80m_retry,26700,True,running,134584,196851,1367373440,5.022103786468506,4.888244584202766,88253.93441639568,3176.44873046875
2026-06-03T11:14:46Z,80m,23796,False,running,18044,196851,183327040,nan,nan,94482.14038815857,3169.18896484375
2026-06-03T11:14:46Z,80m_retry,26700,True,running,135066,196851,1372270560,5.797069549560547,4.888244584202766,88254.3588175433,3176.44873046875
2026-06-03T11:15:46Z,80m,23796,False,running,18044,196851,183327040,nan,nan,94482.14038815857,3169.18896484375
2026-06-03T11:15:46Z,80m_retry,26700,True,running,135574,196851,1377431840,4.808534145355225,4.888244584202766,88254.97748639961,3176.44873046875
2026-06-03T11:16:47Z,80m,23796,False,running,18044,196851,183327040,nan,nan,94482.14038815857,3169.18896484375
2026-06-03T11:16:47Z,80m_retry,26700,True,running,136057,196851,1382339120,4.755182266235352,4.888244584202766,88255.61328163993,3176.44873046875
2026-06-03T11:17:47Z,80m,23796,False,running,18044,196851,183327040,nan,nan,94482.14038815857,3169.18896484375
2026-06-03T11:17:47Z,80m_retry,26700,True,running,136565,196851,1387500400,5.033497333526611,4.888244584202766,88256.20187188587,3176.44873046875
2026-06-03T11:18:48Z,80m,23796,False,running,18044,196851,183327040,nan,nan,94482.14038815857,3169.18896484375
2026-06-03T11:18:48Z,80m_retry,26700,True,running,137044,196851,1392367040,4.830657005310059,4.888244584202766,88256.19251808271,3176.44873046875
2026-06-03T11:19:48Z,80m,23796,False,running,18044,196851,183327040,nan,nan,94482.14038815857,3169.18896484375
2026-06-03T11:19:48Z,80m_retry,26700,True,running,137553,196851,1397538480,4.712123394012451,4.888244584202766,88256.58085331622,3176.44873046875
2026-06-03T11:20:49Z,80m,23796,False,running,18044,196851,183327040,nan,nan,94482.14038815857,3169.18896484375
2026-06-03T11:20:49Z,80m_retry,26700,True,running,138000,196851,1402080000,5.011691093444824,4.872741833329201,88257.20725085975,3176.44873046875
2026-06-03T11:21:49Z,80m,23796,False,running,18044,196851,183327040,nan,nan,94482.14038815857,3169.18896484375
2026-06-03T11:21:49Z,80m_retry,26700,True,running,138502,196851,1407180320,4.685275077819824,4.872741833329201,88257.73849093787,3176.44873046875
2026-06-03T11:22:50Z,80m,23796,False,running,18044,196851,183327040,nan,nan,94482.14038815857,3169.18896484375
2026-06-03T11:22:50Z,80m_retry,26700,True,running,139000,196851,1412240000,4.643837928771973,4.872741833329201,88257.84948748369,3176.44873046875
2026-06-03T11:23:50Z,80m,23796,False,running,18044,196851,183327040,nan,nan,94482.14038815857,3169.18896484375
2026-06-03T11:23:50Z,80m_retry,26700,True,running,139492,196851,1417238720,4.754758834838867,4.872741833329201,88258.40112097132,3176.44873046875
2026-06-03T11:24:51Z,80m,23796,False,running,18044,196851,183327040,nan,nan,94482.14038815857,3169.18896484375
2026-06-03T11:24:51Z,80m_retry,26700,True,running,140000,196851,1422400000,4.9749345779418945,4.872741833329201,88259.02601556608,3176.44873046875
2026-06-03T11:25:51Z,80m,23796,False,running,18044,196851,183327040,nan,nan,94482.14038815857,3169.18896484375
2026-06-03T11:25:51Z,80m_retry,26700,True,running,140482,196851,1427297120,4.965566635131836,4.872741833329201,88259.65793362976,3176.44873046875
2026-06-03T11:26:51Z,80m,23796,False,running,18044,196851,183327040,nan,nan,94482.14038815857,3169.18896484375
2026-06-03T11:26:52Z,80m_retry,26700,True,running,140990,196851,1432458400,4.593350887298584,4.872741833329201,88260.16975592801,3176.44873046875
2026-06-03T11:27:52Z,80m,23796,False,running,18044,196851,183327040,nan,nan,94482.14038815857,3169.18896484375
2026-06-03T11:27:52Z,80m_retry,26700,True,running,141471,196851,1437345360,4.756313323974609,4.872741833329201,88260.56515031688,3176.44873046875
2026-06-03T11:28:52Z,80m,23796,False,running,18044,196851,183327040,nan,nan,94482.14038815857,3169.18896484375
2026-06-03T11:28:52Z,80m_retry,26700,True,running,141979,196851,1442506640,4.886521816253662,4.872741833329201,88261.28011608926,3176.44873046875
2026-06-03T11:29:53Z,80m,23796,False,running,18044,196851,183327040,nan,nan,94482.14038815857,3169.18896484375
2026-06-03T11:29:53Z,80m_retry,26700,True,running,142461,196851,1447403760,5.249846935272217,4.872741833329201,88261.72996804236,3176.44873046875
2026-06-03T11:30:53Z,80m,23796,False,running,18044,196851,183327040,nan,nan,94482.14038815857,3169.18896484375
2026-06-03T11:30:53Z,80m_retry,26700,True,running,142969,196851,1452565040,4.822038173675537,4.872741833329201,88262.15466157341,3176.44873046875
2026-06-03T11:31:54Z,80m,23796,False,running,18044,196851,183327040,nan,nan,94482.14038815857,3169.18896484375
2026-06-03T11:31:54Z,80m_retry,26700,True,running,143451,196851,1457462160,5.1538543701171875,4.872741833329201,88262.91300068604,3176.44873046875
2026-06-03T11:32:54Z,80m,23796,False,running,18044,196851,183327040,nan,nan,94482.14038815857,3169.18896484375
2026-06-03T11:32:54Z,80m_retry,26700,True,running,143959,196851,1462623440,4.753758430480957,4.872741833329201,88263.49944502278,3176.44873046875
2026-06-03T11:33:55Z,80m,23796,False,running,18044,196851,183327040,nan,nan,94482.14038815857,3169.18896484375
2026-06-03T11:33:55Z,80m_retry,26700,True,running,144438,196851,1467490080,4.775090217590332,4.872741833329201,88263.21405846777,3176.44873046875
2026-06-03T11:34:55Z,80m,23796,False,running,18044,196851,183327040,nan,nan,94482.14038815857,3169.18896484375
2026-06-03T11:34:55Z,80m_retry,26700,True,running,144946,196851,1472651360,4.920284271240234,4.872741833329201,88263.86009399615,3176.44873046875
2026-06-03T11:35:55Z,80m,23796,False,running,18044,196851,183327040,nan,nan,94482.14038815857,3169.18896484375
2026-06-03T11:35:56Z,80m_retry,26700,True,running,145428,196851,1477548480,4.637555122375488,4.872741833329201,88264.31340695285,3176.44873046875
2026-06-03T11:36:56Z,80m,23796,False,running,18044,196851,183327040,nan,nan,94482.14038815857,3169.18896484375
2026-06-03T11:36:56Z,80m_retry,26700,True,running,145936,196851,1482709760,4.989799976348877,4.872741833329201,88264.875694367,3176.44873046875
2026-06-03T11:37:56Z,80m,23796,False,running,18044,196851,183327040,nan,nan,94482.14038815857,3169.18896484375
2026-06-03T11:37:56Z,80m_retry,26700,True,running,146416,196851,1487586560,4.542148590087891,4.872741833329201,88265.29567918502,3176.44873046875
2026-06-03T11:38:57Z,80m,23796,False,running,18044,196851,183327040,nan,nan,94482.14038815857,3169.18896484375
2026-06-03T11:38:57Z,80m_retry,26700,True,running,146924,196851,1492747840,5.177241325378418,4.872741833329201,88265.92861061345,3176.44873046875
2026-06-03T11:39:57Z,80m,23796,False,running,18044,196851,183327040,nan,nan,94482.14038815857,3169.18896484375
2026-06-03T11:39:57Z,80m_retry,26700,True,running,147405,196851,1497634800,4.75016975402832,4.872741833329201,88266.15841939668,3176.44873046875
2026-06-03T11:40:58Z,80m,23796,False,running,18044,196851,183327040,nan,nan,94482.14038815857,3169.18896484375
2026-06-03T11:40:58Z,80m_retry,26700,True,running,147871,196851,1502369360,4.634335041046143,4.868787184357643,88266.3598795028,3176.44873046875
2026-06-03T11:41:58Z,80m,23796,False,running,18044,196851,183327040,nan,nan,94482.14038815857,3169.18896484375
2026-06-03T11:41:58Z,80m_retry,26700,True,running,148352,196851,1507256320,4.655779838562012,4.868787184357643,88266.39686789579,3176.44873046875
2026-06-03T11:42:59Z,80m,23796,False,running,18044,196851,183327040,nan,nan,94482.14038815857,3169.18896484375
2026-06-03T11:42:59Z,80m_retry,26700,True,running,148858,196851,1512397280,4.559544563293457,4.868787184357643,88266.42487429858,3176.44873046875
2026-06-03T11:43:59Z,80m,23796,False,running,18044,196851,183327040,nan,nan,94482.14038815857,3169.18896484375
2026-06-03T11:43:59Z,80m_retry,26700,True,running,149339,196851,1517284240,4.521912097930908,4.868787184357643,88266.65291368782,3176.44873046875
2026-06-03T11:45:00Z,80m,23796,False,running,18044,196851,183327040,nan,nan,94482.14038815857,3169.18896484375
2026-06-03T11:45:00Z,80m_retry,26700,True,running,149847,196851,1522445520,4.742056846618652,4.868787184357643,88266.96281494254,3176.44873046875
2026-06-03T11:46:00Z,80m,23796,False,running,18044,196851,183327040,nan,nan,94482.14038815857,3169.18896484375
2026-06-03T11:46:00Z,80m_retry,26700,True,running,150328,196851,1527332480,4.886951446533203,4.868787184357643,88267.25455305717,3176.44873046875
2026-06-03T11:47:01Z,80m,23796,False,running,18044,196851,183327040,nan,nan,94482.14038815857,3169.18896484375
2026-06-03T11:47:01Z,80m_retry,26700,True,running,150834,196851,1532473440,4.761341094970703,4.868787184357643,88267.41528638094,3176.44873046875
2026-06-03T11:48:01Z,80m,23796,False,running,18044,196851,183327040,nan,nan,94482.14038815857,3169.18896484375
2026-06-03T11:48:01Z,80m_retry,26700,True,running,151316,196851,1537370560,4.967679500579834,4.868787184357643,88267.7831508251,3176.44873046875
2026-06-03T11:49:01Z,80m,23796,False,running,18044,196851,183327040,nan,nan,94482.14038815857,3169.18896484375
2026-06-03T11:49:02Z,80m_retry,26700,True,running,151823,196851,1542521680,4.676973819732666,4.868787184357643,88268.0652721138,3176.44873046875
2026-06-03T11:50:02Z,80m,23796,False,running,18044,196851,183327040,nan,nan,94482.14038815857,3169.18896484375
2026-06-03T11:50:02Z,80m_retry,26700,True,running,152304,196851,1547408640,4.733287334442139,4.868787184357643,88268.41070309679,3176.44873046875
2026-06-03T11:51:02Z,80m,23796,False,running,18044,196851,183327040,nan,nan,94482.14038815857,3169.18896484375
2026-06-03T11:51:02Z,80m_retry,26700,True,running,152811,196851,1552559760,4.662268161773682,4.868787184357643,88268.62847060258,3176.44873046875
2026-06-03T11:52:03Z,80m,23796,False,running,18044,196851,183327040,nan,nan,94482.14038815857,3169.18896484375
2026-06-03T11:52:03Z,80m_retry,26700,True,running,153291,196851,1557436560,4.8118896484375,4.868787184357643,88268.95001637256,3176.44873046875
2026-06-03T11:53:03Z,80m,23796,False,running,18044,196851,183327040,nan,nan,94482.14038815857,3169.18896484375
2026-06-03T11:53:03Z,80m_retry,26700,True,running,153798,196851,1562587680,4.479562282562256,4.868787184357643,88269.37047022198,3176.44873046875
2026-06-03T11:54:04Z,80m,23796,False,running,18044,196851,183327040,nan,nan,94482.14038815857,3169.18896484375
2026-06-03T11:54:04Z,80m_retry,26700,True,running,154278,196851,1567464480,4.754319190979004,4.868787184357643,88269.82890885415,3176.44873046875
2026-06-03T11:55:04Z,80m,23796,False,running,18044,196851,183327040,nan,nan,94482.14038815857,3169.18896484375
2026-06-03T11:55:04Z,80m_retry,26700,True,running,154786,196851,1572625760,4.6229658126831055,4.868787184357643,88270.38491843487,3176.44873046875
2026-06-03T11:56:05Z,80m,23796,False,running,18044,196851,183327040,nan,nan,94482.14038815857,3169.18896484375
2026-06-03T11:56:05Z,80m_retry,26700,True,running,155266,196851,1577502560,4.996679306030273,4.868787184357643,88270.80462891085,3176.44873046875
2026-06-03T11:57:05Z,80m,23796,False,running,18044,196851,183327040,nan,nan,94482.14038815857,3169.18896484375
2026-06-03T11:57:05Z,80m_retry,26700,True,running,155773,196851,1582653680,4.853790283203125,4.868787184357643,88271.18312160272,3176.44873046875
2026-06-03T11:58:05Z,80m,23796,False,running,18044,196851,183327040,nan,nan,94482.14038815857,3169.18896484375
2026-06-03T11:58:06Z,80m_retry,26700,True,running,156254,196851,1587540640,4.5944013595581055,4.868787184357643,88271.5817299751,3176.44873046875
2026-06-03T11:59:06Z,80m,23796,False,running,18044,196851,183327040,nan,nan,94482.14038815857,3169.18896484375
2026-06-03T11:59:06Z,80m_retry,26700,True,running,156760,196851,1592681600,5.06413459777832,4.868787184357643,88271.96573133364,3176.44873046875
2026-06-03T12:00:06Z,80m,23796,False,running,18044,196851,183327040,nan,nan,94482.14038815857,3169.18896484375
2026-06-03T12:00:06Z,80m_retry,26700,True,running,157241,196851,1597568560,4.616338729858398,4.868787184357643,88272.41018993233,3176.44873046875
2026-06-03T12:01:07Z,80m,23796,False,running,18044,196851,183327040,nan,nan,94482.14038815857,3169.18896484375
2026-06-03T12:01:07Z,80m_retry,26700,True,running,157707,196851,1602303120,4.572385787963867,4.8796427100896835,88272.92984679368,3176.44873046875
2026-06-03T12:02:07Z,80m,23796,False,running,18044,196851,183327040,nan,nan,94482.14038815857,3169.18896484375
2026-06-03T12:02:07Z,80m_retry,26700,True,running,158187,196851,1607179920,4.978420734405518,4.8796427100896835,88273.49414164112,3176.44873046875
2026-06-03T12:03:08Z,80m,23796,False,running,18044,196851,183327040,nan,nan,94482.14038815857,3169.18896484375
2026-06-03T12:03:08Z,80m_retry,26700,True,running,158693,196851,1612320880,4.513327121734619,4.8796427100896835,88273.65741769064,3176.44873046875
2026-06-03T12:04:08Z,80m,23796,False,running,18044,196851,183327040,nan,nan,94482.14038815857,3169.18896484375
2026-06-03T12:04:08Z,80m_retry,26700,True,running,159173,196851,1617197680,4.7394561767578125,4.8796427100896835,88273.96463034696,3176.44873046875
2026-06-03T12:05:09Z,80m,23796,False,running,18044,196851,183327040,nan,nan,94482.14038815857,3169.18896484375
2026-06-03T12:05:09Z,80m_retry,26700,True,running,159680,196851,1622348800,4.8631086349487305,4.8796427100896835,88274.42244884429,3176.44873046875
2026-06-03T12:06:09Z,80m,23796,False,running,18044,196851,183327040,nan,nan,94482.14038815857,3169.18896484375
2026-06-03T12:06:09Z,80m_retry,26700,True,running,160160,196851,1627225600,5.040602684020996,4.8796427100896835,88274.86028799275,3176.44873046875
2026-06-03T12:07:09Z,80m,23796,False,running,18044,196851,183327040,nan,nan,94482.14038815857,3169.18896484375
2026-06-03T12:07:10Z,80m_retry,26700,True,running,160666,196851,1632366560,4.815139293670654,4.8796427100896835,88275.1410171731,3176.44873046875
2026-06-03T12:08:10Z,80m,23796,False,running,18044,196851,183327040,nan,nan,94482.14038815857,3169.18896484375
2026-06-03T12:08:10Z,80m_retry,26700,True,running,161146,196851,1637243360,4.524016857147217,4.8796427100896835,88275.53186468179,3176.44873046875
2026-06-03T12:09:10Z,80m,23796,False,running,18044,196851,183327040,nan,nan,94482.14038815857,3169.18896484375
2026-06-03T12:09:10Z,80m_retry,26700,True,running,161653,196851,1642394480,4.748369216918945,4.8796427100896835,88275.55150760776,3176.44873046875
2026-06-03T12:10:11Z,80m,23796,False,running,18044,196851,183327040,nan,nan,94482.14038815857,3169.18896484375
2026-06-03T12:10:11Z,80m_retry,26700,True,running,162131,196851,1647250960,4.804074764251709,4.8796427100896835,88275.59459132909,3176.44873046875
2026-06-03T12:11:11Z,80m,23796,False,running,18044,196851,183327040,nan,nan,94482.14038815857,3169.18896484375
2026-06-03T12:11:11Z,80m_retry,26700,True,running,162638,196851,1652402080,4.65583610534668,4.8796427100896835,88275.85725918702,3176.44873046875
2026-06-03T12:12:12Z,80m,23796,False,running,18044,196851,183327040,nan,nan,94482.14038815857,3169.18896484375
2026-06-03T12:12:12Z,80m_retry,26700,True,running,163118,196851,1657278880,5.009124755859375,4.8796427100896835,88276.47724401449,3176.44873046875
2026-06-03T12:13:12Z,80m,23796,False,running,18044,196851,183327040,nan,nan,94482.14038815857,3169.18896484375
2026-06-03T12:13:12Z,80m_retry,26700,True,running,163625,196851,1662430000,4.75955057144165,4.8796427100896835,88276.97598565309,3176.44873046875
2026-06-03T12:14:13Z,80m,23796,False,running,18044,196851,183327040,nan,nan,94482.14038815857,3169.18896484375
2026-06-03T12:14:13Z,80m_retry,26700,True,running,164104,196851,1667296640,4.3699798583984375,4.8796427100896835,88277.46403055583,3176.44873046875
2026-06-03T12:15:13Z,80m,23796,False,running,18044,196851,183327040,nan,nan,94482.14038815857,3169.18896484375
2026-06-03T12:15:13Z,80m_retry,26700,True,running,164610,196851,1672437600,4.595637321472168,4.8796427100896835,88277.57454305264,3176.44873046875
2026-06-03T12:16:14Z,80m,23796,False,running,18044,196851,183327040,nan,nan,94482.14038815857,3169.18896484375
2026-06-03T12:16:14Z,80m_retry,26700,True,running,165089,196851,1677304240,4.674141883850098,4.8796427100896835,88277.73050374682,3176.44873046875
2026-06-03T12:17:14Z,80m,23796,False,running,18044,196851,183327040,nan,nan,94482.14038815857,3169.18896484375
2026-06-03T12:17:14Z,80m_retry,26700,True,running,165595,196851,1682445200,4.806615829467773,4.8796427100896835,88278.195798124,3176.44873046875
2026-06-03T12:18:14Z,80m,23796,False,running,18044,196851,183327040,nan,nan,94482.14038815857,3169.18896484375
2026-06-03T12:18:15Z,80m_retry,26700,True,running,166075,196851,1687322000,4.835982322692871,4.8796427100896835,88278.50651099891,3176.44873046875
2026-06-03T12:19:15Z,80m,23796,False,running,18044,196851,183327040,nan,nan,94482.14038815857,3169.18896484375
2026-06-03T12:19:15Z,80m_retry,26700,True,running,166581,196851,1692462960,4.598247528076172,4.8796427100896835,88278.88806565889,3176.44873046875
2026-06-03T12:20:15Z,80m,23796,False,running,18044,196851,183327040,nan,nan,94482.14038815857,3169.18896484375
2026-06-03T12:20:15Z,80m_retry,26700,True,running,167061,196851,1697339760,5.039586544036865,4.8796427100896835,88279.31689249346,3176.44873046875
2026-06-03T12:21:16Z,80m,23796,False,running,18044,196851,183327040,nan,nan,94482.14038815857,3169.18896484375
2026-06-03T12:21:16Z,80m_retry,26700,True,running,167526,196851,1702064160,4.874836444854736,4.842793866991997,88279.65384654095,3176.44873046875
2026-06-03T12:22:16Z,80m,23796,False,running,18044,196851,183327040,nan,nan,94482.14038815857,3169.18896484375
2026-06-03T12:22:16Z,80m_retry,26700,True,running,168005,196851,1706930800,4.541518211364746,4.842793866991997,88279.79889389582,3176.44873046875
2026-06-03T12:23:17Z,80m,23796,False,running,18044,196851,183327040,nan,nan,94482.14038815857,3169.18896484375
2026-06-03T12:23:17Z,80m_retry,26700,True,running,168510,196851,1712061600,4.923895835876465,4.842793866991997,88279.9962098603,3176.44873046875
2026-06-03T12:24:17Z,80m,23796,False,running,18044,196851,183327040,nan,nan,94482.14038815857,3169.18896484375
2026-06-03T12:24:17Z,80m_retry,26700,True,running,169000,196851,1717040000,4.814583778381348,4.842793866991997,88280.10762058246,3176.44873046875
2026-06-03T12:25:18Z,80m,23796,False,running,18044,196851,183327040,nan,nan,94482.14038815857,3169.18896484375
2026-06-03T12:25:18Z,80m_retry,26700,True,running,169494,196851,1722059040,4.646409034729004,4.842793866991997,88280.31961530281,3176.44873046875
2026-06-03T12:26:18Z,80m,23796,False,running,18044,196851,183327040,nan,nan,94482.14038815857,3169.18896484375
2026-06-03T12:26:18Z,80m_retry,26700,True,running,170000,196851,1727200000,4.476265907287598,4.842793866991997,88280.73070546312,3176.44873046875
2026-06-03T12:27:19Z,80m,23796,False,running,18044,196851,183327040,nan,nan,94482.14038815857,3169.18896484375
2026-06-03T12:27:19Z,80m_retry,26700,True,running,170481,196851,1732086960,4.790475845336914,4.842793866991997,88281.27475497895,3176.44873046875
2026-06-03T12:28:19Z,80m,23796,False,running,18044,196851,183327040,nan,nan,94482.14038815857,3169.18896484375
2026-06-03T12:28:19Z,80m_retry,26700,True,running,170987,196851,1737227920,4.536240100860596,4.842793866991997,88281.66719743633,3176.44873046875
2026-06-03T12:29:19Z,80m,23796,False,running,18044,196851,183327040,nan,nan,94482.14038815857,3169.18896484375
2026-06-03T12:29:20Z,80m_retry,26700,True,running,171467,196851,1742104720,5.056634902954102,4.842793866991997,88282.21798690168,3176.44873046875
2026-06-03T12:30:20Z,80m,23796,False,running,18044,196851,183327040,nan,nan,94482.14038815857,3169.18896484375
2026-06-03T12:30:20Z,80m_retry,26700,True,running,171973,196851,1747245680,4.499183177947998,4.842793866991997,88282.55162915352,3176.44873046875
2026-06-03T12:31:20Z,80m,23796,False,running,18044,196851,183327040,nan,nan,94482.14038815857,3169.18896484375
2026-06-03T12:31:20Z,80m_retry,26700,True,running,172452,196851,1752112320,4.892075061798096,4.842793866991997,88282.84221740431,3178.03857421875
2026-06-03T12:32:21Z,80m,23796,False,running,18044,196851,183327040,nan,nan,94482.14038815857,3169.18896484375
2026-06-03T12:32:21Z,80m_retry,26700,True,running,172957,196851,1757243120,4.7722601890563965,4.842793866991997,88283.13989320336,3178.03857421875
2026-06-03T12:33:21Z,80m,23796,False,running,18044,196851,183327040,nan,nan,94482.14038815857,3169.18896484375
2026-06-03T12:33:21Z,80m_retry,26700,True,running,173436,196851,1762109760,4.838022708892822,4.842793866991997,88283.44457961837,3178.03857421875
2026-06-03T12:34:22Z,80m,23796,False,running,18044,196851,183327040,nan,nan,94482.14038815857,3169.18896484375
2026-06-03T12:34:22Z,80m_retry,26700,True,running,173942,196851,1767250720,4.86885929107666,4.842793866991997,88283.73166252596,3178.03857421875
2026-06-03T12:35:22Z,80m,23796,False,running,18044,196851,183327040,nan,nan,94482.14038815857,3169.18896484375
2026-06-03T12:35:22Z,80m_retry,26700,True,running,174422,196851,1772127520,4.439090728759766,4.842793866991997,88284.2658067962,3178.03857421875
2026-06-03T12:36:23Z,80m,23796,False,running,18044,196851,183327040,nan,nan,94482.14038815857,3169.18896484375
2026-06-03T12:36:23Z,80m_retry,26700,True,running,174927,196851,1777258320,4.561537742614746,4.842793866991997,88284.58746420222,3178.03857421875
2026-06-03T12:37:23Z,80m,23796,False,running,18044,196851,183327040,nan,nan,94482.14038815857,3169.18896484375
2026-06-03T12:37:23Z,80m_retry,26700,True,running,175407,196851,1782135120,4.905939102172852,4.842793866991997,88285.02113077864,3178.03857421875
2026-06-03T12:38:23Z,80m,23796,False,running,18044,196851,183327040,nan,nan,94482.14038815857,3169.18896484375
2026-06-03T12:38:24Z,80m_retry,26700,True,running,175912,196851,1787265920,4.596527099609375,4.842793866991997,88285.35072235353,3178.03857421875
2026-06-03T12:39:24Z,80m,23796,False,running,18044,196851,183327040,nan,nan,94482.14038815857,3169.18896484375
2026-06-03T12:39:24Z,80m_retry,26700,True,running,176390,196851,1792122400,4.767955780029297,4.842793866991997,88285.28885441604,3178.03857421875
2026-06-03T12:40:24Z,80m,23796,False,running,18044,196851,183327040,nan,nan,94482.14038815857,3169.18896484375
2026-06-03T12:40:24Z,80m_retry,26700,True,running,176896,196851,1797263360,4.5190887451171875,4.842793866991997,88285.62612353609,3178.03857421875
2026-06-03T12:41:25Z,80m,23796,False,running,18044,196851,183327040,nan,nan,94482.14038815857,3169.18896484375
2026-06-03T12:41:25Z,80m_retry,26700,True,running,177309,196851,1801459440,4.509779453277588,4.816918730735779,88286.41590421375,3178.03857421875
2026-06-03T12:42:25Z,80m,23796,False,running,18044,196851,183327040,nan,nan,94482.14038815857,3169.18896484375
2026-06-03T12:42:25Z,80m_retry,26700,True,running,177814,196851,1806590240,5.045082092285156,4.816918730735779,88286.70378926613,3178.03857421875
2026-06-03T12:43:26Z,80m,23796,False,running,18044,196851,183327040,nan,nan,94482.14038815857,3169.18896484375
2026-06-03T12:43:26Z,80m_retry,26700,True,running,178292,196851,1811446720,4.925928115844727,4.816918730735779,88286.52361837063,3178.03857421875
2026-06-03T12:44:26Z,80m,23796,False,running,18044,196851,183327040,nan,nan,94482.14038815857,3169.18896484375
2026-06-03T12:44:26Z,80m_retry,26700,True,running,178796,196851,1816567360,4.586487293243408,4.816918730735779,88286.20938343258,3178.03857421875
2026-06-03T12:45:27Z,80m,23796,False,running,18044,196851,183327040,nan,nan,94482.14038815857,3169.18896484375
2026-06-03T12:45:27Z,80m_retry,26700,True,running,179275,196851,1821434000,4.515916347503662,4.816918730735779,88286.42827131502,3178.03857421875
2026-06-03T12:46:27Z,80m,23796,False,running,18044,196851,183327040,nan,nan,94482.14038815857,3169.18896484375
2026-06-03T12:46:27Z,80m_retry,26700,True,running,179780,196851,1826564800,4.475587368011475,4.816918730735779,88286.9066873936,3178.03857421875
2026-06-03T12:47:27Z,80m,23796,False,running,18044,196851,183327040,nan,nan,94482.14038815857,3169.18896484375
2026-06-03T12:47:28Z,80m_retry,26700,True,running,180259,196851,1831431440,4.3096723556518555,4.816918730735779,88287.29436222422,3178.03857421875
2026-06-03T12:48:28Z,80m,23796,False,running,18044,196851,183327040,nan,nan,94482.14038815857,3169.18896484375
2026-06-03T12:48:28Z,80m_retry,26700,True,running,180764,196851,1836562240,4.760743141174316,4.816918730735779,88287.70300579738,3178.03857421875
2026-06-03T12:49:28Z,80m,23796,False,running,18044,196851,183327040,nan,nan,94482.14038815857,3169.18896484375
2026-06-03T12:49:28Z,80m_retry,26700,True,running,181242,196851,1841418720,4.779819965362549,4.816918730735779,88287.98680220287,3178.03857421875
2026-06-03T12:50:29Z,80m,23796,False,running,18044,196851,183327040,nan,nan,94482.14038815857,3169.18896484375
2026-06-03T12:50:29Z,80m_retry,26700,True,running,181747,196851,1846549520,4.784680366516113,4.816918730735779,88288.30067106267,3178.03857421875
2026-06-03T12:51:29Z,80m,23796,False,running,18044,196851,183327040,nan,nan,94482.14038815857,3169.18896484375
2026-06-03T12:51:29Z,80m_retry,26700,True,running,182226,196851,1851416160,4.844170570373535,4.816918730735779,88288.54820139421,3178.03857421875
2026-06-03T12:52:30Z,80m,23796,False,running,18044,196851,183327040,nan,nan,94482.14038815857,3169.18896484375
2026-06-03T12:52:30Z,80m_retry,26700,True,running,182729,196851,1856526640,4.962510108947754,4.816918730735779,88287.94991146892,3178.03857421875
2026-06-03T12:53:30Z,80m,23796,False,running,18044,196851,183327040,nan,nan,94482.14038815857,3169.18896484375
2026-06-03T12:53:30Z,80m_retry,26700,True,running,183207,196851,1861383120,4.6905198097229,4.816918730735779,88287.63813856513,3178.03857421875
2026-06-03T12:54:31Z,80m,23796,False,running,18044,196851,183327040,nan,nan,94482.14038815857,3169.18896484375
2026-06-03T12:54:31Z,80m_retry,26700,True,running,183712,196851,1866513920,4.776671409606934,4.816918730735779,88287.95000963667,3178.03857421875
2026-06-03T12:55:31Z,80m,23796,False,running,18044,196851,183327040,nan,nan,94482.14038815857,3169.18896484375
2026-06-03T12:55:31Z,80m_retry,26700,True,running,184190,196851,1871370400,4.635674476623535,4.816918730735779,88288.36702318663,3178.03857421875
2026-06-03T12:56:31Z,80m,23796,False,running,18044,196851,183327040,nan,nan,94482.14038815857,3169.18896484375
2026-06-03T12:56:32Z,80m_retry,26700,True,running,184695,196851,1876501200,5.081193923950195,4.816918730735779,88288.77140058485,3178.03857421875
2026-06-03T12:57:32Z,80m,23796,False,running,18044,196851,183327040,nan,nan,94482.14038815857,3169.18896484375
2026-06-03T12:57:32Z,80m_retry,26700,True,running,185174,196851,1881367840,4.533413887023926,4.816918730735779,88289.09380756933,3178.03857421875
2026-06-03T12:58:32Z,80m,23796,False,running,18044,196851,183327040,nan,nan,94482.14038815857,3169.18896484375
2026-06-03T12:58:32Z,80m_retry,26700,True,running,185679,196851,1886498640,4.974991798400879,4.816918730735779,88289.4294646281,3178.03857421875
2026-06-03T12:59:33Z,80m,23796,False,running,18044,196851,183327040,nan,nan,94482.14038815857,3169.18896484375
2026-06-03T12:59:33Z,80m_retry,26700,True,running,186156,196851,1891344960,4.949068069458008,4.816918730735779,88289.70605277408,3178.03857421875
2026-06-03T13:00:33Z,80m,23796,False,running,18044,196851,183327040,nan,nan,94482.14038815857,3169.18896484375
2026-06-03T13:00:33Z,80m_retry,26700,True,running,186661,196851,1896475760,5.0229644775390625,4.816918730735779,88290.00320030954,3178.03857421875
2026-06-03T13:01:34Z,80m,23796,False,running,18044,196851,183327040,nan,nan,94482.14038815857,3169.18896484375
2026-06-03T13:01:34Z,80m_retry,26700,True,running,187099,196851,1900925840,4.910801410675049,4.831647455692291,88290.42128052158,3178.03857421875
2026-06-03T13:02:34Z,80m,23796,False,running,18044,196851,183327040,nan,nan,94482.14038815857,3169.18896484375
2026-06-03T13:02:34Z,80m_retry,26700,True,running,187604,196851,1906056640,4.812075614929199,4.831647455692291,88290.55484619619,3178.03857421875
2026-06-03T13:03:35Z,80m,23796,False,running,18044,196851,183327040,nan,nan,94482.14038815857,3169.18896484375
2026-06-03T13:03:35Z,80m_retry,26700,True,running,188081,196851,1910902960,4.8698625564575195,4.831647455692291,88290.54309554855,3178.03857421875
2026-06-03T13:04:35Z,80m,23796,False,running,18044,196851,183327040,nan,nan,94482.14038815857,3169.18896484375
2026-06-03T13:04:35Z,80m_retry,26700,True,running,188586,196851,1916033760,4.996642112731934,4.831647455692291,88290.84355598668,3178.03857421875
2026-06-03T13:05:36Z,80m,23796,False,running,18044,196851,183327040,nan,nan,94482.14038815857,3169.18896484375
2026-06-03T13:05:36Z,80m_retry,26700,True,running,189063,196851,1920880080,4.677196025848389,4.831647455692291,88291.11445918964,3178.03857421875
2026-06-03T13:06:36Z,80m,23796,False,running,18044,196851,183327040,nan,nan,94482.14038815857,3169.18896484375
2026-06-03T13:06:36Z,80m_retry,26700,True,running,189567,196851,1926000720,4.336270809173584,4.831647455692291,88291.44892566444,3178.03857421875
2026-06-03T13:07:36Z,80m,23796,False,running,18044,196851,183327040,nan,nan,94482.14038815857,3169.18896484375
2026-06-03T13:07:37Z,80m_retry,26700,True,running,190045,196851,1930857200,4.907654762268066,4.831647455692291,88291.67690390929,3178.03857421875
2026-06-03T13:08:37Z,80m,23796,False,running,18044,196851,183327040,nan,nan,94482.14038815857,3169.18896484375
2026-06-03T13:08:37Z,80m_retry,26700,True,running,190550,196851,1935988000,4.650512218475342,4.831647455692291,88292.08259530937,3178.03857421875
2026-06-03T13:09:37Z,80m,23796,False,running,18044,196851,183327040,nan,nan,94482.14038815857,3169.18896484375
2026-06-03T13:09:37Z,80m_retry,26700,True,running,191027,196851,1940834320,4.651495933532715,4.831647455692291,88292.25439540352,3178.03857421875
2026-06-03T13:10:38Z,80m,23796,False,running,18044,196851,183327040,nan,nan,94482.14038815857,3169.18896484375
2026-06-03T13:10:38Z,80m_retry,26700,True,running,191532,196851,1945965120,4.484383583068848,4.831647455692291,88292.6010968696,3178.03857421875
2026-06-03T13:11:38Z,80m,23796,False,running,18044,196851,183327040,nan,nan,94482.14038815857,3169.18896484375
2026-06-03T13:11:38Z,80m_retry,26700,True,running,192011,196851,1950831760,4.432132720947266,4.831647455692291,88292.76181032008,3178.03857421875
2026-06-03T13:12:39Z,80m,23796,False,running,18044,196851,183327040,nan,nan,94482.14038815857,3169.18896484375
2026-06-03T13:12:39Z,80m_retry,26700,True,running,192515,196851,1955952400,4.87254524230957,4.831647455692291,88293.03256929733,3178.03857421875
2026-06-03T13:13:39Z,80m,23796,False,running,18044,196851,183327040,nan,nan,94482.14038815857,3169.18896484375
2026-06-03T13:13:39Z,80m_retry,26700,True,running,193000,196851,1960880000,4.708822250366211,4.831647455692291,88293.192966636,3178.03857421875
2026-06-03T13:14:40Z,80m,23796,False,running,18044,196851,183327040,nan,nan,94482.14038815857,3169.18896484375
2026-06-03T13:14:40Z,80m_retry,26700,True,running,193496,196851,1965919360,4.776177883148193,4.831647455692291,88293.40530288749,3178.03857421875
2026-06-03T13:15:40Z,80m,23796,False,running,18044,196851,183327040,nan,nan,94482.14038815857,3169.18896484375
2026-06-03T13:15:40Z,80m_retry,26700,True,running,194000,196851,1971040000,4.627529144287109,4.831647455692291,88293.73828203494,3178.03857421875
2026-06-03T13:16:41Z,80m,23796,False,running,18044,196851,183327040,nan,nan,94482.14038815857,3169.18896484375
2026-06-03T13:16:41Z,80m_retry,26700,True,running,194478,196851,1975896480,4.769166469573975,4.831647455692291,88293.8039170201,3178.03857421875
2026-06-03T13:17:41Z,80m,23796,False,running,18044,196851,183327040,nan,nan,94482.14038815857,3169.18896484375
2026-06-03T13:17:41Z,80m_retry,26700,True,running,194982,196851,1981017120,4.66132116317749,4.831647455692291,88293.90061118288,3178.03857421875
2026-06-03T13:18:42Z,80m,23796,False,running,18044,196851,183327040,nan,nan,94482.14038815857,3169.18896484375
2026-06-03T13:18:42Z,80m_retry,26700,True,running,195460,196851,1985873600,4.6361002922058105,4.831647455692291,88294.07731850263,3178.03857421875
2026-06-03T13:19:42Z,80m,23796,False,running,18044,196851,183327040,nan,nan,94482.14038815857,3169.18896484375
2026-06-03T13:19:42Z,80m_retry,26700,True,running,195964,196851,1990994240,4.606313705444336,4.831647455692291,88294.30363839741,3178.03857421875
2026-06-03T13:20:42Z,80m,23796,False,running,18044,196851,183327040,nan,nan,94482.14038815857,3169.18896484375
2026-06-03T13:20:43Z,80m_retry,26700,True,running,196442,196851,1995850720,4.734713554382324,4.831647455692291,88294.6810395801,3178.03857421875
2026-06-03T13:21:43Z,80m,23796,False,running,18044,196851,183327040,nan,nan,94482.14038815857,3169.18896484375
2026-06-03T13:21:43Z,80m_retry,26700,False,completed,196851,196851,2000006160,,,88294.77977752594,3178.03857421875
2026-06-03T13:22:44Z,80m,23796,False,running,18044,196851,183327040,nan,nan,94482.14038815857,3169.18896484375
2026-06-03T13:22:44Z,80m_retry,26700,False,completed,196851,196851,2000006160,,,88294.77977752594,3178.03857421875
2026-06-03T13:23:45Z,80m,23796,False,running,18044,196851,183327040,nan,nan,94482.14038815857,3169.18896484375
2026-06-03T13:23:45Z,80m_retry,26700,False,completed,196851,196851,2000006160,,,88294.77977752594,3178.03857421875
2026-06-03T13:23:45Z,160m,27784,True,running,176,196851,1788160,6.853968620300293,10.833824813365936,41327.735599586405,4820.8134765625
2026-06-03T13:24:45Z,80m,23796,False,running,18044,196851,183327040,nan,nan,94482.14038815857,3169.18896484375
2026-06-03T13:24:45Z,80m_retry,26700,False,completed,196851,196851,2000006160,,,88294.77977752594,3178.03857421875
2026-06-03T13:24:45Z,160m,27784,True,running,413,196851,4196080,6.7925848960876465,10.833824813365936,40609.653084719124,4820.8134765625
2026-06-03T13:25:46Z,80m,23796,False,running,18044,196851,183327040,nan,nan,94482.14038815857,3169.18896484375
2026-06-03T13:25:46Z,80m_retry,26700,False,completed,196851,196851,2000006160,,,88294.77977752594,3178.03857421875
2026-06-03T13:25:46Z,160m,27784,True,running,648,196851,6583680,6.803910255432129,10.833824813365936,40247.99011655594,4826.33837890625
2026-06-03T13:26:46Z,80m,23796,False,running,18044,196851,183327040,nan,nan,94482.14038815857,3169.18896484375
2026-06-03T13:26:46Z,80m_retry,26700,False,completed,196851,196851,2000006160,,,88294.77977752594,3178.03857421875
2026-06-03T13:26:46Z,160m,27784,True,running,882,196851,8961120,6.486529350280762,10.833824813365936,40087.73214889107,4826.33837890625
2026-06-03T13:27:47Z,80m,23796,False,running,18044,196851,183327040,nan,nan,94482.14038815857,3169.18896484375
2026-06-03T13:27:47Z,80m_retry,26700,False,completed,196851,196851,2000006160,,,88294.77977752594,3178.03857421875
2026-06-03T13:27:47Z,160m,27784,True,running,1093,196851,11104880,7.060589790344238,10.833824813365936,40074.0200011464,4826.33837890625
2026-06-03T13:28:47Z,80m,23796,False,running,18044,196851,183327040,nan,nan,94482.14038815857,3169.18896484375
2026-06-03T13:28:47Z,80m_retry,26700,False,completed,196851,196851,2000006160,,,88294.77977752594,3178.03857421875
2026-06-03T13:28:47Z,160m,27784,True,running,1330,196851,13512800,6.287815093994141,10.833824813365936,40055.82097967452,4826.33837890625
2026-06-03T13:29:48Z,80m,23796,False,running,18044,196851,183327040,nan,nan,94482.14038815857,3169.18896484375
2026-06-03T13:29:48Z,80m_retry,26700,False,completed,196851,196851,2000006160,,,88294.77977752594,3178.03857421875
2026-06-03T13:29:48Z,160m,27784,True,running,1566,196851,15910560,6.506579399108887,10.833824813365936,40045.451271090074,4826.33837890625
2026-06-03T13:30:48Z,80m,23796,False,running,18044,196851,183327040,nan,nan,94482.14038815857,3169.18896484375
2026-06-03T13:30:48Z,80m_retry,26700,False,completed,196851,196851,2000006160,,,88294.77977752594,3178.03857421875
2026-06-03T13:30:49Z,160m,27784,True,running,1803,196851,18318480,6.257720470428467,10.833824813365936,40056.53220633149,4826.33837890625
2026-06-03T13:31:49Z,80m,23796,False,running,18044,196851,183327040,nan,nan,94482.14038815857,3169.18896484375
2026-06-03T13:31:49Z,80m_retry,26700,False,completed,196851,196851,2000006160,,,88294.77977752594,3178.03857421875
2026-06-03T13:31:49Z,160m,27784,True,running,2015,196851,20472400,6.348264217376709,10.833824813365936,40069.86666381513,4826.33837890625
2026-06-03T13:32:50Z,80m,23796,False,running,18044,196851,183327040,nan,nan,94482.14038815857,3169.18896484375
2026-06-03T13:32:50Z,80m_retry,26700,False,completed,196851,196851,2000006160,,,88294.77977752594,3178.03857421875
2026-06-03T13:32:50Z,160m,27784,True,running,2253,196851,22890480,5.893854141235352,10.833824813365936,40084.04925984478,4826.33837890625
2026-06-03T13:33:50Z,80m,23796,False,running,18044,196851,183327040,nan,nan,94482.14038815857,3169.18896484375
2026-06-03T13:33:50Z,80m_retry,26700,False,completed,196851,196851,2000006160,,,88294.77977752594,3178.03857421875
2026-06-03T13:33:50Z,160m,27784,True,running,2490,196851,25298400,6.551328659057617,10.833824813365936,40075.38330661182,4826.33837890625
2026-06-03T13:34:51Z,80m,23796,False,running,18044,196851,183327040,nan,nan,94482.14038815857,3169.18896484375
2026-06-03T13:34:51Z,80m_retry,26700,False,completed,196851,196851,2000006160,,,88294.77977752594,3178.03857421875
2026-06-03T13:34:51Z,160m,27784,True,running,2727,196851,27706320,6.062259674072266,10.833824813365936,40074.57098696087,4826.33837890625
2026-06-03T13:35:51Z,80m,23796,False,running,18044,196851,183327040,nan,nan,94482.14038815857,3169.18896484375
2026-06-03T13:35:51Z,80m_retry,26700,False,completed,196851,196851,2000006160,,,88294.77977752594,3178.03857421875
2026-06-03T13:35:51Z,160m,27784,True,running,2964,196851,30114240,6.479836940765381,10.833824813365936,40064.683051827466,4826.33837890625
2026-06-03T13:36:52Z,80m,23796,False,running,18044,196851,183327040,nan,nan,94482.14038815857,3169.18896484375
2026-06-03T13:36:52Z,80m_retry,26700,False,completed,196851,196851,2000006160,,,88294.77977752594,3178.03857421875
2026-06-03T13:36:52Z,160m,27784,True,running,3176,196851,32268160,6.616029739379883,10.833824813365936,40071.71866227615,4826.33837890625
2026-06-03T13:37:52Z,80m,23796,False,running,18044,196851,183327040,nan,nan,94482.14038815857,3169.18896484375
2026-06-03T13:37:53Z,80m_retry,26700,False,completed,196851,196851,2000006160,,,88294.77977752594,3178.03857421875
2026-06-03T13:37:53Z,160m,27784,True,running,3412,196851,34665920,6.16455078125,10.833824813365936,40066.55839769959,4826.33837890625
2026-06-03T13:38:53Z,80m,23796,False,running,18044,196851,183327040,nan,nan,94482.14038815857,3169.18896484375
2026-06-03T13:38:53Z,80m_retry,26700,False,completed,196851,196851,2000006160,,,88294.77977752594,3178.03857421875
2026-06-03T13:38:53Z,160m,27784,True,running,3649,196851,37073840,5.798149585723877,10.833824813365936,40066.22961856027,4826.33837890625
2026-06-03T13:39:54Z,80m,23796,False,running,18044,196851,183327040,nan,nan,94482.14038815857,3169.18896484375
2026-06-03T13:39:54Z,80m_retry,26700,False,completed,196851,196851,2000006160,,,88294.77977752594,3178.03857421875
2026-06-03T13:39:54Z,160m,27784,True,running,3886,196851,39481760,5.970254898071289,10.833824813365936,40066.54758104505,4826.33837890625
2026-06-03T13:40:54Z,80m,23796,False,running,18044,196851,183327040,nan,nan,94482.14038815857,3169.18896484375
2026-06-03T13:40:54Z,80m_retry,26700,False,completed,196851,196851,2000006160,,,88294.77977752594,3178.03857421875
2026-06-03T13:40:54Z,160m,27784,True,running,4099,196851,41645840,6.192659378051758,10.833824813365936,40073.25254743137,4826.33837890625
2026-06-03T13:41:55Z,80m,23796,False,running,18044,196851,183327040,nan,nan,94482.14038815857,3169.18896484375
2026-06-03T13:41:55Z,80m_retry,26700,False,completed,196851,196851,2000006160,,,88294.77977752594,3178.03857421875
2026-06-03T13:41:55Z,160m,27784,True,running,4335,196851,44043600,5.790975570678711,10.833824813365936,40065.8182540231,4826.33837890625
2026-06-03T13:42:55Z,80m,23796,False,running,18044,196851,183327040,nan,nan,94482.14038815857,3169.18896484375
2026-06-03T13:42:55Z,80m_retry,26700,False,completed,196851,196851,2000006160,,,88294.77977752594,3178.03857421875
2026-06-03T13:42:55Z,160m,27784,True,running,4571,196851,46441360,5.811293125152588,10.833824813365936,40060.08562223832,4826.33837890625
2026-06-03T13:43:56Z,80m,23796,False,running,18044,196851,183327040,nan,nan,94482.14038815857,3169.18896484375
2026-06-03T13:43:56Z,80m_retry,26700,False,completed,196851,196851,2000006160,,,88294.77977752594,3178.03857421875
2026-06-03T13:43:56Z,160m,27784,True,running,4809,196851,48859440,5.822920322418213,10.833824813365936,40061.052967194126,4826.33837890625
2026-06-03T13:44:56Z,80m,23796,False,running,18044,196851,183327040,nan,nan,94482.14038815857,3169.18896484375
2026-06-03T13:44:56Z,80m_retry,26700,False,completed,196851,196851,2000006160,,,88294.77977752594,3178.03857421875
2026-06-03T13:44:56Z,160m,27784,True,running,5021,196851,51013360,5.432392120361328,10.833824813365936,40064.62388516729,4826.33837890625
2026-06-03T13:45:57Z,80m,23796,False,running,18044,196851,183327040,nan,nan,94482.14038815857,3169.18896484375
2026-06-03T13:45:57Z,80m_retry,26700,False,completed,196851,196851,2000006160,,,88294.77977752594,3178.03857421875
2026-06-03T13:45:57Z,160m,27784,True,running,5259,196851,53431440,5.742414951324463,10.833824813365936,40069.13882681272,4836.28466796875
2026-06-03T13:46:57Z,80m,23796,False,running,18044,196851,183327040,nan,nan,94482.14038815857,3169.18896484375
2026-06-03T13:46:57Z,80m_retry,26700,False,completed,196851,196851,2000006160,,,88294.77977752594,3178.03857421875
2026-06-03T13:46:58Z,160m,27784,True,running,5495,196851,55829200,5.837143898010254,10.833824813365936,40064.393949496,4836.28466796875
2026-06-03T13:47:58Z,80m,23796,False,running,18044,196851,183327040,nan,nan,94482.14038815857,3169.18896484375
2026-06-03T13:47:58Z,80m_retry,26700,False,completed,196851,196851,2000006160,,,88294.77977752594,3178.03857421875
2026-06-03T13:47:58Z,160m,27784,True,running,5732,196851,58237120,5.683290481567383,10.833824813365936,40065.97316129513,4836.28466796875
2026-06-03T13:48:58Z,80m,23796,False,running,18044,196851,183327040,nan,nan,94482.14038815857,3169.18896484375
2026-06-03T13:48:59Z,80m_retry,26700,False,completed,196851,196851,2000006160,,,88294.77977752594,3178.03857421875
2026-06-03T13:48:59Z,160m,27784,True,running,5970,196851,60655200,5.8423357009887695,10.833824813365936,40068.579991407765,4836.28466796875
2026-06-03T13:49:59Z,80m,23796,False,running,18044,196851,183327040,nan,nan,94482.14038815857,3169.18896484375
2026-06-03T13:49:59Z,80m_retry,26700,False,completed,196851,196851,2000006160,,,88294.77977752594,3178.03857421875
2026-06-03T13:49:59Z,160m,27784,True,running,6182,196851,62809120,5.613325119018555,10.833824813365936,40074.02524828793,4836.28466796875
2026-06-03T13:51:00Z,80m,23796,False,running,18044,196851,183327040,nan,nan,94482.14038815857,3169.18896484375
2026-06-03T13:51:00Z,80m_retry,26700,False,completed,196851,196851,2000006160,,,88294.77977752594,3178.03857421875
2026-06-03T13:51:00Z,160m,27784,True,running,6418,196851,65206880,5.724963188171387,10.833824813365936,40069.26950520691,4837.736328125
2026-06-03T13:52:00Z,80m,23796,False,running,18044,196851,183327040,nan,nan,94482.14038815857,3169.18896484375
2026-06-03T13:52:00Z,80m_retry,26700,False,completed,196851,196851,2000006160,,,88294.77977752594,3178.03857421875
2026-06-03T13:52:00Z,160m,27784,True,running,6655,196851,67614800,5.907443523406982,10.833824813365936,40068.12210803748,4837.736328125
2026-06-03T13:53:01Z,80m,23796,False,running,18044,196851,183327040,nan,nan,94482.14038815857,3169.18896484375
2026-06-03T13:53:01Z,80m_retry,26700,False,completed,196851,196851,2000006160,,,88294.77977752594,3178.03857421875
2026-06-03T13:53:01Z,160m,27784,True,running,6892,196851,70022720,5.513082027435303,10.833824813365936,40068.72468787221,4837.736328125
2026-06-03T13:54:01Z,80m,23796,False,running,18044,196851,183327040,nan,nan,94482.14038815857,3169.18896484375
2026-06-03T13:54:01Z,80m_retry,26700,False,completed,196851,196851,2000006160,,,88294.77977752594,3178.03857421875
2026-06-03T13:54:01Z,160m,27784,True,running,7104,196851,72176640,5.531279563903809,10.833824813365936,40072.476505035025,4837.736328125
2026-06-03T13:55:02Z,80m,23796,False,running,18044,196851,183327040,nan,nan,94482.14038815857,3169.18896484375
2026-06-03T13:55:02Z,80m_retry,26700,False,completed,196851,196851,2000006160,,,88294.77977752594,3178.03857421875
2026-06-03T13:55:02Z,160m,27784,True,running,7341,196851,74584560,5.580039978027344,10.833824813365936,40069.001104022864,4837.736328125
2026-06-03T13:56:02Z,80m,23796,False,running,18044,196851,183327040,nan,nan,94482.14038815857,3169.18896484375
2026-06-03T13:56:02Z,80m_retry,26700,False,completed,196851,196851,2000006160,,,88294.77977752594,3178.03857421875
2026-06-03T13:56:02Z,160m,27784,True,running,7577,196851,76982320,5.718484878540039,10.833824813365936,40064.21875474377,4837.736328125
2026-06-03T13:57:03Z,80m,23796,False,running,18044,196851,183327040,nan,nan,94482.14038815857,3169.18896484375
2026-06-03T13:57:03Z,80m_retry,26700,False,completed,196851,196851,2000006160,,,88294.77977752594,3178.03857421875
2026-06-03T13:57:03Z,160m,27784,True,running,7813,196851,79380080,5.476078033447266,10.833824813365936,40054.51640042663,4837.736328125
2026-06-03T13:58:04Z,80m,23796,False,running,18044,196851,183327040,nan,nan,94482.14038815857,3169.18896484375
2026-06-03T13:58:04Z,80m_retry,26700,False,completed,196851,196851,2000006160,,,88294.77977752594,3178.03857421875
2026-06-03T13:58:04Z,160m,27784,True,running,8023,196851,81513680,5.576448440551758,10.833824813365936,40047.36137635892,4837.736328125
2026-06-03T13:59:04Z,80m,23796,False,running,18044,196851,183327040,nan,nan,94482.14038815857,3169.18896484375
2026-06-03T13:59:04Z,80m_retry,26700,False,completed,196851,196851,2000006160,,,88294.77977752594,3178.03857421875
2026-06-03T13:59:05Z,160m,27784,True,running,8258,196851,83901280,5.732452392578125,10.833824813365936,40036.92135005341,4837.736328125
2026-06-03T14:00:05Z,80m,23796,False,running,18044,196851,183327040,nan,nan,94482.14038815857,3169.18896484375
2026-06-03T14:00:05Z,80m_retry,26700,False,completed,196851,196851,2000006160,,,88294.77977752594,3178.03857421875
2026-06-03T14:00:05Z,160m,27784,True,running,8492,196851,86278720,5.531533718109131,10.833824813365936,40019.6768315363,4837.736328125
2026-06-03T14:01:06Z,80m,23796,False,running,18044,196851,183327040,nan,nan,94482.14038815857,3169.18896484375
2026-06-03T14:01:06Z,80m_retry,26700,False,completed,196851,196851,2000006160,,,88294.77977752594,3178.03857421875
2026-06-03T14:01:06Z,160m,27784,True,running,8727,196851,88666320,5.486854076385498,10.833824813365936,40013.02182554869,4837.736328125
2026-06-03T14:02:06Z,80m,23796,False,running,18044,196851,183327040,nan,nan,94482.14038815857,3169.18896484375
2026-06-03T14:02:06Z,80m_retry,26700,False,completed,196851,196851,2000006160,,,88294.77977752594,3178.03857421875
2026-06-03T14:02:06Z,160m,27784,True,running,8961,196851,91043760,5.424930572509766,10.833824813365936,40003.15608877877,4837.736328125
2026-06-03T14:03:07Z,80m,23796,False,running,18044,196851,183327040,nan,nan,94482.14038815857,3169.18896484375
2026-06-03T14:03:07Z,80m_retry,26700,False,completed,196851,196851,2000006160,,,88294.77977752594,3178.03857421875
2026-06-03T14:03:07Z,160m,27784,True,running,9173,196851,93197680,5.848904609680176,10.833824813365936,40009.25542548603,4837.736328125
2026-06-03T14:04:07Z,80m,23796,False,running,18044,196851,183327040,nan,nan,94482.14038815857,3169.18896484375
2026-06-03T14:04:08Z,80m_retry,26700,False,completed,196851,196851,2000006160,,,88294.77977752594,3178.03857421875
2026-06-03T14:04:08Z,160m,27784,True,running,9409,196851,95595440,5.61330509185791,10.833824813365936,40008.70966368251,4837.736328125
2026-06-03T14:05:08Z,80m,23796,False,running,18044,196851,183327040,nan,nan,94482.14038815857,3169.18896484375
2026-06-03T14:05:08Z,80m_retry,26700,False,completed,196851,196851,2000006160,,,88294.77977752594,3178.03857421875
2026-06-03T14:05:08Z,160m,27784,True,running,9646,196851,98003360,5.484437942504883,10.833824813365936,40009.712811892554,4837.736328125
2026-06-03T14:06:09Z,80m,23796,False,running,18044,196851,183327040,nan,nan,94482.14038815857,3169.18896484375
2026-06-03T14:06:09Z,80m_retry,26700,False,completed,196851,196851,2000006160,,,88294.77977752594,3178.03857421875
2026-06-03T14:06:09Z,160m,27784,True,running,9845,196851,100025200,5.502774238586426,5.583360210061073,40011.70146619024,4837.736328125
2026-06-03T14:07:09Z,80m,23796,False,running,18044,196851,183327040,nan,nan,94482.14038815857,3169.18896484375
2026-06-03T14:07:09Z,80m_retry,26700,False,completed,196851,196851,2000006160,,,88294.77977752594,3178.03857421875
2026-06-03T14:07:09Z,160m,27784,True,running,10058,196851,102189280,5.735532760620117,5.583360210061073,40019.899821754385,4837.736328125
2026-06-03T14:08:10Z,80m,23796,False,running,18044,196851,183327040,nan,nan,94482.14038815857,3169.18896484375
2026-06-03T14:08:10Z,80m_retry,26700,False,completed,196851,196851,2000006160,,,88294.77977752594,3178.03857421875
2026-06-03T14:08:10Z,160m,27784,True,running,10295,196851,104597200,5.626454830169678,5.583360210061073,40022.63815241356,4837.736328125
2026-06-03T14:09:10Z,80m,23796,False,running,18044,196851,183327040,nan,nan,94482.14038815857,3169.18896484375
2026-06-03T14:09:10Z,80m_retry,26700,False,completed,196851,196851,2000006160,,,88294.77977752594,3178.03857421875
2026-06-03T14:09:10Z,160m,27784,True,running,10532,196851,107005120,5.2009806632995605,5.583360210061073,40022.5998842069,4837.736328125
2026-06-03T14:10:11Z,80m,23796,False,running,18044,196851,183327040,nan,nan,94482.14038815857,3169.18896484375
2026-06-03T14:10:11Z,80m_retry,26700,False,completed,196851,196851,2000006160,,,88294.77977752594,3178.03857421875
2026-06-03T14:10:11Z,160m,27784,True,running,10769,196851,109413040,5.501079082489014,5.583360210061073,40022.4728269966,4837.736328125
2026-06-03T14:11:11Z,80m,23796,False,running,18044,196851,183327040,nan,nan,94482.14038815857,3169.18896484375
2026-06-03T14:11:12Z,80m_retry,26700,False,completed,196851,196851,2000006160,,,88294.77977752594,3178.03857421875
2026-06-03T14:11:12Z,160m,27784,True,running,11000,196851,111760000,5.265549659729004,5.583360210061073,40024.30034854517,4837.736328125
2026-06-03T14:12:12Z,80m,23796,False,running,18044,196851,183327040,nan,nan,94482.14038815857,3169.18896484375
2026-06-03T14:12:12Z,80m_retry,26700,False,completed,196851,196851,2000006160,,,88294.77977752594,3178.03857421875
2026-06-03T14:12:12Z,160m,27784,True,running,11219,196851,113985040,5.567481994628906,5.583360210061073,40029.75381811771,4837.736328125
2026-06-03T14:13:13Z,80m,23796,False,running,18044,196851,183327040,nan,nan,94482.14038815857,3169.18896484375
2026-06-03T14:13:13Z,80m_retry,26700,False,completed,196851,196851,2000006160,,,88294.77977752594,3178.03857421875
2026-06-03T14:13:13Z,160m,27784,True,running,11456,196851,116392960,5.4480438232421875,5.583360210061073,40030.8352237143,4837.736328125
2026-06-03T14:14:13Z,80m,23796,False,running,18044,196851,183327040,nan,nan,94482.14038815857,3169.18896484375
2026-06-03T14:14:13Z,80m_retry,26700,False,completed,196851,196851,2000006160,,,88294.77977752594,3178.03857421875
2026-06-03T14:14:13Z,160m,27784,True,running,11693,196851,118800880,5.48844051361084,5.583360210061073,40030.62168109014,4837.736328125
2026-06-03T14:15:14Z,80m,23796,False,running,18044,196851,183327040,nan,nan,94482.14038815857,3169.18896484375
2026-06-03T14:15:14Z,80m_retry,26700,False,completed,196851,196851,2000006160,,,88294.77977752594,3178.03857421875
2026-06-03T14:15:14Z,160m,27784,True,running,11930,196851,121208800,5.454140663146973,5.583360210061073,40032.79406926159,4837.736328125
2026-06-03T14:16:14Z,80m,23796,False,running,18044,196851,183327040,nan,nan,94482.14038815857,3169.18896484375
2026-06-03T14:16:14Z,80m_retry,26700,False,completed,196851,196851,2000006160,,,88294.77977752594,3178.03857421875
2026-06-03T14:16:14Z,160m,27784,True,running,12143,196851,123372880,5.566664218902588,5.583360210061073,40037.94664315455,4837.736328125
2026-06-03T14:17:15Z,80m,23796,False,running,18044,196851,183327040,nan,nan,94482.14038815857,3169.18896484375
2026-06-03T14:17:15Z,80m_retry,26700,False,completed,196851,196851,2000006160,,,88294.77977752594,3178.03857421875
2026-06-03T14:17:15Z,160m,27784,True,running,12380,196851,125780800,5.410971641540527,5.583360210061073,40040.12233999181,4837.736328125
2026-06-03T14:18:15Z,80m,23796,False,running,18044,196851,183327040,nan,nan,94482.14038815857,3169.18896484375
2026-06-03T14:18:15Z,80m_retry,26700,False,completed,196851,196851,2000006160,,,88294.77977752594,3178.03857421875
2026-06-03T14:18:15Z,160m,27784,True,running,12617,196851,128188720,5.4911603927612305,5.583360210061073,40041.23776773051,4837.736328125
2026-06-03T14:19:16Z,80m,23796,False,running,18044,196851,183327040,nan,nan,94482.14038815857,3169.18896484375
2026-06-03T14:19:16Z,80m_retry,26700,False,completed,196851,196851,2000006160,,,88294.77977752594,3178.03857421875
2026-06-03T14:19:16Z,160m,27784,True,running,12855,196851,130606800,5.505709648132324,5.583360210061073,40043.25108196706,4837.736328125
2026-06-03T14:20:16Z,80m,23796,False,running,18044,196851,183327040,nan,nan,94482.14038815857,3169.18896484375
2026-06-03T14:20:16Z,80m_retry,26700,False,completed,196851,196851,2000006160,,,88294.77977752594,3178.03857421875
2026-06-03T14:20:17Z,160m,27784,True,running,13067,196851,132760720,5.321706771850586,5.583360210061073,40047.46811632068,4837.736328125
2026-06-03T14:21:17Z,80m,23796,False,running,18044,196851,183327040,nan,nan,94482.14038815857,3169.18896484375
2026-06-03T14:21:17Z,80m_retry,26700,False,completed,196851,196851,2000006160,,,88294.77977752594,3178.03857421875
2026-06-03T14:21:17Z,160m,27784,True,running,13305,196851,135178800,5.3600029945373535,5.583360210061073,40050.39890588783,4837.736328125
2026-06-03T14:22:17Z,80m,23796,False,running,18044,196851,183327040,nan,nan,94482.14038815857,3169.18896484375
2026-06-03T14:22:18Z,80m_retry,26700,False,completed,196851,196851,2000006160,,,88294.77977752594,3178.03857421875
2026-06-03T14:22:18Z,160m,27784,True,running,13542,196851,137586720,5.421807289123535,5.583360210061073,40051.64262153638,4837.736328125
2026-06-03T14:23:18Z,80m,23796,False,running,18044,196851,183327040,nan,nan,94482.14038815857,3169.18896484375
2026-06-03T14:23:18Z,80m_retry,26700,False,completed,196851,196851,2000006160,,,88294.77977752594,3178.03857421875
2026-06-03T14:23:18Z,160m,27784,True,running,13780,196851,140004800,6.1574859619140625,5.583360210061073,40052.89317359859,4837.736328125
2026-06-03T14:24:19Z,80m,23796,False,running,18044,196851,183327040,nan,nan,94482.14038815857,3169.18896484375
2026-06-03T14:24:19Z,80m_retry,26700,False,completed,196851,196851,2000006160,,,88294.77977752594,3178.03857421875
2026-06-03T14:24:19Z,160m,27784,True,running,14000,196851,142240000,5.110469818115234,5.583360210061073,40054.582259845374,4837.736328125
2026-06-03T14:25:19Z,80m,23796,False,running,18044,196851,183327040,nan,nan,94482.14038815857,3169.18896484375
2026-06-03T14:25:19Z,80m_retry,26700,False,completed,196851,196851,2000006160,,,88294.77977752594,3178.03857421875
2026-06-03T14:25:19Z,160m,27784,True,running,14229,196851,144566640,5.338056564331055,5.583360210061073,40058.578181562945,4837.736328125
2026-06-03T14:26:20Z,80m,23796,False,running,18044,196851,183327040,nan,nan,94482.14038815857,3169.18896484375
2026-06-03T14:26:20Z,80m_retry,26700,False,completed,196851,196851,2000006160,,,88294.77977752594,3178.03857421875
2026-06-03T14:26:20Z,160m,27784,True,running,14467,196851,146984720,5.127877712249756,5.583360210061073,40059.71713094934,4837.736328125
2026-06-03T14:27:20Z,80m,23796,False,running,18044,196851,183327040,nan,nan,94482.14038815857,3169.18896484375
2026-06-03T14:27:20Z,80m_retry,26700,False,completed,196851,196851,2000006160,,,88294.77977752594,3178.03857421875
2026-06-03T14:27:20Z,160m,27784,True,running,14704,196851,149392640,5.667983055114746,5.583360210061073,40060.7790003751,4837.736328125
2026-06-03T14:28:21Z,80m,23796,False,running,18044,196851,183327040,nan,nan,94482.14038815857,3169.18896484375
2026-06-03T14:28:21Z,80m_retry,26700,False,completed,196851,196851,2000006160,,,88294.77977752594,3178.03857421875
2026-06-03T14:28:21Z,160m,27784,True,running,14942,196851,151810720,5.6052374839782715,5.583360210061073,40061.75846003622,4837.736328125
2026-06-03T14:29:21Z,80m,23796,False,running,18044,196851,183327040,nan,nan,94482.14038815857,3169.18896484375
2026-06-03T14:29:22Z,80m_retry,26700,False,completed,196851,196851,2000006160,,,88294.77977752594,3178.03857421875
2026-06-03T14:29:22Z,160m,27784,True,running,15154,196851,153964640,5.489130973815918,5.583360210061073,40065.530740426366,4837.736328125
2026-06-03T14:30:22Z,80m,23796,False,running,18044,196851,183327040,nan,nan,94482.14038815857,3169.18896484375
2026-06-03T14:30:22Z,80m_retry,26700,False,completed,196851,196851,2000006160,,,88294.77977752594,3178.03857421875
2026-06-03T14:30:22Z,160m,27784,True,running,15391,196851,156372560,5.476248741149902,5.583360210061073,40066.30012068058,4837.736328125
2026-06-03T14:31:23Z,80m,23796,False,running,18044,196851,183327040,nan,nan,94482.14038815857,3169.18896484375
2026-06-03T14:31:23Z,80m_retry,26700,False,completed,196851,196851,2000006160,,,88294.77977752594,3178.03857421875
2026-06-03T14:31:23Z,160m,27784,True,running,15629,196851,158790640,5.151082992553711,5.583360210061073,40066.73288897395,4837.736328125
2026-06-03T14:32:23Z,80m,23796,False,running,18044,196851,183327040,nan,nan,94482.14038815857,3169.18896484375
2026-06-03T14:32:23Z,80m_retry,26700,False,completed,196851,196851,2000006160,,,88294.77977752594,3178.03857421875
2026-06-03T14:32:23Z,160m,27784,True,running,15866,196851,161198560,5.486207485198975,5.583360210061073,40068.239873442006,4837.736328125
2026-06-03T14:33:24Z,80m,23796,False,running,18044,196851,183327040,nan,nan,94482.14038815857,3169.18896484375
2026-06-03T14:33:24Z,80m_retry,26700,False,completed,196851,196851,2000006160,,,88294.77977752594,3178.03857421875
2026-06-03T14:33:24Z,160m,27784,True,running,16079,196851,163362640,5.217787742614746,5.583360210061073,40071.44615440204,4837.736328125
2026-06-03T14:34:24Z,80m,23796,False,running,18044,196851,183327040,nan,nan,94482.14038815857,3169.18896484375
2026-06-03T14:34:24Z,80m_retry,26700,False,completed,196851,196851,2000006160,,,88294.77977752594,3178.03857421875
2026-06-03T14:34:24Z,160m,27784,True,running,16317,196851,165780720,5.573757171630859,5.583360210061073,40072.38320249662,4837.736328125
2026-06-03T14:35:25Z,80m,23796,False,running,18044,196851,183327040,nan,nan,94482.14038815857,3169.18896484375
2026-06-03T14:35:25Z,80m_retry,26700,False,completed,196851,196851,2000006160,,,88294.77977752594,3178.03857421875
2026-06-03T14:35:25Z,160m,27784,True,running,16554,196851,168188640,5.335285663604736,5.583360210061073,40072.62378948039,4837.736328125
2026-06-03T14:36:25Z,80m,23796,False,running,18044,196851,183327040,nan,nan,94482.14038815857,3169.18896484375
2026-06-03T14:36:25Z,80m_retry,26700,False,completed,196851,196851,2000006160,,,88294.77977752594,3178.03857421875
2026-06-03T14:36:26Z,160m,27784,True,running,16791,196851,170596560,5.094854354858398,5.583360210061073,40073.2947052252,4837.736328125
2026-06-03T14:37:26Z,80m,23796,False,running,18044,196851,183327040,nan,nan,94482.14038815857,3169.18896484375
2026-06-03T14:37:26Z,80m_retry,26700,False,completed,196851,196851,2000006160,,,88294.77977752594,3178.03857421875
2026-06-03T14:37:26Z,160m,27784,True,running,17002,196851,172740320,5.100318431854248,5.583360210061073,40074.36221252952,4837.736328125
2026-06-03T14:38:26Z,80m,23796,False,running,18044,196851,183327040,nan,nan,94482.14038815857,3169.18896484375
2026-06-03T14:38:27Z,80m_retry,26700,False,completed,196851,196851,2000006160,,,88294.77977752594,3178.03857421875
2026-06-03T14:38:27Z,160m,27784,True,running,17241,196851,175168560,5.185471057891846,5.583360210061073,40077.90087700864,4837.736328125
2026-06-03T14:39:27Z,80m,23796,False,running,18044,196851,183327040,nan,nan,94482.14038815857,3169.18896484375
2026-06-03T14:39:27Z,80m_retry,26700,False,completed,196851,196851,2000006160,,,88294.77977752594,3178.03857421875
2026-06-03T14:39:27Z,160m,27784,True,running,17478,196851,177576480,5.189174652099609,5.583360210061073,40077.885665958645,4837.736328125
2026-06-03T14:40:28Z,80m,23796,False,running,18044,196851,183327040,nan,nan,94482.14038815857,3169.18896484375
2026-06-03T14:40:28Z,80m_retry,26700,False,completed,196851,196851,2000006160,,,88294.77977752594,3178.03857421875
2026-06-03T14:40:28Z,160m,27784,True,running,17715,196851,179984400,5.296812534332275,5.583360210061073,40078.780361188896,4837.736328125
2026-06-03T14:41:28Z,80m,23796,False,running,18044,196851,183327040,nan,nan,94482.14038815857,3169.18896484375
2026-06-03T14:41:28Z,80m_retry,26700,False,completed,196851,196851,2000006160,,,88294.77977752594,3178.03857421875
2026-06-03T14:41:28Z,160m,27784,True,running,17953,196851,182402480,5.176121711730957,5.583360210061073,40079.45734915449,4837.736328125
2026-06-03T14:42:29Z,80m,23796,False,running,18044,196851,183327040,nan,nan,94482.14038815857,3169.18896484375
2026-06-03T14:42:29Z,80m_retry,26700,False,completed,196851,196851,2000006160,,,88294.77977752594,3178.03857421875
2026-06-03T14:42:29Z,160m,27784,True,running,18165,196851,184556400,5.308121681213379,5.583360210061073,40082.146078462676,4837.736328125
2026-06-03T14:43:29Z,80m,23796,False,running,18044,196851,183327040,nan,nan,94482.14038815857,3169.18896484375
2026-06-03T14:43:29Z,80m_retry,26700,False,completed,196851,196851,2000006160,,,88294.77977752594,3178.03857421875
2026-06-03T14:43:29Z,160m,27784,True,running,18402,196851,186964320,5.155551433563232,5.583360210061073,40082.82532563061,4837.736328125
2026-06-03T14:44:30Z,80m,23796,False,running,18044,196851,183327040,nan,nan,94482.14038815857,3169.18896484375
2026-06-03T14:44:30Z,80m_retry,26700,False,completed,196851,196851,2000006160,,,88294.77977752594,3178.03857421875
2026-06-03T14:44:30Z,160m,27784,True,running,18639,196851,189372240,5.7588348388671875,5.583360210061073,40082.695326607434,4837.736328125
2026-06-03T14:45:30Z,80m,23796,False,running,18044,196851,183327040,nan,nan,94482.14038815857,3169.18896484375
2026-06-03T14:45:30Z,80m_retry,26700,False,completed,196851,196851,2000006160,,,88294.77977752594,3178.03857421875
2026-06-03T14:45:30Z,160m,27784,True,running,18877,196851,191790320,5.521223068237305,5.583360210061073,40083.40491404275,4837.736328125
2026-06-03T14:46:31Z,80m,23796,False,running,18044,196851,183327040,nan,nan,94482.14038815857,3169.18896484375
2026-06-03T14:46:31Z,80m_retry,26700,False,completed,196851,196851,2000006160,,,88294.77977752594,3178.03857421875
2026-06-03T14:46:31Z,160m,27784,True,running,19089,196851,193944240,5.525650978088379,5.583360210061073,40085.7563065764,4837.736328125
2026-06-03T14:47:31Z,80m,23796,False,running,18044,196851,183327040,nan,nan,94482.14038815857,3169.18896484375
2026-06-03T14:47:32Z,80m_retry,26700,False,completed,196851,196851,2000006160,,,88294.77977752594,3178.03857421875
2026-06-03T14:47:32Z,160m,27784,True,running,19326,196851,196352160,5.227177619934082,5.583360210061073,40086.830711699295,4837.736328125
2026-06-03T14:48:32Z,80m,23796,False,running,18044,196851,183327040,nan,nan,94482.14038815857,3169.18896484375
2026-06-03T14:48:32Z,80m_retry,26700,False,completed,196851,196851,2000006160,,,88294.77977752594,3178.03857421875
2026-06-03T14:48:32Z,160m,27784,True,running,19564,196851,198770240,5.480257987976074,5.583360210061073,40087.515710000494,4837.736328125
2026-06-03T14:49:33Z,80m,23796,False,running,18044,196851,183327040,nan,nan,94482.14038815857,3169.18896484375
2026-06-03T14:49:33Z,80m_retry,26700,False,completed,196851,196851,2000006160,,,88294.77977752594,3178.03857421875
2026-06-03T14:49:33Z,160m,27784,True,running,19763,196851,200792080,5.121259689331055,5.324856370687485,40088.87884900438,4837.736328125
2026-06-03T14:50:33Z,80m,23796,False,running,18044,196851,183327040,nan,nan,94482.14038815857,3169.18896484375
2026-06-03T14:50:33Z,80m_retry,26700,False,completed,196851,196851,2000006160,,,88294.77977752594,3178.03857421875
2026-06-03T14:50:33Z,160m,27784,True,running,20000,196851,203200000,5.11671257019043,5.324856370687485,40090.02987705057,4837.736328125
2026-06-03T14:51:34Z,80m,23796,False,running,18044,196851,183327040,nan,nan,94482.14038815857,3169.18896484375
2026-06-03T14:51:34Z,80m_retry,26700,False,completed,196851,196851,2000006160,,,88294.77977752594,3178.03857421875
2026-06-03T14:51:34Z,160m,27784,True,running,20214,196851,205374240,5.553245544433594,5.324856370687485,40091.872136104255,4837.736328125
2026-06-03T14:52:34Z,80m,23796,False,running,18044,196851,183327040,nan,nan,94482.14038815857,3169.18896484375
2026-06-03T14:52:34Z,80m_retry,26700,False,completed,196851,196851,2000006160,,,88294.77977752594,3178.03857421875
2026-06-03T14:52:34Z,160m,27784,True,running,20451,196851,207782160,5.575004577636719,5.324856370687485,40092.650651767595,4837.736328125
2026-06-03T14:53:35Z,80m,23796,False,running,18044,196851,183327040,nan,nan,94482.14038815857,3169.18896484375
2026-06-03T14:53:35Z,80m_retry,26700,False,completed,196851,196851,2000006160,,,88294.77977752594,3178.03857421875
2026-06-03T14:53:35Z,160m,27784,True,running,20688,196851,210190080,5.312105178833008,5.324856370687485,40092.66766143448,4837.736328125
2026-06-03T14:54:35Z,80m,23796,False,running,18044,196851,183327040,nan,nan,94482.14038815857,3169.18896484375
2026-06-03T14:54:35Z,80m_retry,26700,False,completed,196851,196851,2000006160,,,88294.77977752594,3178.03857421875
2026-06-03T14:54:35Z,160m,27784,True,running,20925,196851,212598000,5.661051273345947,5.324856370687485,40093.32131335394,4837.736328125
2026-06-03T14:55:36Z,80m,23796,False,running,18044,196851,183327040,nan,nan,94482.14038815857,3169.18896484375
2026-06-03T14:55:36Z,80m_retry,26700,False,completed,196851,196851,2000006160,,,88294.77977752594,3178.03857421875
2026-06-03T14:55:36Z,160m,27784,True,running,21138,196851,214762080,5.231135368347168,5.324856370687485,40095.78728826089,4837.736328125
2026-06-03T14:56:36Z,80m,23796,False,running,18044,196851,183327040,nan,nan,94482.14038815857,3169.18896484375
2026-06-03T14:56:36Z,80m_retry,26700,False,completed,196851,196851,2000006160,,,88294.77977752594,3178.03857421875
2026-06-03T14:56:37Z,160m,27784,True,running,21375,196851,217170000,5.52979040145874,5.324856370687485,40096.21720027211,4837.736328125
2026-06-03T14:57:37Z,80m,23796,False,running,18044,196851,183327040,nan,nan,94482.14038815857,3169.18896484375
2026-06-03T14:57:37Z,80m_retry,26700,False,completed,196851,196851,2000006160,,,88294.77977752594,3178.03857421875
2026-06-03T14:57:37Z,160m,27784,True,running,21612,196851,219577920,5.230772972106934,5.324856370687485,40096.362228172475,4837.736328125
2026-06-03T14:58:38Z,80m,23796,False,running,18044,196851,183327040,nan,nan,94482.14038815857,3169.18896484375
2026-06-03T14:58:38Z,80m_retry,26700,False,completed,196851,196851,2000006160,,,88294.77977752594,3178.03857421875
2026-06-03T14:58:38Z,160m,27784,True,running,21849,196851,221985840,5.283102035522461,5.324856370687485,40096.56268595225,4837.736328125
2026-06-03T14:59:38Z,80m,23796,False,running,18044,196851,183327040,nan,nan,94482.14038815857,3169.18896484375
2026-06-03T14:59:38Z,80m_retry,26700,False,completed,196851,196851,2000006160,,,88294.77977752594,3178.03857421875
2026-06-03T14:59:38Z,160m,27784,True,running,22062,196851,224149920,5.253629207611084,5.324856370687485,40098.35618403866,4837.736328125
2026-06-03T15:00:39Z,80m,23796,False,running,18044,196851,183327040,nan,nan,94482.14038815857,3169.18896484375
2026-06-03T15:00:39Z,80m_retry,26700,False,completed,196851,196851,2000006160,,,88294.77977752594,3178.03857421875
2026-06-03T15:00:39Z,160m,27784,True,running,22299,196851,226557840,5.262874603271484,5.324856370687485,40099.27144264844,4837.736328125
2026-06-03T15:01:39Z,80m,23796,False,running,18044,196851,183327040,nan,nan,94482.14038815857,3169.18896484375
2026-06-03T15:01:39Z,80m_retry,26700,False,completed,196851,196851,2000006160,,,88294.77977752594,3178.03857421875
2026-06-03T15:01:39Z,160m,27784,True,running,22536,196851,228965760,4.873269081115723,5.324856370687485,40099.29887182011,4837.736328125
2026-06-03T15:02:40Z,80m,23796,False,running,18044,196851,183327040,nan,nan,94482.14038815857,3169.18896484375
2026-06-03T15:02:40Z,80m_retry,26700,False,completed,196851,196851,2000006160,,,88294.77977752594,3178.03857421875
2026-06-03T15:02:40Z,160m,27784,True,running,22773,196851,231373680,5.340421676635742,5.324856370687485,40099.34692364306,4837.736328125
2026-06-03T15:03:40Z,80m,23796,False,running,18044,196851,183327040,nan,nan,94482.14038815857,3169.18896484375
2026-06-03T15:03:40Z,80m_retry,26700,False,completed,196851,196851,2000006160,,,88294.77977752594,3178.03857421875
2026-06-03T15:03:40Z,160m,27784,True,running,23000,196851,233680000,5.397225379943848,5.324856370687485,40099.98149664668,4837.736328125
2026-06-03T15:04:41Z,80m,23796,False,running,18044,196851,183327040,nan,nan,94482.14038815857,3169.18896484375
2026-06-03T15:04:41Z,80m_retry,26700,False,completed,196851,196851,2000006160,,,88294.77977752594,3178.03857421875
2026-06-03T15:04:41Z,160m,27784,True,running,23224,196851,235955840,5.181451797485352,5.324856370687485,40102.18856489972,4837.736328125
2026-06-03T15:05:41Z,80m,23796,False,running,18044,196851,183327040,nan,nan,94482.14038815857,3169.18896484375
2026-06-03T15:05:42Z,80m_retry,26700,False,completed,196851,196851,2000006160,,,88294.77977752594,3178.03857421875
2026-06-03T15:05:42Z,160m,27784,True,running,23461,196851,238363760,5.787675857543945,5.324856370687485,40102.36730993246,4837.736328125
2026-06-03T15:06:42Z,80m,23796,False,running,18044,196851,183327040,nan,nan,94482.14038815857,3169.18896484375
2026-06-03T15:06:42Z,80m_retry,26700,False,completed,196851,196851,2000006160,,,88294.77977752594,3178.03857421875
2026-06-03T15:06:42Z,160m,27784,True,running,23698,196851,240771680,5.728090763092041,5.324856370687485,40102.35558614355,4837.736328125
2026-06-03T15:07:43Z,80m,23796,False,running,18044,196851,183327040,nan,nan,94482.14038815857,3169.18896484375
2026-06-03T15:07:43Z,80m_retry,26700,False,completed,196851,196851,2000006160,,,88294.77977752594,3178.03857421875
2026-06-03T15:07:43Z,160m,27784,True,running,23935,196851,243179600,4.847497463226318,5.324856370687485,40103.10123948448,4837.736328125
2026-06-03T15:08:43Z,80m,23796,False,running,18044,196851,183327040,nan,nan,94482.14038815857,3169.18896484375
2026-06-03T15:08:43Z,80m_retry,26700,False,completed,196851,196851,2000006160,,,88294.77977752594,3178.03857421875
2026-06-03T15:08:43Z,160m,27784,True,running,24148,196851,245343680,5.019156455993652,5.324856370687485,40105.06047244893,4837.736328125
2026-06-03T15:09:44Z,80m,23796,False,running,18044,196851,183327040,nan,nan,94482.14038815857,3169.18896484375
2026-06-03T15:09:44Z,80m_retry,26700,False,completed,196851,196851,2000006160,,,88294.77977752594,3178.03857421875
2026-06-03T15:09:44Z,160m,27784,True,running,24385,196851,247751600,4.645444869995117,5.324856370687485,40105.52270679115,4837.736328125
2026-06-03T15:10:44Z,80m,23796,False,running,18044,196851,183327040,nan,nan,94482.14038815857,3169.18896484375
2026-06-03T15:10:44Z,80m_retry,26700,False,completed,196851,196851,2000006160,,,88294.77977752594,3178.03857421875
2026-06-03T15:10:44Z,160m,27784,True,running,24622,196851,250159520,5.589321136474609,5.324856370687485,40105.62374633756,4837.736328125
2026-06-03T15:11:45Z,80m,23796,False,running,18044,196851,183327040,nan,nan,94482.14038815857,3169.18896484375
2026-06-03T15:11:45Z,80m_retry,26700,False,completed,196851,196851,2000006160,,,88294.77977752594,3178.03857421875
2026-06-03T15:11:45Z,160m,27784,True,running,24860,196851,252577600,4.837790489196777,5.324856370687485,40106.21673086516,4837.736328125
2026-06-03T15:12:45Z,80m,23796,False,running,18044,196851,183327040,nan,nan,94482.14038815857,3169.18896484375
2026-06-03T15:12:45Z,80m_retry,26700,False,completed,196851,196851,2000006160,,,88294.77977752594,3178.03857421875
2026-06-03T15:12:46Z,160m,27784,True,running,25072,196851,254731520,5.11260986328125,5.324856370687485,40107.887232497975,4837.736328125
2026-06-03T15:13:46Z,80m,23796,False,running,18044,196851,183327040,nan,nan,94482.14038815857,3169.18896484375
2026-06-03T15:13:46Z,80m_retry,26700,False,completed,196851,196851,2000006160,,,88294.77977752594,3178.03857421875
2026-06-03T15:13:46Z,160m,27784,True,running,25310,196851,257149600,6.03434944152832,5.324856370687485,40108.39937069998,4837.736328125
2026-06-03T15:14:46Z,80m,23796,False,running,18044,196851,183327040,nan,nan,94482.14038815857,3169.18896484375
2026-06-03T15:14:47Z,80m_retry,26700,False,completed,196851,196851,2000006160,,,88294.77977752594,3178.03857421875
2026-06-03T15:14:47Z,160m,27784,True,running,25547,196851,259557520,4.884285926818848,5.324856370687485,40108.479348832065,4837.736328125
2026-06-03T15:15:47Z,80m,23796,False,running,18044,196851,183327040,nan,nan,94482.14038815857,3169.18896484375
2026-06-03T15:15:47Z,80m_retry,26700,False,completed,196851,196851,2000006160,,,88294.77977752594,3178.03857421875
2026-06-03T15:15:47Z,160m,27784,True,running,25784,196851,261965440,5.284432411193848,5.324856370687485,40108.77821912587,4837.736328125
2026-06-03T15:16:48Z,80m,23796,False,running,18044,196851,183327040,nan,nan,94482.14038815857,3169.18896484375
2026-06-03T15:16:48Z,80m_retry,26700,False,completed,196851,196851,2000006160,,,88294.77977752594,3178.03857421875
2026-06-03T15:16:48Z,160m,27784,True,running,26000,196851,264160000,5.061460494995117,5.324856370687485,40109.4268157902,4837.736328125
2026-06-03T15:17:48Z,80m,23796,False,running,18044,196851,183327040,nan,nan,94482.14038815857,3169.18896484375
2026-06-03T15:17:48Z,80m_retry,26700,False,completed,196851,196851,2000006160,,,88294.77977752594,3178.03857421875
2026-06-03T15:17:48Z,160m,27784,True,running,26234,196851,266537440,5.223053932189941,5.324856370687485,40111.22207699431,4837.736328125
2026-06-03T15:18:49Z,80m,23796,False,running,18044,196851,183327040,nan,nan,94482.14038815857,3169.18896484375
2026-06-03T15:18:49Z,80m_retry,26700,False,completed,196851,196851,2000006160,,,88294.77977752594,3178.03857421875
2026-06-03T15:18:49Z,160m,27784,True,running,26471,196851,268945360,5.043234348297119,5.324856370687485,40111.491056264866,4837.736328125
2026-06-03T15:19:49Z,80m,23796,False,running,18044,196851,183327040,nan,nan,94482.14038815857,3169.18896484375
2026-06-03T15:19:49Z,80m_retry,26700,False,completed,196851,196851,2000006160,,,88294.77977752594,3178.03857421875
2026-06-03T15:19:49Z,160m,27784,True,running,26708,196851,271353280,5.144394397735596,5.324856370687485,40111.54161185464,4837.736328125
2026-06-03T15:20:50Z,80m,23796,False,running,18044,196851,183327040,nan,nan,94482.14038815857,3169.18896484375
2026-06-03T15:20:50Z,80m_retry,26700,False,completed,196851,196851,2000006160,,,88294.77977752594,3178.03857421875
2026-06-03T15:20:50Z,160m,27784,True,running,26945,196851,273761200,5.092098236083984,5.324856370687485,40111.86262348302,4837.736328125
2026-06-03T15:21:50Z,80m,23796,False,running,18044,196851,183327040,nan,nan,94482.14038815857,3169.18896484375
2026-06-03T15:21:50Z,80m_retry,26700,False,completed,196851,196851,2000006160,,,88294.77977752594,3178.03857421875
2026-06-03T15:21:51Z,160m,27784,True,running,27158,196851,275925280,5.00347900390625,5.324856370687485,40113.40443600544,4837.736328125
2026-06-03T15:22:51Z,80m,23796,False,running,18044,196851,183327040,nan,nan,94482.14038815857,3169.18896484375
2026-06-03T15:22:51Z,80m_retry,26700,False,completed,196851,196851,2000006160,,,88294.77977752594,3178.03857421875
2026-06-03T15:22:51Z,160m,27784,True,running,27395,196851,278333200,5.570308685302734,5.324856370687485,40113.899076998896,4837.736328125
2026-06-03T15:23:52Z,80m,23796,False,running,18044,196851,183327040,nan,nan,94482.14038815857,3169.18896484375
2026-06-03T15:23:52Z,80m_retry,26700,False,completed,196851,196851,2000006160,,,88294.77977752594,3178.03857421875
2026-06-03T15:23:52Z,160m,27784,True,running,27633,196851,280751280,5.474334716796875,5.324856370687485,40114.17096259909,4837.736328125
2026-06-03T15:24:52Z,80m,23796,False,running,18044,196851,183327040,nan,nan,94482.14038815857,3169.18896484375
2026-06-03T15:24:52Z,80m_retry,26700,False,completed,196851,196851,2000006160,,,88294.77977752594,3178.03857421875
2026-06-03T15:24:52Z,160m,27784,True,running,27870,196851,283159200,4.935442924499512,5.324856370687485,40114.655723511314,4837.736328125
2026-06-03T15:25:53Z,80m,23796,False,running,18044,196851,183327040,nan,nan,94482.14038815857,3169.18896484375
2026-06-03T15:25:53Z,80m_retry,26700,False,completed,196851,196851,2000006160,,,88294.77977752594,3178.03857421875
2026-06-03T15:25:53Z,160m,27784,True,running,28083,196851,285323280,5.016779899597168,5.324856370687485,40116.46620982737,4837.736328125
2026-06-03T15:26:53Z,80m,23796,False,running,18044,196851,183327040,nan,nan,94482.14038815857,3169.18896484375
2026-06-03T15:26:53Z,80m_retry,26700,False,completed,196851,196851,2000006160,,,88294.77977752594,3178.03857421875
2026-06-03T15:26:53Z,160m,27784,True,running,28321,196851,287741360,4.907733917236328,5.324856370687485,40117.87537539257,4837.736328125
2026-06-03T15:27:54Z,80m,23796,False,running,18044,196851,183327040,nan,nan,94482.14038815857,3169.18896484375
2026-06-03T15:27:54Z,80m_retry,26700,False,completed,196851,196851,2000006160,,,88294.77977752594,3178.03857421875
2026-06-03T15:27:54Z,160m,27784,True,running,28559,196851,290159440,nan,5.324856370687485,40119.95947447706,4837.736328125
2026-06-03T15:28:54Z,80m,23796,False,running,18044,196851,183327040,nan,nan,94482.14038815857,3169.18896484375
2026-06-03T15:28:54Z,80m_retry,26700,False,completed,196851,196851,2000006160,,,88294.77977752594,3178.03857421875
2026-06-03T15:28:55Z,160m,27784,True,running,28802,196851,292628320,108.87367248535156,5.324856370687485,40127.275094173085,4837.736328125
2026-06-03T15:29:55Z,80m,23796,False,running,18044,196851,183327040,nan,nan,94482.14038815857,3169.18896484375
2026-06-03T15:29:55Z,80m_retry,26700,False,completed,196851,196851,2000006160,,,88294.77977752594,3178.03857421875
2026-06-03T15:29:55Z,160m,27784,True,running,29017,196851,294812720,78.97198486328125,5.324856370687485,40133.887674373014,4837.736328125
2026-06-03T15:30:55Z,80m,23796,False,running,18044,196851,183327040,nan,nan,94482.14038815857,3169.18896484375
2026-06-03T15:30:56Z,80m_retry,26700,False,completed,196851,196851,2000006160,,,88294.77977752594,3178.03857421875
2026-06-03T15:30:56Z,160m,27784,True,running,29271,196851,297393360,nan,5.324856370687485,40156.90004492601,4837.736328125
2026-06-03T15:31:56Z,80m,23796,False,running,18044,196851,183327040,nan,nan,94482.14038815857,3169.18896484375
2026-06-03T15:31:56Z,80m_retry,26700,False,completed,196851,196851,2000006160,,,88294.77977752594,3178.03857421875
2026-06-03T15:31:56Z,160m,26804,True,running,29413,196851,298836080,nan,5.324856370687485,40177.247385478724,4837.736328125
