2026-06-03T06:04:40Z watcher_start
2026-06-03T06:04:40Z heartbeat 80m: status=starting step=0/196851 tokens=0 train=None val=None | 160m: no_state tail=
2026-06-03T06:05:40Z heartbeat 80m: status=running step=224/196851 tokens=2275840 train=7.012016773223877 val=10.829497367143631 | 160m: no_state tail=
2026-06-03T06:06:40Z heartbeat 80m: status=running step=752/196851 tokens=7640320 train=6.7174553871154785 val=10.829497367143631 | 160m: no_state tail=
2026-06-03T06:07:40Z heartbeat 80m: status=running step=1250/196851 tokens=12700000 train=6.313143730163574 val=10.829497367143631 | 160m: no_state tail=
2026-06-03T06:08:40Z heartbeat 80m: status=running step=1765/196851 tokens=17932400 train=6.405596733093262 val=10.829497367143631 | 160m: no_state tail=
2026-06-03T06:09:40Z heartbeat 80m: status=running step=2256/196851 tokens=22920960 train=6.4276018142700195 val=10.829497367143631 | 160m: no_state tail=
2026-06-03T06:10:40Z heartbeat 80m: status=running step=2774/196851 tokens=28183840 train=5.908212184906006 val=10.829497367143631 | 160m: no_state tail=
2026-06-03T06:11:40Z heartbeat 80m: status=running step=3265/196851 tokens=33172400 train=5.730895042419434 val=10.829497367143631 | 160m: no_state tail=
2026-06-03T06:12:40Z heartbeat 80m: status=running step=3783/196851 tokens=38435280 train=5.806852340698242 val=10.829497367143631 | 160m: no_state tail=
2026-06-03T06:13:41Z heartbeat 80m: status=running step=4275/196851 tokens=43434000 train=6.053553581237793 val=10.829497367143631 | 160m: no_state tail=
2026-06-03T06:14:41Z heartbeat 80m: status=running step=4793/196851 tokens=48696880 train=5.732428550720215 val=10.829497367143631 | 160m: no_state tail=
2026-06-03T06:15:41Z heartbeat 80m: status=running step=5285/196851 tokens=53695600 train=5.640781402587891 val=10.829497367143631 | 160m: no_state tail=
2026-06-03T06:16:41Z heartbeat 80m: status=running step=5802/196851 tokens=58948320 train=5.995904445648193 val=10.829497367143631 | 160m: no_state tail=
2026-06-03T06:17:41Z heartbeat 80m: status=running step=6293/196851 tokens=63936880 train=5.9273786544799805 val=10.829497367143631 | 160m: no_state tail=
2026-06-03T06:18:41Z heartbeat 80m: status=running step=6810/196851 tokens=69189600 train=5.458127498626709 val=10.829497367143631 | 160m: no_state tail=
2026-06-03T06:19:41Z heartbeat 80m: status=running step=7301/196851 tokens=74178160 train=5.630221366882324 val=10.829497367143631 | 160m: no_state tail=
2026-06-03T06:20:41Z heartbeat 80m: status=running step=7819/196851 tokens=79441040 train=5.652010917663574 val=10.829497367143631 | 160m: no_state tail=
2026-06-03T06:21:41Z heartbeat 80m: status=running step=8318/196851 tokens=84510880 train=nan val=10.829497367143631 | 160m: no_state tail=
2026-06-03T06:22:41Z heartbeat 80m: status=running step=8845/196851 tokens=89865200 train=nan val=10.829497367143631 | 160m: no_state tail=
2026-06-03T06:23:42Z heartbeat 80m: status=running step=9394/196851 tokens=95443040 train=nan val=10.829497367143631 | 160m: no_state tail=
2026-06-03T06:24:42Z heartbeat 80m: status=running step=9930/196851 tokens=100888800 train=nan val=nan | 160m: no_state tail=
2026-06-03T06:25:42Z heartbeat 80m: status=running step=10484/196851 tokens=106517440 train=nan val=nan | 160m: no_state tail=
2026-06-03T06:26:42Z heartbeat 80m: status=running step=11034/196851 tokens=112105440 train=nan val=nan | 160m: no_state tail=
2026-06-03T06:27:42Z watcher_start
2026-06-03T06:27:42Z primary_80m_unstable step=11617 train=nan val=nan queued_retry=80m_lr1e3
2026-06-03T06:27:42Z launch_80m_retry_wait_gpu gpu_used_mb=4756
2026-06-03T06:27:42Z heartbeat 80m: status=running step=11617/196851 tokens=118028720 train=nan val=nan | 80m_retry: no_state tail= | 160m: no_state tail=
2026-06-03T06:28:42Z launch_80m_retry_wait_gpu gpu_used_mb=4756
2026-06-03T06:28:42Z heartbeat 80m: status=running step=12167/196851 tokens=123616720 train=nan val=nan | 80m_retry: no_state tail= | 160m: no_state tail=
2026-06-03T06:29:43Z launch_80m_retry_wait_gpu gpu_used_mb=4754
2026-06-03T06:29:43Z heartbeat 80m: status=running step=12747/196851 tokens=129509520 train=nan val=nan | 80m_retry: no_state tail= | 160m: no_state tail=
2026-06-03T06:30:43Z launch_80m_retry_wait_gpu gpu_used_mb=4756
2026-06-03T06:30:43Z heartbeat 80m: status=running step=13297/196851 tokens=135097520 train=nan val=nan | 80m_retry: no_state tail= | 160m: no_state tail=
2026-06-03T06:31:43Z launch_80m_retry_wait_gpu gpu_used_mb=4756
2026-06-03T06:31:43Z heartbeat 80m: status=running step=13877/196851 tokens=140990320 train=nan val=nan | 80m_retry: no_state tail= | 160m: no_state tail=
2026-06-03T06:32:07Z watcher_start
2026-06-03T06:32:07Z launch_80m_retry_wait_gpu gpu_used_mb=4756
2026-06-03T06:32:07Z heartbeat 80m: status=running step=14078/196851 tokens=143032480 train=nan val=nan | 80m_retry: no_state tail= | 160m: no_state tail=
2026-06-03T06:33:07Z launch_80m_retry_wait_gpu gpu_used_mb=4756
2026-06-03T06:33:07Z heartbeat 80m: status=running step=14660/196851 tokens=148945600 train=nan val=nan | 80m_retry: no_state tail= | 160m: no_state tail=
2026-06-03T06:34:07Z launch_80m_retry_wait_gpu gpu_used_mb=4757
2026-06-03T06:34:07Z heartbeat 80m: status=running step=15213/196851 tokens=154564080 train=nan val=nan | 80m_retry: no_state tail= | 160m: no_state tail=
2026-06-03T06:35:08Z launch_80m_retry_wait_gpu gpu_used_mb=4757
2026-06-03T06:35:08Z heartbeat 80m: status=running step=15791/196851 tokens=160436560 train=nan val=nan | 80m_retry: no_state tail= | 160m: no_state tail=
2026-06-03T06:36:08Z launch_80m_retry_wait_gpu gpu_used_mb=4757
2026-06-03T06:36:08Z heartbeat 80m: status=running step=16338/196851 tokens=165994080 train=nan val=nan | 80m_retry: no_state tail= | 160m: no_state tail=
2026-06-03T06:37:08Z launch_80m_retry_wait_gpu gpu_used_mb=4902
2026-06-03T06:37:08Z heartbeat 80m: status=running step=16912/196851 tokens=171825920 train=nan val=nan | 80m_retry: no_state tail= | 160m: no_state tail=
2026-06-03T06:38:08Z launch_80m_retry_wait_gpu gpu_used_mb=4824
2026-06-03T06:38:08Z heartbeat 80m: status=running step=17454/196851 tokens=177332640 train=nan val=nan | 80m_retry: no_state tail= | 160m: no_state tail=
2026-06-03T06:39:09Z launch_80m_retry_wait_gpu gpu_used_mb=4835
2026-06-03T06:39:09Z heartbeat 80m: status=running step=18000/196851 tokens=182880000 train=nan val=nan | 80m_retry: no_state tail= | 160m: no_state tail=
2026-06-03T06:40:09Z restarting run=80m attempt=1
2026-06-03T06:40:09Z launched run=longseq_anchor16_80m_2b_20260603 pid=23796 conv_dim=1034 conv_rank=295 lr=0.002
2026-06-03T06:40:09Z launched run=longseq_anchor16_80m_2b_lr1e3_20260603 pid=26700 conv_dim=1034 conv_rank=295 lr=0.001
2026-06-03T06:40:09Z heartbeat 80m: status=running step=18044/196851 tokens=183327040 train=nan val=nan | 80m_retry: no_state tail= | 160m: no_state tail=
2026-06-03T06:41:10Z restart_wait_gpu run=80m gpu_used_mb=4581
2026-06-03T06:41:10Z heartbeat 80m: status=running step=18044/196851 tokens=183327040 train=nan val=nan | 80m_retry: status=running step=88/196851 tokens=894080 train=7.127278804779053 val=10.829497367143631 | 160m: no_state tail=
2026-06-03T06:42:10Z restart_wait_gpu run=80m gpu_used_mb=4600
2026-06-03T06:42:10Z heartbeat 80m: status=running step=18044/196851 tokens=183327040 train=nan val=nan | 80m_retry: status=running step=610/196851 tokens=6197600 train=6.587642669677734 val=10.829497367143631 | 160m: no_state tail=
2026-06-03T06:43:11Z restart_wait_gpu run=80m gpu_used_mb=4587
2026-06-03T06:43:11Z heartbeat 80m: status=running step=18044/196851 tokens=183327040 train=nan val=nan | 80m_retry: status=running step=1094/196851 tokens=11115040 train=6.607088088989258 val=10.829497367143631 | 160m: no_state tail=
2026-06-03T06:43:41Z watcher_start
2026-06-03T06:43:41Z heartbeat 80m: status=running step=18044/196851 tokens=183327040 train=nan val=nan | 80m_retry: status=running step=1349/196851 tokens=13705840 train=6.293734550476074 val=10.829497367143631 | 160m: no_state tail=
2026-06-03T06:44:42Z heartbeat 80m: status=running step=18044/196851 tokens=183327040 train=nan val=nan | 80m_retry: status=running step=1858/196851 tokens=18877280 train=6.291404724121094 val=10.829497367143631 | 160m: no_state tail=
2026-06-03T06:45:42Z heartbeat 80m: status=running step=18044/196851 tokens=183327040 train=nan val=nan | 80m_retry: status=running step=2336/196851 tokens=23733760 train=5.865848541259766 val=10.829497367143631 | 160m: no_state tail=
2026-06-03T06:46:42Z heartbeat 80m: status=running step=18044/196851 tokens=183327040 train=nan val=nan | 80m_retry: status=running step=2845/196851 tokens=28905200 train=5.769430637359619 val=10.829497367143631 | 160m: no_state tail=
2026-06-03T06:46:48Z watcher_start
2026-06-03T06:46:49Z heartbeat 80m: pid_alive=False status=running step=18044/196851 tokens=183327040 train=nan val=nan | 80m_retry: pid_alive=True status=running step=2896/196851 tokens=29423360 train=6.151576995849609 val=10.829497367143631 | 160m: pid_alive=False no_state tail=
2026-06-03T06:47:49Z heartbeat 80m: pid_alive=False status=running step=18044/196851 tokens=183327040 train=nan val=nan | 80m_retry: pid_alive=True status=running step=3384/196851 tokens=34381440 train=5.795166015625 val=10.829497367143631 | 160m: pid_alive=False no_state tail=
2026-06-03T06:48:50Z heartbeat 80m: pid_alive=False status=running step=18044/196851 tokens=183327040 train=nan val=nan | 80m_retry: pid_alive=True status=running step=3899/196851 tokens=39613840 train=5.8446431159973145 val=10.829497367143631 | 160m: pid_alive=False no_state tail=
2026-06-03T06:49:50Z heartbeat 80m: pid_alive=False status=running step=18044/196851 tokens=183327040 train=nan val=nan | 80m_retry: pid_alive=True status=running step=4386/196851 tokens=44561760 train=6.0682830810546875 val=10.829497367143631 | 160m: pid_alive=False no_state tail=
2026-06-03T06:50:51Z heartbeat 80m: pid_alive=False status=running step=18044/196851 tokens=183327040 train=nan val=nan | 80m_retry: pid_alive=True status=running step=4898/196851 tokens=49763680 train=5.988729476928711 val=10.829497367143631 | 160m: pid_alive=False no_state tail=
2026-06-03T06:51:51Z heartbeat 80m: pid_alive=False status=running step=18044/196851 tokens=183327040 train=nan val=nan | 80m_retry: pid_alive=True status=running step=5386/196851 tokens=54721760 train=5.691976070404053 val=10.829497367143631 | 160m: pid_alive=False no_state tail=
2026-06-03T06:52:52Z heartbeat 80m: pid_alive=False status=running step=18044/196851 tokens=183327040 train=nan val=nan | 80m_retry: pid_alive=True status=running step=5896/196851 tokens=59903360 train=5.652012825012207 val=10.829497367143631 | 160m: pid_alive=False no_state tail=
2026-06-03T06:53:52Z heartbeat 80m: pid_alive=False status=running step=18044/196851 tokens=183327040 train=nan val=nan | 80m_retry: pid_alive=True status=running step=6381/196851 tokens=64830960 train=5.500437259674072 val=10.829497367143631 | 160m: pid_alive=False no_state tail=
2026-06-03T06:54:52Z heartbeat 80m: pid_alive=False status=running step=18044/196851 tokens=183327040 train=nan val=nan | 80m_retry: pid_alive=True status=running step=6894/196851 tokens=70043040 train=5.667541027069092 val=10.829497367143631 | 160m: pid_alive=False no_state tail=
2026-06-03T06:55:53Z heartbeat 80m: pid_alive=False status=running step=18044/196851 tokens=183327040 train=nan val=nan | 80m_retry: pid_alive=True status=running step=7383/196851 tokens=75011280 train=5.520077705383301 val=10.829497367143631 | 160m: pid_alive=False no_state tail=
2026-06-03T06:56:53Z heartbeat 80m: pid_alive=False status=running step=18044/196851 tokens=183327040 train=nan val=nan | 80m_retry: pid_alive=True status=running step=7899/196851 tokens=80253840 train=5.581802845001221 val=10.829497367143631 | 160m: pid_alive=False no_state tail=
2026-06-03T06:57:54Z heartbeat 80m: pid_alive=False status=running step=18044/196851 tokens=183327040 train=nan val=nan | 80m_retry: pid_alive=True status=running step=8382/196851 tokens=85161120 train=5.925254821777344 val=10.829497367143631 | 160m: pid_alive=False no_state tail=
2026-06-03T06:58:54Z heartbeat 80m: pid_alive=False status=running step=18044/196851 tokens=183327040 train=nan val=nan | 80m_retry: pid_alive=True status=running step=8898/196851 tokens=90403680 train=5.656335830688477 val=10.829497367143631 | 160m: pid_alive=False no_state tail=
2026-06-03T06:59:55Z heartbeat 80m: pid_alive=False status=running step=18044/196851 tokens=183327040 train=nan val=nan | 80m_retry: pid_alive=True status=running step=9379/196851 tokens=95290640 train=5.499914646148682 val=10.829497367143631 | 160m: pid_alive=False no_state tail=
2026-06-03T07:00:55Z heartbeat 80m: pid_alive=False status=running step=18044/196851 tokens=183327040 train=nan val=nan | 80m_retry: pid_alive=True status=running step=9850/196851 tokens=100076000 train=5.577127933502197 val=5.611664071679115 | 160m: pid_alive=False no_state tail=
2026-06-03T07:01:56Z heartbeat 80m: pid_alive=False status=running step=18044/196851 tokens=183327040 train=nan val=nan | 80m_retry: pid_alive=True status=running step=10335/196851 tokens=105003600 train=5.659716606140137 val=5.611664071679115 | 160m: pid_alive=False no_state tail=
2026-06-03T07:02:56Z heartbeat 80m: pid_alive=False status=running step=18044/196851 tokens=183327040 train=nan val=nan | 80m_retry: pid_alive=True status=running step=10843/196851 tokens=110164880 train=5.329407215118408 val=5.611664071679115 | 160m: pid_alive=False no_state tail=
2026-06-03T07:03:57Z heartbeat 80m: pid_alive=False status=running step=18044/196851 tokens=183327040 train=nan val=nan | 80m_retry: pid_alive=True status=running step=11321/196851 tokens=115021360 train=5.361589431762695 val=5.611664071679115 | 160m: pid_alive=False no_state tail=
2026-06-03T07:04:58Z heartbeat 80m: pid_alive=False status=running step=18044/196851 tokens=183327040 train=nan val=nan | 80m_retry: pid_alive=True status=running step=11823/196851 tokens=120121680 train=5.614981651306152 val=5.611664071679115 | 160m: pid_alive=False no_state tail=
2026-06-03T07:05:58Z heartbeat 80m: pid_alive=False status=running step=18044/196851 tokens=183327040 train=nan val=nan | 80m_retry: pid_alive=True status=running step=12305/196851 tokens=125018800 train=5.44873046875 val=5.611664071679115 | 160m: pid_alive=False no_state tail=
2026-06-03T07:06:59Z heartbeat 80m: pid_alive=False status=running step=18044/196851 tokens=183327040 train=nan val=nan | 80m_retry: pid_alive=True status=running step=12817/196851 tokens=130220720 train=5.53972053527832 val=5.611664071679115 | 160m: pid_alive=False no_state tail=
2026-06-03T07:07:59Z heartbeat 80m: pid_alive=False status=running step=18044/196851 tokens=183327040 train=nan val=nan | 80m_retry: pid_alive=True status=running step=13306/196851 tokens=135188960 train=5.366436958312988 val=5.611664071679115 | 160m: pid_alive=False no_state tail=
2026-06-03T07:09:00Z heartbeat 80m: pid_alive=False status=running step=18044/196851 tokens=183327040 train=nan val=nan | 80m_retry: pid_alive=True status=running step=13823/196851 tokens=140441680 train=5.203365802764893 val=5.611664071679115 | 160m: pid_alive=False no_state tail=
2026-06-03T07:10:00Z heartbeat 80m: pid_alive=False status=running step=18044/196851 tokens=183327040 train=nan val=nan | 80m_retry: pid_alive=True status=running step=14315/196851 tokens=145440400 train=5.50149393081665 val=5.611664071679115 | 160m: pid_alive=False no_state tail=
2026-06-03T07:11:01Z heartbeat 80m: pid_alive=False status=running step=18044/196851 tokens=183327040 train=nan val=nan | 80m_retry: pid_alive=True status=running step=14832/196851 tokens=150693120 train=5.1347784996032715 val=5.611664071679115 | 160m: pid_alive=False no_state tail=
2026-06-03T07:12:01Z heartbeat 80m: pid_alive=False status=running step=18044/196851 tokens=183327040 train=nan val=nan | 80m_retry: pid_alive=True status=running step=15322/196851 tokens=155671520 train=5.235910415649414 val=5.611664071679115 | 160m: pid_alive=False no_state tail=
2026-06-03T07:13:01Z heartbeat 80m: pid_alive=False status=running step=18044/196851 tokens=183327040 train=nan val=nan | 80m_retry: pid_alive=True status=running step=15839/196851 tokens=160924240 train=5.20439338684082 val=5.611664071679115 | 160m: pid_alive=False no_state tail=
2026-06-03T07:14:02Z heartbeat 80m: pid_alive=False status=running step=18044/196851 tokens=183327040 train=nan val=nan | 80m_retry: pid_alive=True status=running step=16330/196851 tokens=165912800 train=5.380769729614258 val=5.611664071679115 | 160m: pid_alive=False no_state tail=
2026-06-03T07:15:02Z heartbeat 80m: pid_alive=False status=running step=18044/196851 tokens=183327040 train=nan val=nan | 80m_retry: pid_alive=True status=running step=16846/196851 tokens=171155360 train=5.5232744216918945 val=5.611664071679115 | 160m: pid_alive=False no_state tail=
2026-06-03T07:16:02Z heartbeat 80m: pid_alive=False status=running step=18044/196851 tokens=183327040 train=nan val=nan | 80m_retry: pid_alive=True status=running step=17336/196851 tokens=176133760 train=5.007081985473633 val=5.611664071679115 | 160m: pid_alive=False no_state tail=
2026-06-03T07:17:03Z heartbeat 80m: pid_alive=False status=running step=18044/196851 tokens=183327040 train=nan val=nan | 80m_retry: pid_alive=True status=running step=17852/196851 tokens=181376320 train=4.9631805419921875 val=5.611664071679115 | 160m: pid_alive=False no_state tail=
2026-06-03T07:18:03Z heartbeat 80m: pid_alive=False status=running step=18044/196851 tokens=183327040 train=nan val=nan | 80m_retry: pid_alive=True status=running step=18342/196851 tokens=186354720 train=5.290761470794678 val=5.611664071679115 | 160m: pid_alive=False no_state tail=
2026-06-03T07:19:04Z heartbeat 80m: pid_alive=False status=running step=18044/196851 tokens=183327040 train=nan val=nan | 80m_retry: pid_alive=True status=running step=18858/196851 tokens=191597280 train=5.326909065246582 val=5.611664071679115 | 160m: pid_alive=False no_state tail=
2026-06-03T07:20:04Z heartbeat 80m: pid_alive=False status=running step=18044/196851 tokens=183327040 train=nan val=nan | 80m_retry: pid_alive=True status=running step=19348/196851 tokens=196575680 train=5.304540157318115 val=5.611664071679115 | 160m: pid_alive=False no_state tail=
2026-06-03T07:21:04Z heartbeat 80m: pid_alive=False status=running step=18044/196851 tokens=183327040 train=nan val=nan | 80m_retry: pid_alive=True status=running step=19823/196851 tokens=201401680 train=5.485217094421387 val=5.350542351603508 | 160m: pid_alive=False no_state tail=
2026-06-03T07:22:05Z heartbeat 80m: pid_alive=False status=running step=18044/196851 tokens=183327040 train=nan val=nan | 80m_retry: pid_alive=True status=running step=20314/196851 tokens=206390240 train=5.133668899536133 val=5.350542351603508 | 160m: pid_alive=False no_state tail=
2026-06-03T07:23:05Z heartbeat 80m: pid_alive=False status=running step=18044/196851 tokens=183327040 train=nan val=nan | 80m_retry: pid_alive=True status=running step=20830/196851 tokens=211632800 train=5.2031073570251465 val=5.350542351603508 | 160m: pid_alive=False no_state tail=
2026-06-03T07:24:06Z heartbeat 80m: pid_alive=False status=running step=18044/196851 tokens=183327040 train=nan val=nan | 80m_retry: pid_alive=True status=running step=21311/196851 tokens=216519760 train=5.150679588317871 val=5.350542351603508 | 160m: pid_alive=False no_state tail=
2026-06-03T07:25:06Z heartbeat 80m: pid_alive=False status=running step=18044/196851 tokens=183327040 train=nan val=nan | 80m_retry: pid_alive=True status=running step=21827/196851 tokens=221762320 train=5.095633506774902 val=5.350542351603508 | 160m: pid_alive=False no_state tail=
2026-06-03T07:26:07Z heartbeat 80m: pid_alive=False status=running step=18044/196851 tokens=183327040 train=nan val=nan | 80m_retry: pid_alive=True status=running step=22316/196851 tokens=226730560 train=5.332534313201904 val=5.350542351603508 | 160m: pid_alive=False no_state tail=
2026-06-03T07:27:07Z heartbeat 80m: pid_alive=False status=running step=18044/196851 tokens=183327040 train=nan val=nan | 80m_retry: pid_alive=True status=running step=22831/196851 tokens=231962960 train=5.19492244720459 val=5.350542351603508 | 160m: pid_alive=False no_state tail=
2026-06-03T07:28:07Z heartbeat 80m: pid_alive=False status=running step=18044/196851 tokens=183327040 train=nan val=nan | 80m_retry: pid_alive=True status=running step=23320/196851 tokens=236931200 train=5.368514060974121 val=5.350542351603508 | 160m: pid_alive=False no_state tail=
2026-06-03T07:29:08Z heartbeat 80m: pid_alive=False status=running step=18044/196851 tokens=183327040 train=nan val=nan | 80m_retry: pid_alive=True status=running step=23835/196851 tokens=242163600 train=5.1722412109375 val=5.350542351603508 | 160m: pid_alive=False no_state tail=
2026-06-03T07:30:08Z heartbeat 80m: pid_alive=False status=running step=18044/196851 tokens=183327040 train=nan val=nan | 80m_retry: pid_alive=True status=running step=24324/196851 tokens=247131840 train=5.256327152252197 val=5.350542351603508 | 160m: pid_alive=False no_state tail=
2026-06-03T07:31:09Z heartbeat 80m: pid_alive=False status=running step=18044/196851 tokens=183327040 train=nan val=nan | 80m_retry: pid_alive=True status=running step=24839/196851 tokens=252364240 train=5.132389545440674 val=5.350542351603508 | 160m: pid_alive=False no_state tail=
2026-06-03T07:32:09Z heartbeat 80m: pid_alive=False status=running step=18044/196851 tokens=183327040 train=nan val=nan | 80m_retry: pid_alive=True status=running step=25328/196851 tokens=257332480 train=5.124248504638672 val=5.350542351603508 | 160m: pid_alive=False no_state tail=
2026-06-03T07:33:09Z heartbeat 80m: pid_alive=False status=running step=18044/196851 tokens=183327040 train=nan val=nan | 80m_retry: pid_alive=True status=running step=25843/196851 tokens=262564880 train=5.268915176391602 val=5.350542351603508 | 160m: pid_alive=False no_state tail=
2026-06-03T07:34:10Z heartbeat 80m: pid_alive=False status=running step=18044/196851 tokens=183327040 train=nan val=nan | 80m_retry: pid_alive=True status=running step=26333/196851 tokens=267543280 train=5.223743915557861 val=5.350542351603508 | 160m: pid_alive=False no_state tail=
2026-06-03T07:35:10Z heartbeat 80m: pid_alive=False status=running step=18044/196851 tokens=183327040 train=nan val=nan | 80m_retry: pid_alive=True status=running step=26847/196851 tokens=272765520 train=5.116328239440918 val=5.350542351603508 | 160m: pid_alive=False no_state tail=
2026-06-03T07:36:11Z heartbeat 80m: pid_alive=False status=running step=18044/196851 tokens=183327040 train=nan val=nan | 80m_retry: pid_alive=True status=running step=27337/196851 tokens=277743920 train=5.323564529418945 val=5.350542351603508 | 160m: pid_alive=False no_state tail=
2026-06-03T07:37:11Z heartbeat 80m: pid_alive=False status=running step=18044/196851 tokens=183327040 train=nan val=nan | 80m_retry: pid_alive=True status=running step=27853/196851 tokens=282986480 train=5.308444023132324 val=5.350542351603508 | 160m: pid_alive=False no_state tail=
2026-06-03T07:38:12Z heartbeat 80m: pid_alive=False status=running step=18044/196851 tokens=183327040 train=nan val=nan | 80m_retry: pid_alive=True status=running step=28342/196851 tokens=287954720 train=4.997609615325928 val=5.350542351603508 | 160m: pid_alive=False no_state tail=
2026-06-03T07:39:12Z heartbeat 80m: pid_alive=False status=running step=18044/196851 tokens=183327040 train=nan val=nan | 80m_retry: pid_alive=True status=running step=28857/196851 tokens=293187120 train=5.144384384155273 val=5.350542351603508 | 160m: pid_alive=False no_state tail=
2026-06-03T07:40:12Z heartbeat 80m: pid_alive=False status=running step=18044/196851 tokens=183327040 train=nan val=nan | 80m_retry: pid_alive=True status=running step=29346/196851 tokens=298155360 train=5.046936988830566 val=5.350542351603508 | 160m: pid_alive=False no_state tail=
2026-06-03T07:41:13Z heartbeat 80m: pid_alive=False status=running step=18044/196851 tokens=183327040 train=nan val=nan | 80m_retry: pid_alive=True status=running step=29820/196851 tokens=302971200 train=5.0704216957092285 val=5.211947754025459 | 160m: pid_alive=False no_state tail=
2026-06-03T07:42:13Z heartbeat 80m: pid_alive=False status=running step=18044/196851 tokens=183327040 train=nan val=nan | 80m_retry: pid_alive=True status=running step=30310/196851 tokens=307949600 train=5.191117286682129 val=5.211947754025459 | 160m: pid_alive=False no_state tail=
2026-06-03T07:43:14Z heartbeat 80m: pid_alive=False status=running step=18044/196851 tokens=183327040 train=nan val=nan | 80m_retry: pid_alive=True status=running step=30824/196851 tokens=313171840 train=5.076269149780273 val=5.211947754025459 | 160m: pid_alive=False no_state tail=
2026-06-03T07:44:14Z heartbeat 80m: pid_alive=False status=running step=18044/196851 tokens=183327040 train=nan val=nan | 80m_retry: pid_alive=True status=running step=31313/196851 tokens=318140080 train=4.917659282684326 val=5.211947754025459 | 160m: pid_alive=False no_state tail=
2026-06-03T07:45:15Z heartbeat 80m: pid_alive=False status=running step=18044/196851 tokens=183327040 train=nan val=nan | 80m_retry: pid_alive=True status=running step=31829/196851 tokens=323382640 train=5.02636194229126 val=5.211947754025459 | 160m: pid_alive=False no_state tail=
2026-06-03T07:46:15Z heartbeat 80m: pid_alive=False status=running step=18044/196851 tokens=183327040 train=nan val=nan | 80m_retry: pid_alive=True status=running step=32318/196851 tokens=328350880 train=5.209307670593262 val=5.211947754025459 | 160m: pid_alive=False no_state tail=
2026-06-03T07:47:15Z heartbeat 80m: pid_alive=False status=running step=18044/196851 tokens=183327040 train=nan val=nan | 80m_retry: pid_alive=True status=running step=32834/196851 tokens=333593440 train=4.977158546447754 val=5.211947754025459 | 160m: pid_alive=False no_state tail=
2026-06-03T07:48:16Z heartbeat 80m: pid_alive=False status=running step=18044/196851 tokens=183327040 train=nan val=nan | 80m_retry: pid_alive=True status=running step=33322/196851 tokens=338551520 train=5.1678361892700195 val=5.211947754025459 | 160m: pid_alive=False no_state tail=
2026-06-03T07:49:16Z heartbeat 80m: pid_alive=False status=running step=18044/196851 tokens=183327040 train=nan val=nan | 80m_retry: pid_alive=True status=running step=33838/196851 tokens=343794080 train=5.133578300476074 val=5.211947754025459 | 160m: pid_alive=False no_state tail=
2026-06-03T07:50:17Z heartbeat 80m: pid_alive=False status=running step=18044/196851 tokens=183327040 train=nan val=nan | 80m_retry: pid_alive=True status=running step=34328/196851 tokens=348772480 train=5.082566261291504 val=5.211947754025459 | 160m: pid_alive=False no_state tail=
2026-06-03T07:51:17Z heartbeat 80m: pid_alive=False status=running step=18044/196851 tokens=183327040 train=nan val=nan | 80m_retry: pid_alive=True status=running step=34843/196851 tokens=354004880 train=5.007373809814453 val=5.211947754025459 | 160m: pid_alive=False no_state tail=
2026-06-03T07:52:17Z heartbeat 80m: pid_alive=False status=running step=18044/196851 tokens=183327040 train=nan val=nan | 80m_retry: pid_alive=True status=running step=35331/196851 tokens=358962960 train=5.369239807128906 val=5.211947754025459 | 160m: pid_alive=False no_state tail=
2026-06-03T07:53:18Z heartbeat 80m: pid_alive=False status=running step=18044/196851 tokens=183327040 train=nan val=nan | 80m_retry: pid_alive=True status=running step=35846/196851 tokens=364195360 train=5.189502716064453 val=5.211947754025459 | 160m: pid_alive=False no_state tail=
2026-06-03T07:54:18Z heartbeat 80m: pid_alive=False status=running step=18044/196851 tokens=183327040 train=nan val=nan | 80m_retry: pid_alive=True status=running step=36335/196851 tokens=369163600 train=5.060066223144531 val=5.211947754025459 | 160m: pid_alive=False no_state tail=
2026-06-03T07:55:19Z heartbeat 80m: pid_alive=False status=running step=18044/196851 tokens=183327040 train=nan val=nan | 80m_retry: pid_alive=True status=running step=36849/196851 tokens=374385840 train=5.396112442016602 val=5.211947754025459 | 160m: pid_alive=False no_state tail=
2026-06-03T07:56:19Z heartbeat 80m: pid_alive=False status=running step=18044/196851 tokens=183327040 train=nan val=nan | 80m_retry: pid_alive=True status=running step=37337/196851 tokens=379343920 train=5.306676387786865 val=5.211947754025459 | 160m: pid_alive=False no_state tail=
2026-06-03T07:57:20Z heartbeat 80m: pid_alive=False status=running step=18044/196851 tokens=183327040 train=nan val=nan | 80m_retry: pid_alive=True status=running step=37851/196851 tokens=384566160 train=4.941374778747559 val=5.211947754025459 | 160m: pid_alive=False no_state tail=
2026-06-03T07:58:20Z heartbeat 80m: pid_alive=False status=running step=18044/196851 tokens=183327040 train=nan val=nan | 80m_retry: pid_alive=True status=running step=38339/196851 tokens=389524240 train=4.877891540527344 val=5.211947754025459 | 160m: pid_alive=False no_state tail=
2026-06-03T07:59:20Z heartbeat 80m: pid_alive=False status=running step=18044/196851 tokens=183327040 train=nan val=nan | 80m_retry: pid_alive=True status=running step=38853/196851 tokens=394746480 train=5.038846015930176 val=5.211947754025459 | 160m: pid_alive=False no_state tail=
2026-06-03T08:00:21Z heartbeat 80m: pid_alive=False status=running step=18044/196851 tokens=183327040 train=nan val=nan | 80m_retry: pid_alive=True status=running step=39342/196851 tokens=399714720 train=5.2533721923828125 val=5.211947754025459 | 160m: pid_alive=False no_state tail=
2026-06-03T08:01:21Z heartbeat 80m: pid_alive=False status=running step=18044/196851 tokens=183327040 train=nan val=nan | 80m_retry: pid_alive=True status=running step=39815/196851 tokens=404520400 train=5.362441539764404 val=5.135958731174469 | 160m: pid_alive=False no_state tail=
2026-06-03T08:02:22Z heartbeat 80m: pid_alive=False status=running step=18044/196851 tokens=183327040 train=nan val=nan | 80m_retry: pid_alive=True status=running step=40304/196851 tokens=409488640 train=5.127329349517822 val=5.135958731174469 | 160m: pid_alive=False no_state tail=
2026-06-03T08:03:22Z heartbeat 80m: pid_alive=False status=running step=18044/196851 tokens=183327040 train=nan val=nan | 80m_retry: pid_alive=True status=running step=40817/196851 tokens=414700720 train=5.006051063537598 val=5.135958731174469 | 160m: pid_alive=False no_state tail=
2026-06-03T08:04:22Z heartbeat 80m: pid_alive=False status=running step=18044/196851 tokens=183327040 train=nan val=nan | 80m_retry: pid_alive=True status=running step=41305/196851 tokens=419658800 train=4.872589111328125 val=5.135958731174469 | 160m: pid_alive=False no_state tail=
2026-06-03T08:05:23Z heartbeat 80m: pid_alive=False status=running step=18044/196851 tokens=183327040 train=nan val=nan | 80m_retry: pid_alive=True status=running step=41819/196851 tokens=424881040 train=5.1115031242370605 val=5.135958731174469 | 160m: pid_alive=False no_state tail=
2026-06-03T08:06:23Z heartbeat 80m: pid_alive=False status=running step=18044/196851 tokens=183327040 train=nan val=nan | 80m_retry: pid_alive=True status=running step=42306/196851 tokens=429828960 train=5.43278169631958 val=5.135958731174469 | 160m: pid_alive=False no_state tail=
2026-06-03T08:07:24Z heartbeat 80m: pid_alive=False status=running step=18044/196851 tokens=183327040 train=nan val=nan | 80m_retry: pid_alive=True status=running step=42821/196851 tokens=435061360 train=5.114511489868164 val=5.135958731174469 | 160m: pid_alive=False no_state tail=
2026-06-03T08:08:24Z heartbeat 80m: pid_alive=False status=running step=18044/196851 tokens=183327040 train=nan val=nan | 80m_retry: pid_alive=True status=running step=43309/196851 tokens=440019440 train=5.132436752319336 val=5.135958731174469 | 160m: pid_alive=False no_state tail=
2026-06-03T08:09:24Z heartbeat 80m: pid_alive=False status=running step=18044/196851 tokens=183327040 train=nan val=nan | 80m_retry: pid_alive=True status=running step=43824/196851 tokens=445251840 train=4.995758533477783 val=5.135958731174469 | 160m: pid_alive=False no_state tail=
2026-06-03T08:10:25Z heartbeat 80m: pid_alive=False status=running step=18044/196851 tokens=183327040 train=nan val=nan | 80m_retry: pid_alive=True status=running step=44312/196851 tokens=450209920 train=5.322822570800781 val=5.135958731174469 | 160m: pid_alive=False no_state tail=
2026-06-03T08:11:25Z heartbeat 80m: pid_alive=False status=running step=18044/196851 tokens=183327040 train=nan val=nan | 80m_retry: pid_alive=True status=running step=44827/196851 tokens=455442320 train=4.795917510986328 val=5.135958731174469 | 160m: pid_alive=False no_state tail=
2026-06-03T08:12:26Z heartbeat 80m: pid_alive=False status=running step=18044/196851 tokens=183327040 train=nan val=nan | 80m_retry: pid_alive=True status=running step=45315/196851 tokens=460400400 train=4.976619720458984 val=5.135958731174469 | 160m: pid_alive=False no_state tail=
2026-06-03T08:13:26Z heartbeat 80m: pid_alive=False status=running step=18044/196851 tokens=183327040 train=nan val=nan | 80m_retry: pid_alive=True status=running step=45829/196851 tokens=465622640 train=4.953889846801758 val=5.135958731174469 | 160m: pid_alive=False no_state tail=
2026-06-03T08:14:26Z heartbeat 80m: pid_alive=False status=running step=18044/196851 tokens=183327040 train=nan val=nan | 80m_retry: pid_alive=True status=running step=46318/196851 tokens=470590880 train=5.1230010986328125 val=5.135958731174469 | 160m: pid_alive=False no_state tail=
2026-06-03T08:15:27Z heartbeat 80m: pid_alive=False status=running step=18044/196851 tokens=183327040 train=nan val=nan | 80m_retry: pid_alive=True status=running step=46832/196851 tokens=475813120 train=4.775720119476318 val=5.135958731174469 | 160m: pid_alive=False no_state tail=
2026-06-03T08:16:27Z heartbeat 80m: pid_alive=False status=running step=18044/196851 tokens=183327040 train=nan val=nan | 80m_retry: pid_alive=True status=running step=47320/196851 tokens=480771200 train=5.071506500244141 val=5.135958731174469 | 160m: pid_alive=False no_state tail=
2026-06-03T08:17:28Z heartbeat 80m: pid_alive=False status=running step=18044/196851 tokens=183327040 train=nan val=nan | 80m_retry: pid_alive=True status=running step=47834/196851 tokens=485993440 train=5.020989418029785 val=5.135958731174469 | 160m: pid_alive=False no_state tail=
2026-06-03T08:18:28Z heartbeat 80m: pid_alive=False status=running step=18044/196851 tokens=183327040 train=nan val=nan | 80m_retry: pid_alive=True status=running step=48322/196851 tokens=490951520 train=5.11592960357666 val=5.135958731174469 | 160m: pid_alive=False no_state tail=
2026-06-03T08:19:28Z heartbeat 80m: pid_alive=False status=running step=18044/196851 tokens=183327040 train=nan val=nan | 80m_retry: pid_alive=True status=running step=48836/196851 tokens=496173760 train=4.973941802978516 val=5.135958731174469 | 160m: pid_alive=False no_state tail=
2026-06-03T08:20:29Z heartbeat 80m: pid_alive=False status=running step=18044/196851 tokens=183327040 train=nan val=nan | 80m_retry: pid_alive=True status=running step=49283/196851 tokens=500715280 train=4.900557518005371 val=5.071734294295311 | 160m: pid_alive=False no_state tail=
2026-06-03T08:21:29Z heartbeat 80m: pid_alive=False status=running step=18044/196851 tokens=183327040 train=nan val=nan | 80m_retry: pid_alive=True status=running step=49797/196851 tokens=505937520 train=5.02970027923584 val=5.071734294295311 | 160m: pid_alive=False no_state tail=
2026-06-03T08:22:30Z heartbeat 80m: pid_alive=False status=running step=18044/196851 tokens=183327040 train=nan val=nan | 80m_retry: pid_alive=True status=running step=50284/196851 tokens=510885440 train=4.981026649475098 val=5.071734294295311 | 160m: pid_alive=False no_state tail=
2026-06-03T08:23:30Z heartbeat 80m: pid_alive=False status=running step=18044/196851 tokens=183327040 train=nan val=nan | 80m_retry: pid_alive=True status=running step=50798/196851 tokens=516107680 train=4.927457809448242 val=5.071734294295311 | 160m: pid_alive=False no_state tail=
2026-06-03T08:24:30Z heartbeat 80m: pid_alive=False status=running step=18044/196851 tokens=183327040 train=nan val=nan | 80m_retry: pid_alive=True status=running step=51286/196851 tokens=521065760 train=5.029745101928711 val=5.071734294295311 | 160m: pid_alive=False no_state tail=
2026-06-03T08:25:31Z heartbeat 80m: pid_alive=False status=running step=18044/196851 tokens=183327040 train=nan val=nan | 80m_retry: pid_alive=True status=running step=51799/196851 tokens=526277840 train=5.191006660461426 val=5.071734294295311 | 160m: pid_alive=False no_state tail=
2026-06-03T08:26:31Z heartbeat 80m: pid_alive=False status=running step=18044/196851 tokens=183327040 train=nan val=nan | 80m_retry: pid_alive=True status=running step=52287/196851 tokens=531235920 train=5.146184921264648 val=5.071734294295311 | 160m: pid_alive=False no_state tail=
2026-06-03T08:27:32Z heartbeat 80m: pid_alive=False status=running step=18044/196851 tokens=183327040 train=nan val=nan | 80m_retry: pid_alive=True status=running step=52801/196851 tokens=536458160 train=4.710207939147949 val=5.071734294295311 | 160m: pid_alive=False no_state tail=
2026-06-03T08:28:32Z heartbeat 80m: pid_alive=False status=running step=18044/196851 tokens=183327040 train=nan val=nan | 80m_retry: pid_alive=True status=running step=53288/196851 tokens=541406080 train=5.022541046142578 val=5.071734294295311 | 160m: pid_alive=False no_state tail=
2026-06-03T08:29:33Z heartbeat 80m: pid_alive=False status=running step=18044/196851 tokens=183327040 train=nan val=nan | 80m_retry: pid_alive=True status=running step=53802/196851 tokens=546628320 train=5.015542030334473 val=5.071734294295311 | 160m: pid_alive=False no_state tail=
2026-06-03T08:30:33Z heartbeat 80m: pid_alive=False status=running step=18044/196851 tokens=183327040 train=nan val=nan | 80m_retry: pid_alive=True status=running step=54290/196851 tokens=551586400 train=4.602736949920654 val=5.071734294295311 | 160m: pid_alive=False no_state tail=
2026-06-03T08:31:33Z heartbeat 80m: pid_alive=False status=running step=18044/196851 tokens=183327040 train=nan val=nan | 80m_retry: pid_alive=True status=running step=54804/196851 tokens=556808640 train=5.040760517120361 val=5.071734294295311 | 160m: pid_alive=False no_state tail=
2026-06-03T08:32:34Z heartbeat 80m: pid_alive=False status=running step=18044/196851 tokens=183327040 train=nan val=nan | 80m_retry: pid_alive=True status=running step=55292/196851 tokens=561766720 train=5.416769027709961 val=5.071734294295311 | 160m: pid_alive=False no_state tail=
2026-06-03T08:33:34Z heartbeat 80m: pid_alive=False status=running step=18044/196851 tokens=183327040 train=nan val=nan | 80m_retry: pid_alive=True status=running step=55806/196851 tokens=566988960 train=4.956731796264648 val=5.071734294295311 | 160m: pid_alive=False no_state tail=
2026-06-03T08:34:35Z heartbeat 80m: pid_alive=False status=running step=18044/196851 tokens=183327040 train=nan val=nan | 80m_retry: pid_alive=True status=running step=56294/196851 tokens=571947040 train=5.0832839012146 val=5.071734294295311 | 160m: pid_alive=False no_state tail=
2026-06-03T08:35:35Z heartbeat 80m: pid_alive=False status=running step=18044/196851 tokens=183327040 train=nan val=nan | 80m_retry: pid_alive=True status=running step=56807/196851 tokens=577159120 train=4.735814094543457 val=5.071734294295311 | 160m: pid_alive=False no_state tail=
2026-06-03T08:36:36Z heartbeat 80m: pid_alive=False status=running step=18044/196851 tokens=183327040 train=nan val=nan | 80m_retry: pid_alive=True status=running step=57295/196851 tokens=582117200 train=4.818748950958252 val=5.071734294295311 | 160m: pid_alive=False no_state tail=
2026-06-03T08:37:36Z heartbeat 80m: pid_alive=False status=running step=18044/196851 tokens=183327040 train=nan val=nan | 80m_retry: pid_alive=True status=running step=57808/196851 tokens=587329280 train=4.817508697509766 val=5.071734294295311 | 160m: pid_alive=False no_state tail=
2026-06-03T08:38:36Z heartbeat 80m: pid_alive=False status=running step=18044/196851 tokens=183327040 train=nan val=nan | 80m_retry: pid_alive=True status=running step=58295/196851 tokens=592277200 train=4.975069999694824 val=5.071734294295311 | 160m: pid_alive=False no_state tail=
2026-06-03T08:39:37Z heartbeat 80m: pid_alive=False status=running step=18044/196851 tokens=183327040 train=nan val=nan | 80m_retry: pid_alive=True status=running step=58808/196851 tokens=597489280 train=4.767838001251221 val=5.071734294295311 | 160m: pid_alive=False no_state tail=
2026-06-03T08:40:37Z scaling_decision run=longseq_anchor16_80m_2b_lr1e3_20260603 val_80m_600m=5.0363 baseline_40m_600m=5.094723 holds=True
2026-06-03T08:40:37Z launch_160m_wait_gpu gpu_used_mb=4761
2026-06-03T08:40:37Z heartbeat 80m: pid_alive=False status=running step=18044/196851 tokens=183327040 train=nan val=nan | 80m_retry: pid_alive=True status=running step=59229/196851 tokens=601766640 train=5.0871262550354 val=5.036295384168625 | 160m: pid_alive=False no_state tail=
2026-06-03T08:41:38Z launch_160m_wait_gpu gpu_used_mb=4761
2026-06-03T08:41:38Z heartbeat 80m: pid_alive=False status=running step=18044/196851 tokens=183327040 train=nan val=nan | 80m_retry: pid_alive=True status=running step=59740/196851 tokens=606958400 train=4.954909324645996 val=5.036295384168625 | 160m: pid_alive=False no_state tail=
2026-06-03T08:42:38Z launch_160m_wait_gpu gpu_used_mb=4761
2026-06-03T08:42:38Z heartbeat 80m: pid_alive=False status=running step=18044/196851 tokens=183327040 train=nan val=nan | 80m_retry: pid_alive=True status=running step=60226/196851 tokens=611896160 train=5.1039838790893555 val=5.036295384168625 | 160m: pid_alive=False no_state tail=
2026-06-03T08:43:39Z launch_160m_wait_gpu gpu_used_mb=4761
2026-06-03T08:43:39Z heartbeat 80m: pid_alive=False status=running step=18044/196851 tokens=183327040 train=nan val=nan | 80m_retry: pid_alive=True status=running step=60739/196851 tokens=617108240 train=4.885185718536377 val=5.036295384168625 | 160m: pid_alive=False no_state tail=
2026-06-03T08:44:39Z launch_160m_wait_gpu gpu_used_mb=4762
2026-06-03T08:44:39Z heartbeat 80m: pid_alive=False status=running step=18044/196851 tokens=183327040 train=nan val=nan | 80m_retry: pid_alive=True status=running step=61226/196851 tokens=622056160 train=4.794925689697266 val=5.036295384168625 | 160m: pid_alive=False no_state tail=
2026-06-03T08:45:39Z launch_160m_wait_gpu gpu_used_mb=4762
2026-06-03T08:45:40Z heartbeat 80m: pid_alive=False status=running step=18044/196851 tokens=183327040 train=nan val=nan | 80m_retry: pid_alive=True status=running step=61739/196851 tokens=627268240 train=5.673688888549805 val=5.036295384168625 | 160m: pid_alive=False no_state tail=
2026-06-03T08:46:40Z launch_160m_wait_gpu gpu_used_mb=4762
2026-06-03T08:46:40Z heartbeat 80m: pid_alive=False status=running step=18044/196851 tokens=183327040 train=nan val=nan | 80m_retry: pid_alive=True status=running step=62227/196851 tokens=632226320 train=4.671750068664551 val=5.036295384168625 | 160m: pid_alive=False no_state tail=
2026-06-03T08:47:40Z launch_160m_wait_gpu gpu_used_mb=4762
2026-06-03T08:47:40Z heartbeat 80m: pid_alive=False status=running step=18044/196851 tokens=183327040 train=nan val=nan | 80m_retry: pid_alive=True status=running step=62740/196851 tokens=637438400 train=5.0486931800842285 val=5.036295384168625 | 160m: pid_alive=False no_state tail=
2026-06-03T08:48:41Z launch_160m_wait_gpu gpu_used_mb=4762
2026-06-03T08:48:41Z heartbeat 80m: pid_alive=False status=running step=18044/196851 tokens=183327040 train=nan val=nan | 80m_retry: pid_alive=True status=running step=63227/196851 tokens=642386320 train=5.167721748352051 val=5.036295384168625 | 160m: pid_alive=False no_state tail=
2026-06-03T08:49:41Z launch_160m_wait_gpu gpu_used_mb=4762
2026-06-03T08:49:41Z heartbeat 80m: pid_alive=False status=running step=18044/196851 tokens=183327040 train=nan val=nan | 80m_retry: pid_alive=True status=running step=63740/196851 tokens=647598400 train=4.907661437988281 val=5.036295384168625 | 160m: pid_alive=False no_state tail=
2026-06-03T08:50:42Z launch_160m_wait_gpu gpu_used_mb=4762
2026-06-03T08:50:42Z heartbeat 80m: pid_alive=False status=running step=18044/196851 tokens=183327040 train=nan val=nan | 80m_retry: pid_alive=True status=running step=64227/196851 tokens=652546320 train=4.842942237854004 val=5.036295384168625 | 160m: pid_alive=False no_state tail=
2026-06-03T08:51:42Z launch_160m_wait_gpu gpu_used_mb=4762
2026-06-03T08:51:42Z heartbeat 80m: pid_alive=False status=running step=18044/196851 tokens=183327040 train=nan val=nan | 80m_retry: pid_alive=True status=running step=64741/196851 tokens=657768560 train=4.940343856811523 val=5.036295384168625 | 160m: pid_alive=False no_state tail=
2026-06-03T08:52:43Z launch_160m_wait_gpu gpu_used_mb=4762
2026-06-03T08:52:43Z heartbeat 80m: pid_alive=False status=running step=18044/196851 tokens=183327040 train=nan val=nan | 80m_retry: pid_alive=True status=running step=65228/196851 tokens=662716480 train=4.958995819091797 val=5.036295384168625 | 160m: pid_alive=False no_state tail=
2026-06-03T08:53:43Z launch_160m_wait_gpu gpu_used_mb=4762
2026-06-03T08:53:43Z heartbeat 80m: pid_alive=False status=running step=18044/196851 tokens=183327040 train=nan val=nan | 80m_retry: pid_alive=True status=running step=65740/196851 tokens=667918400 train=5.0403852462768555 val=5.036295384168625 | 160m: pid_alive=False no_state tail=
2026-06-03T08:54:43Z launch_160m_wait_gpu gpu_used_mb=4762
2026-06-03T08:54:44Z heartbeat 80m: pid_alive=False status=running step=18044/196851 tokens=183327040 train=nan val=nan | 80m_retry: pid_alive=True status=running step=66227/196851 tokens=672866320 train=5.077286720275879 val=5.036295384168625 | 160m: pid_alive=False no_state tail=
2026-06-03T08:55:44Z launch_160m_wait_gpu gpu_used_mb=4762
2026-06-03T08:55:44Z heartbeat 80m: pid_alive=False status=running step=18044/196851 tokens=183327040 train=nan val=nan | 80m_retry: pid_alive=True status=running step=66739/196851 tokens=678068240 train=5.357128143310547 val=5.036295384168625 | 160m: pid_alive=False no_state tail=
2026-06-03T08:56:44Z launch_160m_wait_gpu gpu_used_mb=4762
2026-06-03T08:56:44Z heartbeat 80m: pid_alive=False status=running step=18044/196851 tokens=183327040 train=nan val=nan | 80m_retry: pid_alive=True status=running step=67227/196851 tokens=683026320 train=4.93865442276001 val=5.036295384168625 | 160m: pid_alive=False no_state tail=
2026-06-03T08:57:45Z launch_160m_wait_gpu gpu_used_mb=4762
2026-06-03T08:57:45Z heartbeat 80m: pid_alive=False status=running step=18044/196851 tokens=183327040 train=nan val=nan | 80m_retry: pid_alive=True status=running step=67739/196851 tokens=688228240 train=5.886107444763184 val=5.036295384168625 | 160m: pid_alive=False no_state tail=
2026-06-03T08:58:45Z launch_160m_wait_gpu gpu_used_mb=4762
2026-06-03T08:58:45Z heartbeat 80m: pid_alive=False status=running step=18044/196851 tokens=183327040 train=nan val=nan | 80m_retry: pid_alive=True status=running step=68226/196851 tokens=693176160 train=4.79419469833374 val=5.036295384168625 | 160m: pid_alive=False no_state tail=
2026-06-03T08:59:46Z launch_160m_wait_gpu gpu_used_mb=4762
2026-06-03T08:59:46Z heartbeat 80m: pid_alive=False status=running step=18044/196851 tokens=183327040 train=nan val=nan | 80m_retry: pid_alive=True status=running step=68739/196851 tokens=698388240 train=4.905684471130371 val=5.036295384168625 | 160m: pid_alive=False no_state tail=
2026-06-03T09:00:46Z launch_160m_wait_gpu gpu_used_mb=4762
2026-06-03T09:00:46Z heartbeat 80m: pid_alive=False status=running step=18044/196851 tokens=183327040 train=nan val=nan | 80m_retry: pid_alive=True status=running step=69186/196851 tokens=702929760 train=5.27244758605957 val=5.001431107521057 | 160m: pid_alive=False no_state tail=
2026-06-03T09:01:47Z launch_160m_wait_gpu gpu_used_mb=4762
2026-06-03T09:01:47Z heartbeat 80m: pid_alive=False status=running step=18044/196851 tokens=183327040 train=nan val=nan | 80m_retry: pid_alive=True status=running step=69697/196851 tokens=708121520 train=4.9773430824279785 val=5.001431107521057 | 160m: pid_alive=False no_state tail=
2026-06-03T09:02:47Z launch_160m_wait_gpu gpu_used_mb=4762
2026-06-03T09:02:47Z heartbeat 80m: pid_alive=False status=running step=18044/196851 tokens=183327040 train=nan val=nan | 80m_retry: pid_alive=True status=running step=70183/196851 tokens=713059280 train=5.013715744018555 val=5.001431107521057 | 160m: pid_alive=False no_state tail=
2026-06-03T09:03:47Z launch_160m_wait_gpu gpu_used_mb=4762
2026-06-03T09:03:48Z heartbeat 80m: pid_alive=False status=running step=18044/196851 tokens=183327040 train=nan val=nan | 80m_retry: pid_alive=True status=running step=70696/196851 tokens=718271360 train=4.7611165046691895 val=5.001431107521057 | 160m: pid_alive=False no_state tail=
2026-06-03T09:04:48Z launch_160m_wait_gpu gpu_used_mb=4761
2026-06-03T09:04:48Z heartbeat 80m: pid_alive=False status=running step=18044/196851 tokens=183327040 train=nan val=nan | 80m_retry: pid_alive=True status=running step=71182/196851 tokens=723209120 train=5.373509407043457 val=5.001431107521057 | 160m: pid_alive=False no_state tail=
2026-06-03T09:05:48Z launch_160m_wait_gpu gpu_used_mb=4761
2026-06-03T09:05:48Z heartbeat 80m: pid_alive=False status=running step=18044/196851 tokens=183327040 train=nan val=nan | 80m_retry: pid_alive=True status=running step=71694/196851 tokens=728411040 train=5.190219879150391 val=5.001431107521057 | 160m: pid_alive=False no_state tail=
2026-06-03T09:06:49Z launch_160m_wait_gpu gpu_used_mb=4761
2026-06-03T09:06:49Z heartbeat 80m: pid_alive=False status=running step=18044/196851 tokens=183327040 train=nan val=nan | 80m_retry: pid_alive=True status=running step=72181/196851 tokens=733358960 train=4.874434471130371 val=5.001431107521057 | 160m: pid_alive=False no_state tail=
2026-06-03T09:07:49Z launch_160m_wait_gpu gpu_used_mb=4761
2026-06-03T09:07:49Z heartbeat 80m: pid_alive=False status=running step=18044/196851 tokens=183327040 train=nan val=nan | 80m_retry: pid_alive=True status=running step=72694/196851 tokens=738571040 train=4.751877307891846 val=5.001431107521057 | 160m: pid_alive=False no_state tail=
2026-06-03T09:08:50Z launch_160m_wait_gpu gpu_used_mb=4761
2026-06-03T09:08:50Z heartbeat 80m: pid_alive=False status=running step=18044/196851 tokens=183327040 train=nan val=nan | 80m_retry: pid_alive=True status=running step=73179/196851 tokens=743498640 train=5.084605693817139 val=5.001431107521057 | 160m: pid_alive=False no_state tail=
2026-06-03T09:09:50Z launch_160m_wait_gpu gpu_used_mb=4761
2026-06-03T09:09:50Z heartbeat 80m: pid_alive=False status=running step=18044/196851 tokens=183327040 train=nan val=nan | 80m_retry: pid_alive=True status=running step=73691/196851 tokens=748700560 train=4.8597798347473145 val=5.001431107521057 | 160m: pid_alive=False no_state tail=
2026-06-03T09:10:50Z launch_160m_wait_gpu gpu_used_mb=4761
2026-06-03T09:10:51Z heartbeat 80m: pid_alive=False status=running step=18044/196851 tokens=183327040 train=nan val=nan | 80m_retry: pid_alive=True status=running step=74178/196851 tokens=753648480 train=4.7741312980651855 val=5.001431107521057 | 160m: pid_alive=False no_state tail=
2026-06-03T09:11:51Z launch_160m_wait_gpu gpu_used_mb=4761
2026-06-03T09:11:51Z heartbeat 80m: pid_alive=False status=running step=18044/196851 tokens=183327040 train=nan val=nan | 80m_retry: pid_alive=True status=running step=74690/196851 tokens=758850400 train=5.186923027038574 val=5.001431107521057 | 160m: pid_alive=False no_state tail=
2026-06-03T09:12:51Z launch_160m_wait_gpu gpu_used_mb=4761
2026-06-03T09:12:51Z heartbeat 80m: pid_alive=False status=running step=18044/196851 tokens=183327040 train=nan val=nan | 80m_retry: pid_alive=True status=running step=75175/196851 tokens=763778000 train=5.067644119262695 val=5.001431107521057 | 160m: pid_alive=False no_state tail=
2026-06-03T09:13:52Z launch_160m_wait_gpu gpu_used_mb=4762
2026-06-03T09:13:52Z heartbeat 80m: pid_alive=False status=running step=18044/196851 tokens=183327040 train=nan val=nan | 80m_retry: pid_alive=True status=running step=75687/196851 tokens=768979920 train=4.892043590545654 val=5.001431107521057 | 160m: pid_alive=False no_state tail=
2026-06-03T09:14:52Z launch_160m_wait_gpu gpu_used_mb=4762
2026-06-03T09:14:52Z heartbeat 80m: pid_alive=False status=running step=18044/196851 tokens=183327040 train=nan val=nan | 80m_retry: pid_alive=True status=running step=76173/196851 tokens=773917680 train=4.7512288093566895 val=5.001431107521057 | 160m: pid_alive=False no_state tail=
2026-06-03T09:15:53Z launch_160m_wait_gpu gpu_used_mb=4762
2026-06-03T09:15:53Z heartbeat 80m: pid_alive=False status=running step=18044/196851 tokens=183327040 train=nan val=nan | 80m_retry: pid_alive=True status=running step=76684/196851 tokens=779109440 train=5.023139476776123 val=5.001431107521057 | 160m: pid_alive=False no_state tail=
2026-06-03T09:16:53Z launch_160m_wait_gpu gpu_used_mb=4762
2026-06-03T09:16:53Z heartbeat 80m: pid_alive=False status=running step=18044/196851 tokens=183327040 train=nan val=nan | 80m_retry: pid_alive=True status=running step=77170/196851 tokens=784047200 train=4.600643157958984 val=5.001431107521057 | 160m: pid_alive=False no_state tail=
2026-06-03T09:17:53Z launch_160m_wait_gpu gpu_used_mb=4762
2026-06-03T09:17:54Z heartbeat 80m: pid_alive=False status=running step=18044/196851 tokens=183327040 train=nan val=nan | 80m_retry: pid_alive=True status=running step=77682/196851 tokens=789249120 train=4.833545684814453 val=5.001431107521057 | 160m: pid_alive=False no_state tail=
2026-06-03T09:18:54Z launch_160m_wait_gpu gpu_used_mb=4762
2026-06-03T09:18:54Z heartbeat 80m: pid_alive=False status=running step=18044/196851 tokens=183327040 train=nan val=nan | 80m_retry: pid_alive=True status=running step=78168/196851 tokens=794186880 train=4.81251859664917 val=5.001431107521057 | 160m: pid_alive=False no_state tail=
2026-06-03T09:19:54Z launch_160m_wait_gpu gpu_used_mb=4762
2026-06-03T09:19:55Z heartbeat 80m: pid_alive=False status=running step=18044/196851 tokens=183327040 train=nan val=nan | 80m_retry: pid_alive=True status=running step=78681/196851 tokens=799398960 train=4.98525857925415 val=5.001431107521057 | 160m: pid_alive=False no_state tail=
2026-06-03T09:20:55Z launch_160m_wait_gpu gpu_used_mb=4762
2026-06-03T09:20:55Z heartbeat 80m: pid_alive=False status=running step=18044/196851 tokens=183327040 train=nan val=nan | 80m_retry: pid_alive=True status=running step=79125/196851 tokens=803910000 train=5.072938919067383 val=4.978268176317215 | 160m: pid_alive=False no_state tail=
2026-06-03T09:21:55Z launch_160m_wait_gpu gpu_used_mb=4762
2026-06-03T09:21:55Z heartbeat 80m: pid_alive=False status=running step=18044/196851 tokens=183327040 train=nan val=nan | 80m_retry: pid_alive=True status=running step=79637/196851 tokens=809111920 train=4.845290184020996 val=4.978268176317215 | 160m: pid_alive=False no_state tail=
2026-06-03T09:22:56Z launch_160m_wait_gpu gpu_used_mb=4762
2026-06-03T09:22:56Z heartbeat 80m: pid_alive=False status=running step=18044/196851 tokens=183327040 train=nan val=nan | 80m_retry: pid_alive=True status=running step=80123/196851 tokens=814049680 train=5.069367408752441 val=4.978268176317215 | 160m: pid_alive=False no_state tail=
2026-06-03T09:23:56Z launch_160m_wait_gpu gpu_used_mb=4762
2026-06-03T09:23:56Z heartbeat 80m: pid_alive=False status=running step=18044/196851 tokens=183327040 train=nan val=nan | 80m_retry: pid_alive=True status=running step=80635/196851 tokens=819251600 train=4.900671482086182 val=4.978268176317215 | 160m: pid_alive=False no_state tail=
2026-06-03T09:24:57Z launch_160m_wait_gpu gpu_used_mb=4762
2026-06-03T09:24:57Z heartbeat 80m: pid_alive=False status=running step=18044/196851 tokens=183327040 train=nan val=nan | 80m_retry: pid_alive=True status=running step=81122/196851 tokens=824199520 train=4.3284454345703125 val=4.978268176317215 | 160m: pid_alive=False no_state tail=
2026-06-03T09:25:57Z launch_160m_wait_gpu gpu_used_mb=4762
2026-06-03T09:25:57Z heartbeat 80m: pid_alive=False status=running step=18044/196851 tokens=183327040 train=nan val=nan | 80m_retry: pid_alive=True status=running step=81634/196851 tokens=829401440 train=4.787223815917969 val=4.978268176317215 | 160m: pid_alive=False no_state tail=
2026-06-03T09:26:58Z launch_160m_wait_gpu gpu_used_mb=4762
2026-06-03T09:26:58Z heartbeat 80m: pid_alive=False status=running step=18044/196851 tokens=183327040 train=nan val=nan | 80m_retry: pid_alive=True status=running step=82119/196851 tokens=834329040 train=4.726906776428223 val=4.978268176317215 | 160m: pid_alive=False no_state tail=
2026-06-03T09:27:58Z launch_160m_wait_gpu gpu_used_mb=4762
2026-06-03T09:27:58Z heartbeat 80m: pid_alive=False status=running step=18044/196851 tokens=183327040 train=nan val=nan | 80m_retry: pid_alive=True status=running step=82631/196851 tokens=839530960 train=4.8954010009765625 val=4.978268176317215 | 160m: pid_alive=False no_state tail=
2026-06-03T09:28:59Z launch_160m_wait_gpu gpu_used_mb=4762
2026-06-03T09:28:59Z heartbeat 80m: pid_alive=False status=running step=18044/196851 tokens=183327040 train=nan val=nan | 80m_retry: pid_alive=True status=running step=83117/196851 tokens=844468720 train=4.71400260925293 val=4.978268176317215 | 160m: pid_alive=False no_state tail=
2026-06-03T09:29:59Z launch_160m_wait_gpu gpu_used_mb=4762
2026-06-03T09:29:59Z heartbeat 80m: pid_alive=False status=running step=18044/196851 tokens=183327040 train=nan val=nan | 80m_retry: pid_alive=True status=running step=83628/196851 tokens=849660480 train=5.0718536376953125 val=4.978268176317215 | 160m: pid_alive=False no_state tail=
2026-06-03T09:30:59Z launch_160m_wait_gpu gpu_used_mb=4762
2026-06-03T09:31:00Z heartbeat 80m: pid_alive=False status=running step=18044/196851 tokens=183327040 train=nan val=nan | 80m_retry: pid_alive=True status=running step=84114/196851 tokens=854598240 train=4.906920433044434 val=4.978268176317215 | 160m: pid_alive=False no_state tail=
2026-06-03T09:32:00Z launch_160m_wait_gpu gpu_used_mb=4762
2026-06-03T09:32:00Z heartbeat 80m: pid_alive=False status=running step=18044/196851 tokens=183327040 train=nan val=nan | 80m_retry: pid_alive=True status=running step=84626/196851 tokens=859800160 train=4.893538475036621 val=4.978268176317215 | 160m: pid_alive=False no_state tail=
2026-06-03T09:33:00Z launch_160m_wait_gpu gpu_used_mb=4762
2026-06-03T09:33:00Z heartbeat 80m: pid_alive=False status=running step=18044/196851 tokens=183327040 train=nan val=nan | 80m_retry: pid_alive=True status=running step=85111/196851 tokens=864727760 train=4.954695701599121 val=4.978268176317215 | 160m: pid_alive=False no_state tail=
2026-06-03T09:34:01Z launch_160m_wait_gpu gpu_used_mb=4761
2026-06-03T09:34:01Z heartbeat 80m: pid_alive=False status=running step=18044/196851 tokens=183327040 train=nan val=nan | 80m_retry: pid_alive=True status=running step=85622/196851 tokens=869919520 train=4.750603675842285 val=4.978268176317215 | 160m: pid_alive=False no_state tail=
2026-06-03T09:35:01Z launch_160m_wait_gpu gpu_used_mb=4761
2026-06-03T09:35:01Z heartbeat 80m: pid_alive=False status=running step=18044/196851 tokens=183327040 train=nan val=nan | 80m_retry: pid_alive=True status=running step=86107/196851 tokens=874847120 train=4.999346733093262 val=4.978268176317215 | 160m: pid_alive=False no_state tail=
2026-06-03T09:36:02Z launch_160m_wait_gpu gpu_used_mb=4761
2026-06-03T09:36:02Z heartbeat 80m: pid_alive=False status=running step=18044/196851 tokens=183327040 train=nan val=nan | 80m_retry: pid_alive=True status=running step=86618/196851 tokens=880038880 train=4.860354423522949 val=4.978268176317215 | 160m: pid_alive=False no_state tail=
2026-06-03T09:37:02Z launch_160m_wait_gpu gpu_used_mb=4761
2026-06-03T09:37:02Z heartbeat 80m: pid_alive=False status=running step=18044/196851 tokens=183327040 train=nan val=nan | 80m_retry: pid_alive=True status=running step=87103/196851 tokens=884966480 train=4.640317916870117 val=4.978268176317215 | 160m: pid_alive=False no_state tail=
2026-06-03T09:38:03Z launch_160m_wait_gpu gpu_used_mb=4762
2026-06-03T09:38:03Z heartbeat 80m: pid_alive=False status=running step=18044/196851 tokens=183327040 train=nan val=nan | 80m_retry: pid_alive=True status=running step=87614/196851 tokens=890158240 train=4.682467460632324 val=4.978268176317215 | 160m: pid_alive=False no_state tail=
2026-06-03T09:39:03Z launch_160m_wait_gpu gpu_used_mb=4761
2026-06-03T09:39:03Z heartbeat 80m: pid_alive=False status=running step=18044/196851 tokens=183327040 train=nan val=nan | 80m_retry: pid_alive=True status=running step=88100/196851 tokens=895096000 train=4.73499870300293 val=4.978268176317215 | 160m: pid_alive=False no_state tail=
2026-06-03T09:40:04Z launch_160m_wait_gpu gpu_used_mb=4761
2026-06-03T09:40:04Z heartbeat 80m: pid_alive=False status=running step=18044/196851 tokens=183327040 train=nan val=nan | 80m_retry: pid_alive=True status=running step=88587/196851 tokens=900043920 train=4.8510332107543945 val=4.965719997882843 | 160m: pid_alive=False no_state tail=
2026-06-03T09:41:04Z launch_160m_wait_gpu gpu_used_mb=4762
2026-06-03T09:41:04Z heartbeat 80m: pid_alive=False status=running step=18044/196851 tokens=183327040 train=nan val=nan | 80m_retry: pid_alive=True status=running step=89055/196851 tokens=904798800 train=5.161113739013672 val=4.965719997882843 | 160m: pid_alive=False no_state tail=
2026-06-03T09:42:04Z launch_160m_wait_gpu gpu_used_mb=4761
2026-06-03T09:42:05Z heartbeat 80m: pid_alive=False status=running step=18044/196851 tokens=183327040 train=nan val=nan | 80m_retry: pid_alive=True status=running step=89566/196851 tokens=909990560 train=4.906270980834961 val=4.965719997882843 | 160m: pid_alive=False no_state tail=
2026-06-03T09:43:05Z launch_160m_wait_gpu gpu_used_mb=4761
2026-06-03T09:43:05Z heartbeat 80m: pid_alive=False status=running step=18044/196851 tokens=183327040 train=nan val=nan | 80m_retry: pid_alive=True status=running step=90050/196851 tokens=914908000 train=5.142614841461182 val=4.965719997882843 | 160m: pid_alive=False no_state tail=
2026-06-03T09:44:05Z launch_160m_wait_gpu gpu_used_mb=4762
2026-06-03T09:44:05Z heartbeat 80m: pid_alive=False status=running step=18044/196851 tokens=183327040 train=nan val=nan | 80m_retry: pid_alive=True status=running step=90561/196851 tokens=920099760 train=4.796654224395752 val=4.965719997882843 | 160m: pid_alive=False no_state tail=
2026-06-03T09:45:06Z launch_160m_wait_gpu gpu_used_mb=4762
2026-06-03T09:45:06Z heartbeat 80m: pid_alive=False status=running step=18044/196851 tokens=183327040 train=nan val=nan | 80m_retry: pid_alive=True status=running step=91046/196851 tokens=925027360 train=5.1281890869140625 val=4.965719997882843 | 160m: pid_alive=False no_state tail=
2026-06-03T09:46:06Z launch_160m_wait_gpu gpu_used_mb=4762
2026-06-03T09:46:06Z heartbeat 80m: pid_alive=False status=running step=18044/196851 tokens=183327040 train=nan val=nan | 80m_retry: pid_alive=True status=running step=91557/196851 tokens=930219120 train=4.897150993347168 val=4.965719997882843 | 160m: pid_alive=False no_state tail=
2026-06-03T09:47:07Z launch_160m_wait_gpu gpu_used_mb=4762
2026-06-03T09:47:07Z heartbeat 80m: pid_alive=False status=running step=18044/196851 tokens=183327040 train=nan val=nan | 80m_retry: pid_alive=True status=running step=92043/196851 tokens=935156880 train=4.782498836517334 val=4.965719997882843 | 160m: pid_alive=False no_state tail=
2026-06-03T09:48:07Z launch_160m_wait_gpu gpu_used_mb=4762
2026-06-03T09:48:07Z heartbeat 80m: pid_alive=False status=running step=18044/196851 tokens=183327040 train=nan val=nan | 80m_retry: pid_alive=True status=running step=92555/196851 tokens=940358800 train=4.816954612731934 val=4.965719997882843 | 160m: pid_alive=False no_state tail=
2026-06-03T09:49:08Z launch_160m_wait_gpu gpu_used_mb=4762
2026-06-03T09:49:08Z heartbeat 80m: pid_alive=False status=running step=18044/196851 tokens=183327040 train=nan val=nan | 80m_retry: pid_alive=True status=running step=93039/196851 tokens=945276240 train=4.914776802062988 val=4.965719997882843 | 160m: pid_alive=False no_state tail=
2026-06-03T09:50:08Z launch_160m_wait_gpu gpu_used_mb=4762
2026-06-03T09:50:08Z heartbeat 80m: pid_alive=False status=running step=18044/196851 tokens=183327040 train=nan val=nan | 80m_retry: pid_alive=True status=running step=93551/196851 tokens=950478160 train=4.903611183166504 val=4.965719997882843 | 160m: pid_alive=False no_state tail=
2026-06-03T09:51:08Z launch_160m_wait_gpu gpu_used_mb=4762
2026-06-03T09:51:09Z heartbeat 80m: pid_alive=False status=running step=18044/196851 tokens=183327040 train=nan val=nan | 80m_retry: pid_alive=True status=running step=94036/196851 tokens=955405760 train=4.929959297180176 val=4.965719997882843 | 160m: pid_alive=False no_state tail=
2026-06-03T09:52:09Z launch_160m_wait_gpu gpu_used_mb=4762
2026-06-03T09:52:09Z heartbeat 80m: pid_alive=False status=running step=18044/196851 tokens=183327040 train=nan val=nan | 80m_retry: pid_alive=True status=running step=94547/196851 tokens=960597520 train=4.850122451782227 val=4.965719997882843 | 160m: pid_alive=False no_state tail=
2026-06-03T09:53:09Z launch_160m_wait_gpu gpu_used_mb=4762
2026-06-03T09:53:09Z heartbeat 80m: pid_alive=False status=running step=18044/196851 tokens=183327040 train=nan val=nan | 80m_retry: pid_alive=True status=running step=95032/196851 tokens=965525120 train=4.913196563720703 val=4.965719997882843 | 160m: pid_alive=False no_state tail=
2026-06-03T09:54:10Z launch_160m_wait_gpu gpu_used_mb=4762
2026-06-03T09:54:10Z heartbeat 80m: pid_alive=False status=running step=18044/196851 tokens=183327040 train=nan val=nan | 80m_retry: pid_alive=True status=running step=95543/196851 tokens=970716880 train=4.828762531280518 val=4.965719997882843 | 160m: pid_alive=False no_state tail=
2026-06-03T09:55:10Z launch_160m_wait_gpu gpu_used_mb=4762
2026-06-03T09:55:10Z heartbeat 80m: pid_alive=False status=running step=18044/196851 tokens=183327040 train=nan val=nan | 80m_retry: pid_alive=True status=running step=96028/196851 tokens=975644480 train=4.855531692504883 val=4.965719997882843 | 160m: pid_alive=False no_state tail=
2026-06-03T09:56:11Z launch_160m_wait_gpu gpu_used_mb=4762
2026-06-03T09:56:11Z heartbeat 80m: pid_alive=False status=running step=18044/196851 tokens=183327040 train=nan val=nan | 80m_retry: pid_alive=True status=running step=96539/196851 tokens=980836240 train=4.717195987701416 val=4.965719997882843 | 160m: pid_alive=False no_state tail=
2026-06-03T09:57:11Z launch_160m_wait_gpu gpu_used_mb=4762
2026-06-03T09:57:11Z heartbeat 80m: pid_alive=False status=running step=18044/196851 tokens=183327040 train=nan val=nan | 80m_retry: pid_alive=True status=running step=97024/196851 tokens=985763840 train=4.842755317687988 val=4.965719997882843 | 160m: pid_alive=False no_state tail=
2026-06-03T09:58:11Z launch_160m_wait_gpu gpu_used_mb=4762
2026-06-03T09:58:12Z heartbeat 80m: pid_alive=False status=running step=18044/196851 tokens=183327040 train=nan val=nan | 80m_retry: pid_alive=True status=running step=97535/196851 tokens=990955600 train=5.155546188354492 val=4.965719997882843 | 160m: pid_alive=False no_state tail=
2026-06-03T09:59:12Z launch_160m_wait_gpu gpu_used_mb=4762
2026-06-03T09:59:12Z heartbeat 80m: pid_alive=False status=running step=18044/196851 tokens=183327040 train=nan val=nan | 80m_retry: pid_alive=True status=running step=98019/196851 tokens=995873040 train=4.684903621673584 val=4.965719997882843 | 160m: pid_alive=False no_state tail=
2026-06-03T10:00:12Z launch_160m_wait_gpu gpu_used_mb=4762
2026-06-03T10:00:12Z heartbeat 80m: pid_alive=False status=running step=18044/196851 tokens=183327040 train=nan val=nan | 80m_retry: pid_alive=True status=running step=98489/196851 tokens=1000648240 train=4.622844696044922 val=4.930744215846062 | 160m: pid_alive=False no_state tail=
2026-06-03T10:01:13Z launch_160m_wait_gpu gpu_used_mb=4762
2026-06-03T10:01:13Z heartbeat 80m: pid_alive=False status=running step=18044/196851 tokens=183327040 train=nan val=nan | 80m_retry: pid_alive=True status=running step=98999/196851 tokens=1005829840 train=4.857385635375977 val=4.930744215846062 | 160m: pid_alive=False no_state tail=
2026-06-03T10:02:13Z launch_160m_wait_gpu gpu_used_mb=4762
2026-06-03T10:02:13Z heartbeat 80m: pid_alive=False status=running step=18044/196851 tokens=183327040 train=nan val=nan | 80m_retry: pid_alive=True status=running step=99484/196851 tokens=1010757440 train=4.973793983459473 val=4.930744215846062 | 160m: pid_alive=False no_state tail=
2026-06-03T10:03:14Z launch_160m_wait_gpu gpu_used_mb=4762
2026-06-03T10:03:14Z heartbeat 80m: pid_alive=False status=running step=18044/196851 tokens=183327040 train=nan val=nan | 80m_retry: pid_alive=True status=running step=99995/196851 tokens=1015949200 train=4.900312900543213 val=4.930744215846062 | 160m: pid_alive=False no_state tail=
2026-06-03T10:04:14Z launch_160m_wait_gpu gpu_used_mb=4761
2026-06-03T10:04:14Z heartbeat 80m: pid_alive=False status=running step=18044/196851 tokens=183327040 train=nan val=nan | 80m_retry: pid_alive=True status=running step=100479/196851 tokens=1020866640 train=4.863980293273926 val=4.930744215846062 | 160m: pid_alive=False no_state tail=
2026-06-03T10:05:15Z launch_160m_wait_gpu gpu_used_mb=4761
2026-06-03T10:05:15Z heartbeat 80m: pid_alive=False status=running step=18044/196851 tokens=183327040 train=nan val=nan | 80m_retry: pid_alive=True status=running step=100989/196851 tokens=1026048240 train=4.746273994445801 val=4.930744215846062 | 160m: pid_alive=False no_state tail=
2026-06-03T10:06:15Z launch_160m_wait_gpu gpu_used_mb=4761
2026-06-03T10:06:15Z heartbeat 80m: pid_alive=False status=running step=18044/196851 tokens=183327040 train=nan val=nan | 80m_retry: pid_alive=True status=running step=101473/196851 tokens=1030965680 train=4.803741455078125 val=4.930744215846062 | 160m: pid_alive=False no_state tail=
2026-06-03T10:07:15Z launch_160m_wait_gpu gpu_used_mb=4761
2026-06-03T10:07:16Z heartbeat 80m: pid_alive=False status=running step=18044/196851 tokens=183327040 train=nan val=nan | 80m_retry: pid_alive=True status=running step=101983/196851 tokens=1036147280 train=4.916932106018066 val=4.930744215846062 | 160m: pid_alive=False no_state tail=
2026-06-03T10:08:16Z launch_160m_wait_gpu gpu_used_mb=4761
2026-06-03T10:08:16Z heartbeat 80m: pid_alive=False status=running step=18044/196851 tokens=183327040 train=nan val=nan | 80m_retry: pid_alive=True status=running step=102467/196851 tokens=1041064720 train=4.880295753479004 val=4.930744215846062 | 160m: pid_alive=False no_state tail=
2026-06-03T10:09:16Z launch_160m_wait_gpu gpu_used_mb=4761
2026-06-03T10:09:17Z heartbeat 80m: pid_alive=False status=running step=18044/196851 tokens=183327040 train=nan val=nan | 80m_retry: pid_alive=True status=running step=102978/196851 tokens=1046256480 train=4.5147385597229 val=4.930744215846062 | 160m: pid_alive=False no_state tail=
2026-06-03T10:10:17Z launch_160m_wait_gpu gpu_used_mb=4761
2026-06-03T10:10:17Z heartbeat 80m: pid_alive=False status=running step=18044/196851 tokens=183327040 train=nan val=nan | 80m_retry: pid_alive=True status=running step=103463/196851 tokens=1051184080 train=4.653303146362305 val=4.930744215846062 | 160m: pid_alive=False no_state tail=
2026-06-03T10:11:17Z launch_160m_wait_gpu gpu_used_mb=4761
2026-06-03T10:11:17Z heartbeat 80m: pid_alive=False status=running step=18044/196851 tokens=183327040 train=nan val=nan | 80m_retry: pid_alive=True status=running step=103973/196851 tokens=1056365680 train=4.658372402191162 val=4.930744215846062 | 160m: pid_alive=False no_state tail=
2026-06-03T10:12:18Z launch_160m_wait_gpu gpu_used_mb=4761
2026-06-03T10:12:18Z heartbeat 80m: pid_alive=False status=running step=18044/196851 tokens=183327040 train=nan val=nan | 80m_retry: pid_alive=True status=running step=104458/196851 tokens=1061293280 train=4.872191429138184 val=4.930744215846062 | 160m: pid_alive=False no_state tail=
2026-06-03T10:13:18Z launch_160m_wait_gpu gpu_used_mb=4761
2026-06-03T10:13:18Z heartbeat 80m: pid_alive=False status=running step=18044/196851 tokens=183327040 train=nan val=nan | 80m_retry: pid_alive=True status=running step=104968/196851 tokens=1066474880 train=4.8490495681762695 val=4.930744215846062 | 160m: pid_alive=False no_state tail=
2026-06-03T10:14:19Z launch_160m_wait_gpu gpu_used_mb=4762
2026-06-03T10:14:19Z heartbeat 80m: pid_alive=False status=running step=18044/196851 tokens=183327040 train=nan val=nan | 80m_retry: pid_alive=True status=running step=105452/196851 tokens=1071392320 train=5.363409996032715 val=4.930744215846062 | 160m: pid_alive=False no_state tail=
2026-06-03T10:15:19Z launch_160m_wait_gpu gpu_used_mb=4762
2026-06-03T10:15:19Z heartbeat 80m: pid_alive=False status=running step=18044/196851 tokens=183327040 train=nan val=nan | 80m_retry: pid_alive=True status=running step=105959/196851 tokens=1076543440 train=4.778237342834473 val=4.930744215846062 | 160m: pid_alive=False no_state tail=
2026-06-03T10:16:20Z launch_160m_wait_gpu gpu_used_mb=4762
2026-06-03T10:16:20Z heartbeat 80m: pid_alive=False status=running step=18044/196851 tokens=183327040 train=nan val=nan | 80m_retry: pid_alive=True status=running step=106442/196851 tokens=1081450720 train=4.159607410430908 val=4.930744215846062 | 160m: pid_alive=False no_state tail=
2026-06-03T10:17:20Z launch_160m_wait_gpu gpu_used_mb=4762
2026-06-03T10:17:20Z heartbeat 80m: pid_alive=False status=running step=18044/196851 tokens=183327040 train=nan val=nan | 80m_retry: pid_alive=True status=running step=106952/196851 tokens=1086632320 train=5.354748725891113 val=4.930744215846062 | 160m: pid_alive=False no_state tail=
2026-06-03T10:18:20Z launch_160m_wait_gpu gpu_used_mb=4762
2026-06-03T10:18:21Z heartbeat 80m: pid_alive=False status=running step=18044/196851 tokens=183327040 train=nan val=nan | 80m_retry: pid_alive=True status=running step=107435/196851 tokens=1091539600 train=4.665244102478027 val=4.930744215846062 | 160m: pid_alive=False no_state tail=
2026-06-03T10:19:21Z launch_160m_wait_gpu gpu_used_mb=4762
2026-06-03T10:19:21Z heartbeat 80m: pid_alive=False status=running step=18044/196851 tokens=183327040 train=nan val=nan | 80m_retry: pid_alive=True status=running step=107945/196851 tokens=1096721200 train=4.750760078430176 val=4.930744215846062 | 160m: pid_alive=False no_state tail=
2026-06-03T10:20:21Z launch_160m_wait_gpu gpu_used_mb=4762
2026-06-03T10:20:21Z heartbeat 80m: pid_alive=False status=running step=18044/196851 tokens=183327040 train=nan val=nan | 80m_retry: pid_alive=True status=running step=108388/196851 tokens=1101222080 train=4.615427017211914 val=4.923869073390961 | 160m: pid_alive=False no_state tail=
2026-06-03T10:21:22Z launch_160m_wait_gpu gpu_used_mb=4762
2026-06-03T10:21:22Z heartbeat 80m: pid_alive=False status=running step=18044/196851 tokens=183327040 train=nan val=nan | 80m_retry: pid_alive=True status=running step=108898/196851 tokens=1106403680 train=4.812530994415283 val=4.923869073390961 | 160m: pid_alive=False no_state tail=
2026-06-03T10:22:22Z launch_160m_wait_gpu gpu_used_mb=4762
2026-06-03T10:22:22Z heartbeat 80m: pid_alive=False status=running step=18044/196851 tokens=183327040 train=nan val=nan | 80m_retry: pid_alive=True status=running step=109382/196851 tokens=1111321120 train=4.349653244018555 val=4.923869073390961 | 160m: pid_alive=False no_state tail=
2026-06-03T10:23:23Z launch_160m_wait_gpu gpu_used_mb=4761
2026-06-03T10:23:23Z heartbeat 80m: pid_alive=False status=running step=18044/196851 tokens=183327040 train=nan val=nan | 80m_retry: pid_alive=True status=running step=109892/196851 tokens=1116502720 train=4.838943004608154 val=4.923869073390961 | 160m: pid_alive=False no_state tail=
2026-06-03T10:24:23Z launch_160m_wait_gpu gpu_used_mb=4762
2026-06-03T10:24:23Z heartbeat 80m: pid_alive=False status=running step=18044/196851 tokens=183327040 train=nan val=nan | 80m_retry: pid_alive=True status=running step=110376/196851 tokens=1121420160 train=5.21683931350708 val=4.923869073390961 | 160m: pid_alive=False no_state tail=
2026-06-03T10:25:24Z launch_160m_wait_gpu gpu_used_mb=4762
2026-06-03T10:25:24Z heartbeat 80m: pid_alive=False status=running step=18044/196851 tokens=183327040 train=nan val=nan | 80m_retry: pid_alive=True status=running step=110886/196851 tokens=1126601760 train=5.028916835784912 val=4.923869073390961 | 160m: pid_alive=False no_state tail=
2026-06-03T10:26:24Z launch_160m_wait_gpu gpu_used_mb=4762
2026-06-03T10:26:24Z heartbeat 80m: pid_alive=False status=running step=18044/196851 tokens=183327040 train=nan val=nan | 80m_retry: pid_alive=True status=running step=111369/196851 tokens=1131509040 train=5.027701377868652 val=4.923869073390961 | 160m: pid_alive=False no_state tail=
2026-06-03T10:27:25Z launch_160m_wait_gpu gpu_used_mb=4762
2026-06-03T10:27:25Z heartbeat 80m: pid_alive=False status=running step=18044/196851 tokens=183327040 train=nan val=nan | 80m_retry: pid_alive=True status=running step=111878/196851 tokens=1136680480 train=4.753999710083008 val=4.923869073390961 | 160m: pid_alive=False no_state tail=
2026-06-03T10:28:25Z launch_160m_wait_gpu gpu_used_mb=4762
2026-06-03T10:28:25Z heartbeat 80m: pid_alive=False status=running step=18044/196851 tokens=183327040 train=nan val=nan | 80m_retry: pid_alive=True status=running step=112362/196851 tokens=1141597920 train=5.372190952301025 val=4.923869073390961 | 160m: pid_alive=False no_state tail=
2026-06-03T10:29:26Z launch_160m_wait_gpu gpu_used_mb=4762
2026-06-03T10:29:26Z heartbeat 80m: pid_alive=False status=running step=18044/196851 tokens=183327040 train=nan val=nan | 80m_retry: pid_alive=True status=running step=112873/196851 tokens=1146789680 train=4.83160400390625 val=4.923869073390961 | 160m: pid_alive=False no_state tail=
2026-06-03T10:30:26Z launch_160m_wait_gpu gpu_used_mb=4762
2026-06-03T10:30:26Z heartbeat 80m: pid_alive=False status=running step=18044/196851 tokens=183327040 train=nan val=nan | 80m_retry: pid_alive=True status=running step=113356/196851 tokens=1151696960 train=4.875335693359375 val=4.923869073390961 | 160m: pid_alive=False no_state tail=
2026-06-03T10:31:26Z launch_160m_wait_gpu gpu_used_mb=4762
2026-06-03T10:31:27Z heartbeat 80m: pid_alive=False status=running step=18044/196851 tokens=183327040 train=nan val=nan | 80m_retry: pid_alive=True status=running step=113866/196851 tokens=1156878560 train=5.110430717468262 val=4.923869073390961 | 160m: pid_alive=False no_state tail=
2026-06-03T10:32:27Z launch_160m_wait_gpu gpu_used_mb=4762
2026-06-03T10:32:27Z heartbeat 80m: pid_alive=False status=running step=18044/196851 tokens=183327040 train=nan val=nan | 80m_retry: pid_alive=True status=running step=114350/196851 tokens=1161796000 train=4.858248233795166 val=4.923869073390961 | 160m: pid_alive=False no_state tail=
2026-06-03T10:33:27Z launch_160m_wait_gpu gpu_used_mb=4762
2026-06-03T10:33:27Z heartbeat 80m: pid_alive=False status=running step=18044/196851 tokens=183327040 train=nan val=nan | 80m_retry: pid_alive=True status=running step=114859/196851 tokens=1166967440 train=4.668611526489258 val=4.923869073390961 | 160m: pid_alive=False no_state tail=
2026-06-03T10:34:28Z launch_160m_wait_gpu gpu_used_mb=4762
2026-06-03T10:34:28Z heartbeat 80m: pid_alive=False status=running step=18044/196851 tokens=183327040 train=nan val=nan | 80m_retry: pid_alive=True status=running step=115343/196851 tokens=1171884880 train=4.795257568359375 val=4.923869073390961 | 160m: pid_alive=False no_state tail=
2026-06-03T10:35:28Z launch_160m_wait_gpu gpu_used_mb=4762
2026-06-03T10:35:28Z heartbeat 80m: pid_alive=False status=running step=18044/196851 tokens=183327040 train=nan val=nan | 80m_retry: pid_alive=True status=running step=115853/196851 tokens=1177066480 train=4.792443752288818 val=4.923869073390961 | 160m: pid_alive=False no_state tail=
2026-06-03T10:36:29Z launch_160m_wait_gpu gpu_used_mb=4762
2026-06-03T10:36:29Z heartbeat 80m: pid_alive=False status=running step=18044/196851 tokens=183327040 train=nan val=nan | 80m_retry: pid_alive=True status=running step=116336/196851 tokens=1181973760 train=4.805839538574219 val=4.923869073390961 | 160m: pid_alive=False no_state tail=
2026-06-03T10:37:29Z launch_160m_wait_gpu gpu_used_mb=4762
2026-06-03T10:37:29Z heartbeat 80m: pid_alive=False status=running step=18044/196851 tokens=183327040 train=nan val=nan | 80m_retry: pid_alive=True status=running step=116845/196851 tokens=1187145200 train=5.047501564025879 val=4.923869073390961 | 160m: pid_alive=False no_state tail=
2026-06-03T10:38:29Z launch_160m_wait_gpu gpu_used_mb=4761
2026-06-03T10:38:30Z heartbeat 80m: pid_alive=False status=running step=18044/196851 tokens=183327040 train=nan val=nan | 80m_retry: pid_alive=True status=running step=117328/196851 tokens=1192052480 train=4.704895973205566 val=4.923869073390961 | 160m: pid_alive=False no_state tail=
2026-06-03T10:39:30Z launch_160m_wait_gpu gpu_used_mb=4761
2026-06-03T10:39:30Z heartbeat 80m: pid_alive=False status=running step=18044/196851 tokens=183327040 train=nan val=nan | 80m_retry: pid_alive=True status=running step=117837/196851 tokens=1197223920 train=4.720237731933594 val=4.923869073390961 | 160m: pid_alive=False no_state tail=
2026-06-03T10:40:30Z launch_160m_wait_gpu gpu_used_mb=4761
2026-06-03T10:40:31Z heartbeat 80m: pid_alive=False status=running step=18044/196851 tokens=183327040 train=nan val=nan | 80m_retry: pid_alive=True status=running step=118255/196851 tokens=1201470800 train=4.716055870056152 val=4.914090633392334 | 160m: pid_alive=False no_state tail=
2026-06-03T10:41:31Z launch_160m_wait_gpu gpu_used_mb=4761
2026-06-03T10:41:31Z heartbeat 80m: pid_alive=False status=running step=18044/196851 tokens=183327040 train=nan val=nan | 80m_retry: pid_alive=True status=running step=118764/196851 tokens=1206642240 train=4.841244697570801 val=4.914090633392334 | 160m: pid_alive=False no_state tail=
2026-06-03T10:42:31Z launch_160m_wait_gpu gpu_used_mb=4761
2026-06-03T10:42:31Z heartbeat 80m: pid_alive=False status=running step=18044/196851 tokens=183327040 train=nan val=nan | 80m_retry: pid_alive=True status=running step=119246/196851 tokens=1211539360 train=4.661245346069336 val=4.914090633392334 | 160m: pid_alive=False no_state tail=
2026-06-03T10:43:32Z launch_160m_wait_gpu gpu_used_mb=4761
2026-06-03T10:43:32Z heartbeat 80m: pid_alive=False status=running step=18044/196851 tokens=183327040 train=nan val=nan | 80m_retry: pid_alive=True status=running step=119755/196851 tokens=1216710800 train=4.854737281799316 val=4.914090633392334 | 160m: pid_alive=False no_state tail=
2026-06-03T10:44:32Z launch_160m_wait_gpu gpu_used_mb=4762
2026-06-03T10:44:32Z heartbeat 80m: pid_alive=False status=running step=18044/196851 tokens=183327040 train=nan val=nan | 80m_retry: pid_alive=True status=running step=120238/196851 tokens=1221618080 train=5.59725284576416 val=4.914090633392334 | 160m: pid_alive=False no_state tail=
2026-06-03T10:45:33Z launch_160m_wait_gpu gpu_used_mb=4762
2026-06-03T10:45:33Z heartbeat 80m: pid_alive=False status=running step=18044/196851 tokens=183327040 train=nan val=nan | 80m_retry: pid_alive=True status=running step=120747/196851 tokens=1226789520 train=4.64949893951416 val=4.914090633392334 | 160m: pid_alive=False no_state tail=
2026-06-03T10:46:33Z launch_160m_wait_gpu gpu_used_mb=4762
2026-06-03T10:46:33Z heartbeat 80m: pid_alive=False status=running step=18044/196851 tokens=183327040 train=nan val=nan | 80m_retry: pid_alive=True status=running step=121230/196851 tokens=1231696800 train=4.994322299957275 val=4.914090633392334 | 160m: pid_alive=False no_state tail=
2026-06-03T10:47:33Z launch_160m_wait_gpu gpu_used_mb=4762
2026-06-03T10:47:34Z heartbeat 80m: pid_alive=False status=running step=18044/196851 tokens=183327040 train=nan val=nan | 80m_retry: pid_alive=True status=running step=121739/196851 tokens=1236868240 train=5.206362247467041 val=4.914090633392334 | 160m: pid_alive=False no_state tail=
2026-06-03T10:48:34Z launch_160m_wait_gpu gpu_used_mb=4762
2026-06-03T10:48:34Z heartbeat 80m: pid_alive=False status=running step=18044/196851 tokens=183327040 train=nan val=nan | 80m_retry: pid_alive=True status=running step=122223/196851 tokens=1241785680 train=4.70545768737793 val=4.914090633392334 | 160m: pid_alive=False no_state tail=
2026-06-03T10:49:34Z launch_160m_wait_gpu gpu_used_mb=4762
2026-06-03T10:49:35Z heartbeat 80m: pid_alive=False status=running step=18044/196851 tokens=183327040 train=nan val=nan | 80m_retry: pid_alive=True status=running step=122732/196851 tokens=1246957120 train=4.889309883117676 val=4.914090633392334 | 160m: pid_alive=False no_state tail=
2026-06-03T10:50:35Z launch_160m_wait_gpu gpu_used_mb=4762
2026-06-03T10:50:35Z heartbeat 80m: pid_alive=False status=running step=18044/196851 tokens=183327040 train=nan val=nan | 80m_retry: pid_alive=True status=running step=123214/196851 tokens=1251854240 train=4.951165199279785 val=4.914090633392334 | 160m: pid_alive=False no_state tail=
2026-06-03T10:51:35Z launch_160m_wait_gpu gpu_used_mb=4762
2026-06-03T10:51:35Z heartbeat 80m: pid_alive=False status=running step=18044/196851 tokens=183327040 train=nan val=nan | 80m_retry: pid_alive=True status=running step=123724/196851 tokens=1257035840 train=4.670938491821289 val=4.914090633392334 | 160m: pid_alive=False no_state tail=
2026-06-03T10:52:36Z launch_160m_wait_gpu gpu_used_mb=4762
2026-06-03T10:52:36Z heartbeat 80m: pid_alive=False status=running step=18044/196851 tokens=183327040 train=nan val=nan | 80m_retry: pid_alive=True status=running step=124207/196851 tokens=1261943120 train=4.555986404418945 val=4.914090633392334 | 160m: pid_alive=False no_state tail=
2026-06-03T10:53:36Z launch_160m_wait_gpu gpu_used_mb=4762
2026-06-03T10:53:36Z heartbeat 80m: pid_alive=False status=running step=18044/196851 tokens=183327040 train=nan val=nan | 80m_retry: pid_alive=True status=running step=124716/196851 tokens=1267114560 train=4.660757064819336 val=4.914090633392334 | 160m: pid_alive=False no_state tail=
2026-06-03T10:54:37Z launch_160m_wait_gpu gpu_used_mb=4762
2026-06-03T10:54:37Z heartbeat 80m: pid_alive=False status=running step=18044/196851 tokens=183327040 train=nan val=nan | 80m_retry: pid_alive=True status=running step=125199/196851 tokens=1272021840 train=4.763577461242676 val=4.914090633392334 | 160m: pid_alive=False no_state tail=
2026-06-03T10:55:37Z launch_160m_wait_gpu gpu_used_mb=4762
2026-06-03T10:55:37Z heartbeat 80m: pid_alive=False status=running step=18044/196851 tokens=183327040 train=nan val=nan | 80m_retry: pid_alive=True status=running step=125708/196851 tokens=1277193280 train=5.112689018249512 val=4.914090633392334 | 160m: pid_alive=False no_state tail=
2026-06-03T10:56:37Z launch_160m_wait_gpu gpu_used_mb=4762
2026-06-03T10:56:38Z heartbeat 80m: pid_alive=False status=running step=18044/196851 tokens=183327040 train=nan val=nan | 80m_retry: pid_alive=True status=running step=126190/196851 tokens=1282090400 train=4.870799541473389 val=4.914090633392334 | 160m: pid_alive=False no_state tail=
2026-06-03T10:57:38Z launch_160m_wait_gpu gpu_used_mb=4762
2026-06-03T10:57:38Z heartbeat 80m: pid_alive=False status=running step=18044/196851 tokens=183327040 train=nan val=nan | 80m_retry: pid_alive=True status=running step=126699/196851 tokens=1287261840 train=4.644198894500732 val=4.914090633392334 | 160m: pid_alive=False no_state tail=
2026-06-03T10:58:38Z launch_160m_wait_gpu gpu_used_mb=4762
2026-06-03T10:58:39Z heartbeat 80m: pid_alive=False status=running step=18044/196851 tokens=183327040 train=nan val=nan | 80m_retry: pid_alive=True status=running step=127181/196851 tokens=1292158960 train=4.761969566345215 val=4.914090633392334 | 160m: pid_alive=False no_state tail=
2026-06-03T10:59:39Z launch_160m_wait_gpu gpu_used_mb=4762
2026-06-03T10:59:39Z heartbeat 80m: pid_alive=False status=running step=18044/196851 tokens=183327040 train=nan val=nan | 80m_retry: pid_alive=True status=running step=127690/196851 tokens=1297330400 train=4.939615249633789 val=4.914090633392334 | 160m: pid_alive=False no_state tail=
2026-06-03T11:00:39Z launch_160m_wait_gpu gpu_used_mb=4762
2026-06-03T11:00:39Z heartbeat 80m: pid_alive=False status=running step=18044/196851 tokens=183327040 train=nan val=nan | 80m_retry: pid_alive=True status=running step=128131/196851 tokens=1301810960 train=4.648257255554199 val=4.888244584202766 | 160m: pid_alive=False no_state tail=
2026-06-03T11:01:40Z launch_160m_wait_gpu gpu_used_mb=4762
2026-06-03T11:01:40Z heartbeat 80m: pid_alive=False status=running step=18044/196851 tokens=183327040 train=nan val=nan | 80m_retry: pid_alive=True status=running step=128639/196851 tokens=1306972240 train=4.846208095550537 val=4.888244584202766 | 160m: pid_alive=False no_state tail=
2026-06-03T11:02:40Z launch_160m_wait_gpu gpu_used_mb=4762
2026-06-03T11:02:40Z heartbeat 80m: pid_alive=False status=running step=18044/196851 tokens=183327040 train=nan val=nan | 80m_retry: pid_alive=True status=running step=129121/196851 tokens=1311869360 train=5.016359329223633 val=4.888244584202766 | 160m: pid_alive=False no_state tail=
2026-06-03T11:03:41Z launch_160m_wait_gpu gpu_used_mb=4762
2026-06-03T11:03:41Z heartbeat 80m: pid_alive=False status=running step=18044/196851 tokens=183327040 train=nan val=nan | 80m_retry: pid_alive=True status=running step=129630/196851 tokens=1317040800 train=4.278614521026611 val=4.888244584202766 | 160m: pid_alive=False no_state tail=
2026-06-03T11:04:41Z launch_160m_wait_gpu gpu_used_mb=4761
2026-06-03T11:04:41Z heartbeat 80m: pid_alive=False status=running step=18044/196851 tokens=183327040 train=nan val=nan | 80m_retry: pid_alive=True status=running step=130111/196851 tokens=1321927760 train=4.80808162689209 val=4.888244584202766 | 160m: pid_alive=False no_state tail=
2026-06-03T11:05:42Z launch_160m_wait_gpu gpu_used_mb=4761
2026-06-03T11:05:42Z heartbeat 80m: pid_alive=False status=running step=18044/196851 tokens=183327040 train=nan val=nan | 80m_retry: pid_alive=True status=running step=130620/196851 tokens=1327099200 train=4.7168965339660645 val=4.888244584202766 | 160m: pid_alive=False no_state tail=
2026-06-03T11:06:42Z launch_160m_wait_gpu gpu_used_mb=4761
2026-06-03T11:06:42Z heartbeat 80m: pid_alive=False status=running step=18044/196851 tokens=183327040 train=nan val=nan | 80m_retry: pid_alive=True status=running step=131102/196851 tokens=1331996320 train=4.629940986633301 val=4.888244584202766 | 160m: pid_alive=False no_state tail=
2026-06-03T11:07:42Z launch_160m_wait_gpu gpu_used_mb=4761
2026-06-03T11:07:43Z heartbeat 80m: pid_alive=False status=running step=18044/196851 tokens=183327040 train=nan val=nan | 80m_retry: pid_alive=True status=running step=131611/196851 tokens=1337167760 train=5.447421073913574 val=4.888244584202766 | 160m: pid_alive=False no_state tail=
2026-06-03T11:08:43Z launch_160m_wait_gpu gpu_used_mb=4761
2026-06-03T11:08:43Z heartbeat 80m: pid_alive=False status=running step=18044/196851 tokens=183327040 train=nan val=nan | 80m_retry: pid_alive=True status=running step=132094/196851 tokens=1342075040 train=4.544724464416504 val=4.888244584202766 | 160m: pid_alive=False no_state tail=
2026-06-03T11:09:43Z launch_160m_wait_gpu gpu_used_mb=4761
2026-06-03T11:09:43Z heartbeat 80m: pid_alive=False status=running step=18044/196851 tokens=183327040 train=nan val=nan | 80m_retry: pid_alive=True status=running step=132603/196851 tokens=1347246480 train=4.883227825164795 val=4.888244584202766 | 160m: pid_alive=False no_state tail=
2026-06-03T11:10:44Z launch_160m_wait_gpu gpu_used_mb=4761
2026-06-03T11:10:44Z heartbeat 80m: pid_alive=False status=running step=18044/196851 tokens=183327040 train=nan val=nan | 80m_retry: pid_alive=True status=running step=133084/196851 tokens=1352133440 train=4.536297798156738 val=4.888244584202766 | 160m: pid_alive=False no_state tail=
2026-06-03T11:11:44Z launch_160m_wait_gpu gpu_used_mb=4761
2026-06-03T11:11:44Z heartbeat 80m: pid_alive=False status=running step=18044/196851 tokens=183327040 train=nan val=nan | 80m_retry: pid_alive=True status=running step=133592/196851 tokens=1357294720 train=4.758147239685059 val=4.888244584202766 | 160m: pid_alive=False no_state tail=
2026-06-03T11:12:45Z launch_160m_wait_gpu gpu_used_mb=4761
2026-06-03T11:12:45Z heartbeat 80m: pid_alive=False status=running step=18044/196851 tokens=183327040 train=nan val=nan | 80m_retry: pid_alive=True status=running step=134074/196851 tokens=1362191840 train=4.563935279846191 val=4.888244584202766 | 160m: pid_alive=False no_state tail=
2026-06-03T11:13:45Z launch_160m_wait_gpu gpu_used_mb=4761
2026-06-03T11:13:45Z heartbeat 80m: pid_alive=False status=running step=18044/196851 tokens=183327040 train=nan val=nan | 80m_retry: pid_alive=True status=running step=134583/196851 tokens=1367363280 train=4.944664478302002 val=4.888244584202766 | 160m: pid_alive=False no_state tail=
2026-06-03T11:14:46Z launch_160m_wait_gpu gpu_used_mb=4762
2026-06-03T11:14:46Z heartbeat 80m: pid_alive=False status=running step=18044/196851 tokens=183327040 train=nan val=nan | 80m_retry: pid_alive=True status=running step=135065/196851 tokens=1372260400 train=4.758864402770996 val=4.888244584202766 | 160m: pid_alive=False no_state tail=
2026-06-03T11:15:46Z launch_160m_wait_gpu gpu_used_mb=4762
2026-06-03T11:15:46Z heartbeat 80m: pid_alive=False status=running step=18044/196851 tokens=183327040 train=nan val=nan | 80m_retry: pid_alive=True status=running step=135573/196851 tokens=1377421680 train=5.032655239105225 val=4.888244584202766 | 160m: pid_alive=False no_state tail=
2026-06-03T11:16:46Z launch_160m_wait_gpu gpu_used_mb=4762
2026-06-03T11:16:47Z heartbeat 80m: pid_alive=False status=running step=18044/196851 tokens=183327040 train=nan val=nan | 80m_retry: pid_alive=True status=running step=136055/196851 tokens=1382318800 train=5.170186996459961 val=4.888244584202766 | 160m: pid_alive=False no_state tail=
2026-06-03T11:17:47Z launch_160m_wait_gpu gpu_used_mb=4762
2026-06-03T11:17:47Z heartbeat 80m: pid_alive=False status=running step=18044/196851 tokens=183327040 train=nan val=nan | 80m_retry: pid_alive=True status=running step=136564/196851 tokens=1387490240 train=5.149950981140137 val=4.888244584202766 | 160m: pid_alive=False no_state tail=
2026-06-03T11:18:47Z launch_160m_wait_gpu gpu_used_mb=4762
2026-06-03T11:18:48Z heartbeat 80m: pid_alive=False status=running step=18044/196851 tokens=183327040 train=nan val=nan | 80m_retry: pid_alive=True status=running step=137043/196851 tokens=1392356880 train=4.677295684814453 val=4.888244584202766 | 160m: pid_alive=False no_state tail=
2026-06-03T11:19:48Z launch_160m_wait_gpu gpu_used_mb=4762
2026-06-03T11:19:48Z heartbeat 80m: pid_alive=False status=running step=18044/196851 tokens=183327040 train=nan val=nan | 80m_retry: pid_alive=True status=running step=137551/196851 tokens=1397518160 train=4.71816349029541 val=4.888244584202766 | 160m: pid_alive=False no_state tail=
2026-06-03T11:20:48Z launch_160m_wait_gpu gpu_used_mb=4762
2026-06-03T11:20:49Z heartbeat 80m: pid_alive=False status=running step=18044/196851 tokens=183327040 train=nan val=nan | 80m_retry: pid_alive=True status=running step=138000/196851 tokens=1402080000 train=5.011691093444824 val=4.872741833329201 | 160m: pid_alive=False no_state tail=
2026-06-03T11:21:49Z launch_160m_wait_gpu gpu_used_mb=4762
2026-06-03T11:21:49Z heartbeat 80m: pid_alive=False status=running step=18044/196851 tokens=183327040 train=nan val=nan | 80m_retry: pid_alive=True status=running step=138501/196851 tokens=1407170160 train=4.782301902770996 val=4.872741833329201 | 160m: pid_alive=False no_state tail=
2026-06-03T11:22:49Z launch_160m_wait_gpu gpu_used_mb=4762
2026-06-03T11:22:50Z heartbeat 80m: pid_alive=False status=running step=18044/196851 tokens=183327040 train=nan val=nan | 80m_retry: pid_alive=True status=running step=139000/196851 tokens=1412240000 train=4.643837928771973 val=4.872741833329201 | 160m: pid_alive=False no_state tail=
2026-06-03T11:23:50Z launch_160m_wait_gpu gpu_used_mb=4767
2026-06-03T11:23:50Z heartbeat 80m: pid_alive=False status=running step=18044/196851 tokens=183327040 train=nan val=nan | 80m_retry: pid_alive=True status=running step=139491/196851 tokens=1417228560 train=4.451513290405273 val=4.872741833329201 | 160m: pid_alive=False no_state tail=
2026-06-03T11:24:50Z launch_160m_wait_gpu gpu_used_mb=4762
2026-06-03T11:24:51Z heartbeat 80m: pid_alive=False status=running step=18044/196851 tokens=183327040 train=nan val=nan | 80m_retry: pid_alive=True status=running step=139999/196851 tokens=1422389840 train=4.73562479019165 val=4.872741833329201 | 160m: pid_alive=False no_state tail=
2026-06-03T11:25:51Z launch_160m_wait_gpu gpu_used_mb=4762
2026-06-03T11:25:51Z heartbeat 80m: pid_alive=False status=running step=18044/196851 tokens=183327040 train=nan val=nan | 80m_retry: pid_alive=True status=running step=140481/196851 tokens=1427286960 train=4.707241058349609 val=4.872741833329201 | 160m: pid_alive=False no_state tail=
2026-06-03T11:26:51Z launch_160m_wait_gpu gpu_used_mb=4762
2026-06-03T11:26:51Z heartbeat 80m: pid_alive=False status=running step=18044/196851 tokens=183327040 train=nan val=nan | 80m_retry: pid_alive=True status=running step=140989/196851 tokens=1432448240 train=4.999660968780518 val=4.872741833329201 | 160m: pid_alive=False no_state tail=
2026-06-03T11:27:52Z launch_160m_wait_gpu gpu_used_mb=4762
2026-06-03T11:27:52Z heartbeat 80m: pid_alive=False status=running step=18044/196851 tokens=183327040 train=nan val=nan | 80m_retry: pid_alive=True status=running step=141470/196851 tokens=1437335200 train=4.691144943237305 val=4.872741833329201 | 160m: pid_alive=False no_state tail=
2026-06-03T11:28:52Z launch_160m_wait_gpu gpu_used_mb=4762
2026-06-03T11:28:52Z heartbeat 80m: pid_alive=False status=running step=18044/196851 tokens=183327040 train=nan val=nan | 80m_retry: pid_alive=True status=running step=141978/196851 tokens=1442496480 train=4.366257667541504 val=4.872741833329201 | 160m: pid_alive=False no_state tail=
2026-06-03T11:29:53Z launch_160m_wait_gpu gpu_used_mb=4762
2026-06-03T11:29:53Z heartbeat 80m: pid_alive=False status=running step=18044/196851 tokens=183327040 train=nan val=nan | 80m_retry: pid_alive=True status=running step=142460/196851 tokens=1447393600 train=4.982612609863281 val=4.872741833329201 | 160m: pid_alive=False no_state tail=
2026-06-03T11:30:53Z launch_160m_wait_gpu gpu_used_mb=4762
2026-06-03T11:30:53Z heartbeat 80m: pid_alive=False status=running step=18044/196851 tokens=183327040 train=nan val=nan | 80m_retry: pid_alive=True status=running step=142968/196851 tokens=1452554880 train=4.4329071044921875 val=4.872741833329201 | 160m: pid_alive=False no_state tail=
2026-06-03T11:31:53Z launch_160m_wait_gpu gpu_used_mb=4762
2026-06-03T11:31:54Z heartbeat 80m: pid_alive=False status=running step=18044/196851 tokens=183327040 train=nan val=nan | 80m_retry: pid_alive=True status=running step=143450/196851 tokens=1457452000 train=4.842954635620117 val=4.872741833329201 | 160m: pid_alive=False no_state tail=
2026-06-03T11:32:54Z launch_160m_wait_gpu gpu_used_mb=4762
2026-06-03T11:32:54Z heartbeat 80m: pid_alive=False status=running step=18044/196851 tokens=183327040 train=nan val=nan | 80m_retry: pid_alive=True status=running step=143958/196851 tokens=1462613280 train=4.65434455871582 val=4.872741833329201 | 160m: pid_alive=False no_state tail=
2026-06-03T11:33:54Z launch_160m_wait_gpu gpu_used_mb=4762
2026-06-03T11:33:55Z heartbeat 80m: pid_alive=False status=running step=18044/196851 tokens=183327040 train=nan val=nan | 80m_retry: pid_alive=True status=running step=144437/196851 tokens=1467479920 train=4.69307804107666 val=4.872741833329201 | 160m: pid_alive=False no_state tail=
2026-06-03T11:34:55Z launch_160m_wait_gpu gpu_used_mb=4762
2026-06-03T11:34:55Z heartbeat 80m: pid_alive=False status=running step=18044/196851 tokens=183327040 train=nan val=nan | 80m_retry: pid_alive=True status=running step=144945/196851 tokens=1472641200 train=4.9640703201293945 val=4.872741833329201 | 160m: pid_alive=False no_state tail=
2026-06-03T11:35:55Z launch_160m_wait_gpu gpu_used_mb=4762
2026-06-03T11:35:55Z heartbeat 80m: pid_alive=False status=running step=18044/196851 tokens=183327040 train=nan val=nan | 80m_retry: pid_alive=True status=running step=145427/196851 tokens=1477538320 train=4.882460117340088 val=4.872741833329201 | 160m: pid_alive=False no_state tail=
2026-06-03T11:36:56Z launch_160m_wait_gpu gpu_used_mb=4762
2026-06-03T11:36:56Z heartbeat 80m: pid_alive=False status=running step=18044/196851 tokens=183327040 train=nan val=nan | 80m_retry: pid_alive=True status=running step=145934/196851 tokens=1482689440 train=4.713324546813965 val=4.872741833329201 | 160m: pid_alive=False no_state tail=
2026-06-03T11:37:56Z launch_160m_wait_gpu gpu_used_mb=4762
2026-06-03T11:37:56Z heartbeat 80m: pid_alive=False status=running step=18044/196851 tokens=183327040 train=nan val=nan | 80m_retry: pid_alive=True status=running step=146415/196851 tokens=1487576400 train=4.758238792419434 val=4.872741833329201 | 160m: pid_alive=False no_state tail=
2026-06-03T11:38:57Z launch_160m_wait_gpu gpu_used_mb=4761
2026-06-03T11:38:57Z heartbeat 80m: pid_alive=False status=running step=18044/196851 tokens=183327040 train=nan val=nan | 80m_retry: pid_alive=True status=running step=146923/196851 tokens=1492737680 train=4.554782390594482 val=4.872741833329201 | 160m: pid_alive=False no_state tail=
2026-06-03T11:39:57Z launch_160m_wait_gpu gpu_used_mb=4761
2026-06-03T11:39:57Z heartbeat 80m: pid_alive=False status=running step=18044/196851 tokens=183327040 train=nan val=nan | 80m_retry: pid_alive=True status=running step=147403/196851 tokens=1497614480 train=4.566514015197754 val=4.872741833329201 | 160m: pid_alive=False no_state tail=
2026-06-03T11:40:58Z launch_160m_wait_gpu gpu_used_mb=4761
2026-06-03T11:40:58Z heartbeat 80m: pid_alive=False status=running step=18044/196851 tokens=183327040 train=nan val=nan | 80m_retry: pid_alive=True status=running step=147870/196851 tokens=1502359200 train=5.080516815185547 val=4.868787184357643 | 160m: pid_alive=False no_state tail=
2026-06-03T11:41:58Z launch_160m_wait_gpu gpu_used_mb=4761
2026-06-03T11:41:58Z heartbeat 80m: pid_alive=False status=running step=18044/196851 tokens=183327040 train=nan val=nan | 80m_retry: pid_alive=True status=running step=148350/196851 tokens=1507236000 train=4.732084274291992 val=4.868787184357643 | 160m: pid_alive=False no_state tail=
2026-06-03T11:42:58Z launch_160m_wait_gpu gpu_used_mb=4761
2026-06-03T11:42:59Z heartbeat 80m: pid_alive=False status=running step=18044/196851 tokens=183327040 train=nan val=nan | 80m_retry: pid_alive=True status=running step=148857/196851 tokens=1512387120 train=4.758270263671875 val=4.868787184357643 | 160m: pid_alive=False no_state tail=
2026-06-03T11:43:59Z launch_160m_wait_gpu gpu_used_mb=4762
2026-06-03T11:43:59Z heartbeat 80m: pid_alive=False status=running step=18044/196851 tokens=183327040 train=nan val=nan | 80m_retry: pid_alive=True status=running step=149338/196851 tokens=1517274080 train=4.703611373901367 val=4.868787184357643 | 160m: pid_alive=False no_state tail=
2026-06-03T11:44:59Z launch_160m_wait_gpu gpu_used_mb=4762
2026-06-03T11:45:00Z heartbeat 80m: pid_alive=False status=running step=18044/196851 tokens=183327040 train=nan val=nan | 80m_retry: pid_alive=True status=running step=149845/196851 tokens=1522425200 train=4.567070007324219 val=4.868787184357643 | 160m: pid_alive=False no_state tail=
2026-06-03T11:46:00Z launch_160m_wait_gpu gpu_used_mb=4762
2026-06-03T11:46:00Z heartbeat 80m: pid_alive=False status=running step=18044/196851 tokens=183327040 train=nan val=nan | 80m_retry: pid_alive=True status=running step=150326/196851 tokens=1527312160 train=4.651183128356934 val=4.868787184357643 | 160m: pid_alive=False no_state tail=
2026-06-03T11:47:00Z launch_160m_wait_gpu gpu_used_mb=4762
2026-06-03T11:47:01Z heartbeat 80m: pid_alive=False status=running step=18044/196851 tokens=183327040 train=nan val=nan | 80m_retry: pid_alive=True status=running step=150833/196851 tokens=1532463280 train=4.629996299743652 val=4.868787184357643 | 160m: pid_alive=False no_state tail=
2026-06-03T11:48:01Z launch_160m_wait_gpu gpu_used_mb=4762
2026-06-03T11:48:01Z heartbeat 80m: pid_alive=False status=running step=18044/196851 tokens=183327040 train=nan val=nan | 80m_retry: pid_alive=True status=running step=151315/196851 tokens=1537360400 train=5.215459823608398 val=4.868787184357643 | 160m: pid_alive=False no_state tail=
2026-06-03T11:49:01Z launch_160m_wait_gpu gpu_used_mb=4762
2026-06-03T11:49:01Z heartbeat 80m: pid_alive=False status=running step=18044/196851 tokens=183327040 train=nan val=nan | 80m_retry: pid_alive=True status=running step=151822/196851 tokens=1542511520 train=4.891729354858398 val=4.868787184357643 | 160m: pid_alive=False no_state tail=
2026-06-03T11:50:02Z launch_160m_wait_gpu gpu_used_mb=4762
2026-06-03T11:50:02Z heartbeat 80m: pid_alive=False status=running step=18044/196851 tokens=183327040 train=nan val=nan | 80m_retry: pid_alive=True status=running step=152303/196851 tokens=1547398480 train=4.943185329437256 val=4.868787184357643 | 160m: pid_alive=False no_state tail=
2026-06-03T11:51:02Z launch_160m_wait_gpu gpu_used_mb=4762
2026-06-03T11:51:02Z heartbeat 80m: pid_alive=False status=running step=18044/196851 tokens=183327040 train=nan val=nan | 80m_retry: pid_alive=True status=running step=152809/196851 tokens=1552539440 train=4.805976867675781 val=4.868787184357643 | 160m: pid_alive=False no_state tail=
2026-06-03T11:52:03Z launch_160m_wait_gpu gpu_used_mb=4762
2026-06-03T11:52:03Z heartbeat 80m: pid_alive=False status=running step=18044/196851 tokens=183327040 train=nan val=nan | 80m_retry: pid_alive=True status=running step=153290/196851 tokens=1557426400 train=4.499245643615723 val=4.868787184357643 | 160m: pid_alive=False no_state tail=
2026-06-03T11:53:03Z launch_160m_wait_gpu gpu_used_mb=4762
2026-06-03T11:53:03Z heartbeat 80m: pid_alive=False status=running step=18044/196851 tokens=183327040 train=nan val=nan | 80m_retry: pid_alive=True status=running step=153797/196851 tokens=1562577520 train=4.7805585861206055 val=4.868787184357643 | 160m: pid_alive=False no_state tail=
2026-06-03T11:54:04Z launch_160m_wait_gpu gpu_used_mb=4761
2026-06-03T11:54:04Z heartbeat 80m: pid_alive=False status=running step=18044/196851 tokens=183327040 train=nan val=nan | 80m_retry: pid_alive=True status=running step=154277/196851 tokens=1567454320 train=4.690638065338135 val=4.868787184357643 | 160m: pid_alive=False no_state tail=
2026-06-03T11:55:04Z launch_160m_wait_gpu gpu_used_mb=4761
2026-06-03T11:55:04Z heartbeat 80m: pid_alive=False status=running step=18044/196851 tokens=183327040 train=nan val=nan | 80m_retry: pid_alive=True status=running step=154784/196851 tokens=1572605440 train=5.1014509201049805 val=4.868787184357643 | 160m: pid_alive=False no_state tail=
2026-06-03T11:56:04Z launch_160m_wait_gpu gpu_used_mb=4761
2026-06-03T11:56:05Z heartbeat 80m: pid_alive=False status=running step=18044/196851 tokens=183327040 train=nan val=nan | 80m_retry: pid_alive=True status=running step=155265/196851 tokens=1577492400 train=4.706653594970703 val=4.868787184357643 | 160m: pid_alive=False no_state tail=
2026-06-03T11:57:05Z launch_160m_wait_gpu gpu_used_mb=4761
2026-06-03T11:57:05Z heartbeat 80m: pid_alive=False status=running step=18044/196851 tokens=183327040 train=nan val=nan | 80m_retry: pid_alive=True status=running step=155771/196851 tokens=1582633360 train=4.488977909088135 val=4.868787184357643 | 160m: pid_alive=False no_state tail=
2026-06-03T11:58:05Z launch_160m_wait_gpu gpu_used_mb=4761
2026-06-03T11:58:05Z heartbeat 80m: pid_alive=False status=running step=18044/196851 tokens=183327040 train=nan val=nan | 80m_retry: pid_alive=True status=running step=156252/196851 tokens=1587520320 train=4.726246356964111 val=4.868787184357643 | 160m: pid_alive=False no_state tail=
2026-06-03T11:59:06Z launch_160m_wait_gpu gpu_used_mb=4761
2026-06-03T11:59:06Z heartbeat 80m: pid_alive=False status=running step=18044/196851 tokens=183327040 train=nan val=nan | 80m_retry: pid_alive=True status=running step=156759/196851 tokens=1592671440 train=4.844647407531738 val=4.868787184357643 | 160m: pid_alive=False no_state tail=
2026-06-03T12:00:06Z launch_160m_wait_gpu gpu_used_mb=4761
2026-06-03T12:00:06Z heartbeat 80m: pid_alive=False status=running step=18044/196851 tokens=183327040 train=nan val=nan | 80m_retry: pid_alive=True status=running step=157239/196851 tokens=1597548240 train=4.415438652038574 val=4.868787184357643 | 160m: pid_alive=False no_state tail=
2026-06-03T12:01:07Z launch_160m_wait_gpu gpu_used_mb=4761
2026-06-03T12:01:07Z heartbeat 80m: pid_alive=False status=running step=18044/196851 tokens=183327040 train=nan val=nan | 80m_retry: pid_alive=True status=running step=157705/196851 tokens=1602282800 train=4.996922016143799 val=4.8796427100896835 | 160m: pid_alive=False no_state tail=
2026-06-03T12:02:07Z launch_160m_wait_gpu gpu_used_mb=4761
2026-06-03T12:02:07Z heartbeat 80m: pid_alive=False status=running step=18044/196851 tokens=183327040 train=nan val=nan | 80m_retry: pid_alive=True status=running step=158186/196851 tokens=1607169760 train=4.7283220291137695 val=4.8796427100896835 | 160m: pid_alive=False no_state tail=
2026-06-03T12:03:08Z launch_160m_wait_gpu gpu_used_mb=4761
2026-06-03T12:03:08Z heartbeat 80m: pid_alive=False status=running step=18044/196851 tokens=183327040 train=nan val=nan | 80m_retry: pid_alive=True status=running step=158692/196851 tokens=1612310720 train=4.369654178619385 val=4.8796427100896835 | 160m: pid_alive=False no_state tail=
2026-06-03T12:04:08Z launch_160m_wait_gpu gpu_used_mb=4761
2026-06-03T12:04:08Z heartbeat 80m: pid_alive=False status=running step=18044/196851 tokens=183327040 train=nan val=nan | 80m_retry: pid_alive=True status=running step=159172/196851 tokens=1617187520 train=4.7859272956848145 val=4.8796427100896835 | 160m: pid_alive=False no_state tail=
2026-06-03T12:05:08Z launch_160m_wait_gpu gpu_used_mb=4761
2026-06-03T12:05:09Z heartbeat 80m: pid_alive=False status=running step=18044/196851 tokens=183327040 train=nan val=nan | 80m_retry: pid_alive=True status=running step=159679/196851 tokens=1622338640 train=4.9896240234375 val=4.8796427100896835 | 160m: pid_alive=False no_state tail=
2026-06-03T12:06:09Z launch_160m_wait_gpu gpu_used_mb=4761
2026-06-03T12:06:09Z heartbeat 80m: pid_alive=False status=running step=18044/196851 tokens=183327040 train=nan val=nan | 80m_retry: pid_alive=True status=running step=160158/196851 tokens=1627205280 train=4.832210540771484 val=4.8796427100896835 | 160m: pid_alive=False no_state tail=
2026-06-03T12:07:09Z launch_160m_wait_gpu gpu_used_mb=4761
2026-06-03T12:07:09Z heartbeat 80m: pid_alive=False status=running step=18044/196851 tokens=183327040 train=nan val=nan | 80m_retry: pid_alive=True status=running step=160665/196851 tokens=1632356400 train=4.580634117126465 val=4.8796427100896835 | 160m: pid_alive=False no_state tail=
2026-06-03T12:08:10Z launch_160m_wait_gpu gpu_used_mb=4761
2026-06-03T12:08:10Z heartbeat 80m: pid_alive=False status=running step=18044/196851 tokens=183327040 train=nan val=nan | 80m_retry: pid_alive=True status=running step=161145/196851 tokens=1637233200 train=4.635793685913086 val=4.8796427100896835 | 160m: pid_alive=False no_state tail=
2026-06-03T12:09:10Z launch_160m_wait_gpu gpu_used_mb=4761
2026-06-03T12:09:10Z heartbeat 80m: pid_alive=False status=running step=18044/196851 tokens=183327040 train=nan val=nan | 80m_retry: pid_alive=True status=running step=161651/196851 tokens=1642374160 train=4.611685752868652 val=4.8796427100896835 | 160m: pid_alive=False no_state tail=
2026-06-03T12:10:11Z launch_160m_wait_gpu gpu_used_mb=4761
2026-06-03T12:10:11Z heartbeat 80m: pid_alive=False status=running step=18044/196851 tokens=183327040 train=nan val=nan | 80m_retry: pid_alive=True status=running step=162130/196851 tokens=1647240800 train=4.597877502441406 val=4.8796427100896835 | 160m: pid_alive=False no_state tail=
2026-06-03T12:11:11Z launch_160m_wait_gpu gpu_used_mb=4761
2026-06-03T12:11:11Z heartbeat 80m: pid_alive=False status=running step=18044/196851 tokens=183327040 train=nan val=nan | 80m_retry: pid_alive=True status=running step=162636/196851 tokens=1652381760 train=4.245883941650391 val=4.8796427100896835 | 160m: pid_alive=False no_state tail=
2026-06-03T12:12:12Z launch_160m_wait_gpu gpu_used_mb=4761
2026-06-03T12:12:12Z heartbeat 80m: pid_alive=False status=running step=18044/196851 tokens=183327040 train=nan val=nan | 80m_retry: pid_alive=True status=running step=163117/196851 tokens=1657268720 train=4.663886070251465 val=4.8796427100896835 | 160m: pid_alive=False no_state tail=
2026-06-03T12:13:12Z launch_160m_wait_gpu gpu_used_mb=4761
2026-06-03T12:13:12Z heartbeat 80m: pid_alive=False status=running step=18044/196851 tokens=183327040 train=nan val=nan | 80m_retry: pid_alive=True status=running step=163623/196851 tokens=1662409680 train=4.515097141265869 val=4.8796427100896835 | 160m: pid_alive=False no_state tail=
2026-06-03T12:14:12Z launch_160m_wait_gpu gpu_used_mb=4762
2026-06-03T12:14:13Z heartbeat 80m: pid_alive=False status=running step=18044/196851 tokens=183327040 train=nan val=nan | 80m_retry: pid_alive=True status=running step=164103/196851 tokens=1667286480 train=4.870370388031006 val=4.8796427100896835 | 160m: pid_alive=False no_state tail=
2026-06-03T12:15:13Z launch_160m_wait_gpu gpu_used_mb=4762
2026-06-03T12:15:13Z heartbeat 80m: pid_alive=False status=running step=18044/196851 tokens=183327040 train=nan val=nan | 80m_retry: pid_alive=True status=running step=164609/196851 tokens=1672427440 train=4.6902923583984375 val=4.8796427100896835 | 160m: pid_alive=False no_state tail=
2026-06-03T12:16:13Z launch_160m_wait_gpu gpu_used_mb=4762
2026-06-03T12:16:14Z heartbeat 80m: pid_alive=False status=running step=18044/196851 tokens=183327040 train=nan val=nan | 80m_retry: pid_alive=True status=running step=165088/196851 tokens=1677294080 train=4.587131500244141 val=4.8796427100896835 | 160m: pid_alive=False no_state tail=
2026-06-03T12:17:14Z launch_160m_wait_gpu gpu_used_mb=4762
2026-06-03T12:17:14Z heartbeat 80m: pid_alive=False status=running step=18044/196851 tokens=183327040 train=nan val=nan | 80m_retry: pid_alive=True status=running step=165594/196851 tokens=1682435040 train=4.578701019287109 val=4.8796427100896835 | 160m: pid_alive=False no_state tail=
2026-06-03T12:18:14Z launch_160m_wait_gpu gpu_used_mb=4762
2026-06-03T12:18:14Z heartbeat 80m: pid_alive=False status=running step=18044/196851 tokens=183327040 train=nan val=nan | 80m_retry: pid_alive=True status=running step=166074/196851 tokens=1687311840 train=4.563025951385498 val=4.8796427100896835 | 160m: pid_alive=False no_state tail=
2026-06-03T12:19:15Z launch_160m_wait_gpu gpu_used_mb=4762
2026-06-03T12:19:15Z heartbeat 80m: pid_alive=False status=running step=18044/196851 tokens=183327040 train=nan val=nan | 80m_retry: pid_alive=True status=running step=166580/196851 tokens=1692452800 train=4.371554374694824 val=4.8796427100896835 | 160m: pid_alive=False no_state tail=
2026-06-03T12:20:15Z launch_160m_wait_gpu gpu_used_mb=4762
2026-06-03T12:20:15Z heartbeat 80m: pid_alive=False status=running step=18044/196851 tokens=183327040 train=nan val=nan | 80m_retry: pid_alive=True status=running step=167060/196851 tokens=1697329600 train=4.639804840087891 val=4.8796427100896835 | 160m: pid_alive=False no_state tail=
2026-06-03T12:21:16Z launch_160m_wait_gpu gpu_used_mb=4762
2026-06-03T12:21:16Z heartbeat 80m: pid_alive=False status=running step=18044/196851 tokens=183327040 train=nan val=nan | 80m_retry: pid_alive=True status=running step=167524/196851 tokens=1702043840 train=4.766729354858398 val=4.842793866991997 | 160m: pid_alive=False no_state tail=
2026-06-03T12:22:16Z launch_160m_wait_gpu gpu_used_mb=4762
2026-06-03T12:22:16Z heartbeat 80m: pid_alive=False status=running step=18044/196851 tokens=183327040 train=nan val=nan | 80m_retry: pid_alive=True status=running step=168003/196851 tokens=1706910480 train=4.756324768066406 val=4.842793866991997 | 160m: pid_alive=False no_state tail=
2026-06-03T12:23:16Z launch_160m_wait_gpu gpu_used_mb=4761
2026-06-03T12:23:17Z heartbeat 80m: pid_alive=False status=running step=18044/196851 tokens=183327040 train=nan val=nan | 80m_retry: pid_alive=True status=running step=168509/196851 tokens=1712051440 train=4.843164443969727 val=4.842793866991997 | 160m: pid_alive=False no_state tail=
2026-06-03T12:24:17Z launch_160m_wait_gpu gpu_used_mb=4762
2026-06-03T12:24:17Z heartbeat 80m: pid_alive=False status=running step=18044/196851 tokens=183327040 train=nan val=nan | 80m_retry: pid_alive=True status=running step=169000/196851 tokens=1717040000 train=4.814583778381348 val=4.842793866991997 | 160m: pid_alive=False no_state tail=
2026-06-03T12:25:17Z launch_160m_wait_gpu gpu_used_mb=4762
2026-06-03T12:25:18Z heartbeat 80m: pid_alive=False status=running step=18044/196851 tokens=183327040 train=nan val=nan | 80m_retry: pid_alive=True status=running step=169493/196851 tokens=1722048880 train=4.789391040802002 val=4.842793866991997 | 160m: pid_alive=False no_state tail=
2026-06-03T12:26:18Z launch_160m_wait_gpu gpu_used_mb=4762
2026-06-03T12:26:18Z heartbeat 80m: pid_alive=False status=running step=18044/196851 tokens=183327040 train=nan val=nan | 80m_retry: pid_alive=True status=running step=169999/196851 tokens=1727189840 train=4.698185920715332 val=4.842793866991997 | 160m: pid_alive=False no_state tail=
2026-06-03T12:27:18Z launch_160m_wait_gpu gpu_used_mb=4762
2026-06-03T12:27:19Z heartbeat 80m: pid_alive=False status=running step=18044/196851 tokens=183327040 train=nan val=nan | 80m_retry: pid_alive=True status=running step=170479/196851 tokens=1732066640 train=4.736305236816406 val=4.842793866991997 | 160m: pid_alive=False no_state tail=
2026-06-03T12:28:19Z launch_160m_wait_gpu gpu_used_mb=4762
2026-06-03T12:28:19Z heartbeat 80m: pid_alive=False status=running step=18044/196851 tokens=183327040 train=nan val=nan | 80m_retry: pid_alive=True status=running step=170985/196851 tokens=1737207600 train=4.581246376037598 val=4.842793866991997 | 160m: pid_alive=False no_state tail=
2026-06-03T12:29:19Z launch_160m_wait_gpu gpu_used_mb=4762
2026-06-03T12:29:19Z heartbeat 80m: pid_alive=False status=running step=18044/196851 tokens=183327040 train=nan val=nan | 80m_retry: pid_alive=True status=running step=171466/196851 tokens=1742094560 train=4.499534606933594 val=4.842793866991997 | 160m: pid_alive=False no_state tail=
2026-06-03T12:30:20Z launch_160m_wait_gpu gpu_used_mb=4762
2026-06-03T12:30:20Z heartbeat 80m: pid_alive=False status=running step=18044/196851 tokens=183327040 train=nan val=nan | 80m_retry: pid_alive=True status=running step=171971/196851 tokens=1747225360 train=4.5330586433410645 val=4.842793866991997 | 160m: pid_alive=False no_state tail=
2026-06-03T12:31:20Z launch_160m_wait_gpu gpu_used_mb=4762
2026-06-03T12:31:20Z heartbeat 80m: pid_alive=False status=running step=18044/196851 tokens=183327040 train=nan val=nan | 80m_retry: pid_alive=True status=running step=172450/196851 tokens=1752092000 train=4.598196983337402 val=4.842793866991997 | 160m: pid_alive=False no_state tail=
2026-06-03T12:32:21Z launch_160m_wait_gpu gpu_used_mb=4762
2026-06-03T12:32:21Z heartbeat 80m: pid_alive=False status=running step=18044/196851 tokens=183327040 train=nan val=nan | 80m_retry: pid_alive=True status=running step=172956/196851 tokens=1757232960 train=4.682267189025879 val=4.842793866991997 | 160m: pid_alive=False no_state tail=
2026-06-03T12:33:21Z launch_160m_wait_gpu gpu_used_mb=4762
2026-06-03T12:33:21Z heartbeat 80m: pid_alive=False status=running step=18044/196851 tokens=183327040 train=nan val=nan | 80m_retry: pid_alive=True status=running step=173435/196851 tokens=1762099600 train=4.8121747970581055 val=4.842793866991997 | 160m: pid_alive=False no_state tail=
2026-06-03T12:34:22Z launch_160m_wait_gpu gpu_used_mb=4762
2026-06-03T12:34:22Z heartbeat 80m: pid_alive=False status=running step=18044/196851 tokens=183327040 train=nan val=nan | 80m_retry: pid_alive=True status=running step=173940/196851 tokens=1767230400 train=4.578835964202881 val=4.842793866991997 | 160m: pid_alive=False no_state tail=
2026-06-03T12:35:22Z launch_160m_wait_gpu gpu_used_mb=4762
2026-06-03T12:35:22Z heartbeat 80m: pid_alive=False status=running step=18044/196851 tokens=183327040 train=nan val=nan | 80m_retry: pid_alive=True status=running step=174421/196851 tokens=1772117360 train=4.447742938995361 val=4.842793866991997 | 160m: pid_alive=False no_state tail=
2026-06-03T12:36:22Z launch_160m_wait_gpu gpu_used_mb=4762
2026-06-03T12:36:23Z heartbeat 80m: pid_alive=False status=running step=18044/196851 tokens=183327040 train=nan val=nan | 80m_retry: pid_alive=True status=running step=174926/196851 tokens=1777248160 train=4.64588737487793 val=4.842793866991997 | 160m: pid_alive=False no_state tail=
2026-06-03T12:37:23Z launch_160m_wait_gpu gpu_used_mb=4762
2026-06-03T12:37:23Z heartbeat 80m: pid_alive=False status=running step=18044/196851 tokens=183327040 train=nan val=nan | 80m_retry: pid_alive=True status=running step=175405/196851 tokens=1782114800 train=4.896611213684082 val=4.842793866991997 | 160m: pid_alive=False no_state tail=
2026-06-03T12:38:23Z launch_160m_wait_gpu gpu_used_mb=4761
2026-06-03T12:38:23Z heartbeat 80m: pid_alive=False status=running step=18044/196851 tokens=183327040 train=nan val=nan | 80m_retry: pid_alive=True status=running step=175911/196851 tokens=1787255760 train=5.210890769958496 val=4.842793866991997 | 160m: pid_alive=False no_state tail=
2026-06-03T12:39:24Z launch_160m_wait_gpu gpu_used_mb=4761
2026-06-03T12:39:24Z heartbeat 80m: pid_alive=False status=running step=18044/196851 tokens=183327040 train=nan val=nan | 80m_retry: pid_alive=True status=running step=176389/196851 tokens=1792112240 train=4.528487205505371 val=4.842793866991997 | 160m: pid_alive=False no_state tail=
2026-06-03T12:40:24Z launch_160m_wait_gpu gpu_used_mb=4761
2026-06-03T12:40:24Z heartbeat 80m: pid_alive=False status=running step=18044/196851 tokens=183327040 train=nan val=nan | 80m_retry: pid_alive=True status=running step=176894/196851 tokens=1797243040 train=4.775345802307129 val=4.842793866991997 | 160m: pid_alive=False no_state tail=
2026-06-03T12:41:25Z launch_160m_wait_gpu gpu_used_mb=4761
2026-06-03T12:41:25Z heartbeat 80m: pid_alive=False status=running step=18044/196851 tokens=183327040 train=nan val=nan | 80m_retry: pid_alive=True status=running step=177307/196851 tokens=1801439120 train=4.986065864562988 val=4.816918730735779 | 160m: pid_alive=False no_state tail=
2026-06-03T12:42:25Z launch_160m_wait_gpu gpu_used_mb=4761
2026-06-03T12:42:25Z heartbeat 80m: pid_alive=False status=running step=18044/196851 tokens=183327040 train=nan val=nan | 80m_retry: pid_alive=True status=running step=177812/196851 tokens=1806569920 train=4.626819610595703 val=4.816918730735779 | 160m: pid_alive=False no_state tail=
2026-06-03T12:43:26Z launch_160m_wait_gpu gpu_used_mb=4761
2026-06-03T12:43:26Z heartbeat 80m: pid_alive=False status=running step=18044/196851 tokens=183327040 train=nan val=nan | 80m_retry: pid_alive=True status=running step=178291/196851 tokens=1811436560 train=4.557184219360352 val=4.816918730735779 | 160m: pid_alive=False no_state tail=
2026-06-03T12:44:26Z launch_160m_wait_gpu gpu_used_mb=4762
2026-06-03T12:44:26Z heartbeat 80m: pid_alive=False status=running step=18044/196851 tokens=183327040 train=nan val=nan | 80m_retry: pid_alive=True status=running step=178795/196851 tokens=1816557200 train=4.313903331756592 val=4.816918730735779 | 160m: pid_alive=False no_state tail=
2026-06-03T12:45:26Z launch_160m_wait_gpu gpu_used_mb=4762
2026-06-03T12:45:27Z heartbeat 80m: pid_alive=False status=running step=18044/196851 tokens=183327040 train=nan val=nan | 80m_retry: pid_alive=True status=running step=179274/196851 tokens=1821423840 train=4.369098663330078 val=4.816918730735779 | 160m: pid_alive=False no_state tail=
2026-06-03T12:46:27Z launch_160m_wait_gpu gpu_used_mb=4762
2026-06-03T12:46:27Z heartbeat 80m: pid_alive=False status=running step=18044/196851 tokens=183327040 train=nan val=nan | 80m_retry: pid_alive=True status=running step=179779/196851 tokens=1826554640 train=4.809179306030273 val=4.816918730735779 | 160m: pid_alive=False no_state tail=
2026-06-03T12:47:27Z launch_160m_wait_gpu gpu_used_mb=4762
2026-06-03T12:47:27Z heartbeat 80m: pid_alive=False status=running step=18044/196851 tokens=183327040 train=nan val=nan | 80m_retry: pid_alive=True status=running step=180258/196851 tokens=1831421280 train=4.4907636642456055 val=4.816918730735779 | 160m: pid_alive=False no_state tail=
2026-06-03T12:48:28Z launch_160m_wait_gpu gpu_used_mb=4762
2026-06-03T12:48:28Z heartbeat 80m: pid_alive=False status=running step=18044/196851 tokens=183327040 train=nan val=nan | 80m_retry: pid_alive=True status=running step=180763/196851 tokens=1836552080 train=4.661971092224121 val=4.816918730735779 | 160m: pid_alive=False no_state tail=
2026-06-03T12:49:28Z launch_160m_wait_gpu gpu_used_mb=4762
2026-06-03T12:49:28Z heartbeat 80m: pid_alive=False status=running step=18044/196851 tokens=183327040 train=nan val=nan | 80m_retry: pid_alive=True status=running step=181241/196851 tokens=1841408560 train=4.514429092407227 val=4.816918730735779 | 160m: pid_alive=False no_state tail=
2026-06-03T12:50:29Z launch_160m_wait_gpu gpu_used_mb=4762
2026-06-03T12:50:29Z heartbeat 80m: pid_alive=False status=running step=18044/196851 tokens=183327040 train=nan val=nan | 80m_retry: pid_alive=True status=running step=181746/196851 tokens=1846539360 train=4.524382591247559 val=4.816918730735779 | 160m: pid_alive=False no_state tail=
2026-06-03T12:51:29Z launch_160m_wait_gpu gpu_used_mb=4762
2026-06-03T12:51:29Z heartbeat 80m: pid_alive=False status=running step=18044/196851 tokens=183327040 train=nan val=nan | 80m_retry: pid_alive=True status=running step=182225/196851 tokens=1851406000 train=4.600555419921875 val=4.816918730735779 | 160m: pid_alive=False no_state tail=
2026-06-03T12:52:30Z launch_160m_wait_gpu gpu_used_mb=4762
2026-06-03T12:52:30Z heartbeat 80m: pid_alive=False status=running step=18044/196851 tokens=183327040 train=nan val=nan | 80m_retry: pid_alive=True status=running step=182728/196851 tokens=1856516480 train=4.857261657714844 val=4.816918730735779 | 160m: pid_alive=False no_state tail=
2026-06-03T12:53:30Z launch_160m_wait_gpu gpu_used_mb=4762
2026-06-03T12:53:30Z heartbeat 80m: pid_alive=False status=running step=18044/196851 tokens=183327040 train=nan val=nan | 80m_retry: pid_alive=True status=running step=183205/196851 tokens=1861362800 train=4.693330764770508 val=4.816918730735779 | 160m: pid_alive=False no_state tail=
2026-06-03T12:54:30Z launch_160m_wait_gpu gpu_used_mb=4762
2026-06-03T12:54:31Z heartbeat 80m: pid_alive=False status=running step=18044/196851 tokens=183327040 train=nan val=nan | 80m_retry: pid_alive=True status=running step=183710/196851 tokens=1866493600 train=4.817190170288086 val=4.816918730735779 | 160m: pid_alive=False no_state tail=
2026-06-03T12:55:31Z launch_160m_wait_gpu gpu_used_mb=4762
2026-06-03T12:55:31Z heartbeat 80m: pid_alive=False status=running step=18044/196851 tokens=183327040 train=nan val=nan | 80m_retry: pid_alive=True status=running step=184189/196851 tokens=1871360240 train=4.843460559844971 val=4.816918730735779 | 160m: pid_alive=False no_state tail=
2026-06-03T12:56:31Z launch_160m_wait_gpu gpu_used_mb=4762
2026-06-03T12:56:31Z heartbeat 80m: pid_alive=False status=running step=18044/196851 tokens=183327040 train=nan val=nan | 80m_retry: pid_alive=True status=running step=184694/196851 tokens=1876491040 train=4.675173759460449 val=4.816918730735779 | 160m: pid_alive=False no_state tail=
2026-06-03T12:57:32Z launch_160m_wait_gpu gpu_used_mb=4762
2026-06-03T12:57:32Z heartbeat 80m: pid_alive=False status=running step=18044/196851 tokens=183327040 train=nan val=nan | 80m_retry: pid_alive=True status=running step=185172/196851 tokens=1881347520 train=4.397499084472656 val=4.816918730735779 | 160m: pid_alive=False no_state tail=
2026-06-03T12:58:32Z launch_160m_wait_gpu gpu_used_mb=4762
2026-06-03T12:58:32Z heartbeat 80m: pid_alive=False status=running step=18044/196851 tokens=183327040 train=nan val=nan | 80m_retry: pid_alive=True status=running step=185677/196851 tokens=1886478320 train=4.581692695617676 val=4.816918730735779 | 160m: pid_alive=False no_state tail=
2026-06-03T12:59:33Z launch_160m_wait_gpu gpu_used_mb=4762
2026-06-03T12:59:33Z heartbeat 80m: pid_alive=False status=running step=18044/196851 tokens=183327040 train=nan val=nan | 80m_retry: pid_alive=True status=running step=186155/196851 tokens=1891334800 train=4.790680408477783 val=4.816918730735779 | 160m: pid_alive=False no_state tail=
2026-06-03T13:00:33Z launch_160m_wait_gpu gpu_used_mb=4762
2026-06-03T13:00:33Z heartbeat 80m: pid_alive=False status=running step=18044/196851 tokens=183327040 train=nan val=nan | 80m_retry: pid_alive=True status=running step=186660/196851 tokens=1896465600 train=4.978911399841309 val=4.816918730735779 | 160m: pid_alive=False no_state tail=
2026-06-03T13:01:34Z launch_160m_wait_gpu gpu_used_mb=4762
2026-06-03T13:01:34Z heartbeat 80m: pid_alive=False status=running step=18044/196851 tokens=183327040 train=nan val=nan | 80m_retry: pid_alive=True status=running step=187098/196851 tokens=1900915680 train=4.641827583312988 val=4.831647455692291 | 160m: pid_alive=False no_state tail=
2026-06-03T13:02:34Z launch_160m_wait_gpu gpu_used_mb=4762
2026-06-03T13:02:34Z heartbeat 80m: pid_alive=False status=running step=18044/196851 tokens=183327040 train=nan val=nan | 80m_retry: pid_alive=True status=running step=187602/196851 tokens=1906036320 train=4.6017255783081055 val=4.831647455692291 | 160m: pid_alive=False no_state tail=
2026-06-03T13:03:34Z launch_160m_wait_gpu gpu_used_mb=4762
2026-06-03T13:03:35Z heartbeat 80m: pid_alive=False status=running step=18044/196851 tokens=183327040 train=nan val=nan | 80m_retry: pid_alive=True status=running step=188080/196851 tokens=1910892800 train=4.650383949279785 val=4.831647455692291 | 160m: pid_alive=False no_state tail=
2026-06-03T13:04:35Z launch_160m_wait_gpu gpu_used_mb=4761
2026-06-03T13:04:35Z heartbeat 80m: pid_alive=False status=running step=18044/196851 tokens=183327040 train=nan val=nan | 80m_retry: pid_alive=True status=running step=188584/196851 tokens=1916013440 train=4.634148597717285 val=4.831647455692291 | 160m: pid_alive=False no_state tail=
2026-06-03T13:05:35Z launch_160m_wait_gpu gpu_used_mb=4761
2026-06-03T13:05:36Z heartbeat 80m: pid_alive=False status=running step=18044/196851 tokens=183327040 train=nan val=nan | 80m_retry: pid_alive=True status=running step=189062/196851 tokens=1920869920 train=4.957688331604004 val=4.831647455692291 | 160m: pid_alive=False no_state tail=
2026-06-03T13:06:36Z launch_160m_wait_gpu gpu_used_mb=4761
2026-06-03T13:06:36Z heartbeat 80m: pid_alive=False status=running step=18044/196851 tokens=183327040 train=nan val=nan | 80m_retry: pid_alive=True status=running step=189566/196851 tokens=1925990560 train=4.591097831726074 val=4.831647455692291 | 160m: pid_alive=False no_state tail=
2026-06-03T13:07:36Z launch_160m_wait_gpu gpu_used_mb=4761
2026-06-03T13:07:36Z heartbeat 80m: pid_alive=False status=running step=18044/196851 tokens=183327040 train=nan val=nan | 80m_retry: pid_alive=True status=running step=190044/196851 tokens=1930847040 train=4.873854160308838 val=4.831647455692291 | 160m: pid_alive=False no_state tail=
2026-06-03T13:08:37Z launch_160m_wait_gpu gpu_used_mb=4761
2026-06-03T13:08:37Z heartbeat 80m: pid_alive=False status=running step=18044/196851 tokens=183327040 train=nan val=nan | 80m_retry: pid_alive=True status=running step=190548/196851 tokens=1935967680 train=4.697200775146484 val=4.831647455692291 | 160m: pid_alive=False no_state tail=
2026-06-03T13:09:37Z launch_160m_wait_gpu gpu_used_mb=4761
2026-06-03T13:09:37Z heartbeat 80m: pid_alive=False status=running step=18044/196851 tokens=183327040 train=nan val=nan | 80m_retry: pid_alive=True status=running step=191026/196851 tokens=1940824160 train=4.627851486206055 val=4.831647455692291 | 160m: pid_alive=False no_state tail=
2026-06-03T13:10:38Z launch_160m_wait_gpu gpu_used_mb=4761
2026-06-03T13:10:38Z heartbeat 80m: pid_alive=False status=running step=18044/196851 tokens=183327040 train=nan val=nan | 80m_retry: pid_alive=True status=running step=191531/196851 tokens=1945954960 train=4.778566837310791 val=4.831647455692291 | 160m: pid_alive=False no_state tail=
2026-06-03T13:11:38Z launch_160m_wait_gpu gpu_used_mb=4761
2026-06-03T13:11:38Z heartbeat 80m: pid_alive=False status=running step=18044/196851 tokens=183327040 train=nan val=nan | 80m_retry: pid_alive=True status=running step=192009/196851 tokens=1950811440 train=4.544123649597168 val=4.831647455692291 | 160m: pid_alive=False no_state tail=
2026-06-03T13:12:39Z launch_160m_wait_gpu gpu_used_mb=4761
2026-06-03T13:12:39Z heartbeat 80m: pid_alive=False status=running step=18044/196851 tokens=183327040 train=nan val=nan | 80m_retry: pid_alive=True status=running step=192513/196851 tokens=1955932080 train=4.534478187561035 val=4.831647455692291 | 160m: pid_alive=False no_state tail=
2026-06-03T13:13:39Z launch_160m_wait_gpu gpu_used_mb=4761
2026-06-03T13:13:39Z heartbeat 80m: pid_alive=False status=running step=18044/196851 tokens=183327040 train=nan val=nan | 80m_retry: pid_alive=True status=running step=193000/196851 tokens=1960880000 train=4.708822250366211 val=4.831647455692291 | 160m: pid_alive=False no_state tail=
2026-06-03T13:14:40Z launch_160m_wait_gpu gpu_used_mb=4762
2026-06-03T13:14:40Z heartbeat 80m: pid_alive=False status=running step=18044/196851 tokens=183327040 train=nan val=nan | 80m_retry: pid_alive=True status=running step=193495/196851 tokens=1965909200 train=4.731151580810547 val=4.831647455692291 | 160m: pid_alive=False no_state tail=
2026-06-03T13:15:40Z launch_160m_wait_gpu gpu_used_mb=4762
2026-06-03T13:15:40Z heartbeat 80m: pid_alive=False status=running step=18044/196851 tokens=183327040 train=nan val=nan | 80m_retry: pid_alive=True status=running step=193999/196851 tokens=1971029840 train=4.526974678039551 val=4.831647455692291 | 160m: pid_alive=False no_state tail=
2026-06-03T13:16:40Z launch_160m_wait_gpu gpu_used_mb=4762
2026-06-03T13:16:41Z heartbeat 80m: pid_alive=False status=running step=18044/196851 tokens=183327040 train=nan val=nan | 80m_retry: pid_alive=True status=running step=194477/196851 tokens=1975886320 train=4.837573051452637 val=4.831647455692291 | 160m: pid_alive=False no_state tail=
2026-06-03T13:17:41Z launch_160m_wait_gpu gpu_used_mb=4762
2026-06-03T13:17:41Z heartbeat 80m: pid_alive=False status=running step=18044/196851 tokens=183327040 train=nan val=nan | 80m_retry: pid_alive=True status=running step=194980/196851 tokens=1980996800 train=4.394626617431641 val=4.831647455692291 | 160m: pid_alive=False no_state tail=
2026-06-03T13:18:41Z launch_160m_wait_gpu gpu_used_mb=4762
2026-06-03T13:18:42Z heartbeat 80m: pid_alive=False status=running step=18044/196851 tokens=183327040 train=nan val=nan | 80m_retry: pid_alive=True status=running step=195459/196851 tokens=1985863440 train=4.945578575134277 val=4.831647455692291 | 160m: pid_alive=False no_state tail=
2026-06-03T13:19:42Z launch_160m_wait_gpu gpu_used_mb=4762
2026-06-03T13:19:42Z heartbeat 80m: pid_alive=False status=running step=18044/196851 tokens=183327040 train=nan val=nan | 80m_retry: pid_alive=True status=running step=195963/196851 tokens=1990984080 train=4.4315385818481445 val=4.831647455692291 | 160m: pid_alive=False no_state tail=
2026-06-03T13:20:42Z launch_160m_wait_gpu gpu_used_mb=4762
2026-06-03T13:20:42Z heartbeat 80m: pid_alive=False status=running step=18044/196851 tokens=183327040 train=nan val=nan | 80m_retry: pid_alive=True status=running step=196440/196851 tokens=1995830400 train=4.942577362060547 val=4.831647455692291 | 160m: pid_alive=False no_state tail=
2026-06-03T13:21:43Z launched run=longseq_anchor16_160m_2b_20260603 pid=27784 conv_dim=1831 conv_rank=531 lr=0.0008
2026-06-03T13:21:43Z heartbeat 80m: pid_alive=False status=running step=18044/196851 tokens=183327040 train=nan val=nan | 80m_retry: pid_alive=False status=completed step=196851/196851 tokens=2000006160 train=None val=None | 160m: pid_alive=True no_state tail=
2026-06-03T13:22:44Z heartbeat 80m: pid_alive=False status=running step=18044/196851 tokens=183327040 train=nan val=nan | 80m_retry: pid_alive=False status=completed step=196851/196851 tokens=2000006160 train=None val=None | 160m: pid_alive=True no_state tail=
2026-06-03T13:23:45Z heartbeat 80m: pid_alive=False status=running step=18044/196851 tokens=183327040 train=nan val=nan | 80m_retry: pid_alive=False status=completed step=196851/196851 tokens=2000006160 train=None val=None | 160m: pid_alive=True status=running step=175/196851 tokens=1778000 train=6.9008469581604 val=10.833824813365936
2026-06-03T13:24:45Z heartbeat 80m: pid_alive=False status=running step=18044/196851 tokens=183327040 train=nan val=nan | 80m_retry: pid_alive=False status=completed step=196851/196851 tokens=2000006160 train=None val=None | 160m: pid_alive=True status=running step=412/196851 tokens=4185920 train=6.894920349121094 val=10.833824813365936
2026-06-03T13:25:46Z heartbeat 80m: pid_alive=False status=running step=18044/196851 tokens=183327040 train=nan val=nan | 80m_retry: pid_alive=False status=completed step=196851/196851 tokens=2000006160 train=None val=None | 160m: pid_alive=True status=running step=647/196851 tokens=6573520 train=6.696889877319336 val=10.833824813365936
2026-06-03T13:26:46Z heartbeat 80m: pid_alive=False status=running step=18044/196851 tokens=183327040 train=nan val=nan | 80m_retry: pid_alive=False status=completed step=196851/196851 tokens=2000006160 train=None val=None | 160m: pid_alive=True status=running step=881/196851 tokens=8950960 train=6.397710800170898 val=10.833824813365936
2026-06-03T13:27:47Z heartbeat 80m: pid_alive=False status=running step=18044/196851 tokens=183327040 train=nan val=nan | 80m_retry: pid_alive=False status=completed step=196851/196851 tokens=2000006160 train=None val=None | 160m: pid_alive=True status=running step=1093/196851 tokens=11104880 train=7.060589790344238 val=10.833824813365936
2026-06-03T13:28:47Z heartbeat 80m: pid_alive=False status=running step=18044/196851 tokens=183327040 train=nan val=nan | 80m_retry: pid_alive=False status=completed step=196851/196851 tokens=2000006160 train=None val=None | 160m: pid_alive=True status=running step=1329/196851 tokens=13502640 train=6.660757541656494 val=10.833824813365936
2026-06-03T13:29:48Z heartbeat 80m: pid_alive=False status=running step=18044/196851 tokens=183327040 train=nan val=nan | 80m_retry: pid_alive=False status=completed step=196851/196851 tokens=2000006160 train=None val=None | 160m: pid_alive=True status=running step=1565/196851 tokens=15900400 train=6.427892208099365 val=10.833824813365936
2026-06-03T13:30:48Z heartbeat 80m: pid_alive=False status=running step=18044/196851 tokens=183327040 train=nan val=nan | 80m_retry: pid_alive=False status=completed step=196851/196851 tokens=2000006160 train=None val=None | 160m: pid_alive=True status=running step=1802/196851 tokens=18308320 train=6.281183242797852 val=10.833824813365936
2026-06-03T13:31:49Z heartbeat 80m: pid_alive=False status=running step=18044/196851 tokens=183327040 train=nan val=nan | 80m_retry: pid_alive=False status=completed step=196851/196851 tokens=2000006160 train=None val=None | 160m: pid_alive=True status=running step=2014/196851 tokens=20462240 train=6.415205478668213 val=10.833824813365936
2026-06-03T13:32:50Z heartbeat 80m: pid_alive=False status=running step=18044/196851 tokens=183327040 train=nan val=nan | 80m_retry: pid_alive=False status=completed step=196851/196851 tokens=2000006160 train=None val=None | 160m: pid_alive=True status=running step=2252/196851 tokens=22880320 train=6.198264122009277 val=10.833824813365936
2026-06-03T13:33:50Z heartbeat 80m: pid_alive=False status=running step=18044/196851 tokens=183327040 train=nan val=nan | 80m_retry: pid_alive=False status=completed step=196851/196851 tokens=2000006160 train=None val=None | 160m: pid_alive=True status=running step=2489/196851 tokens=25288240 train=5.9779486656188965 val=10.833824813365936
2026-06-03T13:34:51Z heartbeat 80m: pid_alive=False status=running step=18044/196851 tokens=183327040 train=nan val=nan | 80m_retry: pid_alive=False status=completed step=196851/196851 tokens=2000006160 train=None val=None | 160m: pid_alive=True status=running step=2726/196851 tokens=27696160 train=6.184126853942871 val=10.833824813365936
2026-06-03T13:35:51Z heartbeat 80m: pid_alive=False status=running step=18044/196851 tokens=183327040 train=nan val=nan | 80m_retry: pid_alive=False status=completed step=196851/196851 tokens=2000006160 train=None val=None | 160m: pid_alive=True status=running step=2963/196851 tokens=30104080 train=5.859745025634766 val=10.833824813365936
2026-06-03T13:36:52Z heartbeat 80m: pid_alive=False status=running step=18044/196851 tokens=183327040 train=nan val=nan | 80m_retry: pid_alive=False status=completed step=196851/196851 tokens=2000006160 train=None val=None | 160m: pid_alive=True status=running step=3175/196851 tokens=32258000 train=5.807547569274902 val=10.833824813365936
2026-06-03T13:37:52Z heartbeat 80m: pid_alive=False status=running step=18044/196851 tokens=183327040 train=nan val=nan | 80m_retry: pid_alive=False status=completed step=196851/196851 tokens=2000006160 train=None val=None | 160m: pid_alive=True status=running step=3411/196851 tokens=34655760 train=6.008101940155029 val=10.833824813365936
2026-06-03T13:38:53Z heartbeat 80m: pid_alive=False status=running step=18044/196851 tokens=183327040 train=nan val=nan | 80m_retry: pid_alive=False status=completed step=196851/196851 tokens=2000006160 train=None val=None | 160m: pid_alive=True status=running step=3648/196851 tokens=37063680 train=5.63779354095459 val=10.833824813365936
2026-06-03T13:39:54Z heartbeat 80m: pid_alive=False status=running step=18044/196851 tokens=183327040 train=nan val=nan | 80m_retry: pid_alive=False status=completed step=196851/196851 tokens=2000006160 train=None val=None | 160m: pid_alive=True status=running step=3885/196851 tokens=39471600 train=6.01330041885376 val=10.833824813365936
2026-06-03T13:40:54Z heartbeat 80m: pid_alive=False status=running step=18044/196851 tokens=183327040 train=nan val=nan | 80m_retry: pid_alive=False status=completed step=196851/196851 tokens=2000006160 train=None val=None | 160m: pid_alive=True status=running step=4098/196851 tokens=41635680 train=5.9439239501953125 val=10.833824813365936
2026-06-03T13:41:55Z heartbeat 80m: pid_alive=False status=running step=18044/196851 tokens=183327040 train=nan val=nan | 80m_retry: pid_alive=False status=completed step=196851/196851 tokens=2000006160 train=None val=None | 160m: pid_alive=True status=running step=4334/196851 tokens=44033440 train=5.694403171539307 val=10.833824813365936
2026-06-03T13:42:55Z heartbeat 80m: pid_alive=False status=running step=18044/196851 tokens=183327040 train=nan val=nan | 80m_retry: pid_alive=False status=completed step=196851/196851 tokens=2000006160 train=None val=None | 160m: pid_alive=True status=running step=4571/196851 tokens=46441360 train=5.811293125152588 val=10.833824813365936
2026-06-03T13:43:56Z heartbeat 80m: pid_alive=False status=running step=18044/196851 tokens=183327040 train=nan val=nan | 80m_retry: pid_alive=False status=completed step=196851/196851 tokens=2000006160 train=None val=None | 160m: pid_alive=True status=running step=4808/196851 tokens=48849280 train=6.109930992126465 val=10.833824813365936
2026-06-03T13:44:56Z heartbeat 80m: pid_alive=False status=running step=18044/196851 tokens=183327040 train=nan val=nan | 80m_retry: pid_alive=False status=completed step=196851/196851 tokens=2000006160 train=None val=None | 160m: pid_alive=True status=running step=5020/196851 tokens=51003200 train=5.959166526794434 val=10.833824813365936
2026-06-03T13:45:57Z heartbeat 80m: pid_alive=False status=running step=18044/196851 tokens=183327040 train=nan val=nan | 80m_retry: pid_alive=False status=completed step=196851/196851 tokens=2000006160 train=None val=None | 160m: pid_alive=True status=running step=5258/196851 tokens=53421280 train=5.749223709106445 val=10.833824813365936
2026-06-03T13:46:57Z heartbeat 80m: pid_alive=False status=running step=18044/196851 tokens=183327040 train=nan val=nan | 80m_retry: pid_alive=False status=completed step=196851/196851 tokens=2000006160 train=None val=None | 160m: pid_alive=True status=running step=5494/196851 tokens=55819040 train=5.799930572509766 val=10.833824813365936
2026-06-03T13:47:58Z heartbeat 80m: pid_alive=False status=running step=18044/196851 tokens=183327040 train=nan val=nan | 80m_retry: pid_alive=False status=completed step=196851/196851 tokens=2000006160 train=None val=None | 160m: pid_alive=True status=running step=5731/196851 tokens=58226960 train=5.7397565841674805 val=10.833824813365936
2026-06-03T13:48:58Z heartbeat 80m: pid_alive=False status=running step=18044/196851 tokens=183327040 train=nan val=nan | 80m_retry: pid_alive=False status=completed step=196851/196851 tokens=2000006160 train=None val=None | 160m: pid_alive=True status=running step=5969/196851 tokens=60645040 train=5.295413017272949 val=10.833824813365936
2026-06-03T13:49:59Z heartbeat 80m: pid_alive=False status=running step=18044/196851 tokens=183327040 train=nan val=nan | 80m_retry: pid_alive=False status=completed step=196851/196851 tokens=2000006160 train=None val=None | 160m: pid_alive=True status=running step=6181/196851 tokens=62798960 train=5.715014457702637 val=10.833824813365936
2026-06-03T13:51:00Z heartbeat 80m: pid_alive=False status=running step=18044/196851 tokens=183327040 train=nan val=nan | 80m_retry: pid_alive=False status=completed step=196851/196851 tokens=2000006160 train=None val=None | 160m: pid_alive=True status=running step=6417/196851 tokens=65196720 train=5.659425258636475 val=10.833824813365936
2026-06-03T13:52:00Z heartbeat 80m: pid_alive=False status=running step=18044/196851 tokens=183327040 train=nan val=nan | 80m_retry: pid_alive=False status=completed step=196851/196851 tokens=2000006160 train=None val=None | 160m: pid_alive=True status=running step=6654/196851 tokens=67604640 train=5.554370880126953 val=10.833824813365936
2026-06-03T13:53:01Z heartbeat 80m: pid_alive=False status=running step=18044/196851 tokens=183327040 train=nan val=nan | 80m_retry: pid_alive=False status=completed step=196851/196851 tokens=2000006160 train=None val=None | 160m: pid_alive=True status=running step=6891/196851 tokens=70012560 train=5.763560771942139 val=10.833824813365936
2026-06-03T13:54:01Z heartbeat 80m: pid_alive=False status=running step=18044/196851 tokens=183327040 train=nan val=nan | 80m_retry: pid_alive=False status=completed step=196851/196851 tokens=2000006160 train=None val=None | 160m: pid_alive=True status=running step=7103/196851 tokens=72166480 train=5.673986434936523 val=10.833824813365936
2026-06-03T13:55:02Z heartbeat 80m: pid_alive=False status=running step=18044/196851 tokens=183327040 train=nan val=nan | 80m_retry: pid_alive=False status=completed step=196851/196851 tokens=2000006160 train=None val=None | 160m: pid_alive=True status=running step=7340/196851 tokens=74574400 train=5.420811653137207 val=10.833824813365936
2026-06-03T13:56:02Z heartbeat 80m: pid_alive=False status=running step=18044/196851 tokens=183327040 train=nan val=nan | 80m_retry: pid_alive=False status=completed step=196851/196851 tokens=2000006160 train=None val=None | 160m: pid_alive=True status=running step=7576/196851 tokens=76972160 train=5.491847991943359 val=10.833824813365936
2026-06-03T13:57:03Z heartbeat 80m: pid_alive=False status=running step=18044/196851 tokens=183327040 train=nan val=nan | 80m_retry: pid_alive=False status=completed step=196851/196851 tokens=2000006160 train=None val=None | 160m: pid_alive=True status=running step=7811/196851 tokens=79359760 train=5.681952476501465 val=10.833824813365936
2026-06-03T13:58:04Z heartbeat 80m: pid_alive=False status=running step=18044/196851 tokens=183327040 train=nan val=nan | 80m_retry: pid_alive=False status=completed step=196851/196851 tokens=2000006160 train=None val=None | 160m: pid_alive=True status=running step=8022/196851 tokens=81503520 train=5.534380912780762 val=10.833824813365936
2026-06-03T13:59:04Z heartbeat 80m: pid_alive=False status=running step=18044/196851 tokens=183327040 train=nan val=nan | 80m_retry: pid_alive=False status=completed step=196851/196851 tokens=2000006160 train=None val=None | 160m: pid_alive=True status=running step=8257/196851 tokens=83891120 train=5.705262660980225 val=10.833824813365936
2026-06-03T14:00:05Z heartbeat 80m: pid_alive=False status=running step=18044/196851 tokens=183327040 train=nan val=nan | 80m_retry: pid_alive=False status=completed step=196851/196851 tokens=2000006160 train=None val=None | 160m: pid_alive=True status=running step=8491/196851 tokens=86268560 train=5.477002143859863 val=10.833824813365936
2026-06-03T14:01:06Z heartbeat 80m: pid_alive=True status=running step=18044/196851 tokens=183327040 train=nan val=nan | 80m_retry: pid_alive=False status=completed step=196851/196851 tokens=2000006160 train=None val=None | 160m: pid_alive=True status=running step=8726/196851 tokens=88656160 train=5.798053741455078 val=10.833824813365936
2026-06-03T14:02:06Z heartbeat 80m: pid_alive=False status=running step=18044/196851 tokens=183327040 train=nan val=nan | 80m_retry: pid_alive=False status=completed step=196851/196851 tokens=2000006160 train=None val=None | 160m: pid_alive=True status=running step=8960/196851 tokens=91033600 train=5.607357025146484 val=10.833824813365936
2026-06-03T14:03:07Z heartbeat 80m: pid_alive=False status=running step=18044/196851 tokens=183327040 train=nan val=nan | 80m_retry: pid_alive=False status=completed step=196851/196851 tokens=2000006160 train=None val=None | 160m: pid_alive=True status=running step=9172/196851 tokens=93187520 train=5.774745941162109 val=10.833824813365936
2026-06-03T14:04:07Z heartbeat 80m: pid_alive=False status=running step=18044/196851 tokens=183327040 train=nan val=nan | 80m_retry: pid_alive=False status=completed step=196851/196851 tokens=2000006160 train=None val=None | 160m: pid_alive=True status=running step=9408/196851 tokens=95585280 train=5.682539463043213 val=10.833824813365936
2026-06-03T14:05:08Z heartbeat 80m: pid_alive=False status=running step=18044/196851 tokens=183327040 train=nan val=nan | 80m_retry: pid_alive=False status=completed step=196851/196851 tokens=2000006160 train=None val=None | 160m: pid_alive=True status=running step=9645/196851 tokens=97993200 train=5.38822078704834 val=10.833824813365936
2026-06-03T14:06:09Z heartbeat 80m: pid_alive=False status=running step=18044/196851 tokens=183327040 train=nan val=nan | 80m_retry: pid_alive=False status=completed step=196851/196851 tokens=2000006160 train=None val=None | 160m: pid_alive=True status=running step=9844/196851 tokens=100015040 train=5.510407447814941 val=5.583360210061073
2026-06-03T14:07:09Z heartbeat 80m: pid_alive=False status=running step=18044/196851 tokens=183327040 train=nan val=nan | 80m_retry: pid_alive=False status=completed step=196851/196851 tokens=2000006160 train=None val=None | 160m: pid_alive=True status=running step=10057/196851 tokens=102179120 train=5.359082221984863 val=5.583360210061073
2026-06-03T14:08:10Z heartbeat 80m: pid_alive=False status=running step=18044/196851 tokens=183327040 train=nan val=nan | 80m_retry: pid_alive=False status=completed step=196851/196851 tokens=2000006160 train=None val=None | 160m: pid_alive=True status=running step=10294/196851 tokens=104587040 train=5.397246360778809 val=5.583360210061073
2026-06-03T14:09:10Z heartbeat 80m: pid_alive=False status=running step=18044/196851 tokens=183327040 train=nan val=nan | 80m_retry: pid_alive=False status=completed step=196851/196851 tokens=2000006160 train=None val=None | 160m: pid_alive=True status=running step=10531/196851 tokens=106994960 train=5.448053359985352 val=5.583360210061073
2026-06-03T14:10:11Z heartbeat 80m: pid_alive=False status=running step=18044/196851 tokens=183327040 train=nan val=nan | 80m_retry: pid_alive=False status=completed step=196851/196851 tokens=2000006160 train=None val=None | 160m: pid_alive=True status=running step=10768/196851 tokens=109402880 train=5.357119560241699 val=5.583360210061073
2026-06-03T14:11:11Z heartbeat 80m: pid_alive=False status=running step=18044/196851 tokens=183327040 train=nan val=nan | 80m_retry: pid_alive=False status=completed step=196851/196851 tokens=2000006160 train=None val=None | 160m: pid_alive=True status=running step=11000/196851 tokens=111760000 train=5.265549659729004 val=5.583360210061073
2026-06-03T14:12:12Z heartbeat 80m: pid_alive=False status=running step=18044/196851 tokens=183327040 train=nan val=nan | 80m_retry: pid_alive=False status=completed step=196851/196851 tokens=2000006160 train=None val=None | 160m: pid_alive=True status=running step=11218/196851 tokens=113974880 train=5.353470325469971 val=5.583360210061073
2026-06-03T14:13:13Z heartbeat 80m: pid_alive=False status=running step=18044/196851 tokens=183327040 train=nan val=nan | 80m_retry: pid_alive=False status=completed step=196851/196851 tokens=2000006160 train=None val=None | 160m: pid_alive=True status=running step=11455/196851 tokens=116382800 train=5.320615291595459 val=5.583360210061073
2026-06-03T14:14:13Z heartbeat 80m: pid_alive=False status=running step=18044/196851 tokens=183327040 train=nan val=nan | 80m_retry: pid_alive=False status=completed step=196851/196851 tokens=2000006160 train=None val=None | 160m: pid_alive=True status=running step=11692/196851 tokens=118790720 train=5.276200771331787 val=5.583360210061073
2026-06-03T14:15:14Z heartbeat 80m: pid_alive=False status=running step=18044/196851 tokens=183327040 train=nan val=nan | 80m_retry: pid_alive=False status=completed step=196851/196851 tokens=2000006160 train=None val=None | 160m: pid_alive=True status=running step=11930/196851 tokens=121208800 train=5.454140663146973 val=5.583360210061073
2026-06-03T14:16:14Z heartbeat 80m: pid_alive=False status=running step=18044/196851 tokens=183327040 train=nan val=nan | 80m_retry: pid_alive=False status=completed step=196851/196851 tokens=2000006160 train=None val=None | 160m: pid_alive=True status=running step=12142/196851 tokens=123362720 train=5.33790397644043 val=5.583360210061073
2026-06-03T14:17:15Z heartbeat 80m: pid_alive=False status=running step=18044/196851 tokens=183327040 train=nan val=nan | 80m_retry: pid_alive=False status=completed step=196851/196851 tokens=2000006160 train=None val=None | 160m: pid_alive=True status=running step=12379/196851 tokens=125770640 train=5.377206802368164 val=5.583360210061073
2026-06-03T14:18:15Z heartbeat 80m: pid_alive=False status=running step=18044/196851 tokens=183327040 train=nan val=nan | 80m_retry: pid_alive=False status=completed step=196851/196851 tokens=2000006160 train=None val=None | 160m: pid_alive=True status=running step=12616/196851 tokens=128178560 train=5.49222469329834 val=5.583360210061073
2026-06-03T14:19:16Z heartbeat 80m: pid_alive=False status=running step=18044/196851 tokens=183327040 train=nan val=nan | 80m_retry: pid_alive=False status=completed step=196851/196851 tokens=2000006160 train=None val=None | 160m: pid_alive=True status=running step=12854/196851 tokens=130596640 train=5.534444332122803 val=5.583360210061073
2026-06-03T14:20:16Z heartbeat 80m: pid_alive=False status=running step=18044/196851 tokens=183327040 train=nan val=nan | 80m_retry: pid_alive=False status=completed step=196851/196851 tokens=2000006160 train=None val=None | 160m: pid_alive=True status=running step=13066/196851 tokens=132750560 train=5.326686859130859 val=5.583360210061073
2026-06-03T14:21:17Z heartbeat 80m: pid_alive=False status=running step=18044/196851 tokens=183327040 train=nan val=nan | 80m_retry: pid_alive=False status=completed step=196851/196851 tokens=2000006160 train=None val=None | 160m: pid_alive=True status=running step=13304/196851 tokens=135168640 train=5.462602615356445 val=5.583360210061073
2026-06-03T14:22:17Z heartbeat 80m: pid_alive=False status=running step=18044/196851 tokens=183327040 train=nan val=nan | 80m_retry: pid_alive=False status=completed step=196851/196851 tokens=2000006160 train=None val=None | 160m: pid_alive=True status=running step=13541/196851 tokens=137576560 train=5.64144229888916 val=5.583360210061073
2026-06-03T14:23:18Z heartbeat 80m: pid_alive=False status=running step=18044/196851 tokens=183327040 train=nan val=nan | 80m_retry: pid_alive=False status=completed step=196851/196851 tokens=2000006160 train=None val=None | 160m: pid_alive=True status=running step=13779/196851 tokens=139994640 train=5.538439750671387 val=5.583360210061073
2026-06-03T14:24:19Z heartbeat 80m: pid_alive=False status=running step=18044/196851 tokens=183327040 train=nan val=nan | 80m_retry: pid_alive=False status=completed step=196851/196851 tokens=2000006160 train=None val=None | 160m: pid_alive=True status=running step=14000/196851 tokens=142240000 train=5.110469818115234 val=5.583360210061073
2026-06-03T14:25:19Z heartbeat 80m: pid_alive=False status=running step=18044/196851 tokens=183327040 train=nan val=nan | 80m_retry: pid_alive=False status=completed step=196851/196851 tokens=2000006160 train=None val=None | 160m: pid_alive=True status=running step=14229/196851 tokens=144566640 train=5.338056564331055 val=5.583360210061073
2026-06-03T14:26:20Z heartbeat 80m: pid_alive=False status=running step=18044/196851 tokens=183327040 train=nan val=nan | 80m_retry: pid_alive=False status=completed step=196851/196851 tokens=2000006160 train=None val=None | 160m: pid_alive=True status=running step=14466/196851 tokens=146974560 train=5.151459693908691 val=5.583360210061073
2026-06-03T14:27:20Z heartbeat 80m: pid_alive=False status=running step=18044/196851 tokens=183327040 train=nan val=nan | 80m_retry: pid_alive=False status=completed step=196851/196851 tokens=2000006160 train=None val=None | 160m: pid_alive=True status=running step=14703/196851 tokens=149382480 train=5.189553737640381 val=5.583360210061073
2026-06-03T14:28:21Z heartbeat 80m: pid_alive=False status=running step=18044/196851 tokens=183327040 train=nan val=nan | 80m_retry: pid_alive=False status=completed step=196851/196851 tokens=2000006160 train=None val=None | 160m: pid_alive=True status=running step=14941/196851 tokens=151800560 train=5.473227500915527 val=5.583360210061073
2026-06-03T14:29:21Z heartbeat 80m: pid_alive=False status=running step=18044/196851 tokens=183327040 train=nan val=nan | 80m_retry: pid_alive=False status=completed step=196851/196851 tokens=2000006160 train=None val=None | 160m: pid_alive=True status=running step=15153/196851 tokens=153954480 train=5.221346378326416 val=5.583360210061073
2026-06-03T14:30:22Z heartbeat 80m: pid_alive=False status=running step=18044/196851 tokens=183327040 train=nan val=nan | 80m_retry: pid_alive=False status=completed step=196851/196851 tokens=2000006160 train=None val=None | 160m: pid_alive=True status=running step=15391/196851 tokens=156372560 train=5.476248741149902 val=5.583360210061073
2026-06-03T14:31:23Z heartbeat 80m: pid_alive=False status=running step=18044/196851 tokens=183327040 train=nan val=nan | 80m_retry: pid_alive=False status=completed step=196851/196851 tokens=2000006160 train=None val=None | 160m: pid_alive=True status=running step=15628/196851 tokens=158780480 train=5.188547134399414 val=5.583360210061073
2026-06-03T14:32:23Z heartbeat 80m: pid_alive=False status=running step=18044/196851 tokens=183327040 train=nan val=nan | 80m_retry: pid_alive=False status=completed step=196851/196851 tokens=2000006160 train=None val=None | 160m: pid_alive=True status=running step=15865/196851 tokens=161188400 train=5.3159942626953125 val=5.583360210061073
2026-06-03T14:33:24Z heartbeat 80m: pid_alive=False status=running step=18044/196851 tokens=183327040 train=nan val=nan | 80m_retry: pid_alive=False status=completed step=196851/196851 tokens=2000006160 train=None val=None | 160m: pid_alive=True status=running step=16078/196851 tokens=163352480 train=5.460699081420898 val=5.583360210061073
2026-06-03T14:34:24Z heartbeat 80m: pid_alive=False status=running step=18044/196851 tokens=183327040 train=nan val=nan | 80m_retry: pid_alive=False status=completed step=196851/196851 tokens=2000006160 train=None val=None | 160m: pid_alive=True status=running step=16315/196851 tokens=165760400 train=5.2842864990234375 val=5.583360210061073
2026-06-03T14:35:25Z heartbeat 80m: pid_alive=False status=running step=18044/196851 tokens=183327040 train=nan val=nan | 80m_retry: pid_alive=False status=completed step=196851/196851 tokens=2000006160 train=None val=None | 160m: pid_alive=True status=running step=16553/196851 tokens=168178480 train=5.184122085571289 val=5.583360210061073
2026-06-03T14:36:25Z heartbeat 80m: pid_alive=False status=running step=18044/196851 tokens=183327040 train=nan val=nan | 80m_retry: pid_alive=False status=completed step=196851/196851 tokens=2000006160 train=None val=None | 160m: pid_alive=True status=running step=16790/196851 tokens=170586400 train=5.298956871032715 val=5.583360210061073
2026-06-03T14:37:26Z heartbeat 80m: pid_alive=False status=running step=18044/196851 tokens=183327040 train=nan val=nan | 80m_retry: pid_alive=False status=completed step=196851/196851 tokens=2000006160 train=None val=None | 160m: pid_alive=True status=running step=17002/196851 tokens=172740320 train=5.100318431854248 val=5.583360210061073
2026-06-03T14:38:26Z heartbeat 80m: pid_alive=False status=running step=18044/196851 tokens=183327040 train=nan val=nan | 80m_retry: pid_alive=False status=completed step=196851/196851 tokens=2000006160 train=None val=None | 160m: pid_alive=True status=running step=17240/196851 tokens=175158400 train=5.181124687194824 val=5.583360210061073
2026-06-03T14:39:27Z heartbeat 80m: pid_alive=False status=running step=18044/196851 tokens=183327040 train=nan val=nan | 80m_retry: pid_alive=False status=completed step=196851/196851 tokens=2000006160 train=None val=None | 160m: pid_alive=True status=running step=17477/196851 tokens=177566320 train=5.298439025878906 val=5.583360210061073
2026-06-03T14:40:28Z heartbeat 80m: pid_alive=False status=running step=18044/196851 tokens=183327040 train=nan val=nan | 80m_retry: pid_alive=False status=completed step=196851/196851 tokens=2000006160 train=None val=None | 160m: pid_alive=True status=running step=17714/196851 tokens=179974240 train=5.3880414962768555 val=5.583360210061073
2026-06-03T14:41:28Z heartbeat 80m: pid_alive=False status=running step=18044/196851 tokens=183327040 train=nan val=nan | 80m_retry: pid_alive=False status=completed step=196851/196851 tokens=2000006160 train=None val=None | 160m: pid_alive=True status=running step=17952/196851 tokens=182392320 train=5.515140533447266 val=5.583360210061073
2026-06-03T14:42:29Z heartbeat 80m: pid_alive=False status=running step=18044/196851 tokens=183327040 train=nan val=nan | 80m_retry: pid_alive=False status=completed step=196851/196851 tokens=2000006160 train=None val=None | 160m: pid_alive=True status=running step=18164/196851 tokens=184546240 train=5.5465874671936035 val=5.583360210061073
2026-06-03T14:43:29Z heartbeat 80m: pid_alive=False status=running step=18044/196851 tokens=183327040 train=nan val=nan | 80m_retry: pid_alive=False status=completed step=196851/196851 tokens=2000006160 train=None val=None | 160m: pid_alive=True status=running step=18401/196851 tokens=186954160 train=6.003134727478027 val=5.583360210061073
2026-06-03T14:44:30Z heartbeat 80m: pid_alive=False status=running step=18044/196851 tokens=183327040 train=nan val=nan | 80m_retry: pid_alive=False status=completed step=196851/196851 tokens=2000006160 train=None val=None | 160m: pid_alive=True status=running step=18638/196851 tokens=189362080 train=5.2811689376831055 val=5.583360210061073
2026-06-03T14:45:30Z heartbeat 80m: pid_alive=False status=running step=18044/196851 tokens=183327040 train=nan val=nan | 80m_retry: pid_alive=False status=completed step=196851/196851 tokens=2000006160 train=None val=None | 160m: pid_alive=True status=running step=18876/196851 tokens=191780160 train=5.012840747833252 val=5.583360210061073
2026-06-03T14:46:31Z heartbeat 80m: pid_alive=False status=running step=18044/196851 tokens=183327040 train=nan val=nan | 80m_retry: pid_alive=False status=completed step=196851/196851 tokens=2000006160 train=None val=None | 160m: pid_alive=True status=running step=19088/196851 tokens=193934080 train=4.93699312210083 val=5.583360210061073
2026-06-03T14:47:31Z heartbeat 80m: pid_alive=False status=running step=18044/196851 tokens=183327040 train=nan val=nan | 80m_retry: pid_alive=False status=completed step=196851/196851 tokens=2000006160 train=None val=None | 160m: pid_alive=True status=running step=19325/196851 tokens=196342000 train=5.233463764190674 val=5.583360210061073
2026-06-03T14:48:32Z heartbeat 80m: pid_alive=False status=running step=18044/196851 tokens=183327040 train=nan val=nan | 80m_retry: pid_alive=False status=completed step=196851/196851 tokens=2000006160 train=None val=None | 160m: pid_alive=True status=running step=19563/196851 tokens=198760080 train=4.927642345428467 val=5.583360210061073
2026-06-03T14:49:33Z heartbeat 80m: pid_alive=False status=running step=18044/196851 tokens=183327040 train=nan val=nan | 80m_retry: pid_alive=False status=completed step=196851/196851 tokens=2000006160 train=None val=None | 160m: pid_alive=True status=running step=19762/196851 tokens=200781920 train=5.424313545227051 val=5.324856370687485
2026-06-03T14:50:33Z heartbeat 80m: pid_alive=False status=running step=18044/196851 tokens=183327040 train=nan val=nan | 80m_retry: pid_alive=False status=completed step=196851/196851 tokens=2000006160 train=None val=None | 160m: pid_alive=True status=running step=20000/196851 tokens=203200000 train=5.11671257019043 val=5.324856370687485
2026-06-03T14:51:34Z heartbeat 80m: pid_alive=False status=running step=18044/196851 tokens=183327040 train=nan val=nan | 80m_retry: pid_alive=False status=completed step=196851/196851 tokens=2000006160 train=None val=None | 160m: pid_alive=True status=running step=20213/196851 tokens=205364080 train=5.34727668762207 val=5.324856370687485
2026-06-03T14:52:34Z heartbeat 80m: pid_alive=False status=running step=18044/196851 tokens=183327040 train=nan val=nan | 80m_retry: pid_alive=False status=completed step=196851/196851 tokens=2000006160 train=None val=None | 160m: pid_alive=True status=running step=20450/196851 tokens=207772000 train=5.453518867492676 val=5.324856370687485
2026-06-03T14:53:35Z heartbeat 80m: pid_alive=False status=running step=18044/196851 tokens=183327040 train=nan val=nan | 80m_retry: pid_alive=False status=completed step=196851/196851 tokens=2000006160 train=None val=None | 160m: pid_alive=True status=running step=20687/196851 tokens=210179920 train=5.252007007598877 val=5.324856370687485
2026-06-03T14:54:35Z heartbeat 80m: pid_alive=False status=running step=18044/196851 tokens=183327040 train=nan val=nan | 80m_retry: pid_alive=False status=completed step=196851/196851 tokens=2000006160 train=None val=None | 160m: pid_alive=True status=running step=20924/196851 tokens=212587840 train=5.090694904327393 val=5.324856370687485
2026-06-03T14:55:36Z heartbeat 80m: pid_alive=False status=running step=18044/196851 tokens=183327040 train=nan val=nan | 80m_retry: pid_alive=False status=completed step=196851/196851 tokens=2000006160 train=None val=None | 160m: pid_alive=True status=running step=21137/196851 tokens=214751920 train=4.97136116027832 val=5.324856370687485
2026-06-03T14:56:36Z heartbeat 80m: pid_alive=False status=running step=18044/196851 tokens=183327040 train=nan val=nan | 80m_retry: pid_alive=False status=completed step=196851/196851 tokens=2000006160 train=None val=None | 160m: pid_alive=True status=running step=21374/196851 tokens=217159840 train=5.380985260009766 val=5.324856370687485
2026-06-03T14:57:37Z heartbeat 80m: pid_alive=False status=running step=18044/196851 tokens=183327040 train=nan val=nan | 80m_retry: pid_alive=False status=completed step=196851/196851 tokens=2000006160 train=None val=None | 160m: pid_alive=True status=running step=21611/196851 tokens=219567760 train=5.132104873657227 val=5.324856370687485
2026-06-03T14:58:38Z heartbeat 80m: pid_alive=False status=running step=18044/196851 tokens=183327040 train=nan val=nan | 80m_retry: pid_alive=False status=completed step=196851/196851 tokens=2000006160 train=None val=None | 160m: pid_alive=True status=running step=21848/196851 tokens=221975680 train=5.326943874359131 val=5.324856370687485
2026-06-03T14:59:38Z heartbeat 80m: pid_alive=False status=running step=18044/196851 tokens=183327040 train=nan val=nan | 80m_retry: pid_alive=False status=completed step=196851/196851 tokens=2000006160 train=None val=None | 160m: pid_alive=True status=running step=22061/196851 tokens=224139760 train=5.3332319259643555 val=5.324856370687485
2026-06-03T15:00:39Z heartbeat 80m: pid_alive=False status=running step=18044/196851 tokens=183327040 train=nan val=nan | 80m_retry: pid_alive=False status=completed step=196851/196851 tokens=2000006160 train=None val=None | 160m: pid_alive=True status=running step=22298/196851 tokens=226547680 train=4.928470611572266 val=5.324856370687485
2026-06-03T15:01:39Z heartbeat 80m: pid_alive=False status=running step=18044/196851 tokens=183327040 train=nan val=nan | 80m_retry: pid_alive=False status=completed step=196851/196851 tokens=2000006160 train=None val=None | 160m: pid_alive=True status=running step=22535/196851 tokens=228955600 train=4.920137405395508 val=5.324856370687485
2026-06-03T15:02:40Z heartbeat 80m: pid_alive=False status=running step=18044/196851 tokens=183327040 train=nan val=nan | 80m_retry: pid_alive=False status=completed step=196851/196851 tokens=2000006160 train=None val=None | 160m: pid_alive=True status=running step=22772/196851 tokens=231363520 train=5.215785503387451 val=5.324856370687485
2026-06-03T15:03:40Z heartbeat 80m: pid_alive=False status=running step=18044/196851 tokens=183327040 train=nan val=nan | 80m_retry: pid_alive=False status=completed step=196851/196851 tokens=2000006160 train=None val=None | 160m: pid_alive=True status=running step=23000/196851 tokens=233680000 train=5.397225379943848 val=5.324856370687485
2026-06-03T15:04:41Z heartbeat 80m: pid_alive=False status=running step=18044/196851 tokens=183327040 train=nan val=nan | 80m_retry: pid_alive=False status=completed step=196851/196851 tokens=2000006160 train=None val=None | 160m: pid_alive=True status=running step=23223/196851 tokens=235945680 train=5.352534294128418 val=5.324856370687485
2026-06-03T15:05:41Z heartbeat 80m: pid_alive=False status=running step=18044/196851 tokens=183327040 train=nan val=nan | 80m_retry: pid_alive=False status=completed step=196851/196851 tokens=2000006160 train=None val=None | 160m: pid_alive=True status=running step=23460/196851 tokens=238353600 train=5.122470855712891 val=5.324856370687485
2026-06-03T15:06:42Z heartbeat 80m: pid_alive=False status=running step=18044/196851 tokens=183327040 train=nan val=nan | 80m_retry: pid_alive=False status=completed step=196851/196851 tokens=2000006160 train=None val=None | 160m: pid_alive=True status=running step=23697/196851 tokens=240761520 train=5.3745622634887695 val=5.324856370687485
2026-06-03T15:07:43Z heartbeat 80m: pid_alive=False status=running step=18044/196851 tokens=183327040 train=nan val=nan | 80m_retry: pid_alive=False status=completed step=196851/196851 tokens=2000006160 train=None val=None | 160m: pid_alive=True status=running step=23934/196851 tokens=243169440 train=5.030865669250488 val=5.324856370687485
2026-06-03T15:08:43Z heartbeat 80m: pid_alive=False status=running step=18044/196851 tokens=183327040 train=nan val=nan | 80m_retry: pid_alive=False status=completed step=196851/196851 tokens=2000006160 train=None val=None | 160m: pid_alive=True status=running step=24147/196851 tokens=245333520 train=4.878271102905273 val=5.324856370687485
2026-06-03T15:09:44Z heartbeat 80m: pid_alive=False status=running step=18044/196851 tokens=183327040 train=nan val=nan | 80m_retry: pid_alive=False status=completed step=196851/196851 tokens=2000006160 train=None val=None | 160m: pid_alive=True status=running step=24384/196851 tokens=247741440 train=5.04849910736084 val=5.324856370687485
2026-06-03T15:10:44Z heartbeat 80m: pid_alive=False status=running step=18044/196851 tokens=183327040 train=nan val=nan | 80m_retry: pid_alive=False status=completed step=196851/196851 tokens=2000006160 train=None val=None | 160m: pid_alive=True status=running step=24621/196851 tokens=250149360 train=5.198451995849609 val=5.324856370687485
2026-06-03T15:11:45Z heartbeat 80m: pid_alive=False status=running step=18044/196851 tokens=183327040 train=nan val=nan | 80m_retry: pid_alive=False status=completed step=196851/196851 tokens=2000006160 train=None val=None | 160m: pid_alive=True status=running step=24859/196851 tokens=252567440 train=5.156495094299316 val=5.324856370687485
2026-06-03T15:12:45Z heartbeat 80m: pid_alive=False status=running step=18044/196851 tokens=183327040 train=nan val=nan | 80m_retry: pid_alive=False status=completed step=196851/196851 tokens=2000006160 train=None val=None | 160m: pid_alive=True status=running step=25071/196851 tokens=254721360 train=5.071495056152344 val=5.324856370687485
2026-06-03T15:13:46Z heartbeat 80m: pid_alive=False status=running step=18044/196851 tokens=183327040 train=nan val=nan | 80m_retry: pid_alive=False status=completed step=196851/196851 tokens=2000006160 train=None val=None | 160m: pid_alive=True status=running step=25309/196851 tokens=257139440 train=5.280704021453857 val=5.324856370687485
2026-06-03T15:14:46Z heartbeat 80m: pid_alive=False status=running step=18044/196851 tokens=183327040 train=nan val=nan | 80m_retry: pid_alive=False status=completed step=196851/196851 tokens=2000006160 train=None val=None | 160m: pid_alive=True status=running step=25546/196851 tokens=259547360 train=5.918474197387695 val=5.324856370687485
2026-06-03T15:15:47Z heartbeat 80m: pid_alive=False status=running step=18044/196851 tokens=183327040 train=nan val=nan | 80m_retry: pid_alive=False status=completed step=196851/196851 tokens=2000006160 train=None val=None | 160m: pid_alive=True status=running step=25783/196851 tokens=261955280 train=5.11168098449707 val=5.324856370687485
2026-06-03T15:16:48Z heartbeat 80m: pid_alive=False status=running step=18044/196851 tokens=183327040 train=nan val=nan | 80m_retry: pid_alive=False status=completed step=196851/196851 tokens=2000006160 train=None val=None | 160m: pid_alive=True status=running step=26000/196851 tokens=264160000 train=5.061460494995117 val=5.324856370687485
2026-06-03T15:17:48Z heartbeat 80m: pid_alive=False status=running step=18044/196851 tokens=183327040 train=nan val=nan | 80m_retry: pid_alive=False status=completed step=196851/196851 tokens=2000006160 train=None val=None | 160m: pid_alive=True status=running step=26233/196851 tokens=266527280 train=5.1665544509887695 val=5.324856370687485
2026-06-03T15:18:49Z heartbeat 80m: pid_alive=False status=running step=18044/196851 tokens=183327040 train=nan val=nan | 80m_retry: pid_alive=False status=completed step=196851/196851 tokens=2000006160 train=None val=None | 160m: pid_alive=True status=running step=26470/196851 tokens=268935200 train=5.832065105438232 val=5.324856370687485
2026-06-03T15:19:49Z heartbeat 80m: pid_alive=False status=running step=18044/196851 tokens=183327040 train=nan val=nan | 80m_retry: pid_alive=False status=completed step=196851/196851 tokens=2000006160 train=None val=None | 160m: pid_alive=True status=running step=26707/196851 tokens=271343120 train=4.947014808654785 val=5.324856370687485
2026-06-03T15:20:50Z heartbeat 80m: pid_alive=False status=running step=18044/196851 tokens=183327040 train=nan val=nan | 80m_retry: pid_alive=False status=completed step=196851/196851 tokens=2000006160 train=None val=None | 160m: pid_alive=True status=running step=26945/196851 tokens=273761200 train=5.092098236083984 val=5.324856370687485
2026-06-03T15:21:50Z heartbeat 80m: pid_alive=False status=running step=18044/196851 tokens=183327040 train=nan val=nan | 80m_retry: pid_alive=False status=completed step=196851/196851 tokens=2000006160 train=None val=None | 160m: pid_alive=True status=running step=27157/196851 tokens=275915120 train=5.026202201843262 val=5.324856370687485
2026-06-03T15:22:51Z heartbeat 80m: pid_alive=False status=running step=18044/196851 tokens=183327040 train=nan val=nan | 80m_retry: pid_alive=False status=completed step=196851/196851 tokens=2000006160 train=None val=None | 160m: pid_alive=True status=running step=27394/196851 tokens=278323040 train=5.027738094329834 val=5.324856370687485
2026-06-03T15:23:52Z heartbeat 80m: pid_alive=False status=running step=18044/196851 tokens=183327040 train=nan val=nan | 80m_retry: pid_alive=False status=completed step=196851/196851 tokens=2000006160 train=None val=None | 160m: pid_alive=True status=running step=27632/196851 tokens=280741120 train=5.143728256225586 val=5.324856370687485
2026-06-03T15:24:52Z heartbeat 80m: pid_alive=False status=running step=18044/196851 tokens=183327040 train=nan val=nan | 80m_retry: pid_alive=False status=completed step=196851/196851 tokens=2000006160 train=None val=None | 160m: pid_alive=True status=running step=27869/196851 tokens=283149040 train=4.864560127258301 val=5.324856370687485
2026-06-03T15:25:53Z heartbeat 80m: pid_alive=False status=running step=18044/196851 tokens=183327040 train=nan val=nan | 80m_retry: pid_alive=False status=completed step=196851/196851 tokens=2000006160 train=None val=None | 160m: pid_alive=True status=running step=28082/196851 tokens=285313120 train=5.078157901763916 val=5.324856370687485
2026-06-03T15:26:53Z heartbeat 80m: pid_alive=False status=running step=18044/196851 tokens=183327040 train=nan val=nan | 80m_retry: pid_alive=False status=completed step=196851/196851 tokens=2000006160 train=None val=None | 160m: pid_alive=True status=running step=28320/196851 tokens=287731200 train=5.135929107666016 val=5.324856370687485
2026-06-03T15:27:54Z heartbeat 80m: pid_alive=False status=running step=18044/196851 tokens=183327040 train=nan val=nan | 80m_retry: pid_alive=False status=completed step=196851/196851 tokens=2000006160 train=None val=None | 160m: pid_alive=True status=running step=28559/196851 tokens=290159440 train=nan val=5.324856370687485
2026-06-03T15:28:54Z heartbeat 80m: pid_alive=False status=running step=18044/196851 tokens=183327040 train=nan val=nan | 80m_retry: pid_alive=False status=completed step=196851/196851 tokens=2000006160 train=None val=None | 160m: pid_alive=True status=running step=28801/196851 tokens=292618160 train=95.14956665039062 val=5.324856370687485
2026-06-03T15:29:55Z heartbeat 80m: pid_alive=False status=running step=18044/196851 tokens=183327040 train=nan val=nan | 80m_retry: pid_alive=False status=completed step=196851/196851 tokens=2000006160 train=None val=None | 160m: pid_alive=True status=running step=29016/196851 tokens=294802560 train=86.62639617919922 val=5.324856370687485
2026-06-03T15:30:55Z heartbeat 80m: pid_alive=False status=running step=18044/196851 tokens=183327040 train=nan val=nan | 80m_retry: pid_alive=False status=completed step=196851/196851 tokens=2000006160 train=None val=None | 160m: pid_alive=True status=running step=29270/196851 tokens=297383200 train=nan val=5.324856370687485
2026-06-03T15:31:56Z restarting run=160m attempt=1
2026-06-03T15:31:56Z launched run=longseq_anchor16_160m_2b_20260603 pid=26804 conv_dim=1831 conv_rank=531 lr=0.0008
2026-06-03T15:31:56Z heartbeat 80m: pid_alive=False status=running step=18044/196851 tokens=183327040 train=nan val=nan | 80m_retry: pid_alive=False status=completed step=196851/196851 tokens=2000006160 train=None val=None | 160m: pid_alive=True status=running step=29413/196851 tokens=298836080 train=nan val=5.324856370687485
