FRESH1B_AFTER2B_START 2026-06-03T18:28:10.8250284-05:00
resume_checkpoint=E:\CODEXRESEARCH\RESEARCH-1\artifacts\benchmark_runs\language\longseq_anchor16_80m_3b_lr1e3_continue_20260603\variant_results\seq10160_steps295276_val32_batch1_eval9843_init1_seed13\anchor16_2p205b_resume.pt
output_dir=E:\CODEXRESEARCH\RESEARCH-1\artifacts\benchmark_runs\language\longseq_anchor16_80m_fresh1b_after2b_20260603
cache_path=E:\CODEXRESEARCH\RESEARCH-1\artifacts\benchmark_runs\language\longseq_anchor16_80m_fresh1b_after2b_20260603\cache\fresh_after2b_plus_valskip_train1000106586_val325152_seq10160_gpt2.pt
source_train_token_offset=2000528163
fresh_train_blocks=98426 global_train_steps=315426
runtime_cache_root=E:\CODEXRESEARCH\RESEARCH-1\artifacts\runtime_cache
runtime_temp_root=E:\CODEXRESEARCH\RESEARCH-1\artifacts\tmp
FRESH1B_AFTER2B_ATTEMPT=1 2026-06-03T18:28:10.9174122-05:00
FRESH1B_AFTER2B_SKIP_PROGRESS {
  "rows_consumed": 186368,
  "skipped_tokens": 196975100,
  "skip_tokens": 2000528163,
  "total_tokens": 1000106586,
  "updated_at": "2026-06-03T23:26:42Z"
}
cluster_partial_untied cache_build resume rows=186,368 skipped=196,975,100/2,000,528,163
cluster_partial_untied cache_build [----------------------------] 0/1,000,106,586 tokens skipped=199,024,118/2,000,528,163 tok/s=11,474,327
cluster_partial_untied cache_build [----------------------------] 0/1,000,106,586 tokens skipped=201,168,341/2,000,528,163 tok/s=7,699,297
cluster_partial_untied cache_build [----------------------------] 0/1,000,106,586 tokens skipped=203,268,203/2,000,528,163 tok/s=5,585,465
cluster_partial_untied cache_build [----------------------------] 0/1,000,106,586 tokens skipped=205,502,495/2,000,528,163 tok/s=4,629,359
cluster_partial_untied cache_build [----------------------------] 0/1,000,106,586 tokens skipped=207,743,441/2,000,528,163 tok/s=4,171,217
cluster_partial_untied cache_build [----------------------------] 0/1,000,106,586 tokens skipped=209,892,152/2,000,528,163 tok/s=3,825,499
cluster_partial_untied cache_build [----------------------------] 0/1,000,106,586 tokens skipped=212,088,131/2,000,528,163 tok/s=3,535,273
cluster_partial_untied cache_build [----------------------------] 0/1,000,106,586 tokens skipped=214,298,261/2,000,528,163 tok/s=3,286,850
cluster_partial_untied cache_build [----------------------------] 0/1,000,106,586 tokens skipped=216,434,607/2,000,528,163 tok/s=3,067,584
cluster_partial_untied cache_build [----------------------------] 0/1,000,106,586 tokens skipped=218,679,687/2,000,528,163 tok/s=2,882,999
cluster_partial_untied cache_build [----------------------------] 0/1,000,106,586 tokens skipped=222,678,996/2,000,528,163 tok/s=2,594,134
cluster_partial_untied cache_build [----------------------------] 0/1,000,106,586 tokens skipped=224,914,473/2,000,528,163 tok/s=2,424,104
cluster_partial_untied cache_build [----------------------------] 0/1,000,106,586 tokens skipped=227,043,810/2,000,528,163 tok/s=2,263,337
cluster_partial_untied cache_build [----------------------------] 0/1,000,106,586 tokens skipped=229,222,188/2,000,528,163 tok/s=2,041,310
cluster_partial_untied cache_build [----------------------------] 0/1,000,106,586 tokens skipped=231,301,094/2,000,528,163 tok/s=1,871,737
cluster_partial_untied cache_build [----------------------------] 0/1,000,106,586 tokens skipped=233,468,478/2,000,528,163 tok/s=1,678,307
cluster_partial_untied cache_build [----------------------------] 0/1,000,106,586 tokens skipped=235,683,903/2,000,528,163 tok/s=1,602,664
cluster_partial_untied cache_build [----------------------------] 0/1,000,106,586 tokens skipped=237,875,064/2,000,528,163 tok/s=1,556,348
cluster_partial_untied cache_build [----------------------------] 0/1,000,106,586 tokens skipped=239,914,792/2,000,528,163 tok/s=1,509,468
cluster_partial_untied cache_build [----------------------------] 0/1,000,106,586 tokens skipped=242,010,023/2,000,528,163 tok/s=1,451,709
cluster_partial_untied cache_build [----------------------------] 0/1,000,106,586 tokens skipped=244,179,139/2,000,528,163 tok/s=1,413,662
cluster_partial_untied cache_build [----------------------------] 0/1,000,106,586 tokens skipped=246,355,983/2,000,528,163 tok/s=1,380,536
cluster_partial_untied cache_build [----------------------------] 0/1,000,106,586 tokens skipped=248,694,186/2,000,528,163 tok/s=1,338,291
cluster_partial_untied cache_build [----------------------------] 0/1,000,106,586 tokens skipped=250,701,280/2,000,528,163 tok/s=1,303,428
cluster_partial_untied cache_build [----------------------------] 0/1,000,106,586 tokens skipped=252,861,736/2,000,528,163 tok/s=1,259,188
cluster_partial_untied cache_build [----------------------------] 0/1,000,106,586 tokens skipped=254,919,514/2,000,528,163 tok/s=1,238,063
cluster_partial_untied cache_build [----------------------------] 0/1,000,106,586 tokens skipped=257,137,199/2,000,528,163 tok/s=1,218,480
cluster_partial_untied cache_build [----------------------------] 0/1,000,106,586 tokens skipped=259,232,750/2,000,528,163 tok/s=1,192,035
cluster_partial_untied cache_build [----------------------------] 0/1,000,106,586 tokens skipped=261,444,097/2,000,528,163 tok/s=1,173,498
cluster_partial_untied cache_build [----------------------------] 0/1,000,106,586 tokens skipped=263,703,556/2,000,528,163 tok/s=1,154,168
cluster_partial_untied cache_build [----------------------------] 0/1,000,106,586 tokens skipped=265,856,643/2,000,528,163 tok/s=1,135,353
cluster_partial_untied cache_build [----------------------------] 0/1,000,106,586 tokens skipped=268,233,241/2,000,528,163 tok/s=1,113,003
cluster_partial_untied cache_build [----------------------------] 0/1,000,106,586 tokens skipped=270,387,928/2,000,528,163 tok/s=1,094,245
cluster_partial_untied cache_build [----------------------------] 0/1,000,106,586 tokens skipped=272,617,774/2,000,528,163 tok/s=1,076,846
cluster_partial_untied cache_build [----------------------------] 0/1,000,106,586 tokens skipped=274,789,384/2,000,528,163 tok/s=1,060,829
cluster_partial_untied cache_build [----------------------------] 0/1,000,106,586 tokens skipped=276,941,439/2,000,528,163 tok/s=1,041,705
cluster_partial_untied cache_build [----------------------------] 0/1,000,106,586 tokens skipped=279,083,840/2,000,528,163 tok/s=1,017,602
cluster_partial_untied cache_build [----------------------------] 0/1,000,106,586 tokens skipped=281,316,882/2,000,528,163 tok/s=997,126
cluster_partial_untied cache_build [----------------------------] 0/1,000,106,586 tokens skipped=283,283,866/2,000,528,163 tok/s=979,265
cluster_partial_untied cache_build [----------------------------] 0/1,000,106,586 tokens skipped=285,418,760/2,000,528,163 tok/s=957,099
cluster_partial_untied cache_build [----------------------------] 0/1,000,106,586 tokens skipped=287,584,480/2,000,528,163 tok/s=945,219
cluster_partial_untied cache_build [----------------------------] 0/1,000,106,586 tokens skipped=289,714,007/2,000,528,163 tok/s=934,298
cluster_partial_untied cache_build [----------------------------] 0/1,000,106,586 tokens skipped=291,754,740/2,000,528,163 tok/s=922,490
cluster_partial_untied cache_build [----------------------------] 0/1,000,106,586 tokens skipped=293,860,745/2,000,528,163 tok/s=909,601
cluster_partial_untied cache_build [----------------------------] 0/1,000,106,586 tokens skipped=296,132,084/2,000,528,163 tok/s=898,189
cluster_partial_untied cache_build [----------------------------] 0/1,000,106,586 tokens skipped=298,183,812/2,000,528,163 tok/s=888,556
cluster_partial_untied cache_build [----------------------------] 0/1,000,106,586 tokens skipped=300,289,308/2,000,528,163 tok/s=880,827
cluster_partial_untied cache_build [----------------------------] 0/1,000,106,586 tokens skipped=302,612,265/2,000,528,163 tok/s=865,879
cluster_partial_untied cache_build [----------------------------] 0/1,000,106,586 tokens skipped=304,892,145/2,000,528,163 tok/s=856,206
cluster_partial_untied cache_build [----------------------------] 0/1,000,106,586 tokens skipped=307,076,405/2,000,528,163 tok/s=846,101
cluster_partial_untied cache_build [----------------------------] 0/1,000,106,586 tokens skipped=309,393,091/2,000,528,163 tok/s=838,213
cluster_partial_untied cache_build [----------------------------] 0/1,000,106,586 tokens skipped=313,663,673/2,000,528,163 tok/s=828,380
cluster_partial_untied cache_build [----------------------------] 0/1,000,106,586 tokens skipped=315,708,497/2,000,528,163 tok/s=816,339
cluster_partial_untied cache_build [----------------------------] 0/1,000,106,586 tokens skipped=319,988,773/2,000,528,163 tok/s=802,389
cluster_partial_untied cache_build [----------------------------] 0/1,000,106,586 tokens skipped=322,351,362/2,000,528,163 tok/s=796,911
cluster_partial_untied cache_build [----------------------------] 0/1,000,106,586 tokens skipped=324,570,788/2,000,528,163 tok/s=788,735
cluster_partial_untied cache_build [----------------------------] 0/1,000,106,586 tokens skipped=326,758,202/2,000,528,163 tok/s=784,120
cluster_partial_untied cache_build [----------------------------] 0/1,000,106,586 tokens skipped=328,946,159/2,000,528,163 tok/s=779,701
cluster_partial_untied cache_build [----------------------------] 0/1,000,106,586 tokens skipped=331,146,846/2,000,528,163 tok/s=775,423
cluster_partial_untied cache_build [----------------------------] 0/1,000,106,586 tokens skipped=335,509,299/2,000,528,163 tok/s=765,866
cluster_partial_untied cache_build [----------------------------] 0/1,000,106,586 tokens skipped=337,728,736/2,000,528,163 tok/s=761,022
cluster_partial_untied cache_build [----------------------------] 0/1,000,106,586 tokens skipped=339,926,881/2,000,528,163 tok/s=756,530
cluster_partial_untied cache_build [----------------------------] 0/1,000,106,586 tokens skipped=342,163,728/2,000,528,163 tok/s=751,937
cluster_partial_untied cache_build [----------------------------] 0/1,000,106,586 tokens skipped=344,318,855/2,000,528,163 tok/s=747,407
cluster_partial_untied cache_build [----------------------------] 0/1,000,106,586 tokens skipped=346,480,121/2,000,528,163 tok/s=741,406
cluster_partial_untied cache_build [----------------------------] 0/1,000,106,586 tokens skipped=348,574,245/2,000,528,163 tok/s=734,122
cluster_partial_untied cache_build [----------------------------] 0/1,000,106,586 tokens skipped=350,802,111/2,000,528,163 tok/s=727,213
cluster_partial_untied cache_build [----------------------------] 0/1,000,106,586 tokens skipped=352,903,520/2,000,528,163 tok/s=721,874
cluster_partial_untied cache_build [----------------------------] 0/1,000,106,586 tokens skipped=355,323,917/2,000,528,163 tok/s=716,076
cluster_partial_untied cache_build [----------------------------] 0/1,000,106,586 tokens skipped=357,386,187/2,000,528,163 tok/s=709,560
cluster_partial_untied cache_build [----------------------------] 0/1,000,106,586 tokens skipped=359,437,328/2,000,528,163 tok/s=705,633
cluster_partial_untied cache_build [----------------------------] 0/1,000,106,586 tokens skipped=361,575,168/2,000,528,163 tok/s=700,409
cluster_partial_untied cache_build [----------------------------] 0/1,000,106,586 tokens skipped=363,687,165/2,000,528,163 tok/s=695,025
cluster_partial_untied cache_build [----------------------------] 0/1,000,106,586 tokens skipped=365,769,669/2,000,528,163 tok/s=690,447
cluster_partial_untied cache_build [----------------------------] 0/1,000,106,586 tokens skipped=367,817,860/2,000,528,163 tok/s=682,149
cluster_partial_untied cache_build [----------------------------] 0/1,000,106,586 tokens skipped=369,840,833/2,000,528,163 tok/s=673,570
cluster_partial_untied cache_build [----------------------------] 0/1,000,106,586 tokens skipped=371,998,238/2,000,528,163 tok/s=670,104
cluster_partial_untied cache_build [----------------------------] 0/1,000,106,586 tokens skipped=374,009,142/2,000,528,163 tok/s=664,308
cluster_partial_untied cache_build [----------------------------] 0/1,000,106,586 tokens skipped=376,094,475/2,000,528,163 tok/s=651,094
cluster_partial_untied cache_build [----------------------------] 0/1,000,106,586 tokens skipped=378,291,639/2,000,528,163 tok/s=641,550
cluster_partial_untied cache_build [----------------------------] 0/1,000,106,586 tokens skipped=380,490,922/2,000,528,163 tok/s=636,485
cluster_partial_untied cache_build [----------------------------] 0/1,000,106,586 tokens skipped=382,696,867/2,000,528,163 tok/s=630,899
cluster_partial_untied cache_build [----------------------------] 0/1,000,106,586 tokens skipped=384,865,058/2,000,528,163 tok/s=625,980
cluster_partial_untied cache_build [----------------------------] 0/1,000,106,586 tokens skipped=387,197,889/2,000,528,163 tok/s=621,109
cluster_partial_untied cache_build [----------------------------] 0/1,000,106,586 tokens skipped=389,439,647/2,000,528,163 tok/s=611,879
cluster_partial_untied cache_build [----------------------------] 0/1,000,106,586 tokens skipped=391,548,615/2,000,528,163 tok/s=601,849
cluster_partial_untied cache_build [----------------------------] 0/1,000,106,586 tokens skipped=393,641,927/2,000,528,163 tok/s=595,214
cluster_partial_untied cache_build [----------------------------] 0/1,000,106,586 tokens skipped=395,698,013/2,000,528,163 tok/s=589,643
cluster_partial_untied cache_build [----------------------------] 0/1,000,106,586 tokens skipped=398,037,499/2,000,528,163 tok/s=584,427
cluster_partial_untied cache_build [----------------------------] 0/1,000,106,586 tokens skipped=400,375,434/2,000,528,163 tok/s=578,683
cluster_partial_untied cache_build [----------------------------] 0/1,000,106,586 tokens skipped=402,353,755/2,000,528,163 tok/s=574,369
cluster_partial_untied cache_build [----------------------------] 0/1,000,106,586 tokens skipped=404,515,130/2,000,528,163 tok/s=568,962
cluster_partial_untied cache_build [----------------------------] 0/1,000,106,586 tokens skipped=406,625,863/2,000,528,163 tok/s=557,748
cluster_partial_untied cache_build [----------------------------] 0/1,000,106,586 tokens skipped=408,656,343/2,000,528,163 tok/s=549,573
cluster_partial_untied cache_build [----------------------------] 0/1,000,106,586 tokens skipped=410,960,129/2,000,528,163 tok/s=546,169
cluster_partial_untied cache_build [----------------------------] 0/1,000,106,586 tokens skipped=413,108,820/2,000,528,163 tok/s=544,446
cluster_partial_untied cache_build [----------------------------] 0/1,000,106,586 tokens skipped=415,211,488/2,000,528,163 tok/s=542,289
cluster_partial_untied cache_build [----------------------------] 0/1,000,106,586 tokens skipped=417,250,281/2,000,528,163 tok/s=538,679
cluster_partial_untied cache_build [----------------------------] 0/1,000,106,586 tokens skipped=419,629,629/2,000,528,163 tok/s=535,248
cluster_partial_untied cache_build [----------------------------] 0/1,000,106,586 tokens skipped=421,672,210/2,000,528,163 tok/s=533,001
cluster_partial_untied cache_build [----------------------------] 0/1,000,106,586 tokens skipped=423,891,430/2,000,528,163 tok/s=526,894
cluster_partial_untied cache_build [----------------------------] 0/1,000,106,586 tokens skipped=426,054,142/2,000,528,163 tok/s=523,528
cluster_partial_untied cache_build [----------------------------] 0/1,000,106,586 tokens skipped=428,174,918/2,000,528,163 tok/s=516,017
cluster_partial_untied cache_build [----------------------------] 0/1,000,106,586 tokens skipped=430,364,585/2,000,528,163 tok/s=505,293
cluster_partial_untied cache_build [----------------------------] 0/1,000,106,586 tokens skipped=432,421,577/2,000,528,163 tok/s=501,050
cluster_partial_untied cache_build [----------------------------] 0/1,000,106,586 tokens skipped=434,511,154/2,000,528,163 tok/s=498,873
cluster_partial_untied cache_build [----------------------------] 0/1,000,106,586 tokens skipped=436,705,299/2,000,528,163 tok/s=496,903
cluster_partial_untied cache_build [----------------------------] 0/1,000,106,586 tokens skipped=438,794,988/2,000,528,163 tok/s=495,915
cluster_partial_untied cache_build [----------------------------] 0/1,000,106,586 tokens skipped=440,776,952/2,000,528,163 tok/s=495,037
cluster_partial_untied cache_build [----------------------------] 0/1,000,106,586 tokens skipped=443,073,251/2,000,528,163 tok/s=493,965
cluster_partial_untied cache_build [----------------------------] 0/1,000,106,586 tokens skipped=445,324,663/2,000,528,163 tok/s=492,804
cluster_partial_untied cache_build [----------------------------] 0/1,000,106,586 tokens skipped=447,431,157/2,000,528,163 tok/s=491,428
cluster_partial_untied cache_build [----------------------------] 0/1,000,106,586 tokens skipped=449,680,850/2,000,528,163 tok/s=490,365
cluster_partial_untied cache_build [----------------------------] 0/1,000,106,586 tokens skipped=451,715,282/2,000,528,163 tok/s=486,726
cluster_partial_untied cache_build [----------------------------] 0/1,000,106,586 tokens skipped=453,867,900/2,000,528,163 tok/s=484,520
cluster_partial_untied cache_build [----------------------------] 0/1,000,106,586 tokens skipped=456,188,581/2,000,528,163 tok/s=483,500
cluster_partial_untied cache_build [----------------------------] 0/1,000,106,586 tokens skipped=458,483,333/2,000,528,163 tok/s=482,432
cluster_partial_untied cache_build [----------------------------] 0/1,000,106,586 tokens skipped=460,734,160/2,000,528,163 tok/s=481,661
cluster_partial_untied cache_build [----------------------------] 0/1,000,106,586 tokens skipped=462,868,140/2,000,528,163 tok/s=480,785
cluster_partial_untied cache_build [----------------------------] 0/1,000,106,586 tokens skipped=464,891,701/2,000,528,163 tok/s=479,726
cluster_partial_untied cache_build [----------------------------] 0/1,000,106,586 tokens skipped=467,164,444/2,000,528,163 tok/s=478,692
cluster_partial_untied cache_build [----------------------------] 0/1,000,106,586 tokens skipped=469,334,457/2,000,528,163 tok/s=477,235
cluster_partial_untied cache_build [----------------------------] 0/1,000,106,586 tokens skipped=471,493,754/2,000,528,163 tok/s=476,503
cluster_partial_untied cache_build [----------------------------] 0/1,000,106,586 tokens skipped=473,703,388/2,000,528,163 tok/s=475,699
cluster_partial_untied cache_build [----------------------------] 0/1,000,106,586 tokens skipped=475,887,121/2,000,528,163 tok/s=475,145
cluster_partial_untied cache_build [----------------------------] 0/1,000,106,586 tokens skipped=478,093,989/2,000,528,163 tok/s=474,449
cluster_partial_untied cache_build [----------------------------] 0/1,000,106,586 tokens skipped=480,187,264/2,000,528,163 tok/s=473,557
cluster_partial_untied cache_build [----------------------------] 0/1,000,106,586 tokens skipped=482,318,497/2,000,528,163 tok/s=472,788
cluster_partial_untied cache_build [----------------------------] 0/1,000,106,586 tokens skipped=484,467,656/2,000,528,163 tok/s=471,963
cluster_partial_untied cache_build [----------------------------] 0/1,000,106,586 tokens skipped=486,755,265/2,000,528,163 tok/s=471,229
cluster_partial_untied cache_build [----------------------------] 0/1,000,106,586 tokens skipped=488,982,316/2,000,528,163 tok/s=469,996
cluster_partial_untied cache_build [----------------------------] 0/1,000,106,586 tokens skipped=491,103,698/2,000,528,163 tok/s=468,774
cluster_partial_untied cache_build [----------------------------] 0/1,000,106,586 tokens skipped=493,295,017/2,000,528,163 tok/s=468,452
cluster_partial_untied cache_build [----------------------------] 0/1,000,106,586 tokens skipped=495,273,305/2,000,528,163 tok/s=467,403
cluster_partial_untied cache_build [----------------------------] 0/1,000,106,586 tokens skipped=497,366,940/2,000,528,163 tok/s=466,644
cluster_partial_untied cache_build [----------------------------] 0/1,000,106,586 tokens skipped=499,525,656/2,000,528,163 tok/s=465,543
cluster_partial_untied cache_build [----------------------------] 0/1,000,106,586 tokens skipped=501,594,706/2,000,528,163 tok/s=464,873
cluster_partial_untied cache_build [----------------------------] 0/1,000,106,586 tokens skipped=503,841,768/2,000,528,163 tok/s=464,563
cluster_partial_untied cache_build [----------------------------] 0/1,000,106,586 tokens skipped=505,985,218/2,000,528,163 tok/s=464,069
cluster_partial_untied cache_build [----------------------------] 0/1,000,106,586 tokens skipped=510,156,395/2,000,528,163 tok/s=463,503
cluster_partial_untied cache_build [----------------------------] 0/1,000,106,586 tokens skipped=512,362,227/2,000,528,163 tok/s=463,150
cluster_partial_untied cache_build [----------------------------] 0/1,000,106,586 tokens skipped=514,503,998/2,000,528,163 tok/s=461,056
cluster_partial_untied cache_build [----------------------------] 0/1,000,106,586 tokens skipped=516,652,233/2,000,528,163 tok/s=459,892
cluster_partial_untied cache_build [----------------------------] 0/1,000,106,586 tokens skipped=518,711,741/2,000,528,163 tok/s=458,467
cluster_partial_untied cache_build [----------------------------] 0/1,000,106,586 tokens skipped=520,777,197/2,000,528,163 tok/s=457,882
cluster_partial_untied cache_build [----------------------------] 0/1,000,106,586 tokens skipped=523,013,320/2,000,528,163 tok/s=457,266
cluster_partial_untied cache_build [----------------------------] 0/1,000,106,586 tokens skipped=525,098,437/2,000,528,163 tok/s=456,472
cluster_partial_untied cache_build [----------------------------] 0/1,000,106,586 tokens skipped=527,283,023/2,000,528,163 tok/s=456,240
cluster_partial_untied cache_build [----------------------------] 0/1,000,106,586 tokens skipped=529,473,333/2,000,528,163 tok/s=455,893
cluster_partial_untied cache_build [----------------------------] 0/1,000,106,586 tokens skipped=531,625,606/2,000,528,163 tok/s=455,157
cluster_partial_untied cache_build [----------------------------] 0/1,000,106,586 tokens skipped=533,796,214/2,000,528,163 tok/s=452,371
cluster_partial_untied cache_build [----------------------------] 0/1,000,106,586 tokens skipped=535,882,071/2,000,528,163 tok/s=447,496
cluster_partial_untied cache_build [----------------------------] 0/1,000,106,586 tokens skipped=537,985,091/2,000,528,163 tok/s=442,030
cluster_partial_untied cache_build [----------------------------] 0/1,000,106,586 tokens skipped=540,320,726/2,000,528,163 tok/s=434,545
cluster_partial_untied cache_build [----------------------------] 0/1,000,106,586 tokens skipped=542,421,605/2,000,528,163 tok/s=432,210
cluster_partial_untied cache_build [----------------------------] 0/1,000,106,586 tokens skipped=544,589,689/2,000,528,163 tok/s=430,769
cluster_partial_untied cache_build [----------------------------] 0/1,000,106,586 tokens skipped=546,728,803/2,000,528,163 tok/s=429,189
cluster_partial_untied cache_build [----------------------------] 0/1,000,106,586 tokens skipped=548,988,806/2,000,528,163 tok/s=426,415
cluster_partial_untied cache_build [----------------------------] 0/1,000,106,586 tokens skipped=551,324,441/2,000,528,163 tok/s=423,170
cluster_partial_untied cache_build [----------------------------] 0/1,000,106,586 tokens skipped=553,427,978/2,000,528,163 tok/s=419,953
cluster_partial_untied cache_build [----------------------------] 0/1,000,106,586 tokens skipped=555,351,786/2,000,528,163 tok/s=417,008
cluster_partial_untied cache_build [----------------------------] 0/1,000,106,586 tokens skipped=557,390,436/2,000,528,163 tok/s=415,249
cluster_partial_untied cache_build [----------------------------] 0/1,000,106,586 tokens skipped=559,643,739/2,000,528,163 tok/s=413,564
cluster_partial_untied cache_build [----------------------------] 0/1,000,106,586 tokens skipped=564,122,574/2,000,528,163 tok/s=413,649
cluster_partial_untied cache_build [----------------------------] 0/1,000,106,586 tokens skipped=566,119,964/2,000,528,163 tok/s=413,163
cluster_partial_untied cache_build [----------------------------] 0/1,000,106,586 tokens skipped=568,247,701/2,000,528,163 tok/s=411,488
cluster_partial_untied cache_build [----------------------------] 0/1,000,106,586 tokens skipped=570,382,842/2,000,528,163 tok/s=408,988
cluster_partial_untied cache_build [----------------------------] 0/1,000,106,586 tokens skipped=572,654,496/2,000,528,163 tok/s=405,706
cluster_partial_untied cache_build [----------------------------] 0/1,000,106,586 tokens skipped=574,824,970/2,000,528,163 tok/s=403,873
cluster_partial_untied cache_build [----------------------------] 0/1,000,106,586 tokens skipped=576,948,791/2,000,528,163 tok/s=403,695
cluster_partial_untied cache_build [----------------------------] 0/1,000,106,586 tokens skipped=579,035,221/2,000,528,163 tok/s=403,605
cluster_partial_untied cache_build [----------------------------] 0/1,000,106,586 tokens skipped=581,162,818/2,000,528,163 tok/s=403,378
cluster_partial_untied cache_build [----------------------------] 0/1,000,106,586 tokens skipped=583,500,705/2,000,528,163 tok/s=403,436
cluster_partial_untied cache_build [----------------------------] 0/1,000,106,586 tokens skipped=585,556,820/2,000,528,163 tok/s=403,101
cluster_partial_untied cache_build [----------------------------] 0/1,000,106,586 tokens skipped=587,578,899/2,000,528,163 tok/s=403,037
cluster_partial_untied cache_build [----------------------------] 0/1,000,106,586 tokens skipped=589,676,966/2,000,528,163 tok/s=402,972
cluster_partial_untied cache_build [----------------------------] 0/1,000,106,586 tokens skipped=591,756,803/2,000,528,163 tok/s=402,859
cluster_partial_untied cache_build [----------------------------] 0/1,000,106,586 tokens skipped=593,838,399/2,000,528,163 tok/s=402,711
cluster_partial_untied cache_build [----------------------------] 0/1,000,106,586 tokens skipped=595,946,232/2,000,528,163 tok/s=401,646
cluster_partial_untied cache_build [----------------------------] 0/1,000,106,586 tokens skipped=598,151,202/2,000,528,163 tok/s=399,180
cluster_partial_untied cache_build [----------------------------] 0/1,000,106,586 tokens skipped=600,311,688/2,000,528,163 tok/s=396,006
cluster_partial_untied cache_build [----------------------------] 0/1,000,106,586 tokens skipped=602,636,927/2,000,528,163 tok/s=392,935
cluster_partial_untied cache_build [----------------------------] 0/1,000,106,586 tokens skipped=604,889,003/2,000,528,163 tok/s=390,215
cluster_partial_untied cache_build [----------------------------] 0/1,000,106,586 tokens skipped=606,996,941/2,000,528,163 tok/s=386,870
cluster_partial_untied cache_build [----------------------------] 0/1,000,106,586 tokens skipped=609,092,336/2,000,528,163 tok/s=382,710
cluster_partial_untied cache_build [----------------------------] 0/1,000,106,586 tokens skipped=611,284,662/2,000,528,163 tok/s=378,560
cluster_partial_untied cache_build [----------------------------] 0/1,000,106,586 tokens skipped=613,391,214/2,000,528,163 tok/s=376,117
cluster_partial_untied cache_build [----------------------------] 0/1,000,106,586 tokens skipped=615,424,484/2,000,528,163 tok/s=373,885
cluster_partial_untied cache_build [----------------------------] 0/1,000,106,586 tokens skipped=617,647,731/2,000,528,163 tok/s=372,617
cluster_partial_untied cache_build [----------------------------] 0/1,000,106,586 tokens skipped=619,732,634/2,000,528,163 tok/s=372,630
cluster_partial_untied cache_build [----------------------------] 0/1,000,106,586 tokens skipped=621,992,804/2,000,528,163 tok/s=372,757
cluster_partial_untied cache_build [----------------------------] 0/1,000,106,586 tokens skipped=626,165,213/2,000,528,163 tok/s=372,971
cluster_partial_untied cache_build [----------------------------] 0/1,000,106,586 tokens skipped=630,399,625/2,000,528,163 tok/s=373,364
cluster_partial_untied cache_build [----------------------------] 0/1,000,106,586 tokens skipped=632,546,442/2,000,528,163 tok/s=373,514
cluster_partial_untied cache_build [----------------------------] 0/1,000,106,586 tokens skipped=634,551,992/2,000,528,163 tok/s=373,509
cluster_partial_untied cache_build [----------------------------] 0/1,000,106,586 tokens skipped=636,622,875/2,000,528,163 tok/s=372,607
cluster_partial_untied cache_build [----------------------------] 0/1,000,106,586 tokens skipped=638,807,538/2,000,528,163 tok/s=371,357
cluster_partial_untied cache_build [----------------------------] 0/1,000,106,586 tokens skipped=640,875,639/2,000,528,163 tok/s=369,697
cluster_partial_untied cache_build [----------------------------] 0/1,000,106,586 tokens skipped=643,141,147/2,000,528,163 tok/s=368,043
cluster_partial_untied cache_build [----------------------------] 0/1,000,106,586 tokens skipped=645,355,201/2,000,528,163 tok/s=367,510
cluster_partial_untied cache_build [----------------------------] 0/1,000,106,586 tokens skipped=649,599,842/2,000,528,163 tok/s=367,921
cluster_partial_untied cache_build [----------------------------] 0/1,000,106,586 tokens skipped=651,855,471/2,000,528,163 tok/s=368,127
cluster_partial_untied cache_build [----------------------------] 0/1,000,106,586 tokens skipped=656,085,446/2,000,528,163 tok/s=368,373
cluster_partial_untied cache_build [----------------------------] 0/1,000,106,586 tokens skipped=658,249,486/2,000,528,163 tok/s=367,816
cluster_partial_untied cache_build [----------------------------] 0/1,000,106,586 tokens skipped=660,478,310/2,000,528,163 tok/s=366,773
cluster_partial_untied cache_build [----------------------------] 0/1,000,106,586 tokens skipped=662,822,545/2,000,528,163 tok/s=365,593
cluster_partial_untied cache_build [----------------------------] 0/1,000,106,586 tokens skipped=664,914,034/2,000,528,163 tok/s=364,164
cluster_partial_untied cache_build [----------------------------] 0/1,000,106,586 tokens skipped=667,036,063/2,000,528,163 tok/s=363,406
cluster_partial_untied cache_build [----------------------------] 0/1,000,106,586 tokens skipped=669,016,182/2,000,528,163 tok/s=363,074
cluster_partial_untied cache_build [----------------------------] 0/1,000,106,586 tokens skipped=673,606,091/2,000,528,163 tok/s=363,673
cluster_partial_untied cache_build [----------------------------] 0/1,000,106,586 tokens skipped=678,006,877/2,000,528,163 tok/s=364,132
cluster_partial_untied cache_build [----------------------------] 0/1,000,106,586 tokens skipped=682,285,141/2,000,528,163 tok/s=364,554
cluster_partial_untied cache_build [----------------------------] 0/1,000,106,586 tokens skipped=686,641,399/2,000,528,163 tok/s=364,923
cluster_partial_untied cache_build [----------------------------] 0/1,000,106,586 tokens skipped=690,829,045/2,000,528,163 tok/s=365,367
cluster_partial_untied cache_build [----------------------------] 0/1,000,106,586 tokens skipped=695,116,607/2,000,528,163 tok/s=365,862
cluster_partial_untied cache_build [----------------------------] 0/1,000,106,586 tokens skipped=699,428,693/2,000,528,163 tok/s=366,292
cluster_partial_untied cache_build [----------------------------] 0/1,000,106,586 tokens skipped=701,548,421/2,000,528,163 tok/s=366,342
cluster_partial_untied cache_build [----------------------------] 0/1,000,106,586 tokens skipped=705,791,764/2,000,528,163 tok/s=366,740
cluster_partial_untied cache_build [----------------------------] 0/1,000,106,586 tokens skipped=710,275,663/2,000,528,163 tok/s=367,200
cluster_partial_untied cache_build [----------------------------] 0/1,000,106,586 tokens skipped=714,402,184/2,000,528,163 tok/s=367,480
cluster_partial_untied cache_build [----------------------------] 0/1,000,106,586 tokens skipped=718,798,023/2,000,528,163 tok/s=367,907
cluster_partial_untied cache_build [----------------------------] 0/1,000,106,586 tokens skipped=723,136,114/2,000,528,163 tok/s=368,320
cluster_partial_untied cache_build [----------------------------] 0/1,000,106,586 tokens skipped=727,444,523/2,000,528,163 tok/s=368,666
cluster_partial_untied cache_build [----------------------------] 0/1,000,106,586 tokens skipped=729,636,927/2,000,528,163 tok/s=368,749
cluster_partial_untied cache_build [----------------------------] 0/1,000,106,586 tokens skipped=734,014,601/2,000,528,163 tok/s=369,127
cluster_partial_untied cache_build [----------------------------] 0/1,000,106,586 tokens skipped=736,082,598/2,000,528,163 tok/s=369,094
cluster_partial_untied cache_build [----------------------------] 0/1,000,106,586 tokens skipped=738,196,352/2,000,528,163 tok/s=368,282
cluster_partial_untied cache_build [----------------------------] 0/1,000,106,586 tokens skipped=740,379,621/2,000,528,163 tok/s=367,432
cluster_partial_untied cache_build [----------------------------] 0/1,000,106,586 tokens skipped=742,648,407/2,000,528,163 tok/s=366,268
cluster_partial_untied cache_build [----------------------------] 0/1,000,106,586 tokens skipped=744,875,366/2,000,528,163 tok/s=365,452
cluster_partial_untied cache_build [----------------------------] 0/1,000,106,586 tokens skipped=747,153,977/2,000,528,163 tok/s=364,575
cluster_partial_untied cache_build [----------------------------] 0/1,000,106,586 tokens skipped=749,435,173/2,000,528,163 tok/s=364,414
cluster_partial_untied cache_build [----------------------------] 0/1,000,106,586 tokens skipped=753,626,298/2,000,528,163 tok/s=364,797
cluster_partial_untied cache_build [----------------------------] 0/1,000,106,586 tokens skipped=756,009,111/2,000,528,163 tok/s=365,062
cluster_partial_untied cache_build [----------------------------] 0/1,000,106,586 tokens skipped=760,451,825/2,000,528,163 tok/s=365,560
cluster_partial_untied cache_build [----------------------------] 0/1,000,106,586 tokens skipped=764,701,179/2,000,528,163 tok/s=366,020
cluster_partial_untied cache_build [----------------------------] 0/1,000,106,586 tokens skipped=768,873,028/2,000,528,163 tok/s=366,320
cluster_partial_untied cache_build [----------------------------] 0/1,000,106,586 tokens skipped=773,294,403/2,000,528,163 tok/s=366,749
cluster_partial_untied cache_build [----------------------------] 0/1,000,106,586 tokens skipped=777,591,232/2,000,528,163 tok/s=367,097
cluster_partial_untied cache_build [----------------------------] 0/1,000,106,586 tokens skipped=781,923,203/2,000,528,163 tok/s=367,505
cluster_partial_untied cache_build [----------------------------] 0/1,000,106,586 tokens skipped=784,164,590/2,000,528,163 tok/s=367,540
cluster_partial_untied cache_build [----------------------------] 0/1,000,106,586 tokens skipped=786,433,222/2,000,528,163 tok/s=367,611
cluster_partial_untied cache_build [----------------------------] 0/1,000,106,586 tokens skipped=790,612,542/2,000,528,163 tok/s=367,951
cluster_partial_untied cache_build [----------------------------] 0/1,000,106,586 tokens skipped=792,916,928/2,000,528,163 tok/s=368,150
cluster_partial_untied cache_build [----------------------------] 0/1,000,106,586 tokens skipped=797,103,706/2,000,528,163 tok/s=368,468
cluster_partial_untied cache_build [----------------------------] 0/1,000,106,586 tokens skipped=801,405,199/2,000,528,163 tok/s=368,864
cluster_partial_untied cache_build [----------------------------] 0/1,000,106,586 tokens skipped=805,723,633/2,000,528,163 tok/s=369,201
cluster_partial_untied cache_build [----------------------------] 0/1,000,106,586 tokens skipped=810,299,340/2,000,528,163 tok/s=369,677
cluster_partial_untied cache_build [----------------------------] 0/1,000,106,586 tokens skipped=812,475,259/2,000,528,163 tok/s=369,795
cluster_partial_untied cache_build [----------------------------] 0/1,000,106,586 tokens skipped=816,776,218/2,000,528,163 tok/s=370,103
cluster_partial_untied cache_build [----------------------------] 0/1,000,106,586 tokens skipped=819,071,675/2,000,528,163 tok/s=370,176
cluster_partial_untied cache_build [----------------------------] 0/1,000,106,586 tokens skipped=823,621,788/2,000,528,163 tok/s=370,629
cluster_partial_untied cache_build [----------------------------] 0/1,000,106,586 tokens skipped=827,870,165/2,000,528,163 tok/s=370,621
cluster_partial_untied cache_build [----------------------------] 0/1,000,106,586 tokens skipped=829,974,575/2,000,528,163 tok/s=368,984
cluster_partial_untied cache_build [----------------------------] 0/1,000,106,586 tokens skipped=832,096,675/2,000,528,163 tok/s=367,582
cluster_partial_untied cache_build [----------------------------] 0/1,000,106,586 tokens skipped=834,242,961/2,000,528,163 tok/s=366,493
cluster_partial_untied cache_build [----------------------------] 0/1,000,106,586 tokens skipped=836,483,050/2,000,528,163 tok/s=365,666
cluster_partial_untied cache_build [----------------------------] 0/1,000,106,586 tokens skipped=838,530,558/2,000,528,163 tok/s=364,760
cluster_partial_untied cache_build [----------------------------] 0/1,000,106,586 tokens skipped=840,811,124/2,000,528,163 tok/s=364,941
cluster_partial_untied cache_build [----------------------------] 0/1,000,106,586 tokens skipped=845,287,698/2,000,528,163 tok/s=365,325
cluster_partial_untied cache_build [----------------------------] 0/1,000,106,586 tokens skipped=849,694,750/2,000,528,163 tok/s=365,698
cluster_partial_untied cache_build [----------------------------] 0/1,000,106,586 tokens skipped=853,960,714/2,000,528,163 tok/s=366,094
cluster_partial_untied cache_build [----------------------------] 0/1,000,106,586 tokens skipped=858,470,311/2,000,528,163 tok/s=366,607
cluster_partial_untied cache_build [----------------------------] 0/1,000,106,586 tokens skipped=862,938,448/2,000,528,163 tok/s=367,098
cluster_partial_untied cache_build [----------------------------] 0/1,000,106,586 tokens skipped=867,197,626/2,000,528,163 tok/s=367,504
cluster_partial_untied cache_build [----------------------------] 0/1,000,106,586 tokens skipped=869,499,545/2,000,528,163 tok/s=367,673
cluster_partial_untied cache_build [----------------------------] 0/1,000,106,586 tokens skipped=871,702,834/2,000,528,163 tok/s=367,555
cluster_partial_untied cache_build [----------------------------] 0/1,000,106,586 tokens skipped=874,037,007/2,000,528,163 tok/s=367,007
cluster_partial_untied cache_build [----------------------------] 0/1,000,106,586 tokens skipped=876,203,115/2,000,528,163 tok/s=366,295
cluster_partial_untied cache_build [----------------------------] 0/1,000,106,586 tokens skipped=878,274,594/2,000,528,163 tok/s=365,506
cluster_partial_untied cache_build [----------------------------] 0/1,000,106,586 tokens skipped=880,471,008/2,000,528,163 tok/s=364,851
cluster_partial_untied cache_build [----------------------------] 0/1,000,106,586 tokens skipped=882,637,849/2,000,528,163 tok/s=364,205
cluster_partial_untied cache_build [----------------------------] 0/1,000,106,586 tokens skipped=884,982,691/2,000,528,163 tok/s=363,948
cluster_partial_untied cache_build [----------------------------] 0/1,000,106,586 tokens skipped=889,154,392/2,000,528,163 tok/s=364,284
cluster_partial_untied cache_build [----------------------------] 0/1,000,106,586 tokens skipped=893,462,979/2,000,528,163 tok/s=364,725
cluster_partial_untied cache_build [----------------------------] 0/1,000,106,586 tokens skipped=897,753,699/2,000,528,163 tok/s=365,168
cluster_partial_untied cache_build [----------------------------] 0/1,000,106,586 tokens skipped=901,865,666/2,000,528,163 tok/s=365,501
cluster_partial_untied cache_build [----------------------------] 0/1,000,106,586 tokens skipped=906,098,650/2,000,528,163 tok/s=365,904
cluster_partial_untied cache_build [----------------------------] 0/1,000,106,586 tokens skipped=908,254,380/2,000,528,163 tok/s=366,010
cluster_partial_untied cache_build [----------------------------] 0/1,000,106,586 tokens skipped=910,371,868/2,000,528,163 tok/s=365,794
cluster_partial_untied cache_build [----------------------------] 0/1,000,106,586 tokens skipped=912,528,636/2,000,528,163 tok/s=365,051
cluster_partial_untied cache_build [----------------------------] 0/1,000,106,586 tokens skipped=914,718,368/2,000,528,163 tok/s=364,363
cluster_partial_untied cache_build [----------------------------] 0/1,000,106,586 tokens skipped=916,956,664/2,000,528,163 tok/s=363,670
cluster_partial_untied cache_build [----------------------------] 0/1,000,106,586 tokens skipped=919,191,781/2,000,528,163 tok/s=363,126
cluster_partial_untied cache_build [----------------------------] 0/1,000,106,586 tokens skipped=921,332,443/2,000,528,163 tok/s=362,386
cluster_partial_untied cache_build [----------------------------] 0/1,000,106,586 tokens skipped=923,458,160/2,000,528,163 tok/s=362,020
cluster_partial_untied cache_build [----------------------------] 0/1,000,106,586 tokens skipped=927,858,410/2,000,528,163 tok/s=362,435
cluster_partial_untied cache_build [----------------------------] 0/1,000,106,586 tokens skipped=932,133,709/2,000,528,163 tok/s=362,723
cluster_partial_untied cache_build [----------------------------] 0/1,000,106,586 tokens skipped=934,338,072/2,000,528,163 tok/s=362,307
cluster_partial_untied cache_build [----------------------------] 0/1,000,106,586 tokens skipped=936,450,743/2,000,528,163 tok/s=361,618
cluster_partial_untied cache_build [----------------------------] 0/1,000,106,586 tokens skipped=938,579,586/2,000,528,163 tok/s=361,231
cluster_partial_untied cache_build [----------------------------] 0/1,000,106,586 tokens skipped=942,907,495/2,000,528,163 tok/s=361,636
cluster_partial_untied cache_build [----------------------------] 0/1,000,106,586 tokens skipped=947,146,721/2,000,528,163 tok/s=362,045
cluster_partial_untied cache_build [----------------------------] 0/1,000,106,586 tokens skipped=951,578,734/2,000,528,163 tok/s=362,436
cluster_partial_untied cache_build [----------------------------] 0/1,000,106,586 tokens skipped=955,789,458/2,000,528,163 tok/s=362,850
cluster_partial_untied cache_build [----------------------------] 0/1,000,106,586 tokens skipped=960,107,475/2,000,528,163 tok/s=363,289
cluster_partial_untied cache_build [----------------------------] 0/1,000,106,586 tokens skipped=964,669,244/2,000,528,163 tok/s=363,767
cluster_partial_untied cache_build [----------------------------] 0/1,000,106,586 tokens skipped=968,960,332/2,000,528,163 tok/s=364,164
cluster_partial_untied cache_build [----------------------------] 0/1,000,106,586 tokens skipped=973,335,422/2,000,528,163 tok/s=364,585
cluster_partial_untied cache_build [----------------------------] 0/1,000,106,586 tokens skipped=977,885,890/2,000,528,163 tok/s=365,035
cluster_partial_untied cache_build [----------------------------] 0/1,000,106,586 tokens skipped=982,275,282/2,000,528,163 tok/s=365,459
cluster_partial_untied cache_build [----------------------------] 0/1,000,106,586 tokens skipped=986,923,115/2,000,528,163 tok/s=365,884
cluster_partial_untied cache_build [----------------------------] 0/1,000,106,586 tokens skipped=991,471,804/2,000,528,163 tok/s=366,367
cluster_partial_untied cache_build [----------------------------] 0/1,000,106,586 tokens skipped=995,755,965/2,000,528,163 tok/s=366,685
cluster_partial_untied cache_build [----------------------------] 0/1,000,106,586 tokens skipped=997,974,941/2,000,528,163 tok/s=366,402
cluster_partial_untied cache_build [----------------------------] 0/1,000,106,586 tokens skipped=1,000,113,929/2,000,528,163 tok/s=366,271
cluster_partial_untied cache_build [----------------------------] 0/1,000,106,586 tokens skipped=1,004,286,886/2,000,528,163 tok/s=366,534
cluster_partial_untied cache_build [----------------------------] 0/1,000,106,586 tokens skipped=1,006,613,913/2,000,528,163 tok/s=366,662
cluster_partial_untied cache_build [----------------------------] 0/1,000,106,586 tokens skipped=1,008,755,014/2,000,528,163 tok/s=366,761
cluster_partial_untied cache_build [----------------------------] 0/1,000,106,586 tokens skipped=1,013,165,989/2,000,528,163 tok/s=367,099
cluster_partial_untied cache_build [----------------------------] 0/1,000,106,586 tokens skipped=1,017,656,446/2,000,528,163 tok/s=367,451
cluster_partial_untied cache_build [----------------------------] 0/1,000,106,586 tokens skipped=1,021,979,309/2,000,528,163 tok/s=367,740
cluster_partial_untied cache_build [----------------------------] 0/1,000,106,586 tokens skipped=1,026,334,154/2,000,528,163 tok/s=368,056
cluster_partial_untied cache_build [----------------------------] 0/1,000,106,586 tokens skipped=1,030,909,599/2,000,528,163 tok/s=368,516
cluster_partial_untied cache_build [----------------------------] 0/1,000,106,586 tokens skipped=1,035,312,887/2,000,528,163 tok/s=368,896
cluster_partial_untied cache_build [----------------------------] 0/1,000,106,586 tokens skipped=1,039,511,888/2,000,528,163 tok/s=369,241
cluster_partial_untied cache_build [----------------------------] 0/1,000,106,586 tokens skipped=1,043,877,562/2,000,528,163 tok/s=369,632
cluster_partial_untied cache_build [----------------------------] 0/1,000,106,586 tokens skipped=1,048,148,518/2,000,528,163 tok/s=369,969
cluster_partial_untied cache_build [----------------------------] 0/1,000,106,586 tokens skipped=1,052,435,677/2,000,528,163 tok/s=370,325
cluster_partial_untied cache_build [----------------------------] 0/1,000,106,586 tokens skipped=1,056,642,495/2,000,528,163 tok/s=370,636
cluster_partial_untied cache_build [----------------------------] 0/1,000,106,586 tokens skipped=1,061,202,616/2,000,528,163 tok/s=371,044
cluster_partial_untied cache_build [----------------------------] 0/1,000,106,586 tokens skipped=1,065,602,912/2,000,528,163 tok/s=371,415
cluster_partial_untied cache_build [----------------------------] 0/1,000,106,586 tokens skipped=1,069,951,152/2,000,528,163 tok/s=371,769
cluster_partial_untied cache_build [----------------------------] 0/1,000,106,586 tokens skipped=1,074,239,372/2,000,528,163 tok/s=372,126
cluster_partial_untied cache_build [----------------------------] 0/1,000,106,586 tokens skipped=1,078,470,056/2,000,528,163 tok/s=372,431
cluster_partial_untied cache_build [----------------------------] 0/1,000,106,586 tokens skipped=1,082,854,727/2,000,528,163 tok/s=372,754
cluster_partial_untied cache_build [----------------------------] 0/1,000,106,586 tokens skipped=1,087,307,403/2,000,528,163 tok/s=373,129
cluster_partial_untied cache_build [----------------------------] 0/1,000,106,586 tokens skipped=1,091,740,631/2,000,528,163 tok/s=373,499
cluster_partial_untied cache_build [----------------------------] 0/1,000,106,586 tokens skipped=1,095,844,528/2,000,528,163 tok/s=373,780
cluster_partial_untied cache_build [----------------------------] 0/1,000,106,586 tokens skipped=1,100,168,361/2,000,528,163 tok/s=374,133
cluster_partial_untied cache_build [----------------------------] 0/1,000,106,586 tokens skipped=1,104,492,080/2,000,528,163 tok/s=374,493
cluster_partial_untied cache_build [----------------------------] 0/1,000,106,586 tokens skipped=1,108,672,941/2,000,528,163 tok/s=374,792
cluster_partial_untied cache_build [----------------------------] 0/1,000,106,586 tokens skipped=1,113,095,751/2,000,528,163 tok/s=375,151
cluster_partial_untied cache_build [----------------------------] 0/1,000,106,586 tokens skipped=1,117,152,502/2,000,528,163 tok/s=375,438
cluster_partial_untied cache_build [----------------------------] 0/1,000,106,586 tokens skipped=1,121,447,147/2,000,528,163 tok/s=375,740
cluster_partial_untied cache_build [----------------------------] 0/1,000,106,586 tokens skipped=1,125,750,346/2,000,528,163 tok/s=375,926
cluster_partial_untied cache_build [----------------------------] 0/1,000,106,586 tokens skipped=1,130,200,050/2,000,528,163 tok/s=376,157
cluster_partial_untied cache_build [----------------------------] 0/1,000,106,586 tokens skipped=1,134,729,772/2,000,528,163 tok/s=376,494
cluster_partial_untied cache_build [----------------------------] 0/1,000,106,586 tokens skipped=1,138,893,668/2,000,528,163 tok/s=376,790
cluster_partial_untied cache_build [----------------------------] 0/1,000,106,586 tokens skipped=1,143,247,003/2,000,528,163 tok/s=377,090
cluster_partial_untied cache_build [----------------------------] 0/1,000,106,586 tokens skipped=1,147,545,892/2,000,528,163 tok/s=377,378
cluster_partial_untied cache_build [----------------------------] 0/1,000,106,586 tokens skipped=1,152,037,213/2,000,528,163 tok/s=377,742
cluster_partial_untied cache_build [----------------------------] 0/1,000,106,586 tokens skipped=1,156,439,913/2,000,528,163 tok/s=378,074
cluster_partial_untied cache_build [----------------------------] 0/1,000,106,586 tokens skipped=1,160,685,102/2,000,528,163 tok/s=378,363
cluster_partial_untied cache_build [----------------------------] 0/1,000,106,586 tokens skipped=1,165,046,250/2,000,528,163 tok/s=378,701
cluster_partial_untied cache_build [----------------------------] 0/1,000,106,586 tokens skipped=1,167,309,498/2,000,528,163 tok/s=378,563
cluster_partial_untied cache_build [----------------------------] 0/1,000,106,586 tokens skipped=1,169,390,874/2,000,528,163 tok/s=378,505
cluster_partial_untied cache_build [----------------------------] 0/1,000,106,586 tokens skipped=1,173,940,887/2,000,528,163 tok/s=378,857
cluster_partial_untied cache_build [----------------------------] 0/1,000,106,586 tokens skipped=1,176,122,341/2,000,528,163 tok/s=378,936
cluster_partial_untied cache_build [----------------------------] 0/1,000,106,586 tokens skipped=1,180,400,697/2,000,528,163 tok/s=379,226
cluster_partial_untied cache_build [----------------------------] 0/1,000,106,586 tokens skipped=1,184,841,924/2,000,528,163 tok/s=379,572
cluster_partial_untied cache_build [----------------------------] 0/1,000,106,586 tokens skipped=1,189,165,467/2,000,528,163 tok/s=379,890
cluster_partial_untied cache_build [----------------------------] 0/1,000,106,586 tokens skipped=1,193,477,155/2,000,528,163 tok/s=380,193
cluster_partial_untied cache_build [----------------------------] 0/1,000,106,586 tokens skipped=1,197,892,253/2,000,528,163 tok/s=380,512
cluster_partial_untied cache_build [----------------------------] 0/1,000,106,586 tokens skipped=1,202,454,350/2,000,528,163 tok/s=380,875
cluster_partial_untied cache_build [----------------------------] 0/1,000,106,586 tokens skipped=1,207,009,904/2,000,528,163 tok/s=381,216
cluster_partial_untied cache_build [----------------------------] 0/1,000,106,586 tokens skipped=1,211,359,126/2,000,528,163 tok/s=381,453
cluster_partial_untied cache_build [----------------------------] 0/1,000,106,586 tokens skipped=1,215,593,838/2,000,528,163 tok/s=381,715
cluster_partial_untied cache_build [----------------------------] 0/1,000,106,586 tokens skipped=1,219,940,817/2,000,528,163 tok/s=382,009
cluster_partial_untied cache_build [----------------------------] 0/1,000,106,586 tokens skipped=1,224,307,042/2,000,528,163 tok/s=382,303
cluster_partial_untied cache_build [----------------------------] 0/1,000,106,586 tokens skipped=1,228,740,546/2,000,528,163 tok/s=382,626
cluster_partial_untied cache_build [----------------------------] 0/1,000,106,586 tokens skipped=1,232,887,533/2,000,528,163 tok/s=382,880
cluster_partial_untied cache_build [----------------------------] 0/1,000,106,586 tokens skipped=1,237,058,218/2,000,528,163 tok/s=383,138
cluster_partial_untied cache_build [----------------------------] 0/1,000,106,586 tokens skipped=1,241,468,193/2,000,528,163 tok/s=383,461
cluster_partial_untied cache_build [----------------------------] 0/1,000,106,586 tokens skipped=1,245,950,050/2,000,528,163 tok/s=383,780
cluster_partial_untied cache_build [----------------------------] 0/1,000,106,586 tokens skipped=1,250,366,066/2,000,528,163 tok/s=384,096
cluster_partial_untied cache_build [----------------------------] 0/1,000,106,586 tokens skipped=1,254,719,152/2,000,528,163 tok/s=384,405
cluster_partial_untied cache_build [----------------------------] 0/1,000,106,586 tokens skipped=1,258,979,915/2,000,528,163 tok/s=384,683
cluster_partial_untied cache_build [----------------------------] 0/1,000,106,586 tokens skipped=1,263,266,725/2,000,528,163 tok/s=384,951
cluster_partial_untied cache_build [----------------------------] 0/1,000,106,586 tokens skipped=1,267,658,425/2,000,528,163 tok/s=385,259
cluster_partial_untied cache_build [----------------------------] 0/1,000,106,586 tokens skipped=1,271,933,573/2,000,528,163 tok/s=385,544
cluster_partial_untied cache_build [----------------------------] 0/1,000,106,586 tokens skipped=1,276,179,555/2,000,528,163 tok/s=385,821
cluster_partial_untied cache_build [----------------------------] 0/1,000,106,586 tokens skipped=1,280,233,238/2,000,528,163 tok/s=386,020
cluster_partial_untied cache_build [----------------------------] 0/1,000,106,586 tokens skipped=1,284,564,629/2,000,528,163 tok/s=386,309
cluster_partial_untied cache_build [----------------------------] 0/1,000,106,586 tokens skipped=1,288,830,592/2,000,528,163 tok/s=386,582
cluster_partial_untied cache_build [----------------------------] 0/1,000,106,586 tokens skipped=1,293,391,165/2,000,528,163 tok/s=386,901
cluster_partial_untied cache_build [----------------------------] 0/1,000,106,586 tokens skipped=1,297,879,694/2,000,528,163 tok/s=387,212
cluster_partial_untied cache_build [----------------------------] 0/1,000,106,586 tokens skipped=1,302,422,699/2,000,528,163 tok/s=387,534
cluster_partial_untied cache_build [----------------------------] 0/1,000,106,586 tokens skipped=1,306,597,037/2,000,528,163 tok/s=387,770
cluster_partial_untied cache_build [----------------------------] 0/1,000,106,586 tokens skipped=1,308,700,481/2,000,528,163 tok/s=387,597
cluster_partial_untied cache_build [----------------------------] 0/1,000,106,586 tokens skipped=1,312,877,450/2,000,528,163 tok/s=387,732
cluster_partial_untied cache_build [----------------------------] 0/1,000,106,586 tokens skipped=1,317,177,180/2,000,528,163 tok/s=387,961
cluster_partial_untied cache_build [----------------------------] 0/1,000,106,586 tokens skipped=1,321,540,870/2,000,528,163 tok/s=388,190
cluster_partial_untied cache_build [----------------------------] 0/1,000,106,586 tokens skipped=1,323,645,234/2,000,528,163 tok/s=388,238
cluster_partial_untied cache_build [----------------------------] 0/1,000,106,586 tokens skipped=1,328,039,755/2,000,528,163 tok/s=388,493
cluster_partial_untied cache_build [----------------------------] 0/1,000,106,586 tokens skipped=1,332,665,307/2,000,528,163 tok/s=388,802
cluster_partial_untied cache_build [----------------------------] 0/1,000,106,586 tokens skipped=1,334,782,268/2,000,528,163 tok/s=388,666
cluster_partial_untied cache_build [----------------------------] 0/1,000,106,586 tokens skipped=1,336,961,763/2,000,528,163 tok/s=388,565
cluster_partial_untied cache_build [----------------------------] 0/1,000,106,586 tokens skipped=1,339,035,151/2,000,528,163 tok/s=388,578
cluster_partial_untied cache_build [----------------------------] 0/1,000,106,586 tokens skipped=1,341,111,291/2,000,528,163 tok/s=388,596
cluster_partial_untied cache_build [----------------------------] 0/1,000,106,586 tokens skipped=1,345,612,827/2,000,528,163 tok/s=388,806
cluster_partial_untied cache_build [----------------------------] 0/1,000,106,586 tokens skipped=1,349,943,471/2,000,528,163 tok/s=388,988
cluster_partial_untied cache_build [----------------------------] 0/1,000,106,586 tokens skipped=1,354,267,945/2,000,528,163 tok/s=389,197
cluster_partial_untied cache_build [----------------------------] 0/1,000,106,586 tokens skipped=1,358,920,804/2,000,528,163 tok/s=389,508
cluster_partial_untied cache_build [----------------------------] 0/1,000,106,586 tokens skipped=1,363,512,873/2,000,528,163 tok/s=389,803
cluster_partial_untied cache_build [----------------------------] 0/1,000,106,586 tokens skipped=1,367,859,956/2,000,528,163 tok/s=389,947
cluster_partial_untied cache_build [----------------------------] 0/1,000,106,586 tokens skipped=1,372,047,841/2,000,528,163 tok/s=390,164
cluster_partial_untied cache_build [----------------------------] 0/1,000,106,586 tokens skipped=1,376,373,117/2,000,528,163 tok/s=390,397
cluster_partial_untied cache_build [----------------------------] 0/1,000,106,586 tokens skipped=1,380,693,131/2,000,528,163 tok/s=390,544
cluster_partial_untied cache_build [----------------------------] 0/1,000,106,586 tokens skipped=1,385,028,949/2,000,528,163 tok/s=390,745
cluster_partial_untied cache_build [----------------------------] 0/1,000,106,586 tokens skipped=1,389,205,409/2,000,528,163 tok/s=390,957
cluster_partial_untied cache_build [----------------------------] 0/1,000,106,586 tokens skipped=1,393,664,987/2,000,528,163 tok/s=391,192
cluster_partial_untied cache_build [----------------------------] 0/1,000,106,586 tokens skipped=1,397,845,955/2,000,528,163 tok/s=391,391
cluster_partial_untied cache_build [----------------------------] 0/1,000,106,586 tokens skipped=1,402,039,504/2,000,528,163 tok/s=391,605
cluster_partial_untied cache_build [----------------------------] 0/1,000,106,586 tokens skipped=1,406,280,985/2,000,528,163 tok/s=391,816
cluster_partial_untied cache_build [----------------------------] 0/1,000,106,586 tokens skipped=1,410,601,194/2,000,528,163 tok/s=392,040
cluster_partial_untied cache_build [----------------------------] 0/1,000,106,586 tokens skipped=1,414,898,565/2,000,528,163 tok/s=392,252
cluster_partial_untied cache_build [----------------------------] 0/1,000,106,586 tokens skipped=1,419,192,126/2,000,528,163 tok/s=392,478
cluster_partial_untied cache_build [----------------------------] 0/1,000,106,586 tokens skipped=1,423,550,280/2,000,528,163 tok/s=392,679
cluster_partial_untied cache_build [----------------------------] 0/1,000,106,586 tokens skipped=1,427,804,701/2,000,528,163 tok/s=392,880
cluster_partial_untied cache_build [----------------------------] 0/1,000,106,586 tokens skipped=1,432,133,727/2,000,528,163 tok/s=393,115
cluster_partial_untied cache_build [----------------------------] 0/1,000,106,586 tokens skipped=1,436,405,638/2,000,528,163 tok/s=393,315
cluster_partial_untied cache_build [----------------------------] 0/1,000,106,586 tokens skipped=1,440,757,914/2,000,528,163 tok/s=393,559
cluster_partial_untied cache_build [----------------------------] 0/1,000,106,586 tokens skipped=1,445,231,096/2,000,528,163 tok/s=393,815
cluster_partial_untied cache_build [----------------------------] 0/1,000,106,586 tokens skipped=1,449,803,331/2,000,528,163 tok/s=394,060
cluster_partial_untied cache_build [----------------------------] 0/1,000,106,586 tokens skipped=1,454,184,964/2,000,528,163 tok/s=394,278
cluster_partial_untied cache_build [----------------------------] 0/1,000,106,586 tokens skipped=1,458,339,031/2,000,528,163 tok/s=394,470
cluster_partial_untied cache_build [----------------------------] 0/1,000,106,586 tokens skipped=1,462,503,822/2,000,528,163 tok/s=394,655
cluster_partial_untied cache_build [----------------------------] 0/1,000,106,586 tokens skipped=1,466,563,787/2,000,528,163 tok/s=394,819
cluster_partial_untied cache_build [----------------------------] 0/1,000,106,586 tokens skipped=1,470,853,189/2,000,528,163 tok/s=395,045
cluster_partial_untied cache_build [----------------------------] 0/1,000,106,586 tokens skipped=1,475,182,419/2,000,528,163 tok/s=395,263
cluster_partial_untied cache_build [----------------------------] 0/1,000,106,586 tokens skipped=1,479,562,975/2,000,528,163 tok/s=395,468
cluster_partial_untied cache_build [----------------------------] 0/1,000,106,586 tokens skipped=1,483,983,655/2,000,528,163 tok/s=395,694
cluster_partial_untied cache_build [----------------------------] 0/1,000,106,586 tokens skipped=1,488,122,647/2,000,528,163 tok/s=395,880
cluster_partial_untied cache_build [----------------------------] 0/1,000,106,586 tokens skipped=1,492,504,743/2,000,528,163 tok/s=396,110
cluster_partial_untied cache_build [----------------------------] 0/1,000,106,586 tokens skipped=1,496,915,391/2,000,528,163 tok/s=396,330
cluster_partial_untied cache_build [----------------------------] 0/1,000,106,586 tokens skipped=1,501,244,862/2,000,528,163 tok/s=396,545
cluster_partial_untied cache_build [----------------------------] 0/1,000,106,586 tokens skipped=1,503,467,601/2,000,528,163 tok/s=396,575
cluster_partial_untied cache_build [----------------------------] 0/1,000,106,586 tokens skipped=1,505,585,047/2,000,528,163 tok/s=396,581
cluster_partial_untied cache_build [----------------------------] 0/1,000,106,586 tokens skipped=1,509,886,666/2,000,528,163 tok/s=396,783
cluster_partial_untied cache_build [----------------------------] 0/1,000,106,586 tokens skipped=1,514,153,170/2,000,528,163 tok/s=396,978
cluster_partial_untied cache_build [----------------------------] 0/1,000,106,586 tokens skipped=1,518,469,675/2,000,528,163 tok/s=397,190
cluster_partial_untied cache_build [----------------------------] 0/1,000,106,586 tokens skipped=1,522,909,406/2,000,528,163 tok/s=397,397
cluster_partial_untied cache_build [----------------------------] 0/1,000,106,586 tokens skipped=1,527,056,128/2,000,528,163 tok/s=397,578
cluster_partial_untied cache_build [----------------------------] 0/1,000,106,586 tokens skipped=1,531,404,157/2,000,528,163 tok/s=397,791
cluster_partial_untied cache_build [----------------------------] 0/1,000,106,586 tokens skipped=1,535,555,693/2,000,528,163 tok/s=397,958
cluster_partial_untied cache_build [----------------------------] 0/1,000,106,586 tokens skipped=1,539,859,596/2,000,528,163 tok/s=398,134
cluster_partial_untied cache_build [----------------------------] 0/1,000,106,586 tokens skipped=1,544,317,922/2,000,528,163 tok/s=398,364
cluster_partial_untied cache_build [----------------------------] 0/1,000,106,586 tokens skipped=1,548,566,437/2,000,528,163 tok/s=398,539
cluster_partial_untied cache_build [----------------------------] 0/1,000,106,586 tokens skipped=1,553,022,051/2,000,528,163 tok/s=398,756
cluster_partial_untied cache_build [----------------------------] 0/1,000,106,586 tokens skipped=1,557,296,495/2,000,528,163 tok/s=398,945
cluster_partial_untied cache_build [----------------------------] 0/1,000,106,586 tokens skipped=1,561,444,540/2,000,528,163 tok/s=399,103
cluster_partial_untied cache_build [----------------------------] 0/1,000,106,586 tokens skipped=1,565,762,923/2,000,528,163 tok/s=399,294
cluster_partial_untied cache_build [----------------------------] 0/1,000,106,586 tokens skipped=1,570,175,977/2,000,528,163 tok/s=399,504
cluster_partial_untied cache_build [----------------------------] 0/1,000,106,586 tokens skipped=1,574,462,271/2,000,528,163 tok/s=399,703
cluster_partial_untied cache_build [----------------------------] 0/1,000,106,586 tokens skipped=1,578,644,920/2,000,528,163 tok/s=399,865
cluster_partial_untied cache_build [----------------------------] 0/1,000,106,586 tokens skipped=1,582,902,328/2,000,528,163 tok/s=400,030
cluster_partial_untied cache_build [----------------------------] 0/1,000,106,586 tokens skipped=1,587,129,774/2,000,528,163 tok/s=400,217
cluster_partial_untied cache_build [----------------------------] 0/1,000,106,586 tokens skipped=1,591,433,995/2,000,528,163 tok/s=400,394
cluster_partial_untied cache_build [----------------------------] 0/1,000,106,586 tokens skipped=1,595,877,033/2,000,528,163 tok/s=400,586
cluster_partial_untied cache_build [----------------------------] 0/1,000,106,586 tokens skipped=1,600,197,555/2,000,528,163 tok/s=400,786
cluster_partial_untied cache_build [----------------------------] 0/1,000,106,586 tokens skipped=1,604,479,212/2,000,528,163 tok/s=400,955
cluster_partial_untied cache_build [----------------------------] 0/1,000,106,586 tokens skipped=1,608,782,892/2,000,528,163 tok/s=401,133
cluster_partial_untied cache_build [----------------------------] 0/1,000,106,586 tokens skipped=1,613,021,107/2,000,528,163 tok/s=401,307
cluster_partial_untied cache_build [----------------------------] 0/1,000,106,586 tokens skipped=1,617,285,673/2,000,528,163 tok/s=401,474
cluster_partial_untied cache_build [----------------------------] 0/1,000,106,586 tokens skipped=1,621,569,979/2,000,528,163 tok/s=401,651
cluster_partial_untied cache_build [----------------------------] 0/1,000,106,586 tokens skipped=1,625,732,045/2,000,528,163 tok/s=401,796
cluster_partial_untied cache_build [----------------------------] 0/1,000,106,586 tokens skipped=1,629,994,725/2,000,528,163 tok/s=401,974
cluster_partial_untied cache_build [----------------------------] 0/1,000,106,586 tokens skipped=1,634,256,697/2,000,528,163 tok/s=402,164
cluster_partial_untied cache_build [----------------------------] 0/1,000,106,586 tokens skipped=1,638,876,479/2,000,528,163 tok/s=402,380
cluster_partial_untied cache_build [----------------------------] 0/1,000,106,586 tokens skipped=1,643,112,958/2,000,528,163 tok/s=402,550
cluster_partial_untied cache_build [----------------------------] 0/1,000,106,586 tokens skipped=1,647,433,866/2,000,528,163 tok/s=402,735
cluster_partial_untied cache_build [----------------------------] 0/1,000,106,586 tokens skipped=1,651,814,874/2,000,528,163 tok/s=402,934
cluster_partial_untied cache_build [----------------------------] 0/1,000,106,586 tokens skipped=1,656,136,182/2,000,528,163 tok/s=403,104
cluster_partial_untied cache_build [----------------------------] 0/1,000,106,586 tokens skipped=1,660,539,109/2,000,528,163 tok/s=403,306
cluster_partial_untied cache_build [----------------------------] 0/1,000,106,586 tokens skipped=1,662,672,437/2,000,528,163 tok/s=403,126
cluster_partial_untied cache_build [----------------------------] 0/1,000,106,586 tokens skipped=1,664,818,371/2,000,528,163 tok/s=402,978
cluster_partial_untied cache_build [----------------------------] 0/1,000,106,586 tokens skipped=1,668,936,532/2,000,528,163 tok/s=403,116
cluster_partial_untied cache_build [----------------------------] 0/1,000,106,586 tokens skipped=1,673,544,349/2,000,528,163 tok/s=403,339
cluster_partial_untied cache_build [----------------------------] 0/1,000,106,586 tokens skipped=1,677,730,960/2,000,528,163 tok/s=403,490
cluster_partial_untied cache_build [----------------------------] 0/1,000,106,586 tokens skipped=1,682,019,305/2,000,528,163 tok/s=403,651
cluster_partial_untied cache_build [----------------------------] 0/1,000,106,586 tokens skipped=1,686,119,019/2,000,528,163 tok/s=403,795
cluster_partial_untied cache_build [----------------------------] 0/1,000,106,586 tokens skipped=1,690,702,265/2,000,528,163 tok/s=404,016
cluster_partial_untied cache_build [----------------------------] 0/1,000,106,586 tokens skipped=1,695,111,451/2,000,528,163 tok/s=404,194
cluster_partial_untied cache_build [----------------------------] 0/1,000,106,586 tokens skipped=1,699,437,005/2,000,528,163 tok/s=404,373
cluster_partial_untied cache_build [----------------------------] 0/1,000,106,586 tokens skipped=1,703,565,237/2,000,528,163 tok/s=404,512
cluster_partial_untied cache_build [----------------------------] 0/1,000,106,586 tokens skipped=1,707,722,380/2,000,528,163 tok/s=404,652
cluster_partial_untied cache_build [----------------------------] 0/1,000,106,586 tokens skipped=1,711,942,237/2,000,528,163 tok/s=404,766
cluster_partial_untied cache_build [----------------------------] 0/1,000,106,586 tokens skipped=1,716,172,480/2,000,528,163 tok/s=404,870
cluster_partial_untied cache_build [----------------------------] 0/1,000,106,586 tokens skipped=1,720,435,295/2,000,528,163 tok/s=405,021
cluster_partial_untied cache_build [----------------------------] 0/1,000,106,586 tokens skipped=1,724,724,130/2,000,528,163 tok/s=405,175
cluster_partial_untied cache_build [----------------------------] 0/1,000,106,586 tokens skipped=1,728,928,896/2,000,528,163 tok/s=405,315
cluster_partial_untied cache_build [----------------------------] 0/1,000,106,586 tokens skipped=1,732,994,628/2,000,528,163 tok/s=405,436
cluster_partial_untied cache_build [----------------------------] 0/1,000,106,586 tokens skipped=1,737,221,805/2,000,528,163 tok/s=405,568
cluster_partial_untied cache_build [----------------------------] 0/1,000,106,586 tokens skipped=1,741,818,034/2,000,528,163 tok/s=405,781
cluster_partial_untied cache_build [----------------------------] 0/1,000,106,586 tokens skipped=1,745,976,863/2,000,528,163 tok/s=405,927
cluster_partial_untied cache_build [----------------------------] 0/1,000,106,586 tokens skipped=1,750,197,638/2,000,528,163 tok/s=406,072
cluster_partial_untied cache_build [----------------------------] 0/1,000,106,586 tokens skipped=1,754,576,498/2,000,528,163 tok/s=406,240
cluster_partial_untied cache_build [----------------------------] 0/1,000,106,586 tokens skipped=1,758,858,588/2,000,528,163 tok/s=406,406
cluster_partial_untied cache_build [----------------------------] 0/1,000,106,586 tokens skipped=1,763,001,593/2,000,528,163 tok/s=406,538
cluster_partial_untied cache_build [----------------------------] 0/1,000,106,586 tokens skipped=1,767,269,046/2,000,528,163 tok/s=406,678
cluster_partial_untied cache_build [----------------------------] 0/1,000,106,586 tokens skipped=1,771,760,917/2,000,528,163 tok/s=406,877
cluster_partial_untied cache_build [----------------------------] 0/1,000,106,586 tokens skipped=1,776,143,825/2,000,528,163 tok/s=407,062
cluster_partial_untied cache_build [----------------------------] 0/1,000,106,586 tokens skipped=1,780,487,417/2,000,528,163 tok/s=407,220
cluster_partial_untied cache_build [----------------------------] 0/1,000,106,586 tokens skipped=1,784,907,511/2,000,528,163 tok/s=407,391
cluster_partial_untied cache_build [----------------------------] 0/1,000,106,586 tokens skipped=1,789,210,685/2,000,528,163 tok/s=407,555
cluster_partial_untied cache_build [----------------------------] 0/1,000,106,586 tokens skipped=1,793,597,249/2,000,528,163 tok/s=407,702
cluster_partial_untied cache_build [----------------------------] 0/1,000,106,586 tokens skipped=1,798,016,981/2,000,528,163 tok/s=407,855
cluster_partial_untied cache_build [----------------------------] 0/1,000,106,586 tokens skipped=1,802,380,289/2,000,528,163 tok/s=408,029
cluster_partial_untied cache_build [----------------------------] 0/1,000,106,586 tokens skipped=1,806,577,018/2,000,528,163 tok/s=408,170
cluster_partial_untied cache_build [----------------------------] 0/1,000,106,586 tokens skipped=1,810,835,439/2,000,528,163 tok/s=408,312
cluster_partial_untied cache_build [----------------------------] 0/1,000,106,586 tokens skipped=1,815,566,161/2,000,528,163 tok/s=408,528
cluster_partial_untied cache_build [----------------------------] 0/1,000,106,586 tokens skipped=1,819,768,483/2,000,528,163 tok/s=408,664
cluster_partial_untied cache_build [----------------------------] 0/1,000,106,586 tokens skipped=1,823,999,433/2,000,528,163 tok/s=408,762
cluster_partial_untied cache_build [----------------------------] 0/1,000,106,586 tokens skipped=1,828,552,443/2,000,528,163 tok/s=408,956
cluster_partial_untied cache_build [----------------------------] 0/1,000,106,586 tokens skipped=1,832,893,903/2,000,528,163 tok/s=408,932
cluster_partial_untied cache_build [----------------------------] 0/1,000,106,586 tokens skipped=1,834,936,882/2,000,528,163 tok/s=408,863
cluster_partial_untied cache_build [----------------------------] 0/1,000,106,586 tokens skipped=1,839,167,769/2,000,528,163 tok/s=409,001
cluster_partial_untied cache_build [----------------------------] 0/1,000,106,586 tokens skipped=1,843,565,361/2,000,528,163 tok/s=409,158
cluster_partial_untied cache_build [----------------------------] 0/1,000,106,586 tokens skipped=1,847,811,057/2,000,528,163 tok/s=409,302
cluster_partial_untied cache_build [----------------------------] 0/1,000,106,586 tokens skipped=1,852,094,808/2,000,528,163 tok/s=409,438
cluster_partial_untied cache_build [----------------------------] 0/1,000,106,586 tokens skipped=1,856,305,582/2,000,528,163 tok/s=409,576
cluster_partial_untied cache_build [----------------------------] 0/1,000,106,586 tokens skipped=1,860,730,223/2,000,528,163 tok/s=409,748
cluster_partial_untied cache_build [----------------------------] 0/1,000,106,586 tokens skipped=1,864,943,893/2,000,528,163 tok/s=409,865
cluster_partial_untied cache_build [----------------------------] 0/1,000,106,586 tokens skipped=1,869,267,486/2,000,528,163 tok/s=410,011
cluster_partial_untied cache_build [----------------------------] 0/1,000,106,586 tokens skipped=1,873,626,869/2,000,528,163 tok/s=410,173
cluster_partial_untied cache_build [----------------------------] 0/1,000,106,586 tokens skipped=1,877,826,536/2,000,528,163 tok/s=410,288
cluster_partial_untied cache_build [----------------------------] 0/1,000,106,586 tokens skipped=1,882,096,540/2,000,528,163 tok/s=410,436
cluster_partial_untied cache_build [----------------------------] 0/1,000,106,586 tokens skipped=1,886,688,867/2,000,528,163 tok/s=410,623
cluster_partial_untied cache_build [----------------------------] 0/1,000,106,586 tokens skipped=1,890,958,819/2,000,528,163 tok/s=410,767
cluster_partial_untied cache_build [----------------------------] 0/1,000,106,586 tokens skipped=1,895,463,311/2,000,528,163 tok/s=410,918
cluster_partial_untied cache_build [----------------------------] 0/1,000,106,586 tokens skipped=1,899,693,447/2,000,528,163 tok/s=411,057
cluster_partial_untied cache_build [----------------------------] 0/1,000,106,586 tokens skipped=1,904,325,629/2,000,528,163 tok/s=411,256
cluster_partial_untied cache_build [----------------------------] 0/1,000,106,586 tokens skipped=1,908,620,112/2,000,528,163 tok/s=411,395
cluster_partial_untied cache_build [----------------------------] 0/1,000,106,586 tokens skipped=1,913,122,267/2,000,528,163 tok/s=411,560
cluster_partial_untied cache_build [----------------------------] 0/1,000,106,586 tokens skipped=1,917,409,066/2,000,528,163 tok/s=411,701
cluster_partial_untied cache_build [----------------------------] 0/1,000,106,586 tokens skipped=1,921,784,077/2,000,528,163 tok/s=411,844
cluster_partial_untied cache_build [----------------------------] 0/1,000,106,586 tokens skipped=1,925,933,834/2,000,528,163 tok/s=411,959
cluster_partial_untied cache_build [----------------------------] 0/1,000,106,586 tokens skipped=1,930,261,207/2,000,528,163 tok/s=412,095
cluster_partial_untied cache_build [----------------------------] 0/1,000,106,586 tokens skipped=1,934,692,207/2,000,528,163 tok/s=412,260
cluster_partial_untied cache_build [----------------------------] 0/1,000,106,586 tokens skipped=1,938,966,077/2,000,528,163 tok/s=412,376
cluster_partial_untied cache_build [----------------------------] 0/1,000,106,586 tokens skipped=1,943,519,078/2,000,528,163 tok/s=412,553
cluster_partial_untied cache_build [----------------------------] 0/1,000,106,586 tokens skipped=1,947,931,307/2,000,528,163 tok/s=412,696
cluster_partial_untied cache_build [----------------------------] 0/1,000,106,586 tokens skipped=1,952,231,999/2,000,528,163 tok/s=412,831
cluster_partial_untied cache_build [----------------------------] 0/1,000,106,586 tokens skipped=1,956,406,699/2,000,528,163 tok/s=412,923
cluster_partial_untied cache_build [----------------------------] 0/1,000,106,586 tokens skipped=1,960,838,384/2,000,528,163 tok/s=413,082
cluster_partial_untied cache_build [----------------------------] 0/1,000,106,586 tokens skipped=1,964,942,640/2,000,528,163 tok/s=413,178
cluster_partial_untied cache_build [----------------------------] 0/1,000,106,586 tokens skipped=1,969,288,249/2,000,528,163 tok/s=413,305
cluster_partial_untied cache_build [----------------------------] 0/1,000,106,586 tokens skipped=1,973,415,700/2,000,528,163 tok/s=413,411
cluster_partial_untied cache_build [----------------------------] 0/1,000,106,586 tokens skipped=1,977,663,999/2,000,528,163 tok/s=413,540
cluster_partial_untied cache_build [----------------------------] 0/1,000,106,586 tokens skipped=1,981,765,566/2,000,528,163 tok/s=413,640
cluster_partial_untied cache_build [----------------------------] 0/1,000,106,586 tokens skipped=1,986,041,992/2,000,528,163 tok/s=413,724
cluster_partial_untied cache_build [----------------------------] 0/1,000,106,586 tokens skipped=1,990,251,930/2,000,528,163 tok/s=413,819
cluster_partial_untied cache_build [----------------------------] 0/1,000,106,586 tokens skipped=1,994,510,003/2,000,528,163 tok/s=413,862
cluster_partial_untied cache_build [----------------------------] 0/1,000,106,586 tokens skipped=1,996,575,202/2,000,528,163 tok/s=413,827
cluster_partial_untied cache_build [----------------------------] 0/1,000,106,586 tokens skipped=1,998,754,517/2,000,528,163 tok/s=413,835
cluster_partial_untied cache_build [----------------------------] 339,197/1,000,106,586 tokens skipped=2,000,528,163/2,000,528,163 tok/s=413,729
cluster_partial_untied cache_build [----------------------------] 2,575,479/1,000,106,586 tokens skipped=2,000,528,163/2,000,528,163 tok/s=413,757
cluster_partial_untied cache_build [----------------------------] 7,013,908/1,000,106,586 tokens skipped=2,000,528,163/2,000,528,163 tok/s=413,949
cluster_partial_untied cache_build [----------------------------] 11,655,392/1,000,106,586 tokens skipped=2,000,528,163/2,000,528,163 tok/s=414,222
cluster_partial_untied cache_build [----------------------------] 15,866,156/1,000,106,586 tokens skipped=2,000,528,163/2,000,528,163 tok/s=414,377
cluster_partial_untied cache_build [----------------------------] 20,426,372/1,000,106,586 tokens skipped=2,000,528,163/2,000,528,163 tok/s=414,629
cluster_partial_untied cache_build [----------------------------] 24,764,779/1,000,106,586 tokens skipped=2,000,528,163/2,000,528,163 tok/s=414,836
cluster_partial_untied cache_build [----------------------------] 28,970,134/1,000,106,586 tokens skipped=2,000,528,163/2,000,528,163 tok/s=415,086
cluster_partial_untied cache_build [----------------------------] 33,310,418/1,000,106,586 tokens skipped=2,000,528,163/2,000,528,163 tok/s=415,384
cluster_partial_untied cache_build [#---------------------------] 37,451,160/1,000,106,586 tokens skipped=2,000,528,163/2,000,528,163 tok/s=415,676
cluster_partial_untied cache_build [#---------------------------] 41,851,272/1,000,106,586 tokens skipped=2,000,528,163/2,000,528,163 tok/s=416,007
cluster_partial_untied cache_build [#---------------------------] 46,111,296/1,000,106,586 tokens skipped=2,000,528,163/2,000,528,163 tok/s=416,329
cluster_partial_untied cache_build [#---------------------------] 50,511,169/1,000,106,586 tokens skipped=2,000,528,163/2,000,528,163 tok/s=416,684
cluster_partial_untied cache_build [#---------------------------] 54,790,308/1,000,106,586 tokens skipped=2,000,528,163/2,000,528,163 tok/s=417,022
cluster_partial_untied cache_build [#---------------------------] 58,893,090/1,000,106,586 tokens skipped=2,000,528,163/2,000,528,163 tok/s=417,334
cluster_partial_untied cache_build [#---------------------------] 63,062,998/1,000,106,586 tokens skipped=2,000,528,163/2,000,528,163 tok/s=417,650
cluster_partial_untied cache_build [#---------------------------] 67,302,078/1,000,106,586 tokens skipped=2,000,528,163/2,000,528,163 tok/s=417,975
cluster_partial_untied cache_build [##--------------------------] 71,671,580/1,000,106,586 tokens skipped=2,000,528,163/2,000,528,163 tok/s=418,319
cluster_partial_untied cache_build [##--------------------------] 76,140,866/1,000,106,586 tokens skipped=2,000,528,163/2,000,528,163 tok/s=418,680
cluster_partial_untied cache_build [##--------------------------] 80,538,133/1,000,106,586 tokens skipped=2,000,528,163/2,000,528,163 tok/s=419,021
cluster_partial_untied cache_build [##--------------------------] 84,813,248/1,000,106,586 tokens skipped=2,000,528,163/2,000,528,163 tok/s=419,341
cluster_partial_untied cache_build [##--------------------------] 88,935,725/1,000,106,586 tokens skipped=2,000,528,163/2,000,528,163 tok/s=419,650
cluster_partial_untied cache_build [##--------------------------] 93,129,079/1,000,106,586 tokens skipped=2,000,528,163/2,000,528,163 tok/s=419,958
cluster_partial_untied cache_build [##--------------------------] 97,532,476/1,000,106,586 tokens skipped=2,000,528,163/2,000,528,163 tok/s=420,300
cluster_partial_untied cache_build [##--------------------------] 101,902,906/1,000,106,586 tokens skipped=2,000,528,163/2,000,528,163 tok/s=420,635
cluster_partial_untied cache_build [##--------------------------] 106,615,074/1,000,106,586 tokens skipped=2,000,528,163/2,000,528,163 tok/s=421,021
cluster_partial_untied cache_build [###-------------------------] 110,881,275/1,000,106,586 tokens skipped=2,000,528,163/2,000,528,163 tok/s=421,345
cluster_partial_untied cache_build [###-------------------------] 115,228,391/1,000,106,586 tokens skipped=2,000,528,163/2,000,528,163 tok/s=421,685
cluster_partial_untied cache_build [###-------------------------] 119,480,804/1,000,106,586 tokens skipped=2,000,528,163/2,000,528,163 tok/s=421,995
cluster_partial_untied cache_build [###-------------------------] 123,802,362/1,000,106,586 tokens skipped=2,000,528,163/2,000,528,163 tok/s=422,324
cluster_partial_untied cache_build [###-------------------------] 128,218,751/1,000,106,586 tokens skipped=2,000,528,163/2,000,528,163 tok/s=422,653
cluster_partial_untied cache_build [###-------------------------] 132,626,992/1,000,106,586 tokens skipped=2,000,528,163/2,000,528,163 tok/s=422,999
cluster_partial_untied cache_build [###-------------------------] 136,888,713/1,000,106,586 tokens skipped=2,000,528,163/2,000,528,163 tok/s=423,317
cluster_partial_untied cache_build [###-------------------------] 141,137,694/1,000,106,586 tokens skipped=2,000,528,163/2,000,528,163 tok/s=423,628
cluster_partial_untied cache_build [####------------------------] 145,581,964/1,000,106,586 tokens skipped=2,000,528,163/2,000,528,163 tok/s=423,959
cluster_partial_untied cache_build [####------------------------] 150,041,467/1,000,106,586 tokens skipped=2,000,528,163/2,000,528,163 tok/s=424,300
cluster_partial_untied cache_build [####------------------------] 154,225,834/1,000,106,586 tokens skipped=2,000,528,163/2,000,528,163 tok/s=424,601
cluster_partial_untied cache_build [####------------------------] 158,612,480/1,000,106,586 tokens skipped=2,000,528,163/2,000,528,163 tok/s=424,931
cluster_partial_untied cache_build [####------------------------] 162,953,741/1,000,106,586 tokens skipped=2,000,528,163/2,000,528,163 tok/s=425,236
cluster_partial_untied cache_build [####------------------------] 167,139,293/1,000,106,586 tokens skipped=2,000,528,163/2,000,528,163 tok/s=425,524
cluster_partial_untied cache_build [####------------------------] 171,388,525/1,000,106,586 tokens skipped=2,000,528,163/2,000,528,163 tok/s=425,743
cluster_partial_untied cache_build [####------------------------] 175,575,784/1,000,106,586 tokens skipped=2,000,528,163/2,000,528,163 tok/s=425,844
cluster_partial_untied cache_build [#####-----------------------] 179,770,958/1,000,106,586 tokens skipped=2,000,528,163/2,000,528,163 tok/s=426,119
cluster_partial_untied cache_build [#####-----------------------] 184,007,252/1,000,106,586 tokens skipped=2,000,528,163/2,000,528,163 tok/s=426,407
cluster_partial_untied cache_build [#####-----------------------] 188,245,742/1,000,106,586 tokens skipped=2,000,528,163/2,000,528,163 tok/s=426,709
cluster_partial_untied cache_build [#####-----------------------] 192,507,263/1,000,106,586 tokens skipped=2,000,528,163/2,000,528,163 tok/s=427,015
cluster_partial_untied cache_build [#####-----------------------] 196,775,434/1,000,106,586 tokens skipped=2,000,528,163/2,000,528,163 tok/s=427,322
cluster_partial_untied cache_build [#####-----------------------] 201,048,943/1,000,106,586 tokens skipped=2,000,528,163/2,000,528,163 tok/s=427,618
cluster_partial_untied cache_build [#####-----------------------] 205,250,343/1,000,106,586 tokens skipped=2,000,528,163/2,000,528,163 tok/s=427,907
cluster_partial_untied cache_build [#####-----------------------] 209,688,749/1,000,106,586 tokens skipped=2,000,528,163/2,000,528,163 tok/s=428,226
cluster_partial_untied cache_build [#####-----------------------] 214,297,771/1,000,106,586 tokens skipped=2,000,528,163/2,000,528,163 tok/s=428,579
cluster_partial_untied cache_build [######----------------------] 218,679,408/1,000,106,586 tokens skipped=2,000,528,163/2,000,528,163 tok/s=428,904
cluster_partial_untied cache_build [######----------------------] 222,797,142/1,000,106,586 tokens skipped=2,000,528,163/2,000,528,163 tok/s=429,171
cluster_partial_untied cache_build [######----------------------] 227,065,339/1,000,106,586 tokens skipped=2,000,528,163/2,000,528,163 tok/s=429,464
cluster_partial_untied cache_build [######----------------------] 231,205,536/1,000,106,586 tokens skipped=2,000,528,163/2,000,528,163 tok/s=429,728
cluster_partial_untied cache_build [######----------------------] 235,507,752/1,000,106,586 tokens skipped=2,000,528,163/2,000,528,163 tok/s=430,031
cluster_partial_untied cache_build [######----------------------] 239,972,980/1,000,106,586 tokens skipped=2,000,528,163/2,000,528,163 tok/s=430,350
cluster_partial_untied cache_build [######----------------------] 244,079,839/1,000,106,586 tokens skipped=2,000,528,163/2,000,528,163 tok/s=430,615
cluster_partial_untied cache_build [######----------------------] 248,534,654/1,000,106,586 tokens skipped=2,000,528,163/2,000,528,163 tok/s=430,934
cluster_partial_untied cache_build [#######---------------------] 252,668,645/1,000,106,586 tokens skipped=2,000,528,163/2,000,528,163 tok/s=431,216
cluster_partial_untied cache_build [#######---------------------] 257,038,150/1,000,106,586 tokens skipped=2,000,528,163/2,000,528,163 tok/s=431,529
cluster_partial_untied cache_build [#######---------------------] 261,454,290/1,000,106,586 tokens skipped=2,000,528,163/2,000,528,163 tok/s=431,838
cluster_partial_untied cache_build [#######---------------------] 265,802,713/1,000,106,586 tokens skipped=2,000,528,163/2,000,528,163 tok/s=432,130
cluster_partial_untied cache_build [#######---------------------] 270,309,902/1,000,106,586 tokens skipped=2,000,528,163/2,000,528,163 tok/s=432,454
cluster_partial_untied cache_build [#######---------------------] 274,463,831/1,000,106,586 tokens skipped=2,000,528,163/2,000,528,163 tok/s=432,733
cluster_partial_untied cache_build [#######---------------------] 278,954,236/1,000,106,586 tokens skipped=2,000,528,163/2,000,528,163 tok/s=433,052
cluster_partial_untied cache_build [#######---------------------] 283,480,667/1,000,106,586 tokens skipped=2,000,528,163/2,000,528,163 tok/s=433,367
cluster_partial_untied cache_build [########--------------------] 287,821,363/1,000,106,586 tokens skipped=2,000,528,163/2,000,528,163 tok/s=433,666
cluster_partial_untied cache_build [########--------------------] 292,312,157/1,000,106,586 tokens skipped=2,000,528,163/2,000,528,163 tok/s=433,974
cluster_partial_untied cache_build [########--------------------] 296,632,223/1,000,106,586 tokens skipped=2,000,528,163/2,000,528,163 tok/s=434,276
cluster_partial_untied cache_build [########--------------------] 300,884,100/1,000,106,586 tokens skipped=2,000,528,163/2,000,528,163 tok/s=434,551
cluster_partial_untied cache_build [########--------------------] 305,023,218/1,000,106,586 tokens skipped=2,000,528,163/2,000,528,163 tok/s=434,805
cluster_partial_untied cache_build [########--------------------] 309,185,141/1,000,106,586 tokens skipped=2,000,528,163/2,000,528,163 tok/s=435,074
cluster_partial_untied cache_build [########--------------------] 313,672,616/1,000,106,586 tokens skipped=2,000,528,163/2,000,528,163 tok/s=435,398
cluster_partial_untied cache_build [########--------------------] 318,178,399/1,000,106,586 tokens skipped=2,000,528,163/2,000,528,163 tok/s=435,701
cluster_partial_untied cache_build [#########-------------------] 322,459,325/1,000,106,586 tokens skipped=2,000,528,163/2,000,528,163 tok/s=435,981
cluster_partial_untied cache_build [#########-------------------] 327,001,766/1,000,106,586 tokens skipped=2,000,528,163/2,000,528,163 tok/s=436,277
cluster_partial_untied cache_build [#########-------------------] 331,328,482/1,000,106,586 tokens skipped=2,000,528,163/2,000,528,163 tok/s=436,569
cluster_partial_untied cache_build [#########-------------------] 335,545,689/1,000,106,586 tokens skipped=2,000,528,163/2,000,528,163 tok/s=436,843
cluster_partial_untied cache_build [#########-------------------] 339,896,804/1,000,106,586 tokens skipped=2,000,528,163/2,000,528,163 tok/s=437,099
cluster_partial_untied cache_build [#########-------------------] 344,122,227/1,000,106,586 tokens skipped=2,000,528,163/2,000,528,163 tok/s=437,204
cluster_partial_untied cache_build [#########-------------------] 348,337,161/1,000,106,586 tokens skipped=2,000,528,163/2,000,528,163 tok/s=437,477
cluster_partial_untied cache_build [#########-------------------] 352,792,198/1,000,106,586 tokens skipped=2,000,528,163/2,000,528,163 tok/s=437,775
cluster_partial_untied cache_build [#########-------------------] 357,143,947/1,000,106,586 tokens skipped=2,000,528,163/2,000,528,163 tok/s=438,065
cluster_partial_untied cache_build [##########------------------] 361,359,342/1,000,106,586 tokens skipped=2,000,528,163/2,000,528,163 tok/s=438,325
cluster_partial_untied cache_build [##########------------------] 365,791,201/1,000,106,586 tokens skipped=2,000,528,163/2,000,528,163 tok/s=438,619
cluster_partial_untied cache_build [##########------------------] 370,298,171/1,000,106,586 tokens skipped=2,000,528,163/2,000,528,163 tok/s=438,927
cluster_partial_untied cache_build [##########------------------] 374,288,090/1,000,106,586 tokens skipped=2,000,528,163/2,000,528,163 tok/s=439,174
cluster_partial_untied cache_build [##########------------------] 378,407,684/1,000,106,586 tokens skipped=2,000,528,163/2,000,528,163 tok/s=439,431
cluster_partial_untied cache_build [##########------------------] 382,806,494/1,000,106,586 tokens skipped=2,000,528,163/2,000,528,163 tok/s=439,716
cluster_partial_untied cache_build [##########------------------] 387,137,995/1,000,106,586 tokens skipped=2,000,528,163/2,000,528,163 tok/s=439,982
cluster_partial_untied cache_build [##########------------------] 391,606,184/1,000,106,586 tokens skipped=2,000,528,163/2,000,528,163 tok/s=440,277
cluster_partial_untied cache_build [###########-----------------] 395,771,208/1,000,106,586 tokens skipped=2,000,528,163/2,000,528,163 tok/s=440,538
cluster_partial_untied cache_build [###########-----------------] 400,096,544/1,000,106,586 tokens skipped=2,000,528,163/2,000,528,163 tok/s=440,816
cluster_partial_untied cache_build [###########-----------------] 404,378,772/1,000,106,586 tokens skipped=2,000,528,163/2,000,528,163 tok/s=441,057
cluster_partial_untied cache_build [###########-----------------] 408,848,654/1,000,106,586 tokens skipped=2,000,528,163/2,000,528,163 tok/s=441,356
cluster_partial_untied cache_build [###########-----------------] 413,018,076/1,000,106,586 tokens skipped=2,000,528,163/2,000,528,163 tok/s=441,615
cluster_partial_untied cache_build [###########-----------------] 417,228,851/1,000,106,586 tokens skipped=2,000,528,163/2,000,528,163 tok/s=441,876
cluster_partial_untied cache_build [###########-----------------] 421,599,821/1,000,106,586 tokens skipped=2,000,528,163/2,000,528,163 tok/s=442,162
cluster_partial_untied cache_build [###########-----------------] 425,859,427/1,000,106,586 tokens skipped=2,000,528,163/2,000,528,163 tok/s=442,411
cluster_partial_untied cache_build [############----------------] 430,181,770/1,000,106,586 tokens skipped=2,000,528,163/2,000,528,163 tok/s=442,693
cluster_partial_untied cache_build [############----------------] 434,540,586/1,000,106,586 tokens skipped=2,000,528,163/2,000,528,163 tok/s=442,974
cluster_partial_untied cache_build [############----------------] 438,779,865/1,000,106,586 tokens skipped=2,000,528,163/2,000,528,163 tok/s=443,234
cluster_partial_untied cache_build [############----------------] 443,064,875/1,000,106,586 tokens skipped=2,000,528,163/2,000,528,163 tok/s=443,509
cluster_partial_untied cache_build [############----------------] 447,228,546/1,000,106,586 tokens skipped=2,000,528,163/2,000,528,163 tok/s=443,751
cluster_partial_untied cache_build [############----------------] 451,623,338/1,000,106,586 tokens skipped=2,000,528,163/2,000,528,163 tok/s=444,034
cluster_partial_untied cache_build [############----------------] 456,238,208/1,000,106,586 tokens skipped=2,000,528,163/2,000,528,163 tok/s=444,322
cluster_partial_untied cache_build [############----------------] 460,514,677/1,000,106,586 tokens skipped=2,000,528,163/2,000,528,163 tok/s=444,586
cluster_partial_untied cache_build [#############---------------] 464,916,842/1,000,106,586 tokens skipped=2,000,528,163/2,000,528,163 tok/s=444,851
cluster_partial_untied cache_build [#############---------------] 469,337,670/1,000,106,586 tokens skipped=2,000,528,163/2,000,528,163 tok/s=445,133
cluster_partial_untied cache_build [#############---------------] 473,727,789/1,000,106,586 tokens skipped=2,000,528,163/2,000,528,163 tok/s=445,415
cluster_partial_untied cache_build [#############---------------] 478,283,769/1,000,106,586 tokens skipped=2,000,528,163/2,000,528,163 tok/s=445,716
cluster_partial_untied cache_build [#############---------------] 482,490,263/1,000,106,586 tokens skipped=2,000,528,163/2,000,528,163 tok/s=445,972
cluster_partial_untied cache_build [#############---------------] 486,916,501/1,000,106,586 tokens skipped=2,000,528,163/2,000,528,163 tok/s=446,249
cluster_partial_untied cache_build [#############---------------] 491,247,968/1,000,106,586 tokens skipped=2,000,528,163/2,000,528,163 tok/s=446,339
cluster_partial_untied cache_build [#############---------------] 495,563,836/1,000,106,586 tokens skipped=2,000,528,163/2,000,528,163 tok/s=446,362
cluster_partial_untied cache_build [#############---------------] 499,742,946/1,000,106,586 tokens skipped=2,000,528,163/2,000,528,163 tok/s=446,615
cluster_partial_untied cache_build [##############--------------] 504,361,726/1,000,106,586 tokens skipped=2,000,528,163/2,000,528,163 tok/s=446,914
cluster_partial_untied cache_build [##############--------------] 508,468,342/1,000,106,586 tokens skipped=2,000,528,163/2,000,528,163 tok/s=447,149
cluster_partial_untied cache_build [##############--------------] 512,762,279/1,000,106,586 tokens skipped=2,000,528,163/2,000,528,163 tok/s=447,424
cluster_partial_untied cache_build [##############--------------] 516,956,744/1,000,106,586 tokens skipped=2,000,528,163/2,000,528,163 tok/s=447,664
cluster_partial_untied cache_build [##############--------------] 521,519,928/1,000,106,586 tokens skipped=2,000,528,163/2,000,528,163 tok/s=447,961
cluster_partial_untied cache_build [##############--------------] 525,949,353/1,000,106,586 tokens skipped=2,000,528,163/2,000,528,163 tok/s=448,226
cluster_partial_untied cache_build [##############--------------] 530,354,106/1,000,106,586 tokens skipped=2,000,528,163/2,000,528,163 tok/s=448,497
cluster_partial_untied cache_build [##############--------------] 534,519,848/1,000,106,586 tokens skipped=2,000,528,163/2,000,528,163 tok/s=448,745
cluster_partial_untied cache_build [###############-------------] 538,603,485/1,000,106,586 tokens skipped=2,000,528,163/2,000,528,163 tok/s=448,983
cluster_partial_untied cache_build [###############-------------] 542,891,908/1,000,106,586 tokens skipped=2,000,528,163/2,000,528,163 tok/s=449,233
cluster_partial_untied cache_build [###############-------------] 546,973,703/1,000,106,586 tokens skipped=2,000,528,163/2,000,528,163 tok/s=449,461
cluster_partial_untied cache_build [###############-------------] 551,222,410/1,000,106,586 tokens skipped=2,000,528,163/2,000,528,163 tok/s=449,711
cluster_partial_untied cache_build [###############-------------] 555,365,080/1,000,106,586 tokens skipped=2,000,528,163/2,000,528,163 tok/s=449,952
cluster_partial_untied cache_build [###############-------------] 559,617,454/1,000,106,586 tokens skipped=2,000,528,163/2,000,528,163 tok/s=450,201
cluster_partial_untied cache_build [###############-------------] 564,089,431/1,000,106,586 tokens skipped=2,000,528,163/2,000,528,163 tok/s=450,479
cluster_partial_untied cache_build [###############-------------] 568,183,878/1,000,106,586 tokens skipped=2,000,528,163/2,000,528,163 tok/s=450,680
cluster_partial_untied cache_build [################------------] 572,444,570/1,000,106,586 tokens skipped=2,000,528,163/2,000,528,163 tok/s=450,922
cluster_partial_untied cache_build [################------------] 576,757,696/1,000,106,586 tokens skipped=2,000,528,163/2,000,528,163 tok/s=451,035
cluster_partial_untied cache_build [################------------] 581,131,238/1,000,106,586 tokens skipped=2,000,528,163/2,000,528,163 tok/s=451,219
cluster_partial_untied cache_build [################------------] 585,652,343/1,000,106,586 tokens skipped=2,000,528,163/2,000,528,163 tok/s=451,408
cluster_partial_untied cache_build [################------------] 590,045,699/1,000,106,586 tokens skipped=2,000,528,163/2,000,528,163 tok/s=451,645
cluster_partial_untied cache_build [################------------] 594,293,564/1,000,106,586 tokens skipped=2,000,528,163/2,000,528,163 tok/s=451,865
cluster_partial_untied cache_build [################------------] 598,661,654/1,000,106,586 tokens skipped=2,000,528,163/2,000,528,163 tok/s=452,089
cluster_partial_untied cache_build [################------------] 602,906,965/1,000,106,586 tokens skipped=2,000,528,163/2,000,528,163 tok/s=452,297
cluster_partial_untied cache_build [################------------] 607,027,362/1,000,106,586 tokens skipped=2,000,528,163/2,000,528,163 tok/s=452,504
cluster_partial_untied cache_build [#################-----------] 611,315,011/1,000,106,586 tokens skipped=2,000,528,163/2,000,528,163 tok/s=452,756
cluster_partial_untied cache_build [#################-----------] 615,512,782/1,000,106,586 tokens skipped=2,000,528,163/2,000,528,163 tok/s=453,000
cluster_partial_untied cache_build [#################-----------] 619,560,309/1,000,106,586 tokens skipped=2,000,528,163/2,000,528,163 tok/s=453,218
cluster_partial_untied cache_build [#################-----------] 623,705,543/1,000,106,586 tokens skipped=2,000,528,163/2,000,528,163 tok/s=453,451
cluster_partial_untied cache_build [#################-----------] 628,315,125/1,000,106,586 tokens skipped=2,000,528,163/2,000,528,163 tok/s=453,714
cluster_partial_untied cache_build [#################-----------] 632,489,343/1,000,106,586 tokens skipped=2,000,528,163/2,000,528,163 tok/s=453,956
cluster_partial_untied cache_build [#################-----------] 636,621,168/1,000,106,586 tokens skipped=2,000,528,163/2,000,528,163 tok/s=454,183
cluster_partial_untied cache_build [#################-----------] 641,015,724/1,000,106,586 tokens skipped=2,000,528,163/2,000,528,163 tok/s=454,432
cluster_partial_untied cache_build [##################----------] 645,361,032/1,000,106,586 tokens skipped=2,000,528,163/2,000,528,163 tok/s=454,689
cluster_partial_untied cache_build [##################----------] 649,670,268/1,000,106,586 tokens skipped=2,000,528,163/2,000,528,163 tok/s=454,941
cluster_partial_untied cache_build [##################----------] 654,018,112/1,000,106,586 tokens skipped=2,000,528,163/2,000,528,163 tok/s=455,193
cluster_partial_untied cache_build [##################----------] 658,186,920/1,000,106,586 tokens skipped=2,000,528,163/2,000,528,163 tok/s=455,432
cluster_partial_untied cache_build [##################----------] 662,340,813/1,000,106,586 tokens skipped=2,000,528,163/2,000,528,163 tok/s=455,562
cluster_partial_untied cache_build [##################----------] 664,401,735/1,000,106,586 tokens skipped=2,000,528,163/2,000,528,163 tok/s=455,509
cluster_partial_untied cache_build [##################----------] 668,713,250/1,000,106,586 tokens skipped=2,000,528,163/2,000,528,163 tok/s=455,734
cluster_partial_untied cache_build [##################----------] 672,915,656/1,000,106,586 tokens skipped=2,000,528,163/2,000,528,163 tok/s=455,961
cluster_partial_untied cache_build [##################----------] 676,979,897/1,000,106,586 tokens skipped=2,000,528,163/2,000,528,163 tok/s=456,181
cluster_partial_untied cache_build [###################---------] 681,426,903/1,000,106,586 tokens skipped=2,000,528,163/2,000,528,163 tok/s=456,385
cluster_partial_untied cache_build [###################---------] 685,699,031/1,000,106,586 tokens skipped=2,000,528,163/2,000,528,163 tok/s=456,619
cluster_partial_untied cache_build [###################---------] 690,075,851/1,000,106,586 tokens skipped=2,000,528,163/2,000,528,163 tok/s=456,862
cluster_partial_untied cache_build [###################---------] 694,394,046/1,000,106,586 tokens skipped=2,000,528,163/2,000,528,163 tok/s=457,101
cluster_partial_untied cache_build [###################---------] 698,577,493/1,000,106,586 tokens skipped=2,000,528,163/2,000,528,163 tok/s=457,319
cluster_partial_untied cache_build [###################---------] 702,724,595/1,000,106,586 tokens skipped=2,000,528,163/2,000,528,163 tok/s=457,539
cluster_partial_untied cache_build [###################---------] 707,031,431/1,000,106,586 tokens skipped=2,000,528,163/2,000,528,163 tok/s=457,782
cluster_partial_untied cache_build [###################---------] 711,160,537/1,000,106,586 tokens skipped=2,000,528,163/2,000,528,163 tok/s=458,000
cluster_partial_untied cache_build [####################--------] 715,486,726/1,000,106,586 tokens skipped=2,000,528,163/2,000,528,163 tok/s=458,246
cluster_partial_untied cache_build [####################--------] 719,814,253/1,000,106,586 tokens skipped=2,000,528,163/2,000,528,163 tok/s=458,474
cluster_partial_untied cache_build [####################--------] 724,208,398/1,000,106,586 tokens skipped=2,000,528,163/2,000,528,163 tok/s=458,729
cluster_partial_untied cache_build [####################--------] 728,675,070/1,000,106,586 tokens skipped=2,000,528,163/2,000,528,163 tok/s=458,984
cluster_partial_untied cache_build [####################--------] 732,955,479/1,000,106,586 tokens skipped=2,000,528,163/2,000,528,163 tok/s=459,220
cluster_partial_untied cache_build [####################--------] 737,158,861/1,000,106,586 tokens skipped=2,000,528,163/2,000,528,163 tok/s=459,436
cluster_partial_untied cache_build [####################--------] 741,565,199/1,000,106,586 tokens skipped=2,000,528,163/2,000,528,163 tok/s=459,678
cluster_partial_untied cache_build [####################--------] 745,750,955/1,000,106,586 tokens skipped=2,000,528,163/2,000,528,163 tok/s=459,894
cluster_partial_untied cache_build [####################--------] 749,827,726/1,000,106,586 tokens skipped=2,000,528,163/2,000,528,163 tok/s=460,108
cluster_partial_untied cache_build [#####################-------] 754,250,196/1,000,106,586 tokens skipped=2,000,528,163/2,000,528,163 tok/s=460,359
cluster_partial_untied cache_build [#####################-------] 758,326,738/1,000,106,586 tokens skipped=2,000,528,163/2,000,528,163 tok/s=460,574
cluster_partial_untied cache_build [#####################-------] 762,670,193/1,000,106,586 tokens skipped=2,000,528,163/2,000,528,163 tok/s=460,797
cluster_partial_untied cache_build [#####################-------] 766,957,592/1,000,106,586 tokens skipped=2,000,528,163/2,000,528,163 tok/s=461,019
cluster_partial_untied cache_build [#####################-------] 771,174,390/1,000,106,586 tokens skipped=2,000,528,163/2,000,528,163 tok/s=461,243
cluster_partial_untied cache_build [#####################-------] 775,694,796/1,000,106,586 tokens skipped=2,000,528,163/2,000,528,163 tok/s=461,499
cluster_partial_untied cache_build [#####################-------] 780,190,564/1,000,106,586 tokens skipped=2,000,528,163/2,000,528,163 tok/s=461,734
cluster_partial_untied cache_build [#####################-------] 784,378,049/1,000,106,586 tokens skipped=2,000,528,163/2,000,528,163 tok/s=461,948
cluster_partial_untied cache_build [######################------] 788,759,082/1,000,106,586 tokens skipped=2,000,528,163/2,000,528,163 tok/s=462,189
cluster_partial_untied cache_build [######################------] 793,180,034/1,000,106,586 tokens skipped=2,000,528,163/2,000,528,163 tok/s=462,427
cluster_partial_untied cache_build [######################------] 797,456,503/1,000,106,586 tokens skipped=2,000,528,163/2,000,528,163 tok/s=462,655
cluster_partial_untied cache_build [######################------] 801,805,456/1,000,106,586 tokens skipped=2,000,528,163/2,000,528,163 tok/s=462,876
cluster_partial_untied cache_build [######################------] 805,998,728/1,000,106,586 tokens skipped=2,000,528,163/2,000,528,163 tok/s=463,097
cluster_partial_untied cache_build [######################------] 810,382,777/1,000,106,586 tokens skipped=2,000,528,163/2,000,528,163 tok/s=463,324
cluster_partial_untied cache_build [######################------] 814,549,591/1,000,106,586 tokens skipped=2,000,528,163/2,000,528,163 tok/s=463,542
cluster_partial_untied cache_build [######################------] 818,850,023/1,000,106,586 tokens skipped=2,000,528,163/2,000,528,163 tok/s=463,768
cluster_partial_untied cache_build [#######################-----] 823,180,190/1,000,106,586 tokens skipped=2,000,528,163/2,000,528,163 tok/s=463,984
cluster_partial_untied cache_build [#######################-----] 827,358,151/1,000,106,586 tokens skipped=2,000,528,163/2,000,528,163 tok/s=464,179
cluster_partial_untied cache_build [#######################-----] 831,565,639/1,000,106,586 tokens skipped=2,000,528,163/2,000,528,163 tok/s=464,315
cluster_partial_untied cache_build [#######################-----] 833,735,839/1,000,106,586 tokens skipped=2,000,528,163/2,000,528,163 tok/s=464,275
cluster_partial_untied cache_build [#######################-----] 838,152,654/1,000,106,586 tokens skipped=2,000,528,163/2,000,528,163 tok/s=464,445
cluster_partial_untied cache_build [#######################-----] 842,398,233/1,000,106,586 tokens skipped=2,000,528,163/2,000,528,163 tok/s=464,659
cluster_partial_untied cache_build [#######################-----] 846,980,243/1,000,106,586 tokens skipped=2,000,528,163/2,000,528,163 tok/s=464,889
cluster_partial_untied cache_build [#######################-----] 851,375,156/1,000,106,586 tokens skipped=2,000,528,163/2,000,528,163 tok/s=465,111
cluster_partial_untied cache_build [#######################-----] 855,588,663/1,000,106,586 tokens skipped=2,000,528,163/2,000,528,163 tok/s=465,329
cluster_partial_untied cache_build [########################----] 859,649,521/1,000,106,586 tokens skipped=2,000,528,163/2,000,528,163 tok/s=465,514
cluster_partial_untied cache_build [########################----] 864,148,072/1,000,106,586 tokens skipped=2,000,528,163/2,000,528,163 tok/s=465,752
cluster_partial_untied cache_build [########################----] 868,126,603/1,000,106,586 tokens skipped=2,000,528,163/2,000,528,163 tok/s=465,942
cluster_partial_untied cache_build [########################----] 872,500,899/1,000,106,586 tokens skipped=2,000,528,163/2,000,528,163 tok/s=466,166
cluster_partial_untied cache_build [########################----] 876,835,238/1,000,106,586 tokens skipped=2,000,528,163/2,000,528,163 tok/s=466,380
cluster_partial_untied cache_build [########################----] 881,228,034/1,000,106,586 tokens skipped=2,000,528,163/2,000,528,163 tok/s=466,598
cluster_partial_untied cache_build [########################----] 885,637,193/1,000,106,586 tokens skipped=2,000,528,163/2,000,528,163 tok/s=466,819
cluster_partial_untied cache_build [########################----] 889,873,692/1,000,106,586 tokens skipped=2,000,528,163/2,000,528,163 tok/s=467,032
cluster_partial_untied cache_build [#########################---] 893,999,068/1,000,106,586 tokens skipped=2,000,528,163/2,000,528,163 tok/s=467,231
cluster_partial_untied cache_build [#########################---] 898,368,825/1,000,106,586 tokens skipped=2,000,528,163/2,000,528,163 tok/s=467,447
cluster_partial_untied cache_build [#########################---] 902,537,167/1,000,106,586 tokens skipped=2,000,528,163/2,000,528,163 tok/s=467,630
cluster_partial_untied cache_build [#########################---] 906,948,035/1,000,106,586 tokens skipped=2,000,528,163/2,000,528,163 tok/s=467,864
cluster_partial_untied cache_build [#########################---] 911,230,002/1,000,106,586 tokens skipped=2,000,528,163/2,000,528,163 tok/s=468,081
cluster_partial_untied cache_build [#########################---] 915,477,937/1,000,106,586 tokens skipped=2,000,528,163/2,000,528,163 tok/s=468,285
cluster_partial_untied cache_build [#########################---] 919,718,343/1,000,106,586 tokens skipped=2,000,528,163/2,000,528,163 tok/s=468,474
cluster_partial_untied cache_build [#########################---] 924,086,458/1,000,106,586 tokens skipped=2,000,528,163/2,000,528,163 tok/s=468,692
cluster_partial_untied cache_build [#########################---] 928,307,443/1,000,106,586 tokens skipped=2,000,528,163/2,000,528,163 tok/s=468,900
cluster_partial_untied cache_build [##########################--] 932,729,701/1,000,106,586 tokens skipped=2,000,528,163/2,000,528,163 tok/s=469,127
cluster_partial_untied cache_build [##########################--] 936,978,818/1,000,106,586 tokens skipped=2,000,528,163/2,000,528,163 tok/s=469,325
cluster_partial_untied cache_build [##########################--] 941,477,177/1,000,106,586 tokens skipped=2,000,528,163/2,000,528,163 tok/s=469,549
cluster_partial_untied cache_build [##########################--] 945,696,604/1,000,106,586 tokens skipped=2,000,528,163/2,000,528,163 tok/s=469,744
cluster_partial_untied cache_build [##########################--] 949,906,299/1,000,106,586 tokens skipped=2,000,528,163/2,000,528,163 tok/s=469,951
cluster_partial_untied cache_build [##########################--] 954,121,423/1,000,106,586 tokens skipped=2,000,528,163/2,000,528,163 tok/s=470,158
cluster_partial_untied cache_build [##########################--] 958,350,074/1,000,106,586 tokens skipped=2,000,528,163/2,000,528,163 tok/s=470,348
cluster_partial_untied cache_build [##########################--] 962,387,426/1,000,106,586 tokens skipped=2,000,528,163/2,000,528,163 tok/s=470,522
cluster_partial_untied cache_build [###########################-] 966,822,880/1,000,106,586 tokens skipped=2,000,528,163/2,000,528,163 tok/s=470,733
cluster_partial_untied cache_build [###########################-] 971,077,901/1,000,106,586 tokens skipped=2,000,528,163/2,000,528,163 tok/s=470,942
cluster_partial_untied cache_build [###########################-] 975,205,127/1,000,106,586 tokens skipped=2,000,528,163/2,000,528,163 tok/s=471,121
cluster_partial_untied cache_build [###########################-] 979,418,459/1,000,106,586 tokens skipped=2,000,528,163/2,000,528,163 tok/s=471,287
cluster_partial_untied cache_build [###########################-] 983,592,492/1,000,106,586 tokens skipped=2,000,528,163/2,000,528,163 tok/s=471,463
cluster_partial_untied cache_build [###########################-] 987,638,564/1,000,106,586 tokens skipped=2,000,528,163/2,000,528,163 tok/s=471,623
cluster_partial_untied cache_build [###########################-] 991,976,497/1,000,106,586 tokens skipped=2,000,528,163/2,000,528,163 tok/s=471,827
cluster_partial_untied cache_build [###########################-] 996,188,524/1,000,106,586 tokens skipped=2,000,528,163/2,000,528,163 tok/s=472,000
cluster_partial_untied cache_build [############################] 1,000,106,586/1,000,106,586 tokens skipped=2,000,528,163/2,000,528,163 tok/s=472,132
starting causal_conv_mixer_sampled_vocab_anchor16: params=79,999,460 seq=10160 steps=315426
resumed causal_conv_mixer_sampled_vocab_anchor16: step=217000/315426
causal_conv_mixer_sampled_vocab_anchor16 step=217100/315426 train=4.7161 lr=0.001 pure_tok/s=87,834
causal_conv_mixer_sampled_vocab_anchor16 step=217200/315426 train=4.9342 lr=0.001 pure_tok/s=87,836
causal_conv_mixer_sampled_vocab_anchor16 step=217300/315426 train=4.6734 lr=0.001 pure_tok/s=87,837
causal_conv_mixer_sampled_vocab_anchor16 step=217400/315426 train=4.7487 lr=0.001 pure_tok/s=87,839
causal_conv_mixer_sampled_vocab_anchor16 step=217500/315426 train=4.9483 lr=0.001 pure_tok/s=87,841
causal_conv_mixer_sampled_vocab_anchor16 step=217600/315426 train=4.6298 lr=0.001 pure_tok/s=87,842
causal_conv_mixer_sampled_vocab_anchor16 step=217700/315426 train=4.8748 lr=0.001 pure_tok/s=87,844
causal_conv_mixer_sampled_vocab_anchor16 step=217800/315426 train=4.7495 lr=0.001 pure_tok/s=87,845
causal_conv_mixer_sampled_vocab_anchor16 step=217900/315426 train=4.4995 lr=0.001 pure_tok/s=87,847
causal_conv_mixer_sampled_vocab_anchor16 step=218000/315426 train=4.7893 lr=0.001 pure_tok/s=87,848
causal_conv_mixer_sampled_vocab_anchor16 step=218100/315426 train=4.7812 lr=0.001 pure_tok/s=87,849
causal_conv_mixer_sampled_vocab_anchor16 step=218200/315426 train=4.6343 lr=0.001 pure_tok/s=87,850
causal_conv_mixer_sampled_vocab_anchor16 step=218300/315426 train=4.9625 lr=0.001 pure_tok/s=87,851
causal_conv_mixer_sampled_vocab_anchor16 step=218400/315426 train=4.8286 lr=0.001 pure_tok/s=87,852
causal_conv_mixer_sampled_vocab_anchor16 step=218500/315426 train=4.7449 lr=0.001 pure_tok/s=87,853
causal_conv_mixer_sampled_vocab_anchor16 step=218600/315426 train=4.7764 lr=0.001 pure_tok/s=87,854
causal_conv_mixer_sampled_vocab_anchor16 step=218700/315426 train=4.8907 lr=0.001 pure_tok/s=87,854
causal_conv_mixer_sampled_vocab_anchor16 step=218800/315426 train=5.3268 lr=0.001 pure_tok/s=87,855
causal_conv_mixer_sampled_vocab_anchor16 step=218900/315426 train=4.7331 lr=0.001 pure_tok/s=87,855
causal_conv_mixer_sampled_vocab_anchor16 step=219000/315426 train=4.7210 lr=0.001 pure_tok/s=87,856
causal_conv_mixer_sampled_vocab_anchor16 step=219100/315426 train=4.6399 lr=0.001 pure_tok/s=87,857
causal_conv_mixer_sampled_vocab_anchor16 step=219200/315426 train=4.8414 lr=0.001 pure_tok/s=87,858
causal_conv_mixer_sampled_vocab_anchor16 step=219300/315426 train=4.9356 lr=0.001 pure_tok/s=87,859
causal_conv_mixer_sampled_vocab_anchor16 step=219400/315426 train=4.3244 lr=0.001 pure_tok/s=87,859
causal_conv_mixer_sampled_vocab_anchor16 step=219500/315426 train=5.0007 lr=0.001 pure_tok/s=87,860
causal_conv_mixer_sampled_vocab_anchor16 step=219600/315426 train=4.7314 lr=0.001 pure_tok/s=87,861
causal_conv_mixer_sampled_vocab_anchor16 step=219700/315426 train=4.7364 lr=0.001 pure_tok/s=87,861
causal_conv_mixer_sampled_vocab_anchor16 step=219800/315426 train=4.8744 lr=0.001 pure_tok/s=87,862
causal_conv_mixer_sampled_vocab_anchor16 step=219900/315426 train=4.8768 lr=0.001 pure_tok/s=87,863
causal_conv_mixer_sampled_vocab_anchor16 step=220000/315426 train=4.5723 lr=0.001 pure_tok/s=87,864
causal_conv_mixer_sampled_vocab_anchor16 step=220100/315426 train=4.5434 lr=0.001 pure_tok/s=87,865
causal_conv_mixer_sampled_vocab_anchor16 step=220200/315426 train=4.8541 lr=0.001 pure_tok/s=87,866
causal_conv_mixer_sampled_vocab_anchor16 step=220300/315426 train=5.0145 lr=0.001 pure_tok/s=87,867
causal_conv_mixer_sampled_vocab_anchor16 step=220400/315426 train=4.9384 lr=0.001 pure_tok/s=87,867
causal_conv_mixer_sampled_vocab_anchor16 step=220500/315426 train=4.4386 lr=0.001 pure_tok/s=87,868
causal_conv_mixer_sampled_vocab_anchor16 step=220600/315426 train=4.7249 lr=0.001 pure_tok/s=87,869
causal_conv_mixer_sampled_vocab_anchor16 step=220700/315426 train=4.7330 lr=0.001 pure_tok/s=87,869
causal_conv_mixer_sampled_vocab_anchor16 step=220800/315426 train=4.7349 lr=0.001 pure_tok/s=87,870
causal_conv_mixer_sampled_vocab_anchor16 step=220900/315426 train=4.4787 lr=0.001 pure_tok/s=87,871
causal_conv_mixer_sampled_vocab_anchor16 step=221000/315426 train=4.8249 lr=0.001 pure_tok/s=87,871
causal_conv_mixer_sampled_vocab_anchor16 step=221100/315426 train=4.6531 lr=0.001 pure_tok/s=87,872
causal_conv_mixer_sampled_vocab_anchor16 step=221200/315426 train=5.1763 lr=0.001 pure_tok/s=87,873
causal_conv_mixer_sampled_vocab_anchor16 step=221300/315426 train=4.9466 lr=0.001 pure_tok/s=87,873
causal_conv_mixer_sampled_vocab_anchor16 step=221400/315426 train=4.5687 lr=0.001 pure_tok/s=87,874
causal_conv_mixer_sampled_vocab_anchor16 step=221500/315426 train=4.8038 lr=0.001 pure_tok/s=87,875
causal_conv_mixer_sampled_vocab_anchor16 step=221600/315426 train=4.5849 lr=0.001 pure_tok/s=87,875
causal_conv_mixer_sampled_vocab_anchor16 step=221700/315426 train=4.7958 lr=0.001 pure_tok/s=87,876
causal_conv_mixer_sampled_vocab_anchor16 step=221800/315426 train=4.6006 lr=0.001 pure_tok/s=87,876
causal_conv_mixer_sampled_vocab_anchor16 step=221900/315426 train=4.6355 lr=0.001 pure_tok/s=87,877
causal_conv_mixer_sampled_vocab_anchor16 step=222000/315426 train=5.1711 lr=0.001 pure_tok/s=87,877
causal_conv_mixer_sampled_vocab_anchor16 step=222100/315426 train=4.6591 lr=0.001 pure_tok/s=87,878
causal_conv_mixer_sampled_vocab_anchor16 step=222200/315426 train=4.8550 lr=0.001 pure_tok/s=87,879
causal_conv_mixer_sampled_vocab_anchor16 step=222300/315426 train=4.5636 lr=0.001 pure_tok/s=87,880
causal_conv_mixer_sampled_vocab_anchor16 step=222400/315426 train=4.6627 lr=0.001 pure_tok/s=87,880
causal_conv_mixer_sampled_vocab_anchor16 step=222500/315426 train=4.9841 lr=0.001 pure_tok/s=87,881
causal_conv_mixer_sampled_vocab_anchor16 step=222600/315426 train=4.5858 lr=0.001 pure_tok/s=87,882
causal_conv_mixer_sampled_vocab_anchor16 step=222700/315426 train=4.6225 lr=0.001 pure_tok/s=87,882
causal_conv_mixer_sampled_vocab_anchor16 step=222800/315426 train=4.8413 lr=0.001 pure_tok/s=87,883
causal_conv_mixer_sampled_vocab_anchor16 step=222900/315426 train=4.7791 lr=0.001 pure_tok/s=87,883
causal_conv_mixer_sampled_vocab_anchor16 step=223000/315426 train=4.6662 lr=0.001 pure_tok/s=87,884
causal_conv_mixer_sampled_vocab_anchor16 step=223100/315426 train=4.4423 lr=0.001 pure_tok/s=87,885
causal_conv_mixer_sampled_vocab_anchor16 step=223200/315426 train=4.5850 lr=0.001 pure_tok/s=87,885
causal_conv_mixer_sampled_vocab_anchor16 step=223300/315426 train=4.7819 lr=0.001 pure_tok/s=87,886
causal_conv_mixer_sampled_vocab_anchor16 step=223400/315426 train=4.8700 lr=0.001 pure_tok/s=87,886
causal_conv_mixer_sampled_vocab_anchor16 step=223500/315426 train=4.8937 lr=0.001 pure_tok/s=87,887
causal_conv_mixer_sampled_vocab_anchor16 step=223600/315426 train=4.5093 lr=0.001 pure_tok/s=87,888
causal_conv_mixer_sampled_vocab_anchor16 step=223700/315426 train=4.8788 lr=0.001 pure_tok/s=87,888
causal_conv_mixer_sampled_vocab_anchor16 step=223800/315426 train=4.7435 lr=0.001 pure_tok/s=87,889
causal_conv_mixer_sampled_vocab_anchor16 step=223900/315426 train=4.7028 lr=0.001 pure_tok/s=87,889
causal_conv_mixer_sampled_vocab_anchor16 step=224000/315426 train=4.8287 lr=0.001 pure_tok/s=87,890
causal_conv_mixer_sampled_vocab_anchor16 step=224100/315426 train=4.5557 lr=0.001 pure_tok/s=87,891
causal_conv_mixer_sampled_vocab_anchor16 step=224200/315426 train=4.7439 lr=0.001 pure_tok/s=87,891
causal_conv_mixer_sampled_vocab_anchor16 step=224300/315426 train=4.7750 lr=0.001 pure_tok/s=87,892
causal_conv_mixer_sampled_vocab_anchor16 step=224400/315426 train=5.9804 lr=0.001 pure_tok/s=87,892
causal_conv_mixer_sampled_vocab_anchor16 step=224500/315426 train=4.6639 lr=0.001 pure_tok/s=87,893
causal_conv_mixer_sampled_vocab_anchor16 step=224600/315426 train=4.6220 lr=0.001 pure_tok/s=87,894
causal_conv_mixer_sampled_vocab_anchor16 step=224700/315426 train=4.6100 lr=0.001 pure_tok/s=87,894
causal_conv_mixer_sampled_vocab_anchor16 step=224800/315426 train=4.9640 lr=0.001 pure_tok/s=87,895
causal_conv_mixer_sampled_vocab_anchor16 step=224900/315426 train=4.3844 lr=0.001 pure_tok/s=87,895
causal_conv_mixer_sampled_vocab_anchor16 step=225000/315426 train=4.6978 lr=0.001 pure_tok/s=87,896
causal_conv_mixer_sampled_vocab_anchor16 step=225100/315426 train=5.1364 lr=0.001 pure_tok/s=87,897
causal_conv_mixer_sampled_vocab_anchor16 step=225200/315426 train=4.6450 lr=0.001 pure_tok/s=87,897
causal_conv_mixer_sampled_vocab_anchor16 step=225300/315426 train=4.9126 lr=0.001 pure_tok/s=87,898
causal_conv_mixer_sampled_vocab_anchor16 step=225400/315426 train=4.6593 lr=0.001 pure_tok/s=87,898
causal_conv_mixer_sampled_vocab_anchor16 step=225500/315426 train=4.4758 lr=0.001 pure_tok/s=87,899
causal_conv_mixer_sampled_vocab_anchor16 step=225600/315426 train=4.2480 lr=0.001 pure_tok/s=87,899
causal_conv_mixer_sampled_vocab_anchor16 step=225700/315426 train=4.4617 lr=0.001 pure_tok/s=87,900
causal_conv_mixer_sampled_vocab_anchor16 step=225800/315426 train=4.4590 lr=0.001 pure_tok/s=87,901
causal_conv_mixer_sampled_vocab_anchor16 step=225900/315426 train=4.7440 lr=0.001 pure_tok/s=87,901
causal_conv_mixer_sampled_vocab_anchor16 step=226000/315426 train=4.6905 lr=0.001 pure_tok/s=87,902
causal_conv_mixer_sampled_vocab_anchor16 step=226100/315426 train=4.5984 lr=0.001 pure_tok/s=87,902
causal_conv_mixer_sampled_vocab_anchor16 step=226200/315426 train=4.8568 lr=0.001 pure_tok/s=87,902
causal_conv_mixer_sampled_vocab_anchor16 step=226300/315426 train=4.6533 lr=0.001 pure_tok/s=87,902
causal_conv_mixer_sampled_vocab_anchor16 eval step=226389 val=4.8244 mode=full
causal_conv_mixer_sampled_vocab_anchor16 step=226400/315426 train=4.3772 lr=0.001 pure_tok/s=87,903
causal_conv_mixer_sampled_vocab_anchor16 step=226500/315426 train=5.2051 lr=0.001 pure_tok/s=87,904
causal_conv_mixer_sampled_vocab_anchor16 step=226600/315426 train=4.9586 lr=0.001 pure_tok/s=87,904
causal_conv_mixer_sampled_vocab_anchor16 step=226700/315426 train=4.6657 lr=0.001 pure_tok/s=87,905
causal_conv_mixer_sampled_vocab_anchor16 step=226800/315426 train=4.8453 lr=0.001 pure_tok/s=87,906
causal_conv_mixer_sampled_vocab_anchor16 step=226900/315426 train=4.7462 lr=0.001 pure_tok/s=87,906
causal_conv_mixer_sampled_vocab_anchor16 step=227000/315426 train=4.5578 lr=0.001 pure_tok/s=87,907
causal_conv_mixer_sampled_vocab_anchor16 step=227100/315426 train=4.7082 lr=0.001 pure_tok/s=87,908
causal_conv_mixer_sampled_vocab_anchor16 step=227200/315426 train=4.3756 lr=0.001 pure_tok/s=87,908
causal_conv_mixer_sampled_vocab_anchor16 step=227300/315426 train=4.6219 lr=0.001 pure_tok/s=87,909
causal_conv_mixer_sampled_vocab_anchor16 step=227400/315426 train=4.4821 lr=0.001 pure_tok/s=87,909
causal_conv_mixer_sampled_vocab_anchor16 step=227500/315426 train=4.8362 lr=0.001 pure_tok/s=87,910
causal_conv_mixer_sampled_vocab_anchor16 step=227600/315426 train=4.9144 lr=0.001 pure_tok/s=87,911
causal_conv_mixer_sampled_vocab_anchor16 step=227700/315426 train=4.6949 lr=0.001 pure_tok/s=87,911
causal_conv_mixer_sampled_vocab_anchor16 step=227800/315426 train=4.6134 lr=0.001 pure_tok/s=87,911
causal_conv_mixer_sampled_vocab_anchor16 step=227900/315426 train=4.4183 lr=0.001 pure_tok/s=87,912
causal_conv_mixer_sampled_vocab_anchor16 step=228000/315426 train=4.9230 lr=0.001 pure_tok/s=87,912
causal_conv_mixer_sampled_vocab_anchor16 step=228100/315426 train=4.7429 lr=0.001 pure_tok/s=87,913
causal_conv_mixer_sampled_vocab_anchor16 step=228200/315426 train=4.6113 lr=0.001 pure_tok/s=87,914
causal_conv_mixer_sampled_vocab_anchor16 step=228300/315426 train=4.8891 lr=0.001 pure_tok/s=87,915
causal_conv_mixer_sampled_vocab_anchor16 step=228400/315426 train=4.8902 lr=0.001 pure_tok/s=87,915
causal_conv_mixer_sampled_vocab_anchor16 step=228500/315426 train=4.4748 lr=0.001 pure_tok/s=87,916
causal_conv_mixer_sampled_vocab_anchor16 step=228600/315426 train=4.6056 lr=0.001 pure_tok/s=87,916
causal_conv_mixer_sampled_vocab_anchor16 step=228700/315426 train=4.5468 lr=0.001 pure_tok/s=87,917
causal_conv_mixer_sampled_vocab_anchor16 step=228800/315426 train=4.1974 lr=0.001 pure_tok/s=87,917
causal_conv_mixer_sampled_vocab_anchor16 step=228900/315426 train=5.1008 lr=0.001 pure_tok/s=87,917
causal_conv_mixer_sampled_vocab_anchor16 step=229000/315426 train=4.9066 lr=0.001 pure_tok/s=87,918
causal_conv_mixer_sampled_vocab_anchor16 step=229100/315426 train=4.5511 lr=0.001 pure_tok/s=87,919
causal_conv_mixer_sampled_vocab_anchor16 step=229200/315426 train=4.7655 lr=0.001 pure_tok/s=87,919
causal_conv_mixer_sampled_vocab_anchor16 step=229300/315426 train=4.7698 lr=0.001 pure_tok/s=87,920
causal_conv_mixer_sampled_vocab_anchor16 step=229400/315426 train=4.7138 lr=0.001 pure_tok/s=87,921
causal_conv_mixer_sampled_vocab_anchor16 step=229500/315426 train=4.8807 lr=0.001 pure_tok/s=87,921
causal_conv_mixer_sampled_vocab_anchor16 step=229600/315426 train=4.5429 lr=0.001 pure_tok/s=87,922
causal_conv_mixer_sampled_vocab_anchor16 step=229700/315426 train=4.4832 lr=0.001 pure_tok/s=87,922
causal_conv_mixer_sampled_vocab_anchor16 step=229800/315426 train=4.6889 lr=0.001 pure_tok/s=87,923
causal_conv_mixer_sampled_vocab_anchor16 step=229900/315426 train=4.6475 lr=0.001 pure_tok/s=87,923
causal_conv_mixer_sampled_vocab_anchor16 step=230000/315426 train=4.6033 lr=0.001 pure_tok/s=87,924
causal_conv_mixer_sampled_vocab_anchor16 step=230100/315426 train=4.6353 lr=0.001 pure_tok/s=87,924
causal_conv_mixer_sampled_vocab_anchor16 step=230200/315426 train=4.7408 lr=0.001 pure_tok/s=87,925
causal_conv_mixer_sampled_vocab_anchor16 step=230300/315426 train=4.5490 lr=0.001 pure_tok/s=87,925
causal_conv_mixer_sampled_vocab_anchor16 step=230400/315426 train=4.4958 lr=0.001 pure_tok/s=87,926
causal_conv_mixer_sampled_vocab_anchor16 step=230500/315426 train=4.4795 lr=0.001 pure_tok/s=87,927
causal_conv_mixer_sampled_vocab_anchor16 step=230600/315426 train=4.6221 lr=0.001 pure_tok/s=87,927
causal_conv_mixer_sampled_vocab_anchor16 step=230700/315426 train=4.8457 lr=0.001 pure_tok/s=87,928
causal_conv_mixer_sampled_vocab_anchor16 step=230800/315426 train=4.7633 lr=0.001 pure_tok/s=87,928
causal_conv_mixer_sampled_vocab_anchor16 step=230900/315426 train=4.5994 lr=0.001 pure_tok/s=87,929
causal_conv_mixer_sampled_vocab_anchor16 step=231000/315426 train=4.6152 lr=0.001 pure_tok/s=87,929
causal_conv_mixer_sampled_vocab_anchor16 step=231100/315426 train=4.9525 lr=0.001 pure_tok/s=87,930
causal_conv_mixer_sampled_vocab_anchor16 step=231200/315426 train=4.7062 lr=0.001 pure_tok/s=87,930
causal_conv_mixer_sampled_vocab_anchor16 step=231300/315426 train=4.5711 lr=0.001 pure_tok/s=87,931
causal_conv_mixer_sampled_vocab_anchor16 step=231400/315426 train=4.9169 lr=0.001 pure_tok/s=87,932
causal_conv_mixer_sampled_vocab_anchor16 step=231500/315426 train=4.9755 lr=0.001 pure_tok/s=87,932
causal_conv_mixer_sampled_vocab_anchor16 step=231600/315426 train=4.9153 lr=0.001 pure_tok/s=87,933
causal_conv_mixer_sampled_vocab_anchor16 step=231700/315426 train=4.6426 lr=0.001 pure_tok/s=87,933
causal_conv_mixer_sampled_vocab_anchor16 step=231800/315426 train=4.7587 lr=0.001 pure_tok/s=87,934
causal_conv_mixer_sampled_vocab_anchor16 step=231900/315426 train=4.9583 lr=0.001 pure_tok/s=87,934
causal_conv_mixer_sampled_vocab_anchor16 step=232000/315426 train=4.7014 lr=0.001 pure_tok/s=87,935
causal_conv_mixer_sampled_vocab_anchor16 step=232100/315426 train=4.5013 lr=0.001 pure_tok/s=87,935
causal_conv_mixer_sampled_vocab_anchor16 step=232200/315426 train=4.6948 lr=0.001 pure_tok/s=87,936
causal_conv_mixer_sampled_vocab_anchor16 step=232300/315426 train=4.4838 lr=0.001 pure_tok/s=87,936
causal_conv_mixer_sampled_vocab_anchor16 step=232400/315426 train=4.7306 lr=0.001 pure_tok/s=87,937
causal_conv_mixer_sampled_vocab_anchor16 step=232500/315426 train=4.7839 lr=0.001 pure_tok/s=87,937
causal_conv_mixer_sampled_vocab_anchor16 step=232600/315426 train=4.7960 lr=0.001 pure_tok/s=87,938
causal_conv_mixer_sampled_vocab_anchor16 step=232700/315426 train=4.9208 lr=0.001 pure_tok/s=87,938
causal_conv_mixer_sampled_vocab_anchor16 step=232800/315426 train=4.6633 lr=0.001 pure_tok/s=87,939
causal_conv_mixer_sampled_vocab_anchor16 step=232900/315426 train=4.8910 lr=0.001 pure_tok/s=87,939
causal_conv_mixer_sampled_vocab_anchor16 step=233000/315426 train=4.8007 lr=0.001 pure_tok/s=87,940
causal_conv_mixer_sampled_vocab_anchor16 step=233100/315426 train=4.7292 lr=0.001 pure_tok/s=87,940
causal_conv_mixer_sampled_vocab_anchor16 step=233200/315426 train=4.6552 lr=0.001 pure_tok/s=87,941
causal_conv_mixer_sampled_vocab_anchor16 step=233300/315426 train=4.6934 lr=0.001 pure_tok/s=87,942
causal_conv_mixer_sampled_vocab_anchor16 step=233400/315426 train=4.4003 lr=0.001 pure_tok/s=87,942
causal_conv_mixer_sampled_vocab_anchor16 step=233500/315426 train=4.7688 lr=0.001 pure_tok/s=87,942
causal_conv_mixer_sampled_vocab_anchor16 step=233600/315426 train=5.2137 lr=0.001 pure_tok/s=87,942
causal_conv_mixer_sampled_vocab_anchor16 step=233700/315426 train=4.2170 lr=0.001 pure_tok/s=87,942
causal_conv_mixer_sampled_vocab_anchor16 step=233800/315426 train=5.0031 lr=0.001 pure_tok/s=87,943
causal_conv_mixer_sampled_vocab_anchor16 step=233900/315426 train=4.9892 lr=0.001 pure_tok/s=87,943
causal_conv_mixer_sampled_vocab_anchor16 step=234000/315426 train=4.5923 lr=0.001 pure_tok/s=87,943
causal_conv_mixer_sampled_vocab_anchor16 step=234100/315426 train=4.6966 lr=0.001 pure_tok/s=87,944
causal_conv_mixer_sampled_vocab_anchor16 step=234200/315426 train=4.7288 lr=0.001 pure_tok/s=87,945
causal_conv_mixer_sampled_vocab_anchor16 step=234300/315426 train=4.6385 lr=0.001 pure_tok/s=87,946
causal_conv_mixer_sampled_vocab_anchor16 step=234400/315426 train=4.5795 lr=0.001 pure_tok/s=87,946
causal_conv_mixer_sampled_vocab_anchor16 step=234500/315426 train=4.6259 lr=0.001 pure_tok/s=87,947
causal_conv_mixer_sampled_vocab_anchor16 step=234600/315426 train=4.7414 lr=0.001 pure_tok/s=87,947
causal_conv_mixer_sampled_vocab_anchor16 step=234700/315426 train=4.4116 lr=0.001 pure_tok/s=87,947
causal_conv_mixer_sampled_vocab_anchor16 step=234800/315426 train=4.5742 lr=0.001 pure_tok/s=87,948
causal_conv_mixer_sampled_vocab_anchor16 step=234900/315426 train=4.3916 lr=0.001 pure_tok/s=87,948
causal_conv_mixer_sampled_vocab_anchor16 step=235000/315426 train=4.3350 lr=0.001 pure_tok/s=87,949
causal_conv_mixer_sampled_vocab_anchor16 step=235100/315426 train=4.9448 lr=0.001 pure_tok/s=87,949
causal_conv_mixer_sampled_vocab_anchor16 step=235200/315426 train=4.7817 lr=0.001 pure_tok/s=87,950
causal_conv_mixer_sampled_vocab_anchor16 step=235300/315426 train=4.0623 lr=0.001 pure_tok/s=87,950
causal_conv_mixer_sampled_vocab_anchor16 step=235400/315426 train=4.6687 lr=0.001 pure_tok/s=87,951
causal_conv_mixer_sampled_vocab_anchor16 step=235500/315426 train=4.6362 lr=0.001 pure_tok/s=87,951
causal_conv_mixer_sampled_vocab_anchor16 step=235600/315426 train=4.6770 lr=0.001 pure_tok/s=87,952
causal_conv_mixer_sampled_vocab_anchor16 step=235700/315426 train=4.5363 lr=0.001 pure_tok/s=87,952
causal_conv_mixer_sampled_vocab_anchor16 step=235800/315426 train=4.7358 lr=0.001 pure_tok/s=87,953
causal_conv_mixer_sampled_vocab_anchor16 step=235900/315426 train=4.8741 lr=0.001 pure_tok/s=87,953
causal_conv_mixer_sampled_vocab_anchor16 step=236000/315426 train=4.7262 lr=0.001 pure_tok/s=87,954
causal_conv_mixer_sampled_vocab_anchor16 step=236100/315426 train=5.0322 lr=0.001 pure_tok/s=87,954
causal_conv_mixer_sampled_vocab_anchor16 step=236200/315426 train=5.0230 lr=0.001 pure_tok/s=87,955
causal_conv_mixer_sampled_vocab_anchor16 eval step=236232 val=4.7909 mode=full
causal_conv_mixer_sampled_vocab_anchor16 step=236300/315426 train=4.8289 lr=0.001 pure_tok/s=87,956
causal_conv_mixer_sampled_vocab_anchor16 step=236400/315426 train=4.7939 lr=0.001 pure_tok/s=87,956
causal_conv_mixer_sampled_vocab_anchor16 step=236500/315426 train=4.5962 lr=0.001 pure_tok/s=87,957
causal_conv_mixer_sampled_vocab_anchor16 step=236600/315426 train=4.6935 lr=0.001 pure_tok/s=87,957
causal_conv_mixer_sampled_vocab_anchor16 step=236700/315426 train=4.7951 lr=0.001 pure_tok/s=87,958
causal_conv_mixer_sampled_vocab_anchor16 step=236800/315426 train=4.7210 lr=0.001 pure_tok/s=87,958
causal_conv_mixer_sampled_vocab_anchor16 step=236900/315426 train=4.9746 lr=0.001 pure_tok/s=87,959
causal_conv_mixer_sampled_vocab_anchor16 step=237000/315426 train=4.6346 lr=0.001 pure_tok/s=87,959
causal_conv_mixer_sampled_vocab_anchor16 step=237100/315426 train=4.6997 lr=0.001 pure_tok/s=87,960
causal_conv_mixer_sampled_vocab_anchor16 step=237200/315426 train=4.9028 lr=0.001 pure_tok/s=87,960
causal_conv_mixer_sampled_vocab_anchor16 step=237300/315426 train=4.8580 lr=0.001 pure_tok/s=87,961
causal_conv_mixer_sampled_vocab_anchor16 step=237400/315426 train=4.7199 lr=0.001 pure_tok/s=87,961
causal_conv_mixer_sampled_vocab_anchor16 step=237500/315426 train=4.6663 lr=0.001 pure_tok/s=87,962
causal_conv_mixer_sampled_vocab_anchor16 step=237600/315426 train=4.5882 lr=0.001 pure_tok/s=87,962
causal_conv_mixer_sampled_vocab_anchor16 step=237700/315426 train=4.9118 lr=0.001 pure_tok/s=87,963
causal_conv_mixer_sampled_vocab_anchor16 step=237800/315426 train=4.7280 lr=0.001 pure_tok/s=87,963
causal_conv_mixer_sampled_vocab_anchor16 step=237900/315426 train=4.6586 lr=0.001 pure_tok/s=87,964
causal_conv_mixer_sampled_vocab_anchor16 step=238000/315426 train=4.5757 lr=0.001 pure_tok/s=87,965
causal_conv_mixer_sampled_vocab_anchor16 step=238100/315426 train=4.4952 lr=0.001 pure_tok/s=87,965
causal_conv_mixer_sampled_vocab_anchor16 step=238200/315426 train=4.7071 lr=0.001 pure_tok/s=87,966
causal_conv_mixer_sampled_vocab_anchor16 step=238300/315426 train=4.4358 lr=0.001 pure_tok/s=87,966
causal_conv_mixer_sampled_vocab_anchor16 step=238400/315426 train=4.6604 lr=0.001 pure_tok/s=87,967
causal_conv_mixer_sampled_vocab_anchor16 step=238500/315426 train=4.7774 lr=0.001 pure_tok/s=87,967
causal_conv_mixer_sampled_vocab_anchor16 step=238600/315426 train=4.7664 lr=0.001 pure_tok/s=87,968
causal_conv_mixer_sampled_vocab_anchor16 step=238700/315426 train=4.6247 lr=0.001 pure_tok/s=87,968
causal_conv_mixer_sampled_vocab_anchor16 step=238800/315426 train=4.8352 lr=0.001 pure_tok/s=87,969
causal_conv_mixer_sampled_vocab_anchor16 step=238900/315426 train=4.5280 lr=0.001 pure_tok/s=87,969
causal_conv_mixer_sampled_vocab_anchor16 step=239000/315426 train=4.6064 lr=0.001 pure_tok/s=87,970
causal_conv_mixer_sampled_vocab_anchor16 step=239100/315426 train=4.4896 lr=0.001 pure_tok/s=87,970
causal_conv_mixer_sampled_vocab_anchor16 step=239200/315426 train=4.3741 lr=0.001 pure_tok/s=87,971
causal_conv_mixer_sampled_vocab_anchor16 step=239300/315426 train=4.6830 lr=0.001 pure_tok/s=87,971
causal_conv_mixer_sampled_vocab_anchor16 step=239400/315426 train=4.4531 lr=0.001 pure_tok/s=87,972
causal_conv_mixer_sampled_vocab_anchor16 step=239500/315426 train=4.7348 lr=0.001 pure_tok/s=87,972
causal_conv_mixer_sampled_vocab_anchor16 step=239600/315426 train=4.6381 lr=0.001 pure_tok/s=87,973
causal_conv_mixer_sampled_vocab_anchor16 step=239700/315426 train=4.8236 lr=0.001 pure_tok/s=87,973
causal_conv_mixer_sampled_vocab_anchor16 step=239800/315426 train=4.2478 lr=0.001 pure_tok/s=87,974
causal_conv_mixer_sampled_vocab_anchor16 step=239900/315426 train=4.6450 lr=0.001 pure_tok/s=87,974
causal_conv_mixer_sampled_vocab_anchor16 step=240000/315426 train=4.7230 lr=0.001 pure_tok/s=87,975
causal_conv_mixer_sampled_vocab_anchor16 step=240100/315426 train=4.6085 lr=0.001 pure_tok/s=87,975
causal_conv_mixer_sampled_vocab_anchor16 step=240200/315426 train=4.5393 lr=0.001 pure_tok/s=87,976
causal_conv_mixer_sampled_vocab_anchor16 step=240300/315426 train=4.5636 lr=0.001 pure_tok/s=87,976
causal_conv_mixer_sampled_vocab_anchor16 step=240400/315426 train=4.5590 lr=0.001 pure_tok/s=87,977
causal_conv_mixer_sampled_vocab_anchor16 step=240500/315426 train=4.8987 lr=0.001 pure_tok/s=87,977
causal_conv_mixer_sampled_vocab_anchor16 step=240600/315426 train=4.9252 lr=0.001 pure_tok/s=87,978
causal_conv_mixer_sampled_vocab_anchor16 step=240700/315426 train=4.4400 lr=0.001 pure_tok/s=87,978
causal_conv_mixer_sampled_vocab_anchor16 step=240800/315426 train=4.6131 lr=0.001 pure_tok/s=87,979
causal_conv_mixer_sampled_vocab_anchor16 step=240900/315426 train=5.0279 lr=0.001 pure_tok/s=87,979
causal_conv_mixer_sampled_vocab_anchor16 step=241000/315426 train=4.5902 lr=0.001 pure_tok/s=87,979
causal_conv_mixer_sampled_vocab_anchor16 step=241100/315426 train=5.0332 lr=0.001 pure_tok/s=87,979
causal_conv_mixer_sampled_vocab_anchor16 step=241200/315426 train=4.5824 lr=0.001 pure_tok/s=87,979
causal_conv_mixer_sampled_vocab_anchor16 step=241300/315426 train=4.5301 lr=0.001 pure_tok/s=87,980
causal_conv_mixer_sampled_vocab_anchor16 step=241400/315426 train=4.8577 lr=0.001 pure_tok/s=87,980
causal_conv_mixer_sampled_vocab_anchor16 step=241500/315426 train=4.6691 lr=0.001 pure_tok/s=87,981
causal_conv_mixer_sampled_vocab_anchor16 step=241600/315426 train=4.6596 lr=0.001 pure_tok/s=87,981
causal_conv_mixer_sampled_vocab_anchor16 step=241700/315426 train=4.4878 lr=0.001 pure_tok/s=87,982
causal_conv_mixer_sampled_vocab_anchor16 step=241800/315426 train=4.6036 lr=0.001 pure_tok/s=87,982
causal_conv_mixer_sampled_vocab_anchor16 step=241900/315426 train=4.6725 lr=0.001 pure_tok/s=87,983
causal_conv_mixer_sampled_vocab_anchor16 step=242000/315426 train=4.7626 lr=0.001 pure_tok/s=87,983
causal_conv_mixer_sampled_vocab_anchor16 step=242100/315426 train=4.6857 lr=0.001 pure_tok/s=87,984
causal_conv_mixer_sampled_vocab_anchor16 step=242200/315426 train=5.0862 lr=0.001 pure_tok/s=87,985
causal_conv_mixer_sampled_vocab_anchor16 step=242300/315426 train=4.4116 lr=0.001 pure_tok/s=87,985
causal_conv_mixer_sampled_vocab_anchor16 step=242400/315426 train=4.7708 lr=0.001 pure_tok/s=87,985
causal_conv_mixer_sampled_vocab_anchor16 step=242500/315426 train=4.4155 lr=0.001 pure_tok/s=87,986
causal_conv_mixer_sampled_vocab_anchor16 step=242600/315426 train=4.7015 lr=0.001 pure_tok/s=87,986
causal_conv_mixer_sampled_vocab_anchor16 step=242700/315426 train=4.8263 lr=0.001 pure_tok/s=87,987
causal_conv_mixer_sampled_vocab_anchor16 step=242800/315426 train=4.6378 lr=0.001 pure_tok/s=87,987
causal_conv_mixer_sampled_vocab_anchor16 step=242900/315426 train=4.7218 lr=0.001 pure_tok/s=87,988
causal_conv_mixer_sampled_vocab_anchor16 step=243000/315426 train=4.6435 lr=0.001 pure_tok/s=87,988
causal_conv_mixer_sampled_vocab_anchor16 step=243100/315426 train=4.7029 lr=0.001 pure_tok/s=87,989
causal_conv_mixer_sampled_vocab_anchor16 step=243200/315426 train=4.6828 lr=0.001 pure_tok/s=87,989
causal_conv_mixer_sampled_vocab_anchor16 step=243300/315426 train=4.6010 lr=0.001 pure_tok/s=87,990
causal_conv_mixer_sampled_vocab_anchor16 step=243400/315426 train=5.0944 lr=0.001 pure_tok/s=87,990
causal_conv_mixer_sampled_vocab_anchor16 step=243500/315426 train=4.6586 lr=0.001 pure_tok/s=87,991
causal_conv_mixer_sampled_vocab_anchor16 step=243600/315426 train=4.7863 lr=0.001 pure_tok/s=87,991
causal_conv_mixer_sampled_vocab_anchor16 step=243700/315426 train=4.3440 lr=0.001 pure_tok/s=87,992
causal_conv_mixer_sampled_vocab_anchor16 step=243800/315426 train=4.2837 lr=0.001 pure_tok/s=87,992
causal_conv_mixer_sampled_vocab_anchor16 step=243900/315426 train=4.7078 lr=0.001 pure_tok/s=87,993
causal_conv_mixer_sampled_vocab_anchor16 step=244000/315426 train=4.7991 lr=0.001 pure_tok/s=87,993
causal_conv_mixer_sampled_vocab_anchor16 step=244100/315426 train=4.3780 lr=0.001 pure_tok/s=87,994
causal_conv_mixer_sampled_vocab_anchor16 step=244200/315426 train=4.7483 lr=0.001 pure_tok/s=87,994
causal_conv_mixer_sampled_vocab_anchor16 step=244300/315426 train=4.6414 lr=0.001 pure_tok/s=87,995
causal_conv_mixer_sampled_vocab_anchor16 step=244400/315426 train=4.9667 lr=0.001 pure_tok/s=87,995
causal_conv_mixer_sampled_vocab_anchor16 step=244500/315426 train=4.8834 lr=0.001 pure_tok/s=87,996
causal_conv_mixer_sampled_vocab_anchor16 step=244600/315426 train=4.7360 lr=0.001 pure_tok/s=87,996
causal_conv_mixer_sampled_vocab_anchor16 step=244700/315426 train=4.7365 lr=0.001 pure_tok/s=87,997
causal_conv_mixer_sampled_vocab_anchor16 step=244800/315426 train=4.2001 lr=0.001 pure_tok/s=87,997
causal_conv_mixer_sampled_vocab_anchor16 step=244900/315426 train=4.6114 lr=0.001 pure_tok/s=87,997
causal_conv_mixer_sampled_vocab_anchor16 step=245000/315426 train=4.8204 lr=0.001 pure_tok/s=87,998
causal_conv_mixer_sampled_vocab_anchor16 step=245100/315426 train=4.5629 lr=0.001 pure_tok/s=87,998
causal_conv_mixer_sampled_vocab_anchor16 step=245200/315426 train=4.7702 lr=0.001 pure_tok/s=87,999
causal_conv_mixer_sampled_vocab_anchor16 step=245300/315426 train=4.2729 lr=0.001 pure_tok/s=87,999
causal_conv_mixer_sampled_vocab_anchor16 step=245400/315426 train=4.6568 lr=0.001 pure_tok/s=88,000
causal_conv_mixer_sampled_vocab_anchor16 step=245500/315426 train=4.7163 lr=0.001 pure_tok/s=88,000
causal_conv_mixer_sampled_vocab_anchor16 step=245600/315426 train=4.9461 lr=0.001 pure_tok/s=88,001
causal_conv_mixer_sampled_vocab_anchor16 step=245700/315426 train=4.7077 lr=0.001 pure_tok/s=88,001
causal_conv_mixer_sampled_vocab_anchor16 step=245800/315426 train=4.6730 lr=0.001 pure_tok/s=88,002
causal_conv_mixer_sampled_vocab_anchor16 step=245900/315426 train=4.4956 lr=0.001 pure_tok/s=88,002
causal_conv_mixer_sampled_vocab_anchor16 step=246000/315426 train=4.6815 lr=0.001 pure_tok/s=88,002
causal_conv_mixer_sampled_vocab_anchor16 eval step=246075 val=4.7715 mode=full
causal_conv_mixer_sampled_vocab_anchor16 step=246100/315426 train=4.6792 lr=0.001 pure_tok/s=88,003
causal_conv_mixer_sampled_vocab_anchor16 step=246200/315426 train=5.0325 lr=0.001 pure_tok/s=88,004
causal_conv_mixer_sampled_vocab_anchor16 step=246300/315426 train=4.5869 lr=0.001 pure_tok/s=88,004
causal_conv_mixer_sampled_vocab_anchor16 step=246400/315426 train=4.5677 lr=0.001 pure_tok/s=88,005
causal_conv_mixer_sampled_vocab_anchor16 step=246500/315426 train=4.8973 lr=0.001 pure_tok/s=88,005
causal_conv_mixer_sampled_vocab_anchor16 step=246600/315426 train=4.8210 lr=0.001 pure_tok/s=88,006
causal_conv_mixer_sampled_vocab_anchor16 step=246700/315426 train=4.8817 lr=0.001 pure_tok/s=88,006
causal_conv_mixer_sampled_vocab_anchor16 step=246800/315426 train=4.6486 lr=0.001 pure_tok/s=88,007
causal_conv_mixer_sampled_vocab_anchor16 step=246900/315426 train=4.6285 lr=0.001 pure_tok/s=88,007
causal_conv_mixer_sampled_vocab_anchor16 step=247000/315426 train=4.6150 lr=0.001 pure_tok/s=88,008
causal_conv_mixer_sampled_vocab_anchor16 step=247100/315426 train=5.0859 lr=0.001 pure_tok/s=88,008
causal_conv_mixer_sampled_vocab_anchor16 step=247200/315426 train=4.5418 lr=0.001 pure_tok/s=88,009
causal_conv_mixer_sampled_vocab_anchor16 step=247300/315426 train=4.5487 lr=0.001 pure_tok/s=88,009
causal_conv_mixer_sampled_vocab_anchor16 step=247400/315426 train=4.9993 lr=0.001 pure_tok/s=88,010
causal_conv_mixer_sampled_vocab_anchor16 step=247500/315426 train=4.4113 lr=0.001 pure_tok/s=88,010
causal_conv_mixer_sampled_vocab_anchor16 step=247600/315426 train=4.7426 lr=0.001 pure_tok/s=88,011
causal_conv_mixer_sampled_vocab_anchor16 step=247700/315426 train=4.8036 lr=0.001 pure_tok/s=88,011
causal_conv_mixer_sampled_vocab_anchor16 step=247800/315426 train=4.8486 lr=0.001 pure_tok/s=88,011
causal_conv_mixer_sampled_vocab_anchor16 step=247900/315426 train=4.3894 lr=0.001 pure_tok/s=88,012
causal_conv_mixer_sampled_vocab_anchor16 step=248000/315426 train=4.8976 lr=0.001 pure_tok/s=88,012
causal_conv_mixer_sampled_vocab_anchor16 step=248100/315426 train=4.7978 lr=0.001 pure_tok/s=88,013
causal_conv_mixer_sampled_vocab_anchor16 step=248200/315426 train=4.6050 lr=0.001 pure_tok/s=88,013
causal_conv_mixer_sampled_vocab_anchor16 step=248300/315426 train=4.2323 lr=0.001 pure_tok/s=88,014
causal_conv_mixer_sampled_vocab_anchor16 step=248400/315426 train=4.6939 lr=0.001 pure_tok/s=88,014
causal_conv_mixer_sampled_vocab_anchor16 step=248500/315426 train=4.4337 lr=0.001 pure_tok/s=88,014
causal_conv_mixer_sampled_vocab_anchor16 step=248600/315426 train=4.7036 lr=0.001 pure_tok/s=88,014
causal_conv_mixer_sampled_vocab_anchor16 step=248700/315426 train=4.6152 lr=0.001 pure_tok/s=88,014
causal_conv_mixer_sampled_vocab_anchor16 step=248800/315426 train=5.0904 lr=0.001 pure_tok/s=88,015
causal_conv_mixer_sampled_vocab_anchor16 step=248900/315426 train=4.2529 lr=0.001 pure_tok/s=88,015
causal_conv_mixer_sampled_vocab_anchor16 step=249000/315426 train=4.8624 lr=0.001 pure_tok/s=88,016
causal_conv_mixer_sampled_vocab_anchor16 step=249100/315426 train=4.7669 lr=0.001 pure_tok/s=88,017
causal_conv_mixer_sampled_vocab_anchor16 step=249200/315426 train=4.7499 lr=0.001 pure_tok/s=88,017
causal_conv_mixer_sampled_vocab_anchor16 step=249300/315426 train=5.0661 lr=0.001 pure_tok/s=88,018
causal_conv_mixer_sampled_vocab_anchor16 step=249400/315426 train=4.4436 lr=0.001 pure_tok/s=88,018
causal_conv_mixer_sampled_vocab_anchor16 step=249500/315426 train=4.6670 lr=0.001 pure_tok/s=88,019
causal_conv_mixer_sampled_vocab_anchor16 step=249600/315426 train=4.4590 lr=0.001 pure_tok/s=88,019
causal_conv_mixer_sampled_vocab_anchor16 step=249700/315426 train=4.2627 lr=0.001 pure_tok/s=88,019
causal_conv_mixer_sampled_vocab_anchor16 step=249800/315426 train=4.5893 lr=0.001 pure_tok/s=88,020
causal_conv_mixer_sampled_vocab_anchor16 step=249900/315426 train=4.6097 lr=0.001 pure_tok/s=88,020
causal_conv_mixer_sampled_vocab_anchor16 step=250000/315426 train=4.6693 lr=0.001 pure_tok/s=88,021
causal_conv_mixer_sampled_vocab_anchor16 step=250100/315426 train=4.5762 lr=0.001 pure_tok/s=88,021
causal_conv_mixer_sampled_vocab_anchor16 step=250200/315426 train=4.7488 lr=0.001 pure_tok/s=88,022
causal_conv_mixer_sampled_vocab_anchor16 step=250300/315426 train=4.5723 lr=0.001 pure_tok/s=88,022
causal_conv_mixer_sampled_vocab_anchor16 step=250400/315426 train=4.7820 lr=0.001 pure_tok/s=88,023
causal_conv_mixer_sampled_vocab_anchor16 step=250500/315426 train=4.6752 lr=0.001 pure_tok/s=88,023
causal_conv_mixer_sampled_vocab_anchor16 step=250600/315426 train=4.8795 lr=0.001 pure_tok/s=88,024
causal_conv_mixer_sampled_vocab_anchor16 step=250700/315426 train=4.8374 lr=0.001 pure_tok/s=88,024
causal_conv_mixer_sampled_vocab_anchor16 step=250800/315426 train=4.8403 lr=0.001 pure_tok/s=88,025
causal_conv_mixer_sampled_vocab_anchor16 step=250900/315426 train=4.6468 lr=0.001 pure_tok/s=88,025
causal_conv_mixer_sampled_vocab_anchor16 step=251000/315426 train=4.5849 lr=0.001 pure_tok/s=88,025
causal_conv_mixer_sampled_vocab_anchor16 step=251100/315426 train=4.7630 lr=0.001 pure_tok/s=88,026
causal_conv_mixer_sampled_vocab_anchor16 step=251200/315426 train=4.5574 lr=0.001 pure_tok/s=88,026
causal_conv_mixer_sampled_vocab_anchor16 step=251300/315426 train=4.8722 lr=0.001 pure_tok/s=88,027
causal_conv_mixer_sampled_vocab_anchor16 step=251400/315426 train=4.8262 lr=0.001 pure_tok/s=88,027
causal_conv_mixer_sampled_vocab_anchor16 step=251500/315426 train=4.4103 lr=0.001 pure_tok/s=88,028
causal_conv_mixer_sampled_vocab_anchor16 step=251600/315426 train=4.8742 lr=0.001 pure_tok/s=88,028
causal_conv_mixer_sampled_vocab_anchor16 step=251700/315426 train=4.6891 lr=0.001 pure_tok/s=88,028
causal_conv_mixer_sampled_vocab_anchor16 step=251800/315426 train=4.5301 lr=0.001 pure_tok/s=88,029
causal_conv_mixer_sampled_vocab_anchor16 step=251900/315426 train=4.4900 lr=0.001 pure_tok/s=88,029
causal_conv_mixer_sampled_vocab_anchor16 step=252000/315426 train=4.6798 lr=0.001 pure_tok/s=88,030
causal_conv_mixer_sampled_vocab_anchor16 step=252100/315426 train=4.9150 lr=0.001 pure_tok/s=88,030
causal_conv_mixer_sampled_vocab_anchor16 step=252200/315426 train=5.0613 lr=0.001 pure_tok/s=88,031
causal_conv_mixer_sampled_vocab_anchor16 step=252300/315426 train=4.5983 lr=0.001 pure_tok/s=88,031
causal_conv_mixer_sampled_vocab_anchor16 step=252400/315426 train=4.6348 lr=0.001 pure_tok/s=88,031
causal_conv_mixer_sampled_vocab_anchor16 step=252500/315426 train=4.7101 lr=0.001 pure_tok/s=88,032
causal_conv_mixer_sampled_vocab_anchor16 step=252600/315426 train=4.7639 lr=0.001 pure_tok/s=88,032
causal_conv_mixer_sampled_vocab_anchor16 step=252700/315426 train=4.7710 lr=0.001 pure_tok/s=88,033
causal_conv_mixer_sampled_vocab_anchor16 step=252800/315426 train=4.7929 lr=0.001 pure_tok/s=88,033
causal_conv_mixer_sampled_vocab_anchor16 step=252900/315426 train=4.8233 lr=0.001 pure_tok/s=88,033
causal_conv_mixer_sampled_vocab_anchor16 step=253000/315426 train=4.5999 lr=0.001 pure_tok/s=88,034
causal_conv_mixer_sampled_vocab_anchor16 step=253100/315426 train=4.4330 lr=0.001 pure_tok/s=88,034
causal_conv_mixer_sampled_vocab_anchor16 step=253200/315426 train=5.2340 lr=0.001 pure_tok/s=88,035
causal_conv_mixer_sampled_vocab_anchor16 step=253300/315426 train=4.5473 lr=0.001 pure_tok/s=88,035
causal_conv_mixer_sampled_vocab_anchor16 step=253400/315426 train=5.2760 lr=0.001 pure_tok/s=88,035
causal_conv_mixer_sampled_vocab_anchor16 step=253500/315426 train=4.4136 lr=0.001 pure_tok/s=88,036
causal_conv_mixer_sampled_vocab_anchor16 step=253600/315426 train=4.6635 lr=0.001 pure_tok/s=88,036
causal_conv_mixer_sampled_vocab_anchor16 step=253700/315426 train=4.6955 lr=0.001 pure_tok/s=88,036
causal_conv_mixer_sampled_vocab_anchor16 step=253800/315426 train=4.6445 lr=0.001 pure_tok/s=88,037
causal_conv_mixer_sampled_vocab_anchor16 step=253900/315426 train=4.8628 lr=0.001 pure_tok/s=88,037
causal_conv_mixer_sampled_vocab_anchor16 step=254000/315426 train=4.6223 lr=0.001 pure_tok/s=88,037
causal_conv_mixer_sampled_vocab_anchor16 step=254100/315426 train=4.7004 lr=0.001 pure_tok/s=88,038
causal_conv_mixer_sampled_vocab_anchor16 step=254200/315426 train=4.6756 lr=0.001 pure_tok/s=88,038
causal_conv_mixer_sampled_vocab_anchor16 step=254300/315426 train=5.2150 lr=0.001 pure_tok/s=88,039
causal_conv_mixer_sampled_vocab_anchor16 step=254400/315426 train=4.7028 lr=0.001 pure_tok/s=88,039
causal_conv_mixer_sampled_vocab_anchor16 step=254500/315426 train=4.6234 lr=0.001 pure_tok/s=88,040
causal_conv_mixer_sampled_vocab_anchor16 step=254600/315426 train=4.6890 lr=0.001 pure_tok/s=88,040
causal_conv_mixer_sampled_vocab_anchor16 step=254700/315426 train=4.8962 lr=0.001 pure_tok/s=88,041
causal_conv_mixer_sampled_vocab_anchor16 step=254800/315426 train=4.5738 lr=0.001 pure_tok/s=88,041
causal_conv_mixer_sampled_vocab_anchor16 step=254900/315426 train=4.8327 lr=0.001 pure_tok/s=88,041
causal_conv_mixer_sampled_vocab_anchor16 step=255000/315426 train=4.4071 lr=0.001 pure_tok/s=88,042
causal_conv_mixer_sampled_vocab_anchor16 step=255100/315426 train=4.5237 lr=0.001 pure_tok/s=88,042
causal_conv_mixer_sampled_vocab_anchor16 step=255200/315426 train=5.3552 lr=0.001 pure_tok/s=88,043
causal_conv_mixer_sampled_vocab_anchor16 step=255300/315426 train=4.7830 lr=0.001 pure_tok/s=88,043
causal_conv_mixer_sampled_vocab_anchor16 step=255400/315426 train=4.7211 lr=0.001 pure_tok/s=88,044
causal_conv_mixer_sampled_vocab_anchor16 step=255500/315426 train=4.8502 lr=0.001 pure_tok/s=88,044
causal_conv_mixer_sampled_vocab_anchor16 step=255600/315426 train=4.8003 lr=0.001 pure_tok/s=88,045
causal_conv_mixer_sampled_vocab_anchor16 step=255700/315426 train=4.5205 lr=0.001 pure_tok/s=88,045
causal_conv_mixer_sampled_vocab_anchor16 step=255800/315426 train=4.7674 lr=0.001 pure_tok/s=88,045
causal_conv_mixer_sampled_vocab_anchor16 step=255900/315426 train=4.7494 lr=0.001 pure_tok/s=88,045
causal_conv_mixer_sampled_vocab_anchor16 eval step=255918 val=4.7918 mode=full
causal_conv_mixer_sampled_vocab_anchor16 step=256000/315426 train=4.7508 lr=0.001 pure_tok/s=88,045
causal_conv_mixer_sampled_vocab_anchor16 step=256100/315426 train=4.5817 lr=0.001 pure_tok/s=88,046
causal_conv_mixer_sampled_vocab_anchor16 step=256200/315426 train=4.8604 lr=0.001 pure_tok/s=88,047
causal_conv_mixer_sampled_vocab_anchor16 step=256300/315426 train=4.6522 lr=0.001 pure_tok/s=88,047
causal_conv_mixer_sampled_vocab_anchor16 step=256400/315426 train=4.7696 lr=0.001 pure_tok/s=88,048
causal_conv_mixer_sampled_vocab_anchor16 step=256500/315426 train=4.7584 lr=0.001 pure_tok/s=88,049
causal_conv_mixer_sampled_vocab_anchor16 step=256600/315426 train=4.6750 lr=0.001 pure_tok/s=88,049
causal_conv_mixer_sampled_vocab_anchor16 step=256700/315426 train=4.5645 lr=0.001 pure_tok/s=88,049
causal_conv_mixer_sampled_vocab_anchor16 step=256800/315426 train=4.7820 lr=0.001 pure_tok/s=88,050
causal_conv_mixer_sampled_vocab_anchor16 step=256900/315426 train=4.7153 lr=0.001 pure_tok/s=88,050
causal_conv_mixer_sampled_vocab_anchor16 step=257000/315426 train=4.8936 lr=0.001 pure_tok/s=88,051
causal_conv_mixer_sampled_vocab_anchor16 step=257100/315426 train=4.5907 lr=0.001 pure_tok/s=88,051
causal_conv_mixer_sampled_vocab_anchor16 step=257200/315426 train=4.2418 lr=0.001 pure_tok/s=88,052
causal_conv_mixer_sampled_vocab_anchor16 step=257300/315426 train=4.7595 lr=0.001 pure_tok/s=88,052
causal_conv_mixer_sampled_vocab_anchor16 step=257400/315426 train=4.6306 lr=0.001 pure_tok/s=88,053
causal_conv_mixer_sampled_vocab_anchor16 step=257500/315426 train=4.3968 lr=0.001 pure_tok/s=88,053
causal_conv_mixer_sampled_vocab_anchor16 step=257600/315426 train=4.3642 lr=0.001 pure_tok/s=88,054
causal_conv_mixer_sampled_vocab_anchor16 step=257700/315426 train=4.8756 lr=0.001 pure_tok/s=88,054
causal_conv_mixer_sampled_vocab_anchor16 step=257800/315426 train=4.5951 lr=0.001 pure_tok/s=88,054
causal_conv_mixer_sampled_vocab_anchor16 step=257900/315426 train=4.7315 lr=0.001 pure_tok/s=88,055
causal_conv_mixer_sampled_vocab_anchor16 step=258000/315426 train=4.2878 lr=0.001 pure_tok/s=88,055
causal_conv_mixer_sampled_vocab_anchor16 step=258100/315426 train=4.6605 lr=0.001 pure_tok/s=88,056
causal_conv_mixer_sampled_vocab_anchor16 step=258200/315426 train=5.0666 lr=0.001 pure_tok/s=88,056
causal_conv_mixer_sampled_vocab_anchor16 step=258300/315426 train=4.7418 lr=0.001 pure_tok/s=88,056
causal_conv_mixer_sampled_vocab_anchor16 step=258400/315426 train=4.5748 lr=0.001 pure_tok/s=88,056
causal_conv_mixer_sampled_vocab_anchor16 step=258500/315426 train=4.7543 lr=0.001 pure_tok/s=88,056
causal_conv_mixer_sampled_vocab_anchor16 step=258600/315426 train=4.4306 lr=0.001 pure_tok/s=88,056
causal_conv_mixer_sampled_vocab_anchor16 step=258700/315426 train=4.7939 lr=0.001 pure_tok/s=88,056
causal_conv_mixer_sampled_vocab_anchor16 step=258800/315426 train=4.8211 lr=0.001 pure_tok/s=88,056
causal_conv_mixer_sampled_vocab_anchor16 step=258900/315426 train=4.4192 lr=0.001 pure_tok/s=88,056
causal_conv_mixer_sampled_vocab_anchor16 step=259000/315426 train=4.8091 lr=0.001 pure_tok/s=88,056
causal_conv_mixer_sampled_vocab_anchor16 step=259100/315426 train=4.5567 lr=0.001 pure_tok/s=88,057
causal_conv_mixer_sampled_vocab_anchor16 step=259200/315426 train=4.7111 lr=0.001 pure_tok/s=88,057
causal_conv_mixer_sampled_vocab_anchor16 step=259300/315426 train=4.8181 lr=0.001 pure_tok/s=88,057
causal_conv_mixer_sampled_vocab_anchor16 step=259400/315426 train=4.3727 lr=0.001 pure_tok/s=88,057
causal_conv_mixer_sampled_vocab_anchor16 step=259500/315426 train=4.6137 lr=0.001 pure_tok/s=88,057
causal_conv_mixer_sampled_vocab_anchor16 step=259600/315426 train=4.7249 lr=0.001 pure_tok/s=88,057
causal_conv_mixer_sampled_vocab_anchor16 step=259700/315426 train=4.8878 lr=0.001 pure_tok/s=88,057
causal_conv_mixer_sampled_vocab_anchor16 step=259800/315426 train=4.7560 lr=0.001 pure_tok/s=88,057
causal_conv_mixer_sampled_vocab_anchor16 step=259900/315426 train=4.4254 lr=0.001 pure_tok/s=88,057
causal_conv_mixer_sampled_vocab_anchor16 step=260000/315426 train=4.5899 lr=0.001 pure_tok/s=88,057
causal_conv_mixer_sampled_vocab_anchor16 step=260100/315426 train=4.8274 lr=0.001 pure_tok/s=88,057
causal_conv_mixer_sampled_vocab_anchor16 step=260200/315426 train=4.5317 lr=0.001 pure_tok/s=88,057
causal_conv_mixer_sampled_vocab_anchor16 step=260300/315426 train=4.4827 lr=0.001 pure_tok/s=88,057
causal_conv_mixer_sampled_vocab_anchor16 step=260400/315426 train=4.4937 lr=0.001 pure_tok/s=88,057
causal_conv_mixer_sampled_vocab_anchor16 step=260500/315426 train=4.2941 lr=0.001 pure_tok/s=88,057
causal_conv_mixer_sampled_vocab_anchor16 step=260600/315426 train=4.4754 lr=0.001 pure_tok/s=88,057
causal_conv_mixer_sampled_vocab_anchor16 step=260700/315426 train=4.6341 lr=0.001 pure_tok/s=88,057
causal_conv_mixer_sampled_vocab_anchor16 step=260800/315426 train=4.8757 lr=0.001 pure_tok/s=88,057
causal_conv_mixer_sampled_vocab_anchor16 step=260900/315426 train=4.5522 lr=0.001 pure_tok/s=88,057
causal_conv_mixer_sampled_vocab_anchor16 step=261000/315426 train=4.7632 lr=0.001 pure_tok/s=88,057
causal_conv_mixer_sampled_vocab_anchor16 step=261100/315426 train=4.6728 lr=0.001 pure_tok/s=88,057
causal_conv_mixer_sampled_vocab_anchor16 step=261200/315426 train=4.7029 lr=0.001 pure_tok/s=88,057
causal_conv_mixer_sampled_vocab_anchor16 step=261300/315426 train=4.8082 lr=0.001 pure_tok/s=88,057
causal_conv_mixer_sampled_vocab_anchor16 step=261400/315426 train=4.7710 lr=0.001 pure_tok/s=88,057
causal_conv_mixer_sampled_vocab_anchor16 step=261500/315426 train=4.7052 lr=0.001 pure_tok/s=88,057
causal_conv_mixer_sampled_vocab_anchor16 step=261600/315426 train=4.8286 lr=0.001 pure_tok/s=88,057
causal_conv_mixer_sampled_vocab_anchor16 step=261700/315426 train=4.5956 lr=0.001 pure_tok/s=88,057
causal_conv_mixer_sampled_vocab_anchor16 step=261800/315426 train=5.0808 lr=0.001 pure_tok/s=88,057
causal_conv_mixer_sampled_vocab_anchor16 step=261900/315426 train=4.4844 lr=0.001 pure_tok/s=88,057
causal_conv_mixer_sampled_vocab_anchor16 step=262000/315426 train=4.7776 lr=0.001 pure_tok/s=88,057
causal_conv_mixer_sampled_vocab_anchor16 step=262100/315426 train=4.7924 lr=0.001 pure_tok/s=88,057
causal_conv_mixer_sampled_vocab_anchor16 step=262200/315426 train=4.6187 lr=0.001 pure_tok/s=88,057
causal_conv_mixer_sampled_vocab_anchor16 step=262300/315426 train=4.9778 lr=0.001 pure_tok/s=88,057
causal_conv_mixer_sampled_vocab_anchor16 step=262400/315426 train=4.6733 lr=0.001 pure_tok/s=88,056
causal_conv_mixer_sampled_vocab_anchor16 step=262500/315426 train=4.4092 lr=0.001 pure_tok/s=88,056
causal_conv_mixer_sampled_vocab_anchor16 step=262600/315426 train=4.7919 lr=0.001 pure_tok/s=88,056
causal_conv_mixer_sampled_vocab_anchor16 step=262700/315426 train=4.2785 lr=0.001 pure_tok/s=88,056
causal_conv_mixer_sampled_vocab_anchor16 step=262800/315426 train=4.4750 lr=0.001 pure_tok/s=88,056
causal_conv_mixer_sampled_vocab_anchor16 step=262900/315426 train=4.5478 lr=0.001 pure_tok/s=88,056
causal_conv_mixer_sampled_vocab_anchor16 step=263000/315426 train=4.7395 lr=0.001 pure_tok/s=88,056
causal_conv_mixer_sampled_vocab_anchor16 step=263100/315426 train=4.4528 lr=0.001 pure_tok/s=88,056
causal_conv_mixer_sampled_vocab_anchor16 step=263200/315426 train=4.7789 lr=0.001 pure_tok/s=88,056
causal_conv_mixer_sampled_vocab_anchor16 step=263300/315426 train=5.0131 lr=0.001 pure_tok/s=88,055
causal_conv_mixer_sampled_vocab_anchor16 step=263400/315426 train=4.6734 lr=0.001 pure_tok/s=88,055
causal_conv_mixer_sampled_vocab_anchor16 step=263500/315426 train=4.7454 lr=0.001 pure_tok/s=88,055
causal_conv_mixer_sampled_vocab_anchor16 step=263600/315426 train=4.8995 lr=0.001 pure_tok/s=88,055
causal_conv_mixer_sampled_vocab_anchor16 step=263700/315426 train=4.8206 lr=0.001 pure_tok/s=88,056
causal_conv_mixer_sampled_vocab_anchor16 step=263800/315426 train=4.6181 lr=0.001 pure_tok/s=88,056
causal_conv_mixer_sampled_vocab_anchor16 step=263900/315426 train=4.5052 lr=0.001 pure_tok/s=88,056
causal_conv_mixer_sampled_vocab_anchor16 step=264000/315426 train=4.7147 lr=0.001 pure_tok/s=88,056
causal_conv_mixer_sampled_vocab_anchor16 step=264100/315426 train=5.0173 lr=0.001 pure_tok/s=88,056
causal_conv_mixer_sampled_vocab_anchor16 step=264200/315426 train=4.7736 lr=0.001 pure_tok/s=88,056
causal_conv_mixer_sampled_vocab_anchor16 step=264300/315426 train=4.7915 lr=0.001 pure_tok/s=88,056
causal_conv_mixer_sampled_vocab_anchor16 step=264400/315426 train=4.8709 lr=0.001 pure_tok/s=88,056
causal_conv_mixer_sampled_vocab_anchor16 step=264500/315426 train=4.7806 lr=0.001 pure_tok/s=88,056
causal_conv_mixer_sampled_vocab_anchor16 step=264600/315426 train=4.7859 lr=0.001 pure_tok/s=88,056
causal_conv_mixer_sampled_vocab_anchor16 step=264700/315426 train=4.6445 lr=0.001 pure_tok/s=88,056
causal_conv_mixer_sampled_vocab_anchor16 step=264800/315426 train=4.8672 lr=0.001 pure_tok/s=88,056
causal_conv_mixer_sampled_vocab_anchor16 step=264900/315426 train=4.6753 lr=0.001 pure_tok/s=88,056
causal_conv_mixer_sampled_vocab_anchor16 step=265000/315426 train=4.7437 lr=0.001 pure_tok/s=88,056
causal_conv_mixer_sampled_vocab_anchor16 step=265100/315426 train=4.9942 lr=0.001 pure_tok/s=88,056
causal_conv_mixer_sampled_vocab_anchor16 step=265200/315426 train=4.9618 lr=0.001 pure_tok/s=88,056
causal_conv_mixer_sampled_vocab_anchor16 step=265300/315426 train=4.8459 lr=0.001 pure_tok/s=88,056
causal_conv_mixer_sampled_vocab_anchor16 step=265400/315426 train=5.0543 lr=0.001 pure_tok/s=88,056
causal_conv_mixer_sampled_vocab_anchor16 step=265500/315426 train=4.9292 lr=0.001 pure_tok/s=88,056
causal_conv_mixer_sampled_vocab_anchor16 step=265600/315426 train=4.7604 lr=0.001 pure_tok/s=88,056
causal_conv_mixer_sampled_vocab_anchor16 step=265700/315426 train=4.7750 lr=0.001 pure_tok/s=88,056
causal_conv_mixer_sampled_vocab_anchor16 eval step=265761 val=4.7959 mode=full
causal_conv_mixer_sampled_vocab_anchor16 step=265800/315426 train=4.6727 lr=0.001 pure_tok/s=88,056
causal_conv_mixer_sampled_vocab_anchor16 step=265900/315426 train=4.6756 lr=0.001 pure_tok/s=88,056
causal_conv_mixer_sampled_vocab_anchor16 step=266000/315426 train=4.6572 lr=0.001 pure_tok/s=88,056
causal_conv_mixer_sampled_vocab_anchor16 step=266100/315426 train=4.4590 lr=0.001 pure_tok/s=88,056
causal_conv_mixer_sampled_vocab_anchor16 step=266200/315426 train=4.7717 lr=0.001 pure_tok/s=88,056
causal_conv_mixer_sampled_vocab_anchor16 step=266300/315426 train=4.6428 lr=0.001 pure_tok/s=88,056
causal_conv_mixer_sampled_vocab_anchor16 step=266400/315426 train=4.8231 lr=0.001 pure_tok/s=88,056
causal_conv_mixer_sampled_vocab_anchor16 step=266500/315426 train=4.8747 lr=0.001 pure_tok/s=88,056
causal_conv_mixer_sampled_vocab_anchor16 step=266600/315426 train=4.7533 lr=0.001 pure_tok/s=88,056
causal_conv_mixer_sampled_vocab_anchor16 step=266700/315426 train=4.8641 lr=0.001 pure_tok/s=88,056
causal_conv_mixer_sampled_vocab_anchor16 step=266800/315426 train=4.6417 lr=0.001 pure_tok/s=88,056
causal_conv_mixer_sampled_vocab_anchor16 step=266900/315426 train=4.4320 lr=0.001 pure_tok/s=88,056
causal_conv_mixer_sampled_vocab_anchor16 step=267000/315426 train=4.5623 lr=0.001 pure_tok/s=88,056
causal_conv_mixer_sampled_vocab_anchor16 step=267100/315426 train=4.6948 lr=0.001 pure_tok/s=88,056
causal_conv_mixer_sampled_vocab_anchor16 step=267200/315426 train=4.9574 lr=0.001 pure_tok/s=88,056
causal_conv_mixer_sampled_vocab_anchor16 step=267300/315426 train=4.5348 lr=0.001 pure_tok/s=88,056
causal_conv_mixer_sampled_vocab_anchor16 step=267400/315426 train=4.5126 lr=0.001 pure_tok/s=88,056
causal_conv_mixer_sampled_vocab_anchor16 step=267500/315426 train=4.5661 lr=0.001 pure_tok/s=88,056
causal_conv_mixer_sampled_vocab_anchor16 step=267600/315426 train=4.6065 lr=0.001 pure_tok/s=88,056
causal_conv_mixer_sampled_vocab_anchor16 step=267700/315426 train=4.7009 lr=0.001 pure_tok/s=88,056
causal_conv_mixer_sampled_vocab_anchor16 step=267800/315426 train=4.6999 lr=0.001 pure_tok/s=88,056
causal_conv_mixer_sampled_vocab_anchor16 step=267900/315426 train=4.6222 lr=0.001 pure_tok/s=88,056
causal_conv_mixer_sampled_vocab_anchor16 step=268000/315426 train=4.7367 lr=0.001 pure_tok/s=88,056
causal_conv_mixer_sampled_vocab_anchor16 step=268100/315426 train=4.7914 lr=0.001 pure_tok/s=88,056
causal_conv_mixer_sampled_vocab_anchor16 step=268200/315426 train=4.3991 lr=0.001 pure_tok/s=88,056
causal_conv_mixer_sampled_vocab_anchor16 step=268300/315426 train=4.6862 lr=0.001 pure_tok/s=88,056
causal_conv_mixer_sampled_vocab_anchor16 step=268400/315426 train=4.7227 lr=0.001 pure_tok/s=88,056
causal_conv_mixer_sampled_vocab_anchor16 step=268500/315426 train=4.6139 lr=0.001 pure_tok/s=88,056
causal_conv_mixer_sampled_vocab_anchor16 step=268600/315426 train=4.5995 lr=0.001 pure_tok/s=88,056
causal_conv_mixer_sampled_vocab_anchor16 step=268700/315426 train=4.9387 lr=0.001 pure_tok/s=88,056
causal_conv_mixer_sampled_vocab_anchor16 step=268800/315426 train=4.5636 lr=0.001 pure_tok/s=88,056
causal_conv_mixer_sampled_vocab_anchor16 step=268900/315426 train=4.7554 lr=0.001 pure_tok/s=88,056
causal_conv_mixer_sampled_vocab_anchor16 step=269000/315426 train=4.7218 lr=0.001 pure_tok/s=88,056
causal_conv_mixer_sampled_vocab_anchor16 step=269100/315426 train=4.4619 lr=0.001 pure_tok/s=88,056
causal_conv_mixer_sampled_vocab_anchor16 step=269200/315426 train=4.4668 lr=0.001 pure_tok/s=88,057
causal_conv_mixer_sampled_vocab_anchor16 step=269300/315426 train=4.5934 lr=0.001 pure_tok/s=88,059
causal_conv_mixer_sampled_vocab_anchor16 step=269400/315426 train=4.8842 lr=0.001 pure_tok/s=88,058
causal_conv_mixer_sampled_vocab_anchor16 step=269500/315426 train=4.4885 lr=0.001 pure_tok/s=88,055
causal_conv_mixer_sampled_vocab_anchor16 step=269600/315426 train=4.9351 lr=0.001 pure_tok/s=88,053
causal_conv_mixer_sampled_vocab_anchor16 step=269700/315426 train=4.4894 lr=0.001 pure_tok/s=88,050
causal_conv_mixer_sampled_vocab_anchor16 step=269800/315426 train=4.8274 lr=0.001 pure_tok/s=88,047
causal_conv_mixer_sampled_vocab_anchor16 step=269900/315426 train=4.5872 lr=0.001 pure_tok/s=88,045
causal_conv_mixer_sampled_vocab_anchor16 step=270000/315426 train=4.8733 lr=0.001 pure_tok/s=88,038
causal_conv_mixer_sampled_vocab_anchor16 step=270100/315426 train=4.6944 lr=0.001 pure_tok/s=88,037
causal_conv_mixer_sampled_vocab_anchor16 step=270200/315426 train=4.7066 lr=0.001 pure_tok/s=88,035
causal_conv_mixer_sampled_vocab_anchor16 step=270300/315426 train=4.7865 lr=0.001 pure_tok/s=88,032
causal_conv_mixer_sampled_vocab_anchor16 step=270400/315426 train=4.3090 lr=0.001 pure_tok/s=88,029
causal_conv_mixer_sampled_vocab_anchor16 step=270500/315426 train=4.1703 lr=0.001 pure_tok/s=88,026
causal_conv_mixer_sampled_vocab_anchor16 step=270600/315426 train=4.5328 lr=0.001 pure_tok/s=88,024
causal_conv_mixer_sampled_vocab_anchor16 step=270700/315426 train=4.8992 lr=0.001 pure_tok/s=88,022
causal_conv_mixer_sampled_vocab_anchor16 step=270800/315426 train=4.5174 lr=0.001 pure_tok/s=88,021
causal_conv_mixer_sampled_vocab_anchor16 step=270900/315426 train=4.3378 lr=0.001 pure_tok/s=88,019
causal_conv_mixer_sampled_vocab_anchor16 step=271000/315426 train=4.6420 lr=0.001 pure_tok/s=88,019
causal_conv_mixer_sampled_vocab_anchor16 step=271100/315426 train=4.5895 lr=0.001 pure_tok/s=88,018
causal_conv_mixer_sampled_vocab_anchor16 step=271200/315426 train=4.6137 lr=0.001 pure_tok/s=88,016
causal_conv_mixer_sampled_vocab_anchor16 step=271300/315426 train=4.7405 lr=0.001 pure_tok/s=88,014
causal_conv_mixer_sampled_vocab_anchor16 step=271400/315426 train=4.8625 lr=0.001 pure_tok/s=88,012
causal_conv_mixer_sampled_vocab_anchor16 step=271500/315426 train=4.5420 lr=0.001 pure_tok/s=88,012
causal_conv_mixer_sampled_vocab_anchor16 step=271600/315426 train=4.6923 lr=0.001 pure_tok/s=88,010
causal_conv_mixer_sampled_vocab_anchor16 step=271700/315426 train=4.6788 lr=0.001 pure_tok/s=88,008
causal_conv_mixer_sampled_vocab_anchor16 step=271800/315426 train=4.6414 lr=0.001 pure_tok/s=88,006
causal_conv_mixer_sampled_vocab_anchor16 step=271900/315426 train=4.8514 lr=0.001 pure_tok/s=88,005
causal_conv_mixer_sampled_vocab_anchor16 step=272000/315426 train=4.4557 lr=0.001 pure_tok/s=88,008
causal_conv_mixer_sampled_vocab_anchor16 step=272100/315426 train=4.1184 lr=0.001 pure_tok/s=88,008
causal_conv_mixer_sampled_vocab_anchor16 step=272200/315426 train=4.4935 lr=0.001 pure_tok/s=88,008
causal_conv_mixer_sampled_vocab_anchor16 step=272300/315426 train=4.9626 lr=0.001 pure_tok/s=88,005
causal_conv_mixer_sampled_vocab_anchor16 step=272400/315426 train=4.6646 lr=0.001 pure_tok/s=88,000
causal_conv_mixer_sampled_vocab_anchor16 step=272500/315426 train=4.3506 lr=0.001 pure_tok/s=87,985
causal_conv_mixer_sampled_vocab_anchor16 step=272600/315426 train=4.3280 lr=0.001 pure_tok/s=87,968
causal_conv_mixer_sampled_vocab_anchor16 step=272700/315426 train=4.5623 lr=0.001 pure_tok/s=87,949
causal_conv_mixer_sampled_vocab_anchor16 step=272800/315426 train=4.6451 lr=0.001 pure_tok/s=87,929
causal_conv_mixer_sampled_vocab_anchor16 step=272900/315426 train=4.6181 lr=0.001 pure_tok/s=87,912
causal_conv_mixer_sampled_vocab_anchor16 step=273000/315426 train=4.7357 lr=0.001 pure_tok/s=87,896
causal_conv_mixer_sampled_vocab_anchor16 step=273100/315426 train=4.6863 lr=0.001 pure_tok/s=87,895
causal_conv_mixer_sampled_vocab_anchor16 step=273200/315426 train=4.5717 lr=0.001 pure_tok/s=87,876
causal_conv_mixer_sampled_vocab_anchor16 step=273300/315426 train=4.7393 lr=0.001 pure_tok/s=87,858
causal_conv_mixer_sampled_vocab_anchor16 step=273400/315426 train=4.6732 lr=0.001 pure_tok/s=87,842
causal_conv_mixer_sampled_vocab_anchor16 step=273500/315426 train=4.7303 lr=0.001 pure_tok/s=87,824
causal_conv_mixer_sampled_vocab_anchor16 step=273600/315426 train=4.7062 lr=0.001 pure_tok/s=87,808
causal_conv_mixer_sampled_vocab_anchor16 step=273700/315426 train=4.6106 lr=0.001 pure_tok/s=87,789
causal_conv_mixer_sampled_vocab_anchor16 step=273800/315426 train=4.7556 lr=0.001 pure_tok/s=87,772
causal_conv_mixer_sampled_vocab_anchor16 step=273900/315426 train=4.7811 lr=0.001 pure_tok/s=87,753
causal_conv_mixer_sampled_vocab_anchor16 step=274000/315426 train=4.5257 lr=0.001 pure_tok/s=87,734
causal_conv_mixer_sampled_vocab_anchor16 step=274100/315426 train=4.7505 lr=0.001 pure_tok/s=87,713
causal_conv_mixer_sampled_vocab_anchor16 step=274200/315426 train=5.1512 lr=0.001 pure_tok/s=87,695
causal_conv_mixer_sampled_vocab_anchor16 step=274300/315426 train=4.6137 lr=0.001 pure_tok/s=87,677
causal_conv_mixer_sampled_vocab_anchor16 step=274400/315426 train=4.6835 lr=0.001 pure_tok/s=87,659
causal_conv_mixer_sampled_vocab_anchor16 step=274500/315426 train=4.6084 lr=0.001 pure_tok/s=87,641
causal_conv_mixer_sampled_vocab_anchor16 step=274600/315426 train=4.6545 lr=0.001 pure_tok/s=87,621
causal_conv_mixer_sampled_vocab_anchor16 step=274700/315426 train=4.5689 lr=0.001 pure_tok/s=87,600
causal_conv_mixer_sampled_vocab_anchor16 step=274800/315426 train=4.7763 lr=0.001 pure_tok/s=87,583
causal_conv_mixer_sampled_vocab_anchor16 step=274900/315426 train=4.6105 lr=0.001 pure_tok/s=87,563
causal_conv_mixer_sampled_vocab_anchor16 step=275000/315426 train=4.5638 lr=0.001 pure_tok/s=87,544
causal_conv_mixer_sampled_vocab_anchor16 step=275100/315426 train=4.9105 lr=0.001 pure_tok/s=87,527
causal_conv_mixer_sampled_vocab_anchor16 step=275200/315426 train=4.4815 lr=0.001 pure_tok/s=87,521
causal_conv_mixer_sampled_vocab_anchor16 step=275300/315426 train=4.7139 lr=0.001 pure_tok/s=87,514
causal_conv_mixer_sampled_vocab_anchor16 step=275400/315426 train=4.5660 lr=0.001 pure_tok/s=87,494
causal_conv_mixer_sampled_vocab_anchor16 step=275500/315426 train=4.8971 lr=0.001 pure_tok/s=87,468
causal_conv_mixer_sampled_vocab_anchor16 step=275600/315426 train=4.8323 lr=0.001 pure_tok/s=87,464
causal_conv_mixer_sampled_vocab_anchor16 eval step=275604 val=4.7900 mode=full
causal_conv_mixer_sampled_vocab_anchor16 step=275700/315426 train=4.7212 lr=0.001 pure_tok/s=87,461
causal_conv_mixer_sampled_vocab_anchor16 step=275800/315426 train=4.6482 lr=0.001 pure_tok/s=87,459
causal_conv_mixer_sampled_vocab_anchor16 step=275900/315426 train=4.7146 lr=0.001 pure_tok/s=87,456
causal_conv_mixer_sampled_vocab_anchor16 step=276000/315426 train=4.5198 lr=0.001 pure_tok/s=87,455
causal_conv_mixer_sampled_vocab_anchor16 step=276100/315426 train=4.4425 lr=0.001 pure_tok/s=87,457
causal_conv_mixer_sampled_vocab_anchor16 step=276200/315426 train=4.5033 lr=0.001 pure_tok/s=87,457
causal_conv_mixer_sampled_vocab_anchor16 step=276300/315426 train=4.8668 lr=0.001 pure_tok/s=87,456
causal_conv_mixer_sampled_vocab_anchor16 step=276400/315426 train=4.4904 lr=0.001 pure_tok/s=87,460
causal_conv_mixer_sampled_vocab_anchor16 step=276500/315426 train=4.4986 lr=0.001 pure_tok/s=87,461
causal_conv_mixer_sampled_vocab_anchor16 step=276600/315426 train=4.5453 lr=0.001 pure_tok/s=87,460
causal_conv_mixer_sampled_vocab_anchor16 step=276700/315426 train=4.7973 lr=0.001 pure_tok/s=87,460
causal_conv_mixer_sampled_vocab_anchor16 step=276800/315426 train=4.7241 lr=0.001 pure_tok/s=87,458
causal_conv_mixer_sampled_vocab_anchor16 step=276900/315426 train=4.6833 lr=0.001 pure_tok/s=87,456
causal_conv_mixer_sampled_vocab_anchor16 step=277000/315426 train=4.8790 lr=0.001 pure_tok/s=87,454
causal_conv_mixer_sampled_vocab_anchor16 step=277100/315426 train=4.8578 lr=0.001 pure_tok/s=87,451
causal_conv_mixer_sampled_vocab_anchor16 step=277200/315426 train=4.8058 lr=0.001 pure_tok/s=87,450
causal_conv_mixer_sampled_vocab_anchor16 step=277300/315426 train=4.7238 lr=0.001 pure_tok/s=87,448
causal_conv_mixer_sampled_vocab_anchor16 step=277400/315426 train=4.9111 lr=0.001 pure_tok/s=87,442
causal_conv_mixer_sampled_vocab_anchor16 step=277500/315426 train=4.7928 lr=0.001 pure_tok/s=87,440
causal_conv_mixer_sampled_vocab_anchor16 step=277600/315426 train=4.4948 lr=0.001 pure_tok/s=87,440
causal_conv_mixer_sampled_vocab_anchor16 step=277700/315426 train=4.6504 lr=0.001 pure_tok/s=87,436
causal_conv_mixer_sampled_vocab_anchor16 step=277800/315426 train=4.4592 lr=0.001 pure_tok/s=87,371
causal_conv_mixer_sampled_vocab_anchor16 step=277900/315426 train=4.4977 lr=0.001 pure_tok/s=87,344
causal_conv_mixer_sampled_vocab_anchor16 step=278000/315426 train=4.7862 lr=0.001 pure_tok/s=87,342
causal_conv_mixer_sampled_vocab_anchor16 step=278100/315426 train=4.5929 lr=0.001 pure_tok/s=87,342
causal_conv_mixer_sampled_vocab_anchor16 step=278200/315426 train=4.8293 lr=0.001 pure_tok/s=87,341
causal_conv_mixer_sampled_vocab_anchor16 step=278300/315426 train=4.5260 lr=0.001 pure_tok/s=87,341
causal_conv_mixer_sampled_vocab_anchor16 step=278400/315426 train=5.2942 lr=0.001 pure_tok/s=87,341
causal_conv_mixer_sampled_vocab_anchor16 step=278500/315426 train=4.4177 lr=0.001 pure_tok/s=87,335
causal_conv_mixer_sampled_vocab_anchor16 step=278600/315426 train=4.6155 lr=0.001 pure_tok/s=87,335
causal_conv_mixer_sampled_vocab_anchor16 step=278700/315426 train=4.5119 lr=0.001 pure_tok/s=87,334
causal_conv_mixer_sampled_vocab_anchor16 step=278800/315426 train=4.7630 lr=0.001 pure_tok/s=87,333
causal_conv_mixer_sampled_vocab_anchor16 step=278900/315426 train=4.4835 lr=0.001 pure_tok/s=87,332
causal_conv_mixer_sampled_vocab_anchor16 step=279000/315426 train=4.9588 lr=0.001 pure_tok/s=87,329
causal_conv_mixer_sampled_vocab_anchor16 step=279100/315426 train=4.8907 lr=0.001 pure_tok/s=87,319
causal_conv_mixer_sampled_vocab_anchor16 step=279200/315426 train=4.8204 lr=0.001 pure_tok/s=87,301
causal_conv_mixer_sampled_vocab_anchor16 step=279300/315426 train=4.6917 lr=0.001 pure_tok/s=87,301
causal_conv_mixer_sampled_vocab_anchor16 step=279400/315426 train=4.3963 lr=0.001 pure_tok/s=87,300
causal_conv_mixer_sampled_vocab_anchor16 step=279500/315426 train=4.8178 lr=0.001 pure_tok/s=87,300
causal_conv_mixer_sampled_vocab_anchor16 step=279600/315426 train=4.6797 lr=0.001 pure_tok/s=87,298
causal_conv_mixer_sampled_vocab_anchor16 step=279700/315426 train=4.8746 lr=0.001 pure_tok/s=87,297
causal_conv_mixer_sampled_vocab_anchor16 step=279800/315426 train=4.5620 lr=0.001 pure_tok/s=87,292
causal_conv_mixer_sampled_vocab_anchor16 step=279900/315426 train=4.5089 lr=0.001 pure_tok/s=87,279
causal_conv_mixer_sampled_vocab_anchor16 step=280000/315426 train=4.5194 lr=0.001 pure_tok/s=87,262
causal_conv_mixer_sampled_vocab_anchor16 step=280100/315426 train=4.3356 lr=0.001 pure_tok/s=87,262
causal_conv_mixer_sampled_vocab_anchor16 step=280200/315426 train=4.5844 lr=0.001 pure_tok/s=87,261
causal_conv_mixer_sampled_vocab_anchor16 step=280300/315426 train=4.6092 lr=0.001 pure_tok/s=87,259
causal_conv_mixer_sampled_vocab_anchor16 step=280400/315426 train=4.6443 lr=0.001 pure_tok/s=87,258
causal_conv_mixer_sampled_vocab_anchor16 step=280500/315426 train=4.5409 lr=0.001 pure_tok/s=87,256
causal_conv_mixer_sampled_vocab_anchor16 step=280600/315426 train=4.6814 lr=0.001 pure_tok/s=87,255
causal_conv_mixer_sampled_vocab_anchor16 step=280700/315426 train=4.5990 lr=0.001 pure_tok/s=87,246
causal_conv_mixer_sampled_vocab_anchor16 step=280800/315426 train=4.7375 lr=0.001 pure_tok/s=87,237
causal_conv_mixer_sampled_vocab_anchor16 step=280900/315426 train=4.6963 lr=0.001 pure_tok/s=87,231
causal_conv_mixer_sampled_vocab_anchor16 step=281000/315426 train=4.6837 lr=0.001 pure_tok/s=87,224
causal_conv_mixer_sampled_vocab_anchor16 step=281100/315426 train=4.6435 lr=0.001 pure_tok/s=87,215
causal_conv_mixer_sampled_vocab_anchor16 step=281200/315426 train=4.4394 lr=0.001 pure_tok/s=87,191
causal_conv_mixer_sampled_vocab_anchor16 step=281300/315426 train=4.9533 lr=0.001 pure_tok/s=87,180
causal_conv_mixer_sampled_vocab_anchor16 step=281400/315426 train=4.7286 lr=0.001 pure_tok/s=87,174
causal_conv_mixer_sampled_vocab_anchor16 step=281500/315426 train=4.5819 lr=0.001 pure_tok/s=87,159
causal_conv_mixer_sampled_vocab_anchor16 step=281600/315426 train=4.5135 lr=0.001 pure_tok/s=87,147
causal_conv_mixer_sampled_vocab_anchor16 step=281700/315426 train=4.9835 lr=0.001 pure_tok/s=87,131
causal_conv_mixer_sampled_vocab_anchor16 step=281800/315426 train=4.5640 lr=0.001 pure_tok/s=87,118
causal_conv_mixer_sampled_vocab_anchor16 step=281900/315426 train=4.5765 lr=0.001 pure_tok/s=87,112
causal_conv_mixer_sampled_vocab_anchor16 step=282000/315426 train=4.6625 lr=0.001 pure_tok/s=87,099
causal_conv_mixer_sampled_vocab_anchor16 step=282100/315426 train=4.8621 lr=0.001 pure_tok/s=87,087
causal_conv_mixer_sampled_vocab_anchor16 step=282200/315426 train=4.9496 lr=0.001 pure_tok/s=87,080
causal_conv_mixer_sampled_vocab_anchor16 step=282300/315426 train=4.7564 lr=0.001 pure_tok/s=87,073
causal_conv_mixer_sampled_vocab_anchor16 step=282400/315426 train=4.7138 lr=0.001 pure_tok/s=87,058
causal_conv_mixer_sampled_vocab_anchor16 step=282500/315426 train=4.5308 lr=0.001 pure_tok/s=87,048
causal_conv_mixer_sampled_vocab_anchor16 step=282600/315426 train=4.7490 lr=0.001 pure_tok/s=87,040
causal_conv_mixer_sampled_vocab_anchor16 step=282700/315426 train=4.6375 lr=0.001 pure_tok/s=87,033
causal_conv_mixer_sampled_vocab_anchor16 step=282800/315426 train=4.5299 lr=0.001 pure_tok/s=87,028
causal_conv_mixer_sampled_vocab_anchor16 step=282900/315426 train=5.0318 lr=0.001 pure_tok/s=87,025
causal_conv_mixer_sampled_vocab_anchor16 step=283000/315426 train=4.4709 lr=0.001 pure_tok/s=87,022
causal_conv_mixer_sampled_vocab_anchor16 step=283100/315426 train=4.6424 lr=0.001 pure_tok/s=87,008
causal_conv_mixer_sampled_vocab_anchor16 step=283200/315426 train=4.3099 lr=0.001 pure_tok/s=86,999
causal_conv_mixer_sampled_vocab_anchor16 step=283300/315426 train=4.5827 lr=0.001 pure_tok/s=86,939
causal_conv_mixer_sampled_vocab_anchor16 step=283400/315426 train=4.5649 lr=0.001 pure_tok/s=86,884
causal_conv_mixer_sampled_vocab_anchor16 step=283500/315426 train=4.4803 lr=0.001 pure_tok/s=86,869
causal_conv_mixer_sampled_vocab_anchor16 step=283600/315426 train=4.6711 lr=0.001 pure_tok/s=86,858
causal_conv_mixer_sampled_vocab_anchor16 step=283700/315426 train=4.6402 lr=0.001 pure_tok/s=86,842
causal_conv_mixer_sampled_vocab_anchor16 step=283800/315426 train=4.7126 lr=0.001 pure_tok/s=86,830
causal_conv_mixer_sampled_vocab_anchor16 step=283900/315426 train=4.6347 lr=0.001 pure_tok/s=86,817
causal_conv_mixer_sampled_vocab_anchor16 step=284000/315426 train=4.5793 lr=0.001 pure_tok/s=86,782
causal_conv_mixer_sampled_vocab_anchor16 step=284100/315426 train=4.7768 lr=0.001 pure_tok/s=86,775
causal_conv_mixer_sampled_vocab_anchor16 step=284200/315426 train=4.6486 lr=0.001 pure_tok/s=86,769
causal_conv_mixer_sampled_vocab_anchor16 step=284300/315426 train=4.4518 lr=0.001 pure_tok/s=86,757
causal_conv_mixer_sampled_vocab_anchor16 step=284400/315426 train=4.6144 lr=0.001 pure_tok/s=86,753
causal_conv_mixer_sampled_vocab_anchor16 step=284500/315426 train=4.7379 lr=0.001 pure_tok/s=86,711
causal_conv_mixer_sampled_vocab_anchor16 step=284600/315426 train=4.7874 lr=0.001 pure_tok/s=86,613
causal_conv_mixer_sampled_vocab_anchor16 step=284700/315426 train=4.4594 lr=0.001 pure_tok/s=86,547
causal_conv_mixer_sampled_vocab_anchor16 step=284800/315426 train=4.8703 lr=0.001 pure_tok/s=86,542
causal_conv_mixer_sampled_vocab_anchor16 step=284900/315426 train=4.6538 lr=0.001 pure_tok/s=86,535
causal_conv_mixer_sampled_vocab_anchor16 step=285000/315426 train=5.1317 lr=0.001 pure_tok/s=86,531
causal_conv_mixer_sampled_vocab_anchor16 step=285100/315426 train=4.6131 lr=0.001 pure_tok/s=86,490
causal_conv_mixer_sampled_vocab_anchor16 step=285200/315426 train=4.5150 lr=0.001 pure_tok/s=86,436
causal_conv_mixer_sampled_vocab_anchor16 step=285300/315426 train=4.8759 lr=0.001 pure_tok/s=86,404
causal_conv_mixer_sampled_vocab_anchor16 step=285400/315426 train=4.6272 lr=0.001 pure_tok/s=86,395
causal_conv_mixer_sampled_vocab_anchor16 eval step=285447 val=4.7773 mode=full
causal_conv_mixer_sampled_vocab_anchor16 step=285500/315426 train=4.6394 lr=0.001 pure_tok/s=86,291
causal_conv_mixer_sampled_vocab_anchor16 step=285600/315426 train=4.4531 lr=0.001 pure_tok/s=86,108
causal_conv_mixer_sampled_vocab_anchor16 step=285700/315426 train=4.7388 lr=0.001 pure_tok/s=85,951
causal_conv_mixer_sampled_vocab_anchor16 step=285800/315426 train=4.6385 lr=0.001 pure_tok/s=85,920
causal_conv_mixer_sampled_vocab_anchor16 step=285900/315426 train=4.5528 lr=0.001 pure_tok/s=85,678
causal_conv_mixer_sampled_vocab_anchor16 step=286000/315426 train=4.8912 lr=0.001 pure_tok/s=85,642
causal_conv_mixer_sampled_vocab_anchor16 step=286100/315426 train=4.7028 lr=0.001 pure_tok/s=85,642
causal_conv_mixer_sampled_vocab_anchor16 step=286200/315426 train=4.6111 lr=0.001 pure_tok/s=85,641
causal_conv_mixer_sampled_vocab_anchor16 step=286300/315426 train=4.4402 lr=0.001 pure_tok/s=85,621
causal_conv_mixer_sampled_vocab_anchor16 step=286400/315426 train=4.6544 lr=0.001 pure_tok/s=85,601
causal_conv_mixer_sampled_vocab_anchor16 step=286500/315426 train=5.3006 lr=0.001 pure_tok/s=85,559
causal_conv_mixer_sampled_vocab_anchor16 step=286600/315426 train=4.4701 lr=0.001 pure_tok/s=85,546
causal_conv_mixer_sampled_vocab_anchor16 step=286700/315426 train=4.3830 lr=0.001 pure_tok/s=85,540
causal_conv_mixer_sampled_vocab_anchor16 step=286800/315426 train=4.6551 lr=0.001 pure_tok/s=85,525
causal_conv_mixer_sampled_vocab_anchor16 step=286900/315426 train=5.0027 lr=0.001 pure_tok/s=85,480
causal_conv_mixer_sampled_vocab_anchor16 step=287000/315426 train=4.8373 lr=0.001 pure_tok/s=85,470
causal_conv_mixer_sampled_vocab_anchor16 step=287100/315426 train=4.6915 lr=0.001 pure_tok/s=85,471
causal_conv_mixer_sampled_vocab_anchor16 step=287200/315426 train=4.4521 lr=0.001 pure_tok/s=85,470
causal_conv_mixer_sampled_vocab_anchor16 step=287300/315426 train=4.5085 lr=0.001 pure_tok/s=85,459
causal_conv_mixer_sampled_vocab_anchor16 step=287400/315426 train=4.7221 lr=0.001 pure_tok/s=85,439
causal_conv_mixer_sampled_vocab_anchor16 step=287500/315426 train=4.6104 lr=0.001 pure_tok/s=85,438
causal_conv_mixer_sampled_vocab_anchor16 step=287600/315426 train=4.5941 lr=0.001 pure_tok/s=85,434
causal_conv_mixer_sampled_vocab_anchor16 step=287700/315426 train=5.1759 lr=0.001 pure_tok/s=85,348
causal_conv_mixer_sampled_vocab_anchor16 step=287800/315426 train=4.5367 lr=0.001 pure_tok/s=85,325
causal_conv_mixer_sampled_vocab_anchor16 step=287900/315426 train=4.6028 lr=0.001 pure_tok/s=85,303
causal_conv_mixer_sampled_vocab_anchor16 step=288000/315426 train=4.5195 lr=0.001 pure_tok/s=85,292
causal_conv_mixer_sampled_vocab_anchor16 step=288100/315426 train=4.8238 lr=0.001 pure_tok/s=85,288
causal_conv_mixer_sampled_vocab_anchor16 step=288200/315426 train=5.0231 lr=0.001 pure_tok/s=85,264
causal_conv_mixer_sampled_vocab_anchor16 step=288300/315426 train=4.6485 lr=0.001 pure_tok/s=85,174
causal_conv_mixer_sampled_vocab_anchor16 step=288400/315426 train=4.7988 lr=0.001 pure_tok/s=85,174
causal_conv_mixer_sampled_vocab_anchor16 step=288500/315426 train=4.6320 lr=0.001 pure_tok/s=85,174
causal_conv_mixer_sampled_vocab_anchor16 step=288600/315426 train=4.8515 lr=0.001 pure_tok/s=85,174
causal_conv_mixer_sampled_vocab_anchor16 step=288700/315426 train=4.7753 lr=0.001 pure_tok/s=85,173
causal_conv_mixer_sampled_vocab_anchor16 step=288800/315426 train=4.6575 lr=0.001 pure_tok/s=85,157
causal_conv_mixer_sampled_vocab_anchor16 step=288900/315426 train=4.7843 lr=0.001 pure_tok/s=85,155
causal_conv_mixer_sampled_vocab_anchor16 step=289000/315426 train=4.8810 lr=0.001 pure_tok/s=85,155
causal_conv_mixer_sampled_vocab_anchor16 step=289100/315426 train=4.7916 lr=0.001 pure_tok/s=85,156
causal_conv_mixer_sampled_vocab_anchor16 step=289200/315426 train=4.7170 lr=0.001 pure_tok/s=85,157
causal_conv_mixer_sampled_vocab_anchor16 step=289300/315426 train=4.6221 lr=0.001 pure_tok/s=85,157
causal_conv_mixer_sampled_vocab_anchor16 step=289400/315426 train=5.1690 lr=0.001 pure_tok/s=85,156
causal_conv_mixer_sampled_vocab_anchor16 step=289500/315426 train=4.7183 lr=0.001 pure_tok/s=85,157
causal_conv_mixer_sampled_vocab_anchor16 step=289600/315426 train=4.4345 lr=0.001 pure_tok/s=85,156
causal_conv_mixer_sampled_vocab_anchor16 step=289700/315426 train=4.7860 lr=0.001 pure_tok/s=85,156
causal_conv_mixer_sampled_vocab_anchor16 step=289800/315426 train=4.6082 lr=0.001 pure_tok/s=85,156
causal_conv_mixer_sampled_vocab_anchor16 step=289900/315426 train=4.6806 lr=0.001 pure_tok/s=85,155
causal_conv_mixer_sampled_vocab_anchor16 step=290000/315426 train=4.3216 lr=0.001 pure_tok/s=85,155
causal_conv_mixer_sampled_vocab_anchor16 step=290100/315426 train=4.4510 lr=0.001 pure_tok/s=85,155
causal_conv_mixer_sampled_vocab_anchor16 step=290200/315426 train=4.3264 lr=0.001 pure_tok/s=85,155
causal_conv_mixer_sampled_vocab_anchor16 step=290300/315426 train=4.6864 lr=0.001 pure_tok/s=85,155
causal_conv_mixer_sampled_vocab_anchor16 step=290400/315426 train=4.6539 lr=0.001 pure_tok/s=85,156
causal_conv_mixer_sampled_vocab_anchor16 step=290500/315426 train=4.6816 lr=0.001 pure_tok/s=85,156
causal_conv_mixer_sampled_vocab_anchor16 step=290600/315426 train=4.8185 lr=0.001 pure_tok/s=85,155
causal_conv_mixer_sampled_vocab_anchor16 step=290700/315426 train=4.8284 lr=0.001 pure_tok/s=85,155
causal_conv_mixer_sampled_vocab_anchor16 step=290800/315426 train=4.5313 lr=0.001 pure_tok/s=85,156
causal_conv_mixer_sampled_vocab_anchor16 step=290900/315426 train=4.1460 lr=0.001 pure_tok/s=85,156
causal_conv_mixer_sampled_vocab_anchor16 step=291000/315426 train=4.4122 lr=0.001 pure_tok/s=85,156
causal_conv_mixer_sampled_vocab_anchor16 step=291100/315426 train=5.0633 lr=0.001 pure_tok/s=85,157
causal_conv_mixer_sampled_vocab_anchor16 step=291200/315426 train=4.5755 lr=0.001 pure_tok/s=85,157
causal_conv_mixer_sampled_vocab_anchor16 step=291300/315426 train=4.8179 lr=0.001 pure_tok/s=85,157
causal_conv_mixer_sampled_vocab_anchor16 step=291400/315426 train=4.6673 lr=0.001 pure_tok/s=85,157
causal_conv_mixer_sampled_vocab_anchor16 step=291500/315426 train=5.4814 lr=0.001 pure_tok/s=85,157
causal_conv_mixer_sampled_vocab_anchor16 step=291600/315426 train=4.4101 lr=0.001 pure_tok/s=85,156
causal_conv_mixer_sampled_vocab_anchor16 step=291700/315426 train=4.3454 lr=0.001 pure_tok/s=85,156
causal_conv_mixer_sampled_vocab_anchor16 step=291800/315426 train=4.6727 lr=0.001 pure_tok/s=85,155
causal_conv_mixer_sampled_vocab_anchor16 step=291900/315426 train=4.8886 lr=0.001 pure_tok/s=85,155
causal_conv_mixer_sampled_vocab_anchor16 step=292000/315426 train=4.6250 lr=0.001 pure_tok/s=85,155
causal_conv_mixer_sampled_vocab_anchor16 step=292100/315426 train=4.7588 lr=0.001 pure_tok/s=85,155
causal_conv_mixer_sampled_vocab_anchor16 step=292200/315426 train=4.6766 lr=0.001 pure_tok/s=85,155
causal_conv_mixer_sampled_vocab_anchor16 step=292300/315426 train=4.8538 lr=0.001 pure_tok/s=85,155
causal_conv_mixer_sampled_vocab_anchor16 step=292400/315426 train=4.8535 lr=0.001 pure_tok/s=85,155
causal_conv_mixer_sampled_vocab_anchor16 step=292500/315426 train=4.6146 lr=0.001 pure_tok/s=85,154
causal_conv_mixer_sampled_vocab_anchor16 step=292600/315426 train=4.6491 lr=0.001 pure_tok/s=85,154
causal_conv_mixer_sampled_vocab_anchor16 step=292700/315426 train=4.5882 lr=0.001 pure_tok/s=85,153
causal_conv_mixer_sampled_vocab_anchor16 step=292800/315426 train=4.8210 lr=0.001 pure_tok/s=85,153
causal_conv_mixer_sampled_vocab_anchor16 step=292900/315426 train=4.6513 lr=0.001 pure_tok/s=85,153
causal_conv_mixer_sampled_vocab_anchor16 step=293000/315426 train=4.4447 lr=0.001 pure_tok/s=85,153
causal_conv_mixer_sampled_vocab_anchor16 step=293100/315426 train=4.6571 lr=0.001 pure_tok/s=85,153
causal_conv_mixer_sampled_vocab_anchor16 step=293200/315426 train=4.8720 lr=0.001 pure_tok/s=85,153
causal_conv_mixer_sampled_vocab_anchor16 step=293300/315426 train=4.6314 lr=0.001 pure_tok/s=85,153
causal_conv_mixer_sampled_vocab_anchor16 step=293400/315426 train=4.5010 lr=0.001 pure_tok/s=85,153
causal_conv_mixer_sampled_vocab_anchor16 step=293500/315426 train=4.5236 lr=0.001 pure_tok/s=85,153
causal_conv_mixer_sampled_vocab_anchor16 step=293600/315426 train=4.5970 lr=0.001 pure_tok/s=85,152
causal_conv_mixer_sampled_vocab_anchor16 step=293700/315426 train=4.8605 lr=0.001 pure_tok/s=85,152
causal_conv_mixer_sampled_vocab_anchor16 step=293800/315426 train=4.5029 lr=0.001 pure_tok/s=85,152
causal_conv_mixer_sampled_vocab_anchor16 step=293900/315426 train=5.2902 lr=0.001 pure_tok/s=85,152
causal_conv_mixer_sampled_vocab_anchor16 step=294000/315426 train=4.6292 lr=0.001 pure_tok/s=85,151
causal_conv_mixer_sampled_vocab_anchor16 step=294100/315426 train=4.6923 lr=0.001 pure_tok/s=85,151
causal_conv_mixer_sampled_vocab_anchor16 step=294200/315426 train=4.4917 lr=0.001 pure_tok/s=85,151
causal_conv_mixer_sampled_vocab_anchor16 step=294300/315426 train=4.6682 lr=0.001 pure_tok/s=85,151
causal_conv_mixer_sampled_vocab_anchor16 step=294400/315426 train=4.6303 lr=0.001 pure_tok/s=85,151
causal_conv_mixer_sampled_vocab_anchor16 step=294500/315426 train=4.6100 lr=0.001 pure_tok/s=85,150
causal_conv_mixer_sampled_vocab_anchor16 step=294600/315426 train=4.5290 lr=0.001 pure_tok/s=85,150
causal_conv_mixer_sampled_vocab_anchor16 step=294700/315426 train=4.7818 lr=0.001 pure_tok/s=85,149
causal_conv_mixer_sampled_vocab_anchor16 step=294800/315426 train=4.9317 lr=0.001 pure_tok/s=85,149
causal_conv_mixer_sampled_vocab_anchor16 step=294900/315426 train=4.4534 lr=0.001 pure_tok/s=85,149
causal_conv_mixer_sampled_vocab_anchor16 step=295000/315426 train=4.6837 lr=0.001 pure_tok/s=85,148
causal_conv_mixer_sampled_vocab_anchor16 step=295100/315426 train=4.7263 lr=0.001 pure_tok/s=85,148
causal_conv_mixer_sampled_vocab_anchor16 step=295200/315426 train=4.4732 lr=0.001 pure_tok/s=85,147
causal_conv_mixer_sampled_vocab_anchor16 eval step=295290 val=4.7742 mode=full
causal_conv_mixer_sampled_vocab_anchor16 step=295300/315426 train=4.7204 lr=0.001 pure_tok/s=85,147
causal_conv_mixer_sampled_vocab_anchor16 step=295400/315426 train=4.5246 lr=0.001 pure_tok/s=85,147
causal_conv_mixer_sampled_vocab_anchor16 step=295500/315426 train=4.7867 lr=0.001 pure_tok/s=85,147
causal_conv_mixer_sampled_vocab_anchor16 step=295600/315426 train=4.4524 lr=0.001 pure_tok/s=85,146
causal_conv_mixer_sampled_vocab_anchor16 step=295700/315426 train=4.6284 lr=0.001 pure_tok/s=85,146
causal_conv_mixer_sampled_vocab_anchor16 step=295800/315426 train=4.5249 lr=0.001 pure_tok/s=85,146
causal_conv_mixer_sampled_vocab_anchor16 step=295900/315426 train=4.7680 lr=0.001 pure_tok/s=85,145
causal_conv_mixer_sampled_vocab_anchor16 step=296000/315426 train=4.8902 lr=0.001 pure_tok/s=85,144
causal_conv_mixer_sampled_vocab_anchor16 step=296100/315426 train=4.6052 lr=0.001 pure_tok/s=85,144
causal_conv_mixer_sampled_vocab_anchor16 step=296200/315426 train=4.8619 lr=0.001 pure_tok/s=85,144
causal_conv_mixer_sampled_vocab_anchor16 step=296300/315426 train=4.7107 lr=0.001 pure_tok/s=85,144
causal_conv_mixer_sampled_vocab_anchor16 step=296400/315426 train=4.7671 lr=0.001 pure_tok/s=85,143
causal_conv_mixer_sampled_vocab_anchor16 step=296500/315426 train=4.5499 lr=0.001 pure_tok/s=85,143
causal_conv_mixer_sampled_vocab_anchor16 step=296600/315426 train=4.6372 lr=0.001 pure_tok/s=85,142
causal_conv_mixer_sampled_vocab_anchor16 step=296700/315426 train=4.7578 lr=0.001 pure_tok/s=85,142
causal_conv_mixer_sampled_vocab_anchor16 step=296800/315426 train=4.6140 lr=0.001 pure_tok/s=85,142
causal_conv_mixer_sampled_vocab_anchor16 step=296900/315426 train=4.6793 lr=0.001 pure_tok/s=85,141
causal_conv_mixer_sampled_vocab_anchor16 step=297000/315426 train=4.8250 lr=0.001 pure_tok/s=85,141
causal_conv_mixer_sampled_vocab_anchor16 step=297100/315426 train=4.5269 lr=0.001 pure_tok/s=85,141
causal_conv_mixer_sampled_vocab_anchor16 step=297200/315426 train=4.8231 lr=0.001 pure_tok/s=85,141
causal_conv_mixer_sampled_vocab_anchor16 step=297300/315426 train=4.6313 lr=0.001 pure_tok/s=85,141
causal_conv_mixer_sampled_vocab_anchor16 step=297400/315426 train=4.6285 lr=0.001 pure_tok/s=85,140
causal_conv_mixer_sampled_vocab_anchor16 step=297500/315426 train=4.7307 lr=0.001 pure_tok/s=85,139
causal_conv_mixer_sampled_vocab_anchor16 step=297600/315426 train=4.7332 lr=0.001 pure_tok/s=85,139
causal_conv_mixer_sampled_vocab_anchor16 step=297700/315426 train=4.6137 lr=0.001 pure_tok/s=85,138
causal_conv_mixer_sampled_vocab_anchor16 step=297800/315426 train=4.5310 lr=0.001 pure_tok/s=85,138
causal_conv_mixer_sampled_vocab_anchor16 step=297900/315426 train=4.9813 lr=0.001 pure_tok/s=85,137
causal_conv_mixer_sampled_vocab_anchor16 step=298000/315426 train=4.5598 lr=0.001 pure_tok/s=85,137
causal_conv_mixer_sampled_vocab_anchor16 step=298100/315426 train=4.4000 lr=0.001 pure_tok/s=85,137
causal_conv_mixer_sampled_vocab_anchor16 step=298200/315426 train=4.5924 lr=0.001 pure_tok/s=85,136
causal_conv_mixer_sampled_vocab_anchor16 step=298300/315426 train=4.8644 lr=0.001 pure_tok/s=85,136
causal_conv_mixer_sampled_vocab_anchor16 step=298400/315426 train=4.9602 lr=0.001 pure_tok/s=85,136
causal_conv_mixer_sampled_vocab_anchor16 step=298500/315426 train=4.6566 lr=0.001 pure_tok/s=85,135
causal_conv_mixer_sampled_vocab_anchor16 step=298600/315426 train=3.8216 lr=0.001 pure_tok/s=85,135
causal_conv_mixer_sampled_vocab_anchor16 step=298700/315426 train=4.6750 lr=0.001 pure_tok/s=85,134
causal_conv_mixer_sampled_vocab_anchor16 step=298800/315426 train=4.6384 lr=0.001 pure_tok/s=85,134
causal_conv_mixer_sampled_vocab_anchor16 step=298900/315426 train=4.5975 lr=0.001 pure_tok/s=85,134
causal_conv_mixer_sampled_vocab_anchor16 step=299000/315426 train=4.5292 lr=0.001 pure_tok/s=85,134
causal_conv_mixer_sampled_vocab_anchor16 step=299100/315426 train=4.3198 lr=0.001 pure_tok/s=85,134
causal_conv_mixer_sampled_vocab_anchor16 step=299200/315426 train=4.7432 lr=0.001 pure_tok/s=85,134
causal_conv_mixer_sampled_vocab_anchor16 step=299300/315426 train=4.4557 lr=0.001 pure_tok/s=85,134
causal_conv_mixer_sampled_vocab_anchor16 step=299400/315426 train=4.9990 lr=0.001 pure_tok/s=85,134
causal_conv_mixer_sampled_vocab_anchor16 step=299500/315426 train=4.7009 lr=0.001 pure_tok/s=85,134
causal_conv_mixer_sampled_vocab_anchor16 step=299600/315426 train=4.6593 lr=0.001 pure_tok/s=85,133
causal_conv_mixer_sampled_vocab_anchor16 step=299700/315426 train=4.6845 lr=0.001 pure_tok/s=85,133
causal_conv_mixer_sampled_vocab_anchor16 step=299800/315426 train=4.6630 lr=0.001 pure_tok/s=85,133
causal_conv_mixer_sampled_vocab_anchor16 step=299900/315426 train=5.0552 lr=0.001 pure_tok/s=85,133
causal_conv_mixer_sampled_vocab_anchor16 step=300000/315426 train=4.6146 lr=0.001 pure_tok/s=85,132
causal_conv_mixer_sampled_vocab_anchor16 step=300100/315426 train=4.5645 lr=0.001 pure_tok/s=85,132
causal_conv_mixer_sampled_vocab_anchor16 step=300200/315426 train=4.5810 lr=0.001 pure_tok/s=85,132
causal_conv_mixer_sampled_vocab_anchor16 step=300300/315426 train=4.7254 lr=0.001 pure_tok/s=85,132
causal_conv_mixer_sampled_vocab_anchor16 step=300400/315426 train=4.5939 lr=0.001 pure_tok/s=85,132
causal_conv_mixer_sampled_vocab_anchor16 step=300500/315426 train=4.6624 lr=0.001 pure_tok/s=85,131
causal_conv_mixer_sampled_vocab_anchor16 step=300600/315426 train=4.5284 lr=0.001 pure_tok/s=85,131
causal_conv_mixer_sampled_vocab_anchor16 step=300700/315426 train=4.4378 lr=0.001 pure_tok/s=85,130
causal_conv_mixer_sampled_vocab_anchor16 step=300800/315426 train=4.8283 lr=0.001 pure_tok/s=85,130
causal_conv_mixer_sampled_vocab_anchor16 step=300900/315426 train=4.8406 lr=0.001 pure_tok/s=85,130
causal_conv_mixer_sampled_vocab_anchor16 step=301000/315426 train=4.6834 lr=0.001 pure_tok/s=85,129
causal_conv_mixer_sampled_vocab_anchor16 step=301100/315426 train=4.3459 lr=0.001 pure_tok/s=85,129
causal_conv_mixer_sampled_vocab_anchor16 step=301200/315426 train=4.5799 lr=0.001 pure_tok/s=85,128
causal_conv_mixer_sampled_vocab_anchor16 step=301300/315426 train=4.8229 lr=0.001 pure_tok/s=85,128
causal_conv_mixer_sampled_vocab_anchor16 step=301400/315426 train=4.6112 lr=0.001 pure_tok/s=85,128
causal_conv_mixer_sampled_vocab_anchor16 step=301500/315426 train=4.6691 lr=0.001 pure_tok/s=85,127
causal_conv_mixer_sampled_vocab_anchor16 step=301600/315426 train=4.7604 lr=0.001 pure_tok/s=85,127
causal_conv_mixer_sampled_vocab_anchor16 step=301700/315426 train=4.4772 lr=0.001 pure_tok/s=85,126
causal_conv_mixer_sampled_vocab_anchor16 step=301800/315426 train=4.6841 lr=0.001 pure_tok/s=85,126
causal_conv_mixer_sampled_vocab_anchor16 step=301900/315426 train=4.6410 lr=0.001 pure_tok/s=85,126
causal_conv_mixer_sampled_vocab_anchor16 step=302000/315426 train=4.7332 lr=0.001 pure_tok/s=85,125
causal_conv_mixer_sampled_vocab_anchor16 step=302100/315426 train=4.5667 lr=0.001 pure_tok/s=85,126
causal_conv_mixer_sampled_vocab_anchor16 step=302200/315426 train=4.5912 lr=0.001 pure_tok/s=85,126
causal_conv_mixer_sampled_vocab_anchor16 step=302300/315426 train=4.7899 lr=0.001 pure_tok/s=85,126
causal_conv_mixer_sampled_vocab_anchor16 step=302400/315426 train=4.7741 lr=0.001 pure_tok/s=85,126
causal_conv_mixer_sampled_vocab_anchor16 step=302500/315426 train=5.0465 lr=0.001 pure_tok/s=85,126
causal_conv_mixer_sampled_vocab_anchor16 step=302600/315426 train=4.8998 lr=0.001 pure_tok/s=85,126
causal_conv_mixer_sampled_vocab_anchor16 step=302700/315426 train=4.3811 lr=0.001 pure_tok/s=85,126
causal_conv_mixer_sampled_vocab_anchor16 step=302800/315426 train=4.4568 lr=0.001 pure_tok/s=85,126
causal_conv_mixer_sampled_vocab_anchor16 step=302900/315426 train=4.5923 lr=0.001 pure_tok/s=85,126
causal_conv_mixer_sampled_vocab_anchor16 step=303000/315426 train=4.6626 lr=0.001 pure_tok/s=85,125
causal_conv_mixer_sampled_vocab_anchor16 step=303100/315426 train=4.6746 lr=0.001 pure_tok/s=85,125
causal_conv_mixer_sampled_vocab_anchor16 step=303200/315426 train=4.8675 lr=0.001 pure_tok/s=85,125
causal_conv_mixer_sampled_vocab_anchor16 step=303300/315426 train=4.8994 lr=0.001 pure_tok/s=85,125
causal_conv_mixer_sampled_vocab_anchor16 step=303400/315426 train=4.5408 lr=0.001 pure_tok/s=85,124
causal_conv_mixer_sampled_vocab_anchor16 step=303500/315426 train=4.5958 lr=0.001 pure_tok/s=85,124
causal_conv_mixer_sampled_vocab_anchor16 step=303600/315426 train=4.4394 lr=0.001 pure_tok/s=85,124
causal_conv_mixer_sampled_vocab_anchor16 step=303700/315426 train=4.5022 lr=0.001 pure_tok/s=85,124
causal_conv_mixer_sampled_vocab_anchor16 step=303800/315426 train=4.6742 lr=0.001 pure_tok/s=85,124
causal_conv_mixer_sampled_vocab_anchor16 step=303900/315426 train=4.9471 lr=0.001 pure_tok/s=85,123
causal_conv_mixer_sampled_vocab_anchor16 step=304000/315426 train=4.4802 lr=0.001 pure_tok/s=85,123
causal_conv_mixer_sampled_vocab_anchor16 step=304100/315426 train=4.4591 lr=0.001 pure_tok/s=85,123
causal_conv_mixer_sampled_vocab_anchor16 step=304200/315426 train=4.8022 lr=0.001 pure_tok/s=85,122
causal_conv_mixer_sampled_vocab_anchor16 step=304300/315426 train=4.6875 lr=0.001 pure_tok/s=85,122
causal_conv_mixer_sampled_vocab_anchor16 step=304400/315426 train=4.7716 lr=0.001 pure_tok/s=85,122
causal_conv_mixer_sampled_vocab_anchor16 step=304500/315426 train=4.5761 lr=0.001 pure_tok/s=85,122
causal_conv_mixer_sampled_vocab_anchor16 step=304600/315426 train=4.4595 lr=0.001 pure_tok/s=85,120
causal_conv_mixer_sampled_vocab_anchor16 step=304700/315426 train=4.9318 lr=0.001 pure_tok/s=85,120
causal_conv_mixer_sampled_vocab_anchor16 step=304800/315426 train=4.7848 lr=0.001 pure_tok/s=85,119
causal_conv_mixer_sampled_vocab_anchor16 step=304900/315426 train=4.6162 lr=0.001 pure_tok/s=85,119
causal_conv_mixer_sampled_vocab_anchor16 step=305000/315426 train=4.3782 lr=0.001 pure_tok/s=85,118
causal_conv_mixer_sampled_vocab_anchor16 step=305100/315426 train=4.5676 lr=0.001 pure_tok/s=85,118
causal_conv_mixer_sampled_vocab_anchor16 eval step=305133 val=4.7754 mode=full
causal_conv_mixer_sampled_vocab_anchor16 step=305200/315426 train=4.5310 lr=0.001 pure_tok/s=85,118
causal_conv_mixer_sampled_vocab_anchor16 step=305300/315426 train=4.6893 lr=0.001 pure_tok/s=85,118
causal_conv_mixer_sampled_vocab_anchor16 step=305400/315426 train=4.8087 lr=0.001 pure_tok/s=85,117
causal_conv_mixer_sampled_vocab_anchor16 step=305500/315426 train=4.6743 lr=0.001 pure_tok/s=85,117
causal_conv_mixer_sampled_vocab_anchor16 step=305600/315426 train=4.7410 lr=0.001 pure_tok/s=85,117
causal_conv_mixer_sampled_vocab_anchor16 step=305700/315426 train=4.7880 lr=0.001 pure_tok/s=85,117
causal_conv_mixer_sampled_vocab_anchor16 step=305800/315426 train=4.5922 lr=0.001 pure_tok/s=85,116
causal_conv_mixer_sampled_vocab_anchor16 step=305900/315426 train=4.6691 lr=0.001 pure_tok/s=85,116
causal_conv_mixer_sampled_vocab_anchor16 step=306000/315426 train=4.6178 lr=0.001 pure_tok/s=85,115
causal_conv_mixer_sampled_vocab_anchor16 step=306100/315426 train=4.3015 lr=0.001 pure_tok/s=85,115
causal_conv_mixer_sampled_vocab_anchor16 step=306200/315426 train=5.0230 lr=0.001 pure_tok/s=85,115
causal_conv_mixer_sampled_vocab_anchor16 step=306300/315426 train=4.5692 lr=0.001 pure_tok/s=85,114
causal_conv_mixer_sampled_vocab_anchor16 step=306400/315426 train=5.2281 lr=0.001 pure_tok/s=85,114
causal_conv_mixer_sampled_vocab_anchor16 step=306500/315426 train=4.4377 lr=0.001 pure_tok/s=85,114
causal_conv_mixer_sampled_vocab_anchor16 step=306600/315426 train=4.3120 lr=0.001 pure_tok/s=85,113
causal_conv_mixer_sampled_vocab_anchor16 step=306700/315426 train=4.5597 lr=0.001 pure_tok/s=85,113
causal_conv_mixer_sampled_vocab_anchor16 step=306800/315426 train=4.4626 lr=0.001 pure_tok/s=85,112
causal_conv_mixer_sampled_vocab_anchor16 step=306900/315426 train=4.5641 lr=0.001 pure_tok/s=85,112
causal_conv_mixer_sampled_vocab_anchor16 step=307000/315426 train=4.9840 lr=0.001 pure_tok/s=85,112
causal_conv_mixer_sampled_vocab_anchor16 step=307100/315426 train=4.6723 lr=0.001 pure_tok/s=85,112
causal_conv_mixer_sampled_vocab_anchor16 step=307200/315426 train=4.7888 lr=0.001 pure_tok/s=85,112
causal_conv_mixer_sampled_vocab_anchor16 step=307300/315426 train=4.6896 lr=0.001 pure_tok/s=85,111
causal_conv_mixer_sampled_vocab_anchor16 step=307400/315426 train=5.0074 lr=0.001 pure_tok/s=85,111
causal_conv_mixer_sampled_vocab_anchor16 step=307500/315426 train=4.4524 lr=0.001 pure_tok/s=85,111
causal_conv_mixer_sampled_vocab_anchor16 step=307600/315426 train=4.6573 lr=0.001 pure_tok/s=85,111
causal_conv_mixer_sampled_vocab_anchor16 step=307700/315426 train=4.4838 lr=0.001 pure_tok/s=85,110
causal_conv_mixer_sampled_vocab_anchor16 step=307800/315426 train=4.4143 lr=0.001 pure_tok/s=85,110
causal_conv_mixer_sampled_vocab_anchor16 step=307900/315426 train=4.6078 lr=0.001 pure_tok/s=85,109
causal_conv_mixer_sampled_vocab_anchor16 step=308000/315426 train=4.4983 lr=0.001 pure_tok/s=85,109
causal_conv_mixer_sampled_vocab_anchor16 step=308100/315426 train=4.6990 lr=0.001 pure_tok/s=85,109
causal_conv_mixer_sampled_vocab_anchor16 step=308200/315426 train=4.3715 lr=0.001 pure_tok/s=85,109
causal_conv_mixer_sampled_vocab_anchor16 step=308300/315426 train=4.6334 lr=0.001 pure_tok/s=85,108
causal_conv_mixer_sampled_vocab_anchor16 step=308400/315426 train=4.6284 lr=0.001 pure_tok/s=85,108
causal_conv_mixer_sampled_vocab_anchor16 step=308500/315426 train=4.6546 lr=0.001 pure_tok/s=85,108
causal_conv_mixer_sampled_vocab_anchor16 step=308600/315426 train=4.7122 lr=0.001 pure_tok/s=85,108
causal_conv_mixer_sampled_vocab_anchor16 step=308700/315426 train=4.6475 lr=0.001 pure_tok/s=85,107
causal_conv_mixer_sampled_vocab_anchor16 step=308800/315426 train=4.5201 lr=0.001 pure_tok/s=85,107
causal_conv_mixer_sampled_vocab_anchor16 step=308900/315426 train=4.4255 lr=0.001 pure_tok/s=85,106
causal_conv_mixer_sampled_vocab_anchor16 step=309000/315426 train=5.0649 lr=0.001 pure_tok/s=85,106
causal_conv_mixer_sampled_vocab_anchor16 step=309100/315426 train=4.6747 lr=0.001 pure_tok/s=85,106
causal_conv_mixer_sampled_vocab_anchor16 step=309200/315426 train=5.0711 lr=0.001 pure_tok/s=85,105
causal_conv_mixer_sampled_vocab_anchor16 step=309300/315426 train=4.5558 lr=0.001 pure_tok/s=85,105
causal_conv_mixer_sampled_vocab_anchor16 step=309400/315426 train=4.7869 lr=0.001 pure_tok/s=85,105
causal_conv_mixer_sampled_vocab_anchor16 step=309500/315426 train=4.6178 lr=0.001 pure_tok/s=85,105
causal_conv_mixer_sampled_vocab_anchor16 step=309600/315426 train=4.7063 lr=0.001 pure_tok/s=85,104
causal_conv_mixer_sampled_vocab_anchor16 step=309700/315426 train=4.7034 lr=0.001 pure_tok/s=85,104
causal_conv_mixer_sampled_vocab_anchor16 step=309800/315426 train=4.6972 lr=0.001 pure_tok/s=85,104
causal_conv_mixer_sampled_vocab_anchor16 step=309900/315426 train=4.5275 lr=0.001 pure_tok/s=85,104
causal_conv_mixer_sampled_vocab_anchor16 step=310000/315426 train=4.5917 lr=0.001 pure_tok/s=85,103
causal_conv_mixer_sampled_vocab_anchor16 step=310100/315426 train=4.2583 lr=0.001 pure_tok/s=85,103
causal_conv_mixer_sampled_vocab_anchor16 step=310200/315426 train=4.5304 lr=0.001 pure_tok/s=85,103
causal_conv_mixer_sampled_vocab_anchor16 step=310300/315426 train=4.6695 lr=0.001 pure_tok/s=85,102
causal_conv_mixer_sampled_vocab_anchor16 step=310400/315426 train=4.6704 lr=0.001 pure_tok/s=85,102
causal_conv_mixer_sampled_vocab_anchor16 step=310500/315426 train=4.6256 lr=0.001 pure_tok/s=85,101
causal_conv_mixer_sampled_vocab_anchor16 step=310600/315426 train=4.6015 lr=0.001 pure_tok/s=85,100
causal_conv_mixer_sampled_vocab_anchor16 step=310700/315426 train=5.0082 lr=0.001 pure_tok/s=85,100
causal_conv_mixer_sampled_vocab_anchor16 step=310800/315426 train=4.6991 lr=0.001 pure_tok/s=85,099
causal_conv_mixer_sampled_vocab_anchor16 step=310900/315426 train=4.7278 lr=0.001 pure_tok/s=85,099
causal_conv_mixer_sampled_vocab_anchor16 step=311000/315426 train=4.8383 lr=0.001 pure_tok/s=85,099
causal_conv_mixer_sampled_vocab_anchor16 step=311100/315426 train=4.4272 lr=0.001 pure_tok/s=85,100
causal_conv_mixer_sampled_vocab_anchor16 step=311200/315426 train=5.0259 lr=0.001 pure_tok/s=85,100
causal_conv_mixer_sampled_vocab_anchor16 step=311300/315426 train=4.6838 lr=0.001 pure_tok/s=85,100
causal_conv_mixer_sampled_vocab_anchor16 step=311400/315426 train=4.7340 lr=0.001 pure_tok/s=85,100
causal_conv_mixer_sampled_vocab_anchor16 step=311500/315426 train=4.9663 lr=0.001 pure_tok/s=85,100
causal_conv_mixer_sampled_vocab_anchor16 step=311600/315426 train=4.5313 lr=0.001 pure_tok/s=85,100
causal_conv_mixer_sampled_vocab_anchor16 step=311700/315426 train=4.6204 lr=0.001 pure_tok/s=85,100
causal_conv_mixer_sampled_vocab_anchor16 step=311800/315426 train=4.6138 lr=0.001 pure_tok/s=85,099
causal_conv_mixer_sampled_vocab_anchor16 step=311900/315426 train=4.4817 lr=0.001 pure_tok/s=85,099
causal_conv_mixer_sampled_vocab_anchor16 step=312000/315426 train=4.5713 lr=0.001 pure_tok/s=85,099
causal_conv_mixer_sampled_vocab_anchor16 step=312100/315426 train=4.8217 lr=0.001 pure_tok/s=85,099
causal_conv_mixer_sampled_vocab_anchor16 step=312200/315426 train=4.3192 lr=0.001 pure_tok/s=85,099
causal_conv_mixer_sampled_vocab_anchor16 step=312300/315426 train=4.7028 lr=0.001 pure_tok/s=85,100
causal_conv_mixer_sampled_vocab_anchor16 step=312400/315426 train=4.9778 lr=0.001 pure_tok/s=85,100
causal_conv_mixer_sampled_vocab_anchor16 step=312500/315426 train=4.9430 lr=0.001 pure_tok/s=85,100
causal_conv_mixer_sampled_vocab_anchor16 step=312600/315426 train=4.4490 lr=0.001 pure_tok/s=85,100
causal_conv_mixer_sampled_vocab_anchor16 step=312700/315426 train=4.3538 lr=0.001 pure_tok/s=85,100
causal_conv_mixer_sampled_vocab_anchor16 step=312800/315426 train=4.8520 lr=0.001 pure_tok/s=85,100
causal_conv_mixer_sampled_vocab_anchor16 step=312900/315426 train=4.6503 lr=0.001 pure_tok/s=85,100
causal_conv_mixer_sampled_vocab_anchor16 step=313000/315426 train=4.5101 lr=0.001 pure_tok/s=85,100
causal_conv_mixer_sampled_vocab_anchor16 step=313100/315426 train=4.6197 lr=0.001 pure_tok/s=85,100
causal_conv_mixer_sampled_vocab_anchor16 step=313200/315426 train=4.6037 lr=0.001 pure_tok/s=85,100
causal_conv_mixer_sampled_vocab_anchor16 step=313300/315426 train=4.5523 lr=0.001 pure_tok/s=85,100
causal_conv_mixer_sampled_vocab_anchor16 step=313400/315426 train=4.4630 lr=0.001 pure_tok/s=85,100
causal_conv_mixer_sampled_vocab_anchor16 step=313500/315426 train=4.6963 lr=0.001 pure_tok/s=85,100
causal_conv_mixer_sampled_vocab_anchor16 step=313600/315426 train=4.5043 lr=0.001 pure_tok/s=85,100
causal_conv_mixer_sampled_vocab_anchor16 step=313700/315426 train=4.6238 lr=0.001 pure_tok/s=85,100
causal_conv_mixer_sampled_vocab_anchor16 step=313800/315426 train=4.7748 lr=0.001 pure_tok/s=85,100
causal_conv_mixer_sampled_vocab_anchor16 step=313900/315426 train=5.0924 lr=0.001 pure_tok/s=85,100
causal_conv_mixer_sampled_vocab_anchor16 step=314000/315426 train=4.6761 lr=0.001 pure_tok/s=85,100
causal_conv_mixer_sampled_vocab_anchor16 step=314100/315426 train=4.8146 lr=0.001 pure_tok/s=85,100
causal_conv_mixer_sampled_vocab_anchor16 step=314200/315426 train=5.4327 lr=0.001 pure_tok/s=85,100
causal_conv_mixer_sampled_vocab_anchor16 step=314300/315426 train=4.8775 lr=0.001 pure_tok/s=85,100
causal_conv_mixer_sampled_vocab_anchor16 step=314400/315426 train=4.6020 lr=0.001 pure_tok/s=85,100
causal_conv_mixer_sampled_vocab_anchor16 step=314500/315426 train=4.6724 lr=0.001 pure_tok/s=85,100
causal_conv_mixer_sampled_vocab_anchor16 step=314600/315426 train=4.5247 lr=0.001 pure_tok/s=85,100
causal_conv_mixer_sampled_vocab_anchor16 step=314700/315426 train=4.7882 lr=0.001 pure_tok/s=85,100
causal_conv_mixer_sampled_vocab_anchor16 step=314800/315426 train=4.8746 lr=0.001 pure_tok/s=85,100
causal_conv_mixer_sampled_vocab_anchor16 step=314900/315426 train=4.6612 lr=0.001 pure_tok/s=85,100
causal_conv_mixer_sampled_vocab_anchor16 eval step=314976 val=4.7933 mode=full
causal_conv_mixer_sampled_vocab_anchor16 step=315000/315426 train=4.6713 lr=0.001 pure_tok/s=85,100
causal_conv_mixer_sampled_vocab_anchor16 step=315100/315426 train=4.5390 lr=0.001 pure_tok/s=85,100
causal_conv_mixer_sampled_vocab_anchor16 step=315200/315426 train=4.7366 lr=0.001 pure_tok/s=85,100
causal_conv_mixer_sampled_vocab_anchor16 step=315300/315426 train=4.3500 lr=0.001 pure_tok/s=85,100
causal_conv_mixer_sampled_vocab_anchor16 step=315400/315426 train=4.7928 lr=0.001 pure_tok/s=85,100
causal_conv_mixer_sampled_vocab_anchor16 step=315426/315426 train=4.6061 lr=0.001 pure_tok/s=85,100
causal_conv_mixer_sampled_vocab_anchor16 eval step=315426 val=4.8059 mode=full
{
  "benchmark": "language_longseq_replay_probe",
  "comparisons": {},
  "config": {
    "amp_dtype": "fp16",
    "batch_size": 1,
    "cache_dataset_on_device": false,
    "cache_path": "E:\\CODEXRESEARCH\\RESEARCH-1\\artifacts\\benchmark_runs\\language\\longseq_anchor16_80m_fresh1b_after2b_20260603\\cache\\fresh_after2b_plus_valskip_train1000106586_val325152_seq10160_gpt2.pt",
    "conv_embedding_dim": 1034,
    "conv_kernel_size": 7,
    "conv_layers": 1,
    "conv_rank": 295,
    "dataset_name": "HuggingFaceFW/fineweb-edu",
    "device": "cuda",
    "dropout": 0.1,
    "embedding_dim": 320,
    "eval_batch_size": 1,
    "eval_interval": 9843,
    "eval_loss_mode": "full",
    "factorized_embedding_dim": 280,
    "factorized_hidden_dim": 560,
    "factorized_memory_dim": 280,
    "full_eval_token_chunk_size": 1024,
    "full_loss_interval": 4,
    "full_loss_token_stride": 8,
    "hidden_dim": 640,
    "hierarchical_class_count": 256,
    "initial_eval": true,
    "learning_rate": 0.001,
    "local_files_only": false,
    "lr_schedule": "constant",
    "max_eval_seconds": 1200.0,
    "max_gpu_used_mb": 2000.0,
    "max_step_seconds": 600.0,
    "memory_dim": 320,
    "milestone_checkpoint_interval": 98426,
    "min_learning_rate": 0.0,
    "no_replay_embedding_dim": 260,
    "no_replay_hidden_dim": 520,
    "no_replay_rank": 96,
    "output_dir": "E:\\CODEXRESEARCH\\RESEARCH-1\\artifacts\\benchmark_runs\\language\\longseq_anchor16_80m_fresh1b_after2b_20260603",
    "partial_token_count": 1024,
    "pin_memory": false,
    "resolved_cache_path": "E:\\CODEXRESEARCH\\RESEARCH-1\\artifacts\\benchmark_runs\\language\\longseq_anchor16_80m_fresh1b_after2b_20260603\\cache\\fresh_after2b_plus_valskip_train1000106586_val325152_seq10160_gpt2.pt",
    "resume_fresh_cache": true,
    "resume_variant_checkpoints": true,
    "reuse_variant_results": false,
    "sampled_vocab_size": 16384,
    "seed": 13,
    "sequence_length": 10160,
    "split": "train",
    "text_column": "text",
    "tokenization_batch_size": 2048,
    "tokenizer_name": "gpt2",
    "torch_compile": false,
    "torch_compile_mode": "reduce-overhead",
    "train_blocks": 98426,
    "train_log_interval": 100,
    "train_loss_token_chunk_size": 1024,
    "train_steps": 315426,
    "train_token_offset": 2000528163,
    "untied_rank": 64,
    "use_amp": true,
    "use_fused_adamw": true,
    "val_blocks": 32,
    "validation_cache_path": "E:\\CODEXRESEARCH\\RESEARCH-1\\artifacts\\benchmark_runs\\language\\longseq_anchor16_80m_2b_20260603\\cache\\finewebedu_train2000203011_val325152_seq10160_gpt2.pt",
    "variant_artifact_dir": "E:\\CODEXRESEARCH\\RESEARCH-1\\artifacts\\benchmark_runs\\language\\longseq_anchor16_80m_fresh1b_after2b_20260603\\variant_results\\seq10160_steps315426_val32_batch1_eval9843_init1_seed13",
    "variant_checkpoint_interval": 1000,
    "variants": [
      "causal_conv_mixer_sampled_vocab_anchor16"
    ],
    "warmup_steps": 0,
    "weight_decay": 0.0001,
    "window_size": 128
  },
  "fairness": {
    "probe_only": true,
    "real_fineweb_edu_data": true,
    "reused_completed_variant_results": false,
    "same_batch_schedule": true,
    "same_cache": true,
    "same_model_size_target": "20m_parameter_partial_untied_family",
    "same_token_budget": true,
    "validation_loss_mode": "full"
  },
  "results": {
    "causal_conv_mixer_sampled_vocab_anchor16": {
      "final_learning_rate": 0.001,
      "final_val_loss": 4.805925071239471,
      "history": [
        {
          "step": 0.0,
          "tokens_seen": 0.0,
          "train_loss": NaN,
          "val_loss": 10.829497367143631
        },
        {
          "step": 9843.0,
          "tokens_seen": 100004880.0,
          "train_loss": 5.470432281494141,
          "val_loss": 5.611664071679115
        },
        {
          "step": 19686.0,
          "tokens_seen": 200009760.0,
          "train_loss": 5.535058498382568,
          "val_loss": 5.350542351603508
        },
        {
          "step": 29529.0,
          "tokens_seen": 300014640.0,
          "train_loss": 5.016024589538574,
          "val_loss": 5.211947754025459
        },
        {
          "step": 39372.0,
          "tokens_seen": 400019520.0,
          "train_loss": 4.990780830383301,
          "val_loss": 5.135958731174469
        },
        {
          "step": 49215.0,
          "tokens_seen": 500024400.0,
          "train_loss": 5.04383659362793,
          "val_loss": 5.071734294295311
        },
        {
          "step": 59058.0,
          "tokens_seen": 600029280.0,
          "train_loss": 4.775114059448242,
          "val_loss": 5.036295384168625
        },
        {
          "step": 68901.0,
          "tokens_seen": 700034160.0,
          "train_loss": 4.728560447692871,
          "val_loss": 5.001431107521057
        },
        {
          "step": 78744.0,
          "tokens_seen": 800039040.0,
          "train_loss": 4.549887657165527,
          "val_loss": 4.978268176317215
        },
        {
          "step": 88587.0,
          "tokens_seen": 900043920.0,
          "train_loss": 4.8510332107543945,
          "val_loss": 4.965719997882843
        },
        {
          "step": 98430.0,
          "tokens_seen": 1000048800.0,
          "train_loss": 4.643503189086914,
          "val_loss": 4.930744215846062
        },
        {
          "step": 108273.0,
          "tokens_seen": 1100053680.0,
          "train_loss": 5.225663185119629,
          "val_loss": 4.923869073390961
        },
        {
          "step": 118116.0,
          "tokens_seen": 1200058560.0,
          "train_loss": 4.945501327514648,
          "val_loss": 4.914090633392334
        },
        {
          "step": 127959.0,
          "tokens_seen": 1300063440.0,
          "train_loss": 4.4933061599731445,
          "val_loss": 4.888244584202766
        },
        {
          "step": 137802.0,
          "tokens_seen": 1400068320.0,
          "train_loss": 4.618273735046387,
          "val_loss": 4.872741833329201
        },
        {
          "step": 147645.0,
          "tokens_seen": 1500073200.0,
          "train_loss": 4.9318389892578125,
          "val_loss": 4.868787184357643
        },
        {
          "step": 157488.0,
          "tokens_seen": 1600078080.0,
          "train_loss": 4.927633285522461,
          "val_loss": 4.8796427100896835
        },
        {
          "step": 167331.0,
          "tokens_seen": 1700082960.0,
          "train_loss": 4.7128586769104,
          "val_loss": 4.842793866991997
        },
        {
          "step": 177174.0,
          "tokens_seen": 1800087840.0,
          "train_loss": 5.080331325531006,
          "val_loss": 4.816918730735779
        },
        {
          "step": 187017.0,
          "tokens_seen": 1900092720.0,
          "train_loss": 5.069347381591797,
          "val_loss": 4.831647455692291
        },
        {
          "step": 196851.0,
          "tokens_seen": 2000006160.0,
          "train_loss": 4.8441314697265625,
          "val_loss": 4.826209872961044
        },
        {
          "learning_rate": 0.001,
          "step": 196860.0,
          "tokens_seen": 2000097600.0,
          "train_loss": 4.754749298095703,
          "val_loss": 4.81629253923893
        },
        {
          "learning_rate": 0.001,
          "step": 206703.0,
          "tokens_seen": 2100102480.0,
          "train_loss": 4.7299675941467285,
          "val_loss": 4.8105785846710205
        },
        {
          "learning_rate": 0.001,
          "step": 216546.0,
          "tokens_seen": 2200107360.0,
          "train_loss": 4.718724250793457,
          "val_loss": 4.79719540476799
        },
        {
          "learning_rate": 0.001,
          "step": 226389.0,
          "tokens_seen": 2300112240.0,
          "train_loss": 4.566047668457031,
          "val_loss": 4.824430882930756
        },
        {
          "learning_rate": 0.001,
          "step": 236232.0,
          "tokens_seen": 2400117120.0,
          "train_loss": 4.495057106018066,
          "val_loss": 4.790934607386589
        },
        {
          "learning_rate": 0.001,
          "step": 246075.0,
          "tokens_seen": 2500122000.0,
          "train_loss": 4.87692928314209,
          "val_loss": 4.771521881222725
        },
        {
          "learning_rate": 0.001,
          "step": 255918.0,
          "tokens_seen": 2600126880.0,
          "train_loss": 5.006653785705566,
          "val_loss": 4.79176364839077
        },
        {
          "learning_rate": 0.001,
          "step": 265761.0,
          "tokens_seen": 2700131760.0,
          "train_loss": 4.617829322814941,
          "val_loss": 4.795862823724747
        },
        {
          "learning_rate": 0.001,
          "step": 275604.0,
          "tokens_seen": 2800136640.0,
          "train_loss": 4.470257759094238,
          "val_loss": 4.789976581931114
        },
        {
          "learning_rate": 0.001,
          "step": 285447.0,
          "tokens_seen": 2900141520.0,
          "train_loss": 4.4336748123168945,
          "val_loss": 4.777305409312248
        },
        {
          "learning_rate": 0.001,
          "step": 295290.0,
          "tokens_seen": 3000146400.0,
          "train_loss": 4.89273738861084,
          "val_loss": 4.774225860834122
        },
        {
          "learning_rate": 0.001,
          "step": 305133.0,
          "tokens_seen": 3100151280.0,
          "train_loss": 4.433996677398682,
          "val_loss": 4.775435820221901
        },
        {
          "learning_rate": 0.001,
          "step": 314976.0,
          "tokens_seen": 3200156160.0,
          "train_loss": 4.7891459465026855,
          "val_loss": 4.793305978178978
        },
        {
          "learning_rate": 0.001,
          "step": 315426.0,
          "tokens_seen": 3204728160.0,
          "train_loss": 4.606050491333008,
          "val_loss": 4.805925071239471
        }
      ],
      "initial_val_loss": 10.829497367143631,
      "learning_rate": 0.001,
      "lr_schedule": "constant",
      "min_learning_rate": 0.0,
      "parameter_count": 79999460,
      "peak_vram_mb": 3473.3212890625,
      "pure_train_time_seconds": 37658.58370539137,
      "pure_train_tok_per_sec": 85099.54025544506,
      "sampled_candidate_size_mean": 16835.414686804514,
      "sampled_eval_candidate_size_mean": null,
      "step_time_mean_ms": 119.38959916237523,
      "step_time_median_ms": 115.07434999657562,
      "total_training_time_seconds": 13944.25137079999,
      "train_tok_per_sec": 229824.3250771334,
      "train_tokens_seen": 3204728160,
      "validation_loss_mode": "full",
      "variant": "causal_conv_mixer_sampled_vocab_anchor16",
      "warmup_steps": 0
    }
  }
}
FRESH1B_AFTER2B_ATTEMPT_EXIT=0 2026-06-04T00:08:08.8579045-05:00
FRESH1B_AFTER2B_EXIT=0 2026-06-04T00:08:08.8689039-05:00
