label,points,max_tokens,final_val_loss,best_val_loss,best_tokens,params,kind,source
longseq_anchor16_160m_5b_fresh_after2b_20260604,31,5000000160.0,4.5841,4.5841,5000000160.0,,log_eval,E:\CODEXRESEARCH\house_compute_hub\runs\20260604-022628-5c855b\mwstroud-mwstr-6aea1cf3.log
language_longseq_anchor16_80m_fresh1b_after2b_seq10160_seed13_20260603/causal_conv_mixer_sampled_vocab_anchor16,35,3204728160.0,4.805925071239471,4.771521881222725,2500122000.0,79999460.0,json_history,E:\CODEXRESEARCH\RESEARCH-1\artifacts\benchmark_runs\language\longseq_anchor16_80m_fresh1b_after2b_20260603\language_longseq_anchor16_80m_fresh1b_after2b_seq10160_seed13_20260603.json
wave10_3080_lowrank_conv_memory_76m_3b_scratch_existingcache_20260605,22,2200107360.0,4.1517,4.1517,2200107360.0,,log_eval,E:\CODEXRESEARCH\house_compute_hub\runs\20260605-024617-ebeaa2\mwstroud-mwstr-6aea1cf3.log
longseq_anchor16_160m_2b_cosine_20260603_restart2,20,2000006160.0,4.6422,4.6422,2000006160.0,,log_eval,E:\CODEXRESEARCH\house_compute_hub\runs\20260603-181136-f3f589\mwstroud-mwstr-6aea1cf3.log
language_longseq_anchor16_80m_2b_lr1e3_seq10160_seed13_20260603/causal_conv_mixer_sampled_vocab_anchor16,21,2000006160.0,4.826209872961044,4.816918730735779,1800087840.0,79999460.0,json_history,E:\CODEXRESEARCH\RESEARCH-1\artifacts\benchmark_runs\language\language_longseq_anchor16_80m_2b_lr1e3_seq10160_seed13_20260603.json
longseq_anchor16_80m_600m_2060_20260603_1845,6,600029280.0,4.9125,4.9125,600029280.0,,log_eval,E:\CODEXRESEARCH\house_compute_hub\runs\20260603-184409-9ceb40\Chichen-JoshS-10a81805.log
longseq_anchor16_40m_600m_4060ti_20260603_1812,6,600029280.0,4.9599,4.9599,600029280.0,,log_eval,E:\CODEXRESEARCH\house_compute_hub\runs\20260603-181305-c1d854\t-mwstr-07260bd4.log
language_longseq_anchor16_40m_600m_seq10160_seed13_20260602/causal_conv_mixer_sampled_vocab_anchor16,3,600029280.0,5.094722971320152,5.094722971320152,600029280.0,40100417.0,json_history,E:\CODEXRESEARCH\RESEARCH-1\artifacts\benchmark_runs\language\language_longseq_anchor16_40m_600m_seq10160_seed13_20260602.json
wave6_3080_multiscale_stride4_continue500m_total49215_resume_after_cuda,1,500024400.0,4.7431,4.7431,500024400.0,,log_eval,E:\CODEXRESEARCH\house_compute_hub\runs\20260604-205451-0ffce6\mwstroud-mwstr-6aea1cf3.log
wave4_3080_dense_stride4_fresh_continue500m,4,500024400.0,4.7682,4.7682,500024400.0,,log_eval,E:\CODEXRESEARCH\house_compute_hub\runs\20260604-180347-2a8730\mwstroud-mwstr-6aea1cf3.log
wave2_3080_dense_stride8_90m_continue500m,4,500024400.0,4.7943,4.7943,500024400.0,,log_eval,E:\CODEXRESEARCH\house_compute_hub\runs\20260604-163118-2e4251\mwstroud-mwstr-6aea1cf3.log
wave6_3080_multiscale_stride4_continue500m_total49215,1,400019520.0,4.7744,4.7744,400019520.0,,log_eval,E:\CODEXRESEARCH\house_compute_hub\runs\20260604-202043-ffd781\mwstroud-mwstr-6aea1cf3.log
wave4_4060_dense_stride4_continue500m,2,399999200.0,4.8873,4.8873,399999200.0,,log_eval,E:\CODEXRESEARCH\house_compute_hub\runs\20260604-191304-307977\t-mwstr-07260bd4.log
wave10_host2080_lowrank_conv_memory_stride4_continue300m_shifted_to_3080_retry1,1,300014640.0,4.6809,4.6809,300014640.0,,log_eval,E:\CODEXRESEARCH\house_compute_hub\runs\20260605-011144-50d666\mwstroud-mwstr-6aea1cf3.log
wave6_4060_multiscale_stride4_continue300m,3,300014640.0,4.7892,4.7892,300014640.0,,log_eval,E:\CODEXRESEARCH\house_compute_hub\runs\20260604-191304-3fe8cd\t-mwstr-07260bd4.log
wave6_3080_multiscale_stride4_continue300m,2,300014640.0,4.814,4.814,300014640.0,,log_eval,E:\CODEXRESEARCH\house_compute_hub\runs\20260604-193841-a8232f\mwstroud-mwstr-6aea1cf3.log
wave6_host2080_multiscale_stride4_continue300m,2,300014640.0,4.8792,4.8792,300014640.0,,log_eval,E:\CODEXRESEARCH\RESEARCH-1\artifacts\benchmark_runs\language\wave6_multiscale_20260604\host_2080_multiscale_continue300m.stdout.log
wave6_host2080_multiscale_stride4_continue300m/standalone_longseq_anchor_train,6,300014640.0,4.879228965097212,4.879228965097212,300014640.0,51037745.0,json_report_history,E:\CODEXRESEARCH\RESEARCH-1\artifacts\benchmark_runs\language\wave6_multiscale_20260604\wave6_host2080_multiscale_stride4_continue300m\result.json
wave4_4060_dense_stride4_continue300m,3,300014640.0,4.9309,4.9309,300014640.0,,log_eval,E:\CODEXRESEARCH\house_compute_hub\runs\20260604-175518-85b379\t-mwstr-07260bd4.log
wave8_2060_multiscale_stride4_continue300m,2,300014640.0,4.9968,4.9968,300014640.0,,log_eval,E:\CODEXRESEARCH\house_compute_hub\runs\20260604-192237-248694\Chichen-JoshS-10a81805.log
wave2_4060_dense_stride8_60m_continue300m,3,300014640.0,5.011,5.011,300014640.0,,log_eval,E:\CODEXRESEARCH\house_compute_hub\runs\20260604-163119-78203f\t-mwstr-07260bd4.log
language_longseq_anchor16_40m_300m_seq10160_seed13_20260602/causal_conv_mixer_sampled_vocab_anchor16,2,300014640.0,5.357350170612335,5.357350170612335,300014640.0,40100417.0,json_history,E:\CODEXRESEARCH\RESEARCH-1\artifacts\benchmark_runs\language\language_longseq_anchor16_40m_300m_seq10160_seed13_20260602.json
wave10_host2080_lowrank_conv_memory_stride4_continue300m,1,200009760.0,4.8113,4.8113,200009760.0,,log_eval,E:\CODEXRESEARCH\RESEARCH-1\artifacts\benchmark_runs\language\wave10_lowrank_conv_memory_20260604\host_2080_lowrank_conv_memory_stride4_continue300m.stdout.log
wave10_2060_lowrank_conv_memory_stride4_continue300m,1,200009760.0,4.9206,4.9206,200009760.0,,log_eval,E:\CODEXRESEARCH\house_compute_hub\runs\20260604-205817-df624b\Chichen-JoshS-10a81805.log
wave10_3080_lowrank_conv_memory_stride4_100m_fresh,1,100004880.0,4.9289,4.9289,100004880.0,,log_eval,E:\CODEXRESEARCH\house_compute_hub\runs\20260604-210436-c98623\mwstroud-mwstr-6aea1cf3.log
wave13_2060_lowrank_conv_memory_memoryrank128_stride4_100m,1,100004880.0,5.0399,5.0399,100004880.0,,log_eval,E:\CODEXRESEARCH\house_compute_hub\runs\20260605-015212-267bfb\Chichen-JoshS-10a81805.log
wave10_host2080_lowrank_conv_memory_stride4_continue100m,2,100004880.0,5.045,5.045,100004880.0,,log_eval,E:\CODEXRESEARCH\RESEARCH-1\artifacts\benchmark_runs\language\wave10_lowrank_conv_memory_20260604\host_2080_lowrank_conv_memory_stride4_continue100m.stdout.log
wave10_host2080_lowrank_conv_memory_stride4_continue100m/standalone_longseq_anchor_train,3,100004880.0,5.045041977952471,5.045041977952471,100004880.0,51220529.0,json_report_history,E:\CODEXRESEARCH\RESEARCH-1\artifacts\benchmark_runs\language\wave10_lowrank_conv_memory_20260604\wave10_host2080_lowrank_conv_memory_stride4_continue100m\result.json
wave6_3080_multiscale_stride4_fresh100m,1,100004880.0,5.1293,5.1293,100004880.0,,log_eval,E:\CODEXRESEARCH\house_compute_hub\runs\20260604-184448-07692f\mwstroud-mwstr-6aea1cf3.log
wave10_2060_lowrank_conv_memory_stride4_continue100m,3,100004880.0,5.1484,5.1484,100004880.0,,log_eval,E:\CODEXRESEARCH\house_compute_hub\runs\20260604-203858-cf1b20\Chichen-JoshS-10a81805.log
wave4_3080_dense_stride4_fresh100m,1,100004880.0,5.2393,5.2393,100004880.0,,log_eval,E:\CODEXRESEARCH\house_compute_hub\runs\20260604-175517-ec324a\mwstroud-mwstr-6aea1cf3.log
wave6_host2080_multiscale_stride4_continue100m,3,100004880.0,5.2701,5.2701,100004880.0,,log_eval,E:\CODEXRESEARCH\RESEARCH-1\artifacts\benchmark_runs\language\wave6_multiscale_20260604\host_2080_multiscale_continue100m.stdout.log
wave6_host2080_multiscale_stride4_continue100m/standalone_longseq_anchor_train,4,100004880.0,5.2701041966285604,5.2701041966285604,100004880.0,51037745.0,json_report_history,E:\CODEXRESEARCH\RESEARCH-1\artifacts\benchmark_runs\language\wave6_multiscale_20260604\wave6_host2080_multiscale_stride4_continue100m\result.json
wave1_3080_dense_stride8_90m_k7_100m,1,100004880.0,5.2887,5.2887,100004880.0,,log_eval,E:\CODEXRESEARCH\house_compute_hub\runs\20260604-152638-a2ea98\mwstroud-mwstr-6aea1cf3.log
wave1_3080_depth4_110m_k15_stride16_100m,1,100004880.0,5.2977,5.2977,100004880.0,,log_eval,E:\CODEXRESEARCH\house_compute_hub\runs\20260604-152638-e9d9c4\mwstroud-mwstr-6aea1cf3.log
wave3_3080_gated_stride8_85m_100m,1,100004880.0,5.3393,5.3393,100004880.0,,log_eval,E:\CODEXRESEARCH\house_compute_hub\runs\20260604-164139-5f53a1\mwstroud-mwstr-6aea1cf3.log
wave6_2060_multiscale_stride4_continue100m,3,100004880.0,5.369,5.369,100004880.0,,log_eval,E:\CODEXRESEARCH\house_compute_hub\runs\20260604-183105-77136f\Chichen-JoshS-10a81805.log
wave1_3080_baseline160m_sched_control_100m,1,100004880.0,5.526,5.526,100004880.0,,log_eval,E:\CODEXRESEARCH\house_compute_hub\runs\20260604-155119-b10bf5\mwstroud-mwstr-6aea1cf3.log
language_longseq_anchor16_40m_100m_seq10160_seed13_20260602/causal_conv_mixer_sampled_vocab_anchor16,1,100004880.0,5.607791304588318,5.607791304588318,100004880.0,40100417.0,json_history,E:\CODEXRESEARCH\RESEARCH-1\artifacts\benchmark_runs\language\language_longseq_anchor16_40m_100m_seq10160_seed13_20260602.json
language_longseq_anchor16_100m_seq10160_seed13_20260602/causal_conv_mixer_sampled_vocab_anchor16,1,100004880.0,5.727572545409203,5.727572545409203,100004880.0,20034967.0,json_history,E:\CODEXRESEARCH\RESEARCH-1\artifacts\benchmark_runs\language\language_longseq_anchor16_100m_seq10160_seed13_20260602.json
wave6_4060_multiscale_stride4_80m,1,79999840.0,5.2106,5.2106,79999840.0,,log_eval,E:\CODEXRESEARCH\house_compute_hub\runs\20260604-183105-436133\t-mwstr-07260bd4.log
wave7_4060_dilated_multiscale_stride4_80m,1,79999840.0,5.2467,5.2467,79999840.0,,log_eval,E:\CODEXRESEARCH\house_compute_hub\runs\20260604-185056-ce4bdc\t-mwstr-07260bd4.log
wave2_4060_dense_stride4_60m_k7_80m,1,79999840.0,5.3327,5.3327,79999840.0,,log_eval,E:\CODEXRESEARCH\house_compute_hub\runs\20260604-163118-495c4b\t-mwstr-07260bd4.log
wave1_4060_dense_stride8_60m_k7_80m,1,79999840.0,5.419,5.419,79999840.0,,log_eval,E:\CODEXRESEARCH\house_compute_hub\runs\20260604-152639-ad36f5\t-mwstr-07260bd4.log
wave1_4060_depth4_60m_k15_stride16_80m,1,79999840.0,5.4369,5.4369,79999840.0,,log_eval,E:\CODEXRESEARCH\house_compute_hub\runs\20260604-152639-f97a46\t-mwstr-07260bd4.log
wave3_4060_gated_stride8_55m_80m,1,79999840.0,5.4709,5.4709,79999840.0,,log_eval,E:\CODEXRESEARCH\house_compute_hub\runs\20260604-164140-74cc42\t-mwstr-07260bd4.log
wave10_host2080_lowrank_conv_memory_stride4_60m,1,60004960.0,5.1627,5.1627,60004960.0,,log_eval,E:\CODEXRESEARCH\RESEARCH-1\artifacts\benchmark_runs\language\wave10_lowrank_conv_memory_20260604\host_2080_lowrank_conv_memory_stride4_60m.stdout.log
wave10_host2080_lowrank_conv_memory_stride4_60m/standalone_longseq_anchor_train,1,60004960.0,5.162740405025132,5.162740405025132,60004960.0,51220529.0,json_report_history,E:\CODEXRESEARCH\RESEARCH-1\artifacts\benchmark_runs\language\wave10_lowrank_conv_memory_20260604\wave10_host2080_lowrank_conv_memory_stride4_60m\result.json
wave9_host2080_multiscale_memory_stride4_60m,1,60004960.0,5.3666,5.3666,60004960.0,,log_eval,E:\CODEXRESEARCH\RESEARCH-1\artifacts\benchmark_runs\language\wave9_multiscale_memory_20260604\host_2080_multiscale_memory_stride4_60m.stdout.log
wave9_host2080_multiscale_memory_stride4_60m/standalone_longseq_anchor_train,1,60004960.0,5.366613806545578,5.366613806545578,60004960.0,51204145.0,json_report_history,E:\CODEXRESEARCH\RESEARCH-1\artifacts\benchmark_runs\language\wave9_multiscale_memory_20260604\wave9_host2080_multiscale_memory_stride4_60m\result.json
wave8_host2080_adaptive_multiscale_stride4_60m,1,60004960.0,5.3805,5.3805,60004960.0,,log_eval,E:\CODEXRESEARCH\RESEARCH-1\artifacts\benchmark_runs\language\wave8_adaptive_multiscale_20260604\host_2080_adaptive_multiscale_stride4_60m.stdout.log
wave8_host2080_adaptive_multiscale_stride4_60m/standalone_longseq_anchor_train,1,60004960.0,5.380507930088544,5.380507930088544,60004960.0,51041585.0,json_report_history,E:\CODEXRESEARCH\RESEARCH-1\artifacts\benchmark_runs\language\wave8_adaptive_multiscale_20260604\wave8_host2080_adaptive_multiscale_stride4_60m\result.json
wave6_host2080_multiscale_stride4_60m/standalone_longseq_anchor_train,1,60004960.0,5.382352503829115,5.382352503829115,60004960.0,51037745.0,json_report_history,E:\CODEXRESEARCH\RESEARCH-1\artifacts\benchmark_runs\language\wave6_multiscale_20260604\wave6_host2080_multiscale_stride4_60m\result.json
wave6_host2080_multiscale_stride4_60m,1,60004960.0,5.3824,5.3824,60004960.0,,log_eval,E:\CODEXRESEARCH\RESEARCH-1\artifacts\benchmark_runs\language\wave6_multiscale_20260604\host_2080_multiscale_stride4.stdout.log
wave7_host2080_dilated_multiscale_stride4_60m/standalone_longseq_anchor_train,1,60004960.0,5.420864054130444,5.420864054130444,60004960.0,51037745.0,json_report_history,E:\CODEXRESEARCH\RESEARCH-1\artifacts\benchmark_runs\language\wave7_dilated_multiscale_20260604\wave7_host2080_dilated_multiscale_stride4_60m\result.json
wave7_host2080_dilated_multiscale_stride4_60m,1,60004960.0,5.4209,5.4209,60004960.0,,log_eval,E:\CODEXRESEARCH\RESEARCH-1\artifacts\benchmark_runs\language\wave7_dilated_multiscale_20260604\host_2080_dilated_multiscale_stride4_60m.stdout.log
wave3_host2080_dense_stride4_60m/standalone_longseq_anchor_train,1,60004960.0,5.4645802578901055,5.4645802578901055,60004960.0,54802353.0,json_report_history,E:\CODEXRESEARCH\RESEARCH-1\artifacts\benchmark_runs\language\wave3_gated_block_20260604\wave3_host2080_dense_stride4_60m\result.json
wave3_host2080_dense_stride4_60m,1,60004960.0,5.4646,5.4646,60004960.0,,log_eval,E:\CODEXRESEARCH\RESEARCH-1\artifacts\benchmark_runs\language\wave3_gated_block_20260604\host_2080_stride4.stdout.log
wave3_host2080_memory_stride4_60m/standalone_longseq_anchor_train,1,60004960.0,5.466395527484223,5.466395527484223,60004960.0,50359345.0,json_report_history,E:\CODEXRESEARCH\RESEARCH-1\artifacts\benchmark_runs\language\wave3_gated_block_20260604\wave3_host2080_memory_stride4_60m\result.json
wave3_host2080_memory_stride4_60m,1,60004960.0,5.4664,5.4664,60004960.0,,log_eval,E:\CODEXRESEARCH\RESEARCH-1\artifacts\benchmark_runs\language\wave3_gated_block_20260604\host_2080_memory_stride4.stdout.log
wave5_host2080_landmark_stride4_60m,1,60004960.0,5.5022,5.5022,60004960.0,,log_eval,E:\CODEXRESEARCH\RESEARCH-1\artifacts\benchmark_runs\language\wave5_landmark_attention_20260604\host_2080_landmark_stride4.stdout.log
wave5_host2080_landmark_stride4_60m/standalone_longseq_anchor_train,1,60004960.0,5.50221453407618,5.50221453407618,60004960.0,53472305.0,json_report_history,E:\CODEXRESEARCH\RESEARCH-1\artifacts\benchmark_runs\language\wave5_landmark_attention_20260604\wave5_host2080_landmark_stride4_60m\result.json
wave3_host2080_gated_stride4_60m/standalone_longseq_anchor_train,1,60004960.0,5.524196946495787,5.524196946495787,60004960.0,51844145.0,json_report_history,E:\CODEXRESEARCH\RESEARCH-1\artifacts\benchmark_runs\language\wave3_gated_block_20260604\wave3_host2080_gated_stride4_60m\result.json
wave3_host2080_gated_stride4_60m,1,60004960.0,5.5242,5.5242,60004960.0,,log_eval,E:\CODEXRESEARCH\RESEARCH-1\artifacts\benchmark_runs\language\wave3_gated_block_20260604\host_2080_gated_stride4.stdout.log
language_partial_untied_50m_20260328,14,50001424.0,5.332345515489578,5.332345515489578,50001424.0,8069555.0,json_report_history,E:\CODEXRESEARCH\RESEARCH-1\artifacts\benchmark_runs\language\language_partial_untied_50m_20260328.json
wave3_host2080_gated_45m_stride8,1,44998640.0,5.7421,5.7421,44998640.0,,log_eval,E:\CODEXRESEARCH\RESEARCH-1\artifacts\benchmark_runs\language\wave3_gated_block_20260604\host_2080_gated.stdout.log
wave3_host2080_gated_45m_stride8/standalone_longseq_anchor_train,1,44998640.0,5.742143817492358,5.742143817492358,44998640.0,51844145.0,json_report_history,E:\CODEXRESEARCH\RESEARCH-1\artifacts\benchmark_runs\language\wave3_gated_block_20260604\wave3_host2080_gated_45m_stride8\result.json
wave13_2060_lowrank_conv_memory_memoryrank128_stride4_30m,1,30002480.0,5.6252,5.6252,30002480.0,,log_eval,E:\CODEXRESEARCH\house_compute_hub\runs\20260605-011722-017e5b\Chichen-JoshS-10a81805.log
wave13_2060_lowrank_conv_memory_memoryrank128_kernel15_stride4_30m,1,30002480.0,5.6257,5.6257,30002480.0,,log_eval,E:\CODEXRESEARCH\house_compute_hub\runs\20260605-014244-e3b907\Chichen-JoshS-10a81805.log
wave13_2060_lowrank_conv_memory_kernel15_stride4_30m,1,30002480.0,5.6322,5.6322,30002480.0,,log_eval,E:\CODEXRESEARCH\house_compute_hub\runs\20260605-011722-0e3c28\Chichen-JoshS-10a81805.log
wave13_2060_lowrank_conv_memory_memoryrank128_landmark64_stride4_30m,1,30002480.0,5.6344,5.6344,30002480.0,,log_eval,E:\CODEXRESEARCH\house_compute_hub\runs\20260605-013355-bca176\Chichen-JoshS-10a81805.log
wave10_2060_lowrank_conv_memory_stride4_30m,1,30002480.0,5.636,5.636,30002480.0,,log_eval,E:\CODEXRESEARCH\house_compute_hub\runs\20260604-202610-99d094\Chichen-JoshS-10a81805.log
wave12_2060_token_gated_lowrank_conv_memory_stride4_30m,1,30002480.0,5.6382,5.6382,30002480.0,,log_eval,E:\CODEXRESEARCH\house_compute_hub\runs\20260605-010823-a88076\Chichen-JoshS-10a81805.log
wave9_2060_multiscale_memory_stride4_30m,1,30002480.0,5.8155,5.8155,30002480.0,,log_eval,E:\CODEXRESEARCH\house_compute_hub\runs\20260604-201956-a0f255\Chichen-JoshS-10a81805.log
wave8_2060_adaptive_multiscale_stride4_30m,1,30002480.0,5.8203,5.8203,30002480.0,,log_eval,E:\CODEXRESEARCH\house_compute_hub\runs\20260604-200613-b5ffe3\Chichen-JoshS-10a81805.log
wave6_2060_multiscale_stride4_30m,1,30002480.0,5.8227,5.8227,30002480.0,,log_eval,E:\CODEXRESEARCH\house_compute_hub\runs\20260604-181838-9e8078\Chichen-JoshS-10a81805.log
wave7_2060_dilated_multiscale_stride4_30m,1,30002480.0,5.8486,5.8486,30002480.0,,log_eval,E:\CODEXRESEARCH\house_compute_hub\runs\20260604-184957-41c58c\Chichen-JoshS-10a81805.log
wave3_2060_dense_stride4_45m_30m,1,30002480.0,5.8767,5.8767,30002480.0,,log_eval,E:\CODEXRESEARCH\house_compute_hub\runs\20260604-172422-381ac5\Chichen-JoshS-10a81805.log
wave8_2060_multiscale_stride8_30m,1,30002480.0,5.8959,5.8959,30002480.0,,log_eval,E:\CODEXRESEARCH\house_compute_hub\runs\20260604-191352-f03dcf\Chichen-JoshS-10a81805.log
wave5_2060_landmark_stride4_30m,1,30002480.0,5.9204,5.9204,30002480.0,,log_eval,E:\CODEXRESEARCH\house_compute_hub\runs\20260604-180347-ba3b2c\Chichen-JoshS-10a81805.log
wave3_2060_gated_stride8_35m_30m_venv_fix2,1,30002480.0,6.0484,6.0484,30002480.0,,log_eval,E:\CODEXRESEARCH\house_compute_hub\runs\20260604-171638-85e8f5\Chichen-JoshS-10a81805.log
chichen_anchor4_prefixmem_seq635_bigcache_20m_30mtok_20260603,4,29999940.0,5.5323,5.5323,29999940.0,,log_eval,E:\CODEXRESEARCH\house_compute_hub\runs\20260603-144034-c8e37a\Chichen-JoshS-10a81805.log
chichen_anchor4_chunkmem_seq635_bigcache_20m_30mtok_20260603,4,29999940.0,5.5715,5.5715,29999940.0,,log_eval,E:\CODEXRESEARCH\house_compute_hub\runs\20260603-144034-c8e37a\Chichen-JoshS-10a81805.log
chichen_anchor4_baseline_seq635_bigcache_20m_30mtok_20260603,4,29999940.0,5.7425,5.7425,29999940.0,,log_eval,E:\CODEXRESEARCH\house_compute_hub\runs\20260603-144034-c8e37a\Chichen-JoshS-10a81805.log
chichen_anchor4_noconv_seq635_bigcache_20m_30mtok_20260603,4,29999940.0,5.9507,5.9507,29999940.0,,log_eval,E:\CODEXRESEARCH\house_compute_hub\runs\20260603-144034-c8e37a\Chichen-JoshS-10a81805.log
neuron_search/screen_2048_seed31_real_seq10160_val8_seed31_hidden_drop_p35_2048_v1_hidden_drop_p35_square_neuron/result/standalone_longseq_anchor_train,1,20807680.0,6.6740689311440535,6.6740689311440535,20807680.0,40437009.0,json_report_history,E:\CODEXRESEARCH\RESEARCH-1\artifacts\benchmark_runs\language\neuron_search_20260605\manual_self\screen_2048_seed31_real_seq10160_val8_seed31_hidden_drop_p35_2048_v1_hidden_drop_p35_square_neuron\result.json
neuron_search/screen_2048_seed31_real_seq10160_val8_seed31_hidden_drop_p25_p30_2048_v1_hidden_drop_p30_square_neuron/result/standalone_longseq_anchor_train,1,20807680.0,6.677765361906037,6.677765361906037,20807680.0,40437009.0,json_report_history,E:\CODEXRESEARCH\RESEARCH-1\artifacts\benchmark_runs\language\neuron_search_20260605\manual_self\screen_2048_seed31_real_seq10160_val8_seed31_hidden_drop_p25_p30_2048_v1_hidden_drop_p30_square_neuron\result.json
neuron_search/screen_2048_seed31_real_seq10160_val8_seed31_hidden_drop_p25_p30_2048_v1_hidden_drop_p25_square_neuron/result/standalone_longseq_anchor_train,1,20807680.0,6.686021690199694,6.686021690199694,20807680.0,40437009.0,json_report_history,E:\CODEXRESEARCH\RESEARCH-1\artifacts\benchmark_runs\language\neuron_search_20260605\manual_self\screen_2048_seed31_real_seq10160_val8_seed31_hidden_drop_p25_p30_2048_v1_hidden_drop_p25_square_neuron\result.json
neuron_search/screen_2048_seed31_real_seq10160_val8_seed31_hidden_drop_extreme_2048_v1_hidden_drop_extreme_square_neuron/result/standalone_longseq_anchor_train,1,20807680.0,6.696503792785284,6.696503792785284,20807680.0,40437009.0,json_report_history,E:\CODEXRESEARCH\RESEARCH-1\artifacts\benchmark_runs\language\neuron_search_20260605\manual_self\screen_2048_seed31_real_seq10160_val8_seed31_hidden_drop_extreme_2048_v1_hidden_drop_extreme_square_neuron\result.json
neuron_search/screen_2048_seed31_real_seq10160_val8_seed31_hidden_drop_ultra_2048_v1_hidden_drop_ultra_square_neuron/result/standalone_longseq_anchor_train,1,20807680.0,6.710196517583892,6.710196517583892,20807680.0,40437009.0,json_report_history,E:\CODEXRESEARCH\RESEARCH-1\artifacts\benchmark_runs\language\neuron_search_20260605\manual_self\screen_2048_seed31_real_seq10160_val8_seed31_hidden_drop_ultra_2048_v1_hidden_drop_ultra_square_neuron\result.json
neuron_search/screen_2048_seed31_real_seq10160_val8_seed31_hidden_drop_strength_2048_v1_hidden_drop_high_square_neuron/result/standalone_longseq_anchor_train,1,20807680.0,6.729147533638271,6.729147533638271,20807680.0,40437009.0,json_report_history,E:\CODEXRESEARCH\RESEARCH-1\artifacts\benchmark_runs\language\neuron_search_20260605\manual_self\screen_2048_seed31_real_seq10160_val8_seed31_hidden_drop_strength_2048_v1_hidden_drop_high_square_neuron\result.json
neuron_search/screen_2048_seed31_real_seq10160_val8_seed31_hidden_drop_strength_2048_v1_hidden_drop_mid_square_neuron/result/standalone_longseq_anchor_train,1,20807680.0,6.740041240463107,6.740041240463107,20807680.0,40437009.0,json_report_history,E:\CODEXRESEARCH\RESEARCH-1\artifacts\benchmark_runs\language\neuron_search_20260605\manual_self\screen_2048_seed31_real_seq10160_val8_seed31_hidden_drop_strength_2048_v1_hidden_drop_mid_square_neuron\result.json
neuron_search/screen_2048_seed31_real_seq10160_val8_seed31_hidden_regularizer_2048_v1_hidden_drop_square_neuron/result/standalone_longseq_anchor_train,1,20807680.0,6.7520684124916555,6.7520684124916555,20807680.0,40437009.0,json_report_history,E:\CODEXRESEARCH\RESEARCH-1\artifacts\benchmark_runs\language\neuron_search_20260605\manual_self\screen_2048_seed31_real_seq10160_val8_seed31_hidden_regularizer_2048_v1_hidden_drop_square_neuron\result.json
neuron_search/screen_2048_seed31_real_seq10160_val8_seed31_hidden_regularizer_2048_v1_rank_competition_fixed_feather_hidden_drop_neuron/result/standalone_longseq_anchor_train,1,20807680.0,6.75246383430451,6.75246383430451,20807680.0,40437009.0,json_report_history,E:\CODEXRESEARCH\RESEARCH-1\artifacts\benchmark_runs\language\neuron_search_20260605\manual_self\screen_2048_seed31_real_seq10160_val8_seed31_hidden_regularizer_2048_v1_rank_competition_fixed_feather_hidden_drop_neuron\result.json
neuron_search/screen_2048_seed13_real_seq10160_val8_seed13_hidden_drop_2048_v1_hidden_drop_square_neuron/result/standalone_longseq_anchor_train,1,20807680.0,6.760132321410292,6.760132321410292,20807680.0,40437009.0,json_report_history,E:\CODEXRESEARCH\RESEARCH-1\artifacts\benchmark_runs\language\neuron_search_20260605\manual_self\screen_2048_seed13_real_seq10160_val8_seed13_hidden_drop_2048_v1_hidden_drop_square_neuron\result.json
neuron_search/screen_2048_seed17_real_seq10160_val8_seed17_hidden_drop_2048_v1_hidden_drop_square_neuron/result/standalone_longseq_anchor_train,1,20807680.0,6.765906025481036,6.765906025481036,20807680.0,40437009.0,json_report_history,E:\CODEXRESEARCH\RESEARCH-1\artifacts\benchmark_runs\language\neuron_search_20260605\manual_self\screen_2048_seed17_real_seq10160_val8_seed17_hidden_drop_2048_v1_hidden_drop_square_neuron\result.json
neuron_search/screen_2048_seed31_real_seq10160_val8_seed31_rankcheap_2048_v1_baseline/result/standalone_longseq_anchor_train,1,20807680.0,6.788070307097097,6.788070307097097,20807680.0,40437009.0,json_report_history,E:\CODEXRESEARCH\RESEARCH-1\artifacts\benchmark_runs\language\neuron_search_20260605\manual_self\screen_2048_seed31_real_seq10160_val8_seed31_rankcheap_2048_v1_baseline\result.json
neuron_search/screen_2048_seed31_real_seq10160_val8_seed31_rank_pressure_fixed_feather_2048_v1_rank_competition_fixed_feather_neuron/result/standalone_longseq_anchor_train,1,20807680.0,6.788181459528254,6.788181459528254,20807680.0,40437009.0,json_report_history,E:\CODEXRESEARCH\RESEARCH-1\artifacts\benchmark_runs\language\neuron_search_20260605\manual_self\screen_2048_seed31_real_seq10160_val8_seed31_rank_pressure_fixed_feather_2048_v1_rank_competition_fixed_feather_neuron\result.json
neuron_search/screen_2048_seed31_real_seq10160_val8_seed31_rank_pressure_ultrasoft_2048_v1_rank_competition_feather_neuron/result/standalone_longseq_anchor_train,1,20807680.0,6.788191381214172,6.788191381214172,20807680.0,40437011.0,json_report_history,E:\CODEXRESEARCH\RESEARCH-1\artifacts\benchmark_runs\language\neuron_search_20260605\manual_self\screen_2048_seed31_real_seq10160_val8_seed31_rank_pressure_ultrasoft_2048_v1_rank_competition_feather_neuron\result.json
neuron_search/screen_2048_seed31_real_seq10160_val8_seed31_rank_pressure_ultrasoft_2048_v1_rank_competition_ultrasoft_neuron/result/standalone_longseq_anchor_train,1,20807680.0,6.7890008991158854,6.7890008991158854,20807680.0,40437011.0,json_report_history,E:\CODEXRESEARCH\RESEARCH-1\artifacts\benchmark_runs\language\neuron_search_20260605\manual_self\screen_2048_seed31_real_seq10160_val8_seed31_rank_pressure_ultrasoft_2048_v1_rank_competition_ultrasoft_neuron\result.json
neuron_search/screen_2048_seed31_real_seq10160_val8_seed31_rankcheap_2048_v1_rank_competition_centered_residual_neuron/result/standalone_longseq_anchor_train,1,20807680.0,6.789162986297307,6.789162986297307,20807680.0,40439059.0,json_report_history,E:\CODEXRESEARCH\RESEARCH-1\artifacts\benchmark_runs\language\neuron_search_20260605\manual_self\screen_2048_seed31_real_seq10160_val8_seed31_rankcheap_2048_v1_rank_competition_centered_residual_neuron\result.json
neuron_search/screen_2048_seed31_real_seq10160_val8_seed31_rank_pressure_2048_v1_rank_competition_soft_neuron/result/standalone_longseq_anchor_train,1,20807680.0,6.7916145317197785,6.7916145317197785,20807680.0,40437011.0,json_report_history,E:\CODEXRESEARCH\RESEARCH-1\artifacts\benchmark_runs\language\neuron_search_20260605\manual_self\screen_2048_seed31_real_seq10160_val8_seed31_rank_pressure_2048_v1_rank_competition_soft_neuron\result.json
neuron_search/screen_2048_seed31_real_seq10160_val8_seed31_rank_pressure_2048_v1_rank_competition_mild_neuron/result/standalone_longseq_anchor_train,1,20807680.0,6.7956020523244005,6.7956020523244005,20807680.0,40437011.0,json_report_history,E:\CODEXRESEARCH\RESEARCH-1\artifacts\benchmark_runs\language\neuron_search_20260605\manual_self\screen_2048_seed31_real_seq10160_val8_seed31_rank_pressure_2048_v1_rank_competition_mild_neuron\result.json
neuron_search/screen_2048_seed31_real_seq10160_val8_seed31_suppressed_stopgrad_2048_v1_rank_competition_memory_suppressed_stopgrad_mask_centered_gate_neuron/result/standalone_longseq_anchor_train,1,20807680.0,6.796138498163598,6.796138498163598,20807680.0,40572179.0,json_report_history,E:\CODEXRESEARCH\RESEARCH-1\artifacts\benchmark_runs\language\neuron_search_20260605\manual_self\screen_2048_seed31_real_seq10160_val8_seed31_suppressed_stopgrad_2048_v1_rank_competition_memory_suppressed_stopgrad_mask_centered_gate_neuron\result.json
neuron_search/screen_2048_seed13_real_seq10160_val8_seed13_hidden_drop_2048_v1_baseline/result/standalone_longseq_anchor_train,1,20807680.0,6.796638631726813,6.796638631726813,20807680.0,40437009.0,json_report_history,E:\CODEXRESEARCH\RESEARCH-1\artifacts\benchmark_runs\language\neuron_search_20260605\manual_self\screen_2048_seed13_real_seq10160_val8_seed13_hidden_drop_2048_v1_baseline\result.json
neuron_search/screen_2048_seed17_real_seq10160_val8_seed17_hidden_drop_2048_v1_baseline/result/standalone_longseq_anchor_train,1,20807680.0,6.797128779118455,6.797128779118455,20807680.0,40437009.0,json_report_history,E:\CODEXRESEARCH\RESEARCH-1\artifacts\benchmark_runs\language\neuron_search_20260605\manual_self\screen_2048_seed17_real_seq10160_val8_seed17_hidden_drop_2048_v1_baseline\result.json
neuron_search/screen_2048_seed31_real_seq10160_val8_seed31_rankcheap_2048_v1_rank_competition_neuron/result/standalone_longseq_anchor_train,1,20807680.0,6.800185562963561,6.800185562963561,20807680.0,40437011.0,json_report_history,E:\CODEXRESEARCH\RESEARCH-1\artifacts\benchmark_runs\language\neuron_search_20260605\manual_self\screen_2048_seed31_real_seq10160_val8_seed31_rankcheap_2048_v1_rank_competition_neuron\result.json
neuron_search/screen_1024_seed13_real_seq10160_40m_1024_phase_residual_memory_bounded_gate_neuron/result/standalone_longseq_anchor_train,1,10403840.0,6.386042435150447,6.386042435150447,10403840.0,40572177.0,json_report_history,E:\CODEXRESEARCH\RESEARCH-1\artifacts\benchmark_runs\language\neuron_search_20260605\manual_self\screen_1024_seed13_real_seq10160_40m_1024_phase_residual_memory_bounded_gate_neuron\result.json
neuron_search/screen_1024_seed13_real_seq10160_40m_1024_phase_residual_memory_rms_gate_neuron/result/standalone_longseq_anchor_train,1,10403840.0,6.386190266496553,6.386190266496553,10403840.0,40572177.0,json_report_history,E:\CODEXRESEARCH\RESEARCH-1\artifacts\benchmark_runs\language\neuron_search_20260605\manual_self\screen_1024_seed13_real_seq10160_40m_1024_phase_residual_memory_rms_gate_neuron\result.json
neuron_search/screen_1024_seed13_real_seq10160_40m_1024_phase_residual_memory_delta_gate_neuron/result/standalone_longseq_anchor_train,1,10403840.0,6.386283665942395,6.386283665942395,10403840.0,40572177.0,json_report_history,E:\CODEXRESEARCH\RESEARCH-1\artifacts\benchmark_runs\language\neuron_search_20260605\manual_self\screen_1024_seed13_real_seq10160_40m_1024_phase_residual_memory_delta_gate_neuron\result.json
neuron_search/screen_1024_seed17_real_seq10160_40m_1024_rank_competition_memory_suppressed_centered_gate_neuron/result/standalone_longseq_anchor_train,1,10403840.0,6.474003679921308,6.474003679921308,10403840.0,40572179.0,json_report_history,E:\CODEXRESEARCH\RESEARCH-1\artifacts\benchmark_runs\language\neuron_search_20260605\manual_self\screen_1024_seed17_real_seq10160_40m_1024_rank_competition_memory_suppressed_centered_gate_neuron\result.json
neuron_search/screen_1024_seed43_real_seq10160_val8_fullhybrid_extra_1024_v1_rank_competition_memory_suppressed_centered_gate_neuron/result/standalone_longseq_anchor_train,1,10403840.0,6.478143745895446,6.478143745895446,10403840.0,40572179.0,json_report_history,E:\CODEXRESEARCH\RESEARCH-1\artifacts\benchmark_runs\language\neuron_search_20260605\manual_self\screen_1024_seed43_real_seq10160_val8_fullhybrid_extra_1024_v1_rank_competition_memory_suppressed_centered_gate_neuron\result.json
neuron_search/screen_1024_seed17_real_seq10160_40m_1024_rank_competition_memory_centered_gate_neuron/result/standalone_longseq_anchor_train,1,10403840.0,6.478446355391675,6.478446355391675,10403840.0,40572179.0,json_report_history,E:\CODEXRESEARCH\RESEARCH-1\artifacts\benchmark_runs\language\neuron_search_20260605\manual_self\screen_1024_seed17_real_seq10160_40m_1024_rank_competition_memory_centered_gate_neuron\result.json
neuron_search/screen_1024_seed17_real_seq10160_40m_1024_phase_residual_memory_gate_neuron/result/standalone_longseq_anchor_train,1,10403840.0,6.478981038529104,6.478981038529104,10403840.0,40572177.0,json_report_history,E:\CODEXRESEARCH\RESEARCH-1\artifacts\benchmark_runs\language\neuron_search_20260605\manual_self\screen_1024_seed17_real_seq10160_40m_1024_phase_residual_memory_gate_neuron\result.json
neuron_search/screen_1024_seed17_real_seq10160_40m_1024_phase_residual_memory_centered_gate_neuron/result/standalone_longseq_anchor_train,1,10403840.0,6.4810182582675,6.4810182582675,10403840.0,40572177.0,json_report_history,E:\CODEXRESEARCH\RESEARCH-1\artifacts\benchmark_runs\language\neuron_search_20260605\manual_self\screen_1024_seed17_real_seq10160_40m_1024_phase_residual_memory_centered_gate_neuron\result.json
neuron_search/screen_1024_seed29_real_seq10160_40m_1024_rank_competition_memory_suppressed_centered_gate_neuron/result/standalone_longseq_anchor_train,1,10403840.0,6.48196838286918,6.48196838286918,10403840.0,40572179.0,json_report_history,E:\CODEXRESEARCH\RESEARCH-1\artifacts\benchmark_runs\language\neuron_search_20260605\manual_self\screen_1024_seed29_real_seq10160_40m_1024_rank_competition_memory_suppressed_centered_gate_neuron\result.json
neuron_search/screen_1024_seed43_real_seq10160_val8_fullhybrid_extra_1024_v1_rank_competition_memory_centered_gate_neuron/result/standalone_longseq_anchor_train,1,10403840.0,6.482294282199829,6.482294282199829,10403840.0,40572179.0,json_report_history,E:\CODEXRESEARCH\RESEARCH-1\artifacts\benchmark_runs\language\neuron_search_20260605\manual_self\screen_1024_seed43_real_seq10160_val8_fullhybrid_extra_1024_v1_rank_competition_memory_centered_gate_neuron\result.json
neuron_search/screen_1024_seed13_real_seq10160_40m_1024_rank_competition_memory_suppressed_centered_gate_neuron/result/standalone_longseq_anchor_train,1,10403840.0,6.482527013651029,6.482527013651029,10403840.0,40572179.0,json_report_history,E:\CODEXRESEARCH\RESEARCH-1\artifacts\benchmark_runs\language\neuron_search_20260605\manual_self\screen_1024_seed13_real_seq10160_40m_1024_rank_competition_memory_suppressed_centered_gate_neuron\result.json
neuron_search/screen_1024_seed43_real_seq10160_40m_1024_extra_phase_residual_memory_centered_gate_neuron/result/standalone_longseq_anchor_train,1,10403840.0,6.48502589924129,6.48502589924129,10403840.0,40572177.0,json_report_history,E:\CODEXRESEARCH\RESEARCH-1\artifacts\benchmark_runs\language\neuron_search_20260605\manual_self\screen_1024_seed43_real_seq10160_40m_1024_extra_phase_residual_memory_centered_gate_neuron\result.json
neuron_search/screen_1024_seed31_real_seq10160_val8_seed31_hidden_drop_endpoint_1024_v1_hidden_drop_ultra_square_neuron/result/standalone_longseq_anchor_train,1,10403840.0,6.485865390863944,6.485865390863944,10403840.0,40437009.0,json_report_history,E:\CODEXRESEARCH\RESEARCH-1\artifacts\benchmark_runs\language\neuron_search_20260605\manual_self\screen_1024_seed31_real_seq10160_val8_seed31_hidden_drop_endpoint_1024_v1_hidden_drop_ultra_square_neuron\result.json
neuron_search/screen_1024_seed13_real_seq10160_40m_1024_rank_competition_neuron/result/standalone_longseq_anchor_train,1,10403840.0,6.486382225930221,6.486382225930221,10403840.0,40437011.0,json_report_history,E:\CODEXRESEARCH\RESEARCH-1\artifacts\benchmark_runs\language\neuron_search_20260605\manual_self\screen_1024_seed13_real_seq10160_40m_1024_rank_competition_neuron\result.json
neuron_search/screen_1024_seed43_real_seq10160_40m_1024_extra_phase_residual_memory_gate_neuron/result/standalone_longseq_anchor_train,1,10403840.0,6.486451147860429,6.486451147860429,10403840.0,40572177.0,json_report_history,E:\CODEXRESEARCH\RESEARCH-1\artifacts\benchmark_runs\language\neuron_search_20260605\manual_self\screen_1024_seed43_real_seq10160_40m_1024_extra_phase_residual_memory_gate_neuron\result.json
neuron_search/screen_1024_seed31_real_seq10160_val8_seed31_hidden_drop_endpoint_1024_v1_hidden_drop_extreme_square_neuron/result/standalone_longseq_anchor_train,1,10403840.0,6.486462109201536,6.486462109201536,10403840.0,40437009.0,json_report_history,E:\CODEXRESEARCH\RESEARCH-1\artifacts\benchmark_runs\language\neuron_search_20260605\manual_self\screen_1024_seed31_real_seq10160_val8_seed31_hidden_drop_endpoint_1024_v1_hidden_drop_extreme_square_neuron\result.json
neuron_search/screen_1024_seed31_real_seq10160_val8_seed31_hidden_drop_p25_p30_1024_v1_hidden_drop_p25_square_neuron/result/standalone_longseq_anchor_train,1,10403840.0,6.486498386277927,6.486498386277927,10403840.0,40437009.0,json_report_history,E:\CODEXRESEARCH\RESEARCH-1\artifacts\benchmark_runs\language\neuron_search_20260605\manual_self\screen_1024_seed31_real_seq10160_val8_seed31_hidden_drop_p25_p30_1024_v1_hidden_drop_p25_square_neuron\result.json
neuron_search/screen_1024_seed29_real_seq10160_40m_1024_rank_competition_memory_centered_gate_neuron/result/standalone_longseq_anchor_train,1,10403840.0,6.486530396882005,6.486530396882005,10403840.0,40572179.0,json_report_history,E:\CODEXRESEARCH\RESEARCH-1\artifacts\benchmark_runs\language\neuron_search_20260605\manual_self\screen_1024_seed29_real_seq10160_40m_1024_rank_competition_memory_centered_gate_neuron\result.json
neuron_search/screen_1024_seed13_real_seq10160_val8_rankcost_1024_v1_rank_competition_centered_residual_neuron/result/standalone_longseq_anchor_train,1,10403840.0,6.486663895235287,6.486663895235287,10403840.0,40439059.0,json_report_history,E:\CODEXRESEARCH\RESEARCH-1\artifacts\benchmark_runs\language\neuron_search_20260605\manual_self\screen_1024_seed13_real_seq10160_val8_rankcost_1024_v1_rank_competition_centered_residual_neuron\result.json
neuron_search/screen_1024_seed31_real_seq10160_val8_seed31_hidden_drop_strength_1024_v1_hidden_drop_high_square_neuron/result/standalone_longseq_anchor_train,1,10403840.0,6.4869172229541565,6.4869172229541565,10403840.0,40437009.0,json_report_history,E:\CODEXRESEARCH\RESEARCH-1\artifacts\benchmark_runs\language\neuron_search_20260605\manual_self\screen_1024_seed31_real_seq10160_val8_seed31_hidden_drop_strength_1024_v1_hidden_drop_high_square_neuron\result.json
neuron_search/screen_1024_seed43_real_seq10160_40m_1024_extra_baseline/result/standalone_longseq_anchor_train,1,10403840.0,6.487358072235828,6.487358072235828,10403840.0,40437009.0,json_report_history,E:\CODEXRESEARCH\RESEARCH-1\artifacts\benchmark_runs\language\neuron_search_20260605\manual_self\screen_1024_seed43_real_seq10160_40m_1024_extra_baseline\result.json
neuron_search/screen_1024_seed31_real_seq10160_val8_seed31_hidden_drop_p25_p30_1024_v1_hidden_drop_p30_square_neuron/result/standalone_longseq_anchor_train,1,10403840.0,6.487752128586056,6.487752128586056,10403840.0,40437009.0,json_report_history,E:\CODEXRESEARCH\RESEARCH-1\artifacts\benchmark_runs\language\neuron_search_20260605\manual_self\screen_1024_seed31_real_seq10160_val8_seed31_hidden_drop_p25_p30_1024_v1_hidden_drop_p30_square_neuron\result.json
neuron_search/screen_1024_seed31_real_seq10160_val8_seed31_hidden_drop_strength_1024_v1_hidden_drop_mid_square_neuron/result/standalone_longseq_anchor_train,1,10403840.0,6.487987487053308,6.487987487053308,10403840.0,40437009.0,json_report_history,E:\CODEXRESEARCH\RESEARCH-1\artifacts\benchmark_runs\language\neuron_search_20260605\manual_self\screen_1024_seed31_real_seq10160_val8_seed31_hidden_drop_strength_1024_v1_hidden_drop_mid_square_neuron\result.json
neuron_search/screen_1024_seed17_real_seq10160_val8_rankcost_1024_v1_rank_competition_centered_residual_neuron/result/standalone_longseq_anchor_train,1,10403840.0,6.488046152103604,6.488046152103604,10403840.0,40439059.0,json_report_history,E:\CODEXRESEARCH\RESEARCH-1\artifacts\benchmark_runs\language\neuron_search_20260605\manual_self\screen_1024_seed17_real_seq10160_val8_rankcost_1024_v1_rank_competition_centered_residual_neuron\result.json
neuron_search/screen_1024_seed13_real_seq10160_40m_1024_rank_competition_memory_centered_gate_neuron/result/standalone_longseq_anchor_train,1,10403840.0,6.488335163386788,6.488335163386788,10403840.0,40572179.0,json_report_history,E:\CODEXRESEARCH\RESEARCH-1\artifacts\benchmark_runs\language\neuron_search_20260605\manual_self\screen_1024_seed13_real_seq10160_40m_1024_rank_competition_memory_centered_gate_neuron\result.json
neuron_search/screen_1024_seed31_real_seq10160_val8_seed31_rank_pressure_1024_v1_rank_competition_mild_neuron/result/standalone_longseq_anchor_train,1,10403840.0,6.488402558874896,6.488402558874896,10403840.0,40437011.0,json_report_history,E:\CODEXRESEARCH\RESEARCH-1\artifacts\benchmark_runs\language\neuron_search_20260605\manual_self\screen_1024_seed31_real_seq10160_val8_seed31_rank_pressure_1024_v1_rank_competition_mild_neuron\result.json
neuron_search/screen_1024_seed31_real_seq10160_val8_seed31_hidden_drop_p35_p40_1024_v1_hidden_drop_p35_square_neuron/result/standalone_longseq_anchor_train,1,10403840.0,6.488544294026893,6.488544294026893,10403840.0,40437009.0,json_report_history,E:\CODEXRESEARCH\RESEARCH-1\artifacts\benchmark_runs\language\neuron_search_20260605\manual_self\screen_1024_seed31_real_seq10160_val8_seed31_hidden_drop_p35_p40_1024_v1_hidden_drop_p35_square_neuron\result.json
neuron_search/screen_1024_seed31_real_seq10160_val8_seed31_hidden_regularizer_1024_v1_rank_competition_fixed_feather_hidden_drop_neuron/result/standalone_longseq_anchor_train,1,10403840.0,6.488661163247476,6.488661163247476,10403840.0,40437009.0,json_report_history,E:\CODEXRESEARCH\RESEARCH-1\artifacts\benchmark_runs\language\neuron_search_20260605\manual_self\screen_1024_seed31_real_seq10160_val8_seed31_hidden_regularizer_1024_v1_rank_competition_fixed_feather_hidden_drop_neuron\result.json
neuron_search/screen_1024_seed31_real_seq10160_val8_seed31_hidden_regularizer_1024_v1_hidden_drop_square_neuron/result/standalone_longseq_anchor_train,1,10403840.0,6.488811957085226,6.488811957085226,10403840.0,40437009.0,json_report_history,E:\CODEXRESEARCH\RESEARCH-1\artifacts\benchmark_runs\language\neuron_search_20260605\manual_self\screen_1024_seed31_real_seq10160_val8_seed31_hidden_regularizer_1024_v1_hidden_drop_square_neuron\result.json
neuron_search/screen_1024_seed29_real_seq10160_40m_1024_phase_residual_memory_centered_gate_neuron/result/standalone_longseq_anchor_train,1,10403840.0,6.489002096183657,6.489002096183657,10403840.0,40572177.0,json_report_history,E:\CODEXRESEARCH\RESEARCH-1\artifacts\benchmark_runs\language\neuron_search_20260605\manual_self\screen_1024_seed29_real_seq10160_40m_1024_phase_residual_memory_centered_gate_neuron\result.json
neuron_search/screen_1024_seed29_real_seq10160_40m_1024_phase_residual_memory_gate_neuron/result/standalone_longseq_anchor_train,1,10403840.0,6.489210685876411,6.489210685876411,10403840.0,40572177.0,json_report_history,E:\CODEXRESEARCH\RESEARCH-1\artifacts\benchmark_runs\language\neuron_search_20260605\manual_self\screen_1024_seed29_real_seq10160_40m_1024_phase_residual_memory_gate_neuron\result.json
neuron_search/screen_1024_seed31_real_seq10160_val8_seed31_rank_pressure_1024_v1_rank_competition_soft_neuron/result/standalone_longseq_anchor_train,1,10403840.0,6.489584335098116,6.489584335098116,10403840.0,40437011.0,json_report_history,E:\CODEXRESEARCH\RESEARCH-1\artifacts\benchmark_runs\language\neuron_search_20260605\manual_self\screen_1024_seed31_real_seq10160_val8_seed31_rank_pressure_1024_v1_rank_competition_soft_neuron\result.json
neuron_search/screen_1024_seed17_real_seq10160_40m_1024_rank_competition_neuron/result/standalone_longseq_anchor_train,1,10403840.0,6.4899042676752945,6.4899042676752945,10403840.0,40437011.0,json_report_history,E:\CODEXRESEARCH\RESEARCH-1\artifacts\benchmark_runs\language\neuron_search_20260605\manual_self\screen_1024_seed17_real_seq10160_40m_1024_rank_competition_neuron\result.json
neuron_search/screen_1024_seed17_real_seq10160_val8_rankcost_1024_v1_rank_competition_memory_scalar_centered_gate_neuron/result/standalone_longseq_anchor_train,1,10403840.0,6.490093801434584,6.490093801434584,10403840.0,40439189.0,json_report_history,E:\CODEXRESEARCH\RESEARCH-1\artifacts\benchmark_runs\language\neuron_search_20260605\manual_self\screen_1024_seed17_real_seq10160_val8_rankcost_1024_v1_rank_competition_memory_scalar_centered_gate_neuron\result.json
neuron_search/screen_1024_seed31_real_seq10160_val8_seed31_rank_pressure_1024_v1_rank_competition_mild_centered_residual_neuron/result/standalone_longseq_anchor_train,1,10403840.0,6.490098289805134,6.490098289805134,10403840.0,40439059.0,json_report_history,E:\CODEXRESEARCH\RESEARCH-1\artifacts\benchmark_runs\language\neuron_search_20260605\manual_self\screen_1024_seed31_real_seq10160_val8_seed31_rank_pressure_1024_v1_rank_competition_mild_centered_residual_neuron\result.json
neuron_search/screen_1024_seed31_real_seq10160_val8_seed31_hidden_drop_strength_1024_v1_memory_energy_drop_square_neuron/result/standalone_longseq_anchor_train,1,10403840.0,6.490110675650318,6.490110675650318,10403840.0,40437009.0,json_report_history,E:\CODEXRESEARCH\RESEARCH-1\artifacts\benchmark_runs\language\neuron_search_20260605\manual_self\screen_1024_seed31_real_seq10160_val8_seed31_hidden_drop_strength_1024_v1_memory_energy_drop_square_neuron\result.json
neuron_search/screen_1024_seed31_real_seq10160_val8_seed31_suppressed_guarded_1024_v1_rank_competition_memory_suppressed_stopgrad_mask_centered_gate_neuron/result/standalone_longseq_anchor_train,1,10403840.0,6.490351336959779,6.490351336959779,10403840.0,40572179.0,json_report_history,E:\CODEXRESEARCH\RESEARCH-1\artifacts\benchmark_runs\language\neuron_search_20260605\manual_self\screen_1024_seed31_real_seq10160_val8_seed31_suppressed_guarded_1024_v1_rank_competition_memory_suppressed_stopgrad_mask_centered_gate_neuron\result.json
neuron_search/screen_1024_seed31_real_seq10160_val8_seed31_rank_pressure_ultrasoft_1024_v1_rank_competition_ultrasoft_neuron/result/standalone_longseq_anchor_train,1,10403840.0,6.490355917975658,6.490355917975658,10403840.0,40437011.0,json_report_history,E:\CODEXRESEARCH\RESEARCH-1\artifacts\benchmark_runs\language\neuron_search_20260605\manual_self\screen_1024_seed31_real_seq10160_val8_seed31_rank_pressure_ultrasoft_1024_v1_rank_competition_ultrasoft_neuron\result.json
neuron_search/screen_1024_seed13_real_seq10160_40m_1024_phase_residual_memory_tiny_gate_neuron/result/standalone_longseq_anchor_train,1,10403840.0,6.490360572112827,6.490360572112827,10403840.0,40572177.0,json_report_history,E:\CODEXRESEARCH\RESEARCH-1\artifacts\benchmark_runs\language\neuron_search_20260605\manual_self\screen_1024_seed13_real_seq10160_40m_1024_phase_residual_memory_tiny_gate_neuron\result.json
neuron_search/screen_1024_seed31_real_seq10160_val8_seed31_hidden_drop_p35_p40_1024_v1_hidden_drop_p40_square_neuron/result/standalone_longseq_anchor_train,1,10403840.0,6.490488214286294,6.490488214286294,10403840.0,40437009.0,json_report_history,E:\CODEXRESEARCH\RESEARCH-1\artifacts\benchmark_runs\language\neuron_search_20260605\manual_self\screen_1024_seed31_real_seq10160_val8_seed31_hidden_drop_p35_p40_1024_v1_hidden_drop_p40_square_neuron\result.json
neuron_search/screen_1024_seed31_real_seq10160_val8_seed31_rank_pressure_fixed_1024_v1_rank_competition_fixed_feather_neuron/result/standalone_longseq_anchor_train,1,10403840.0,6.490631772401764,6.490631772401764,10403840.0,40437009.0,json_report_history,E:\CODEXRESEARCH\RESEARCH-1\artifacts\benchmark_runs\language\neuron_search_20260605\manual_self\screen_1024_seed31_real_seq10160_val8_seed31_rank_pressure_fixed_1024_v1_rank_competition_fixed_feather_neuron\result.json
neuron_search/screen_1024_seed31_real_seq10160_val8_seed31_rank_pressure_ultrasoft_1024_v1_rank_competition_feather_neuron/result/standalone_longseq_anchor_train,1,10403840.0,6.490636066752156,6.490636066752156,10403840.0,40437011.0,json_report_history,E:\CODEXRESEARCH\RESEARCH-1\artifacts\benchmark_runs\language\neuron_search_20260605\manual_self\screen_1024_seed31_real_seq10160_val8_seed31_rank_pressure_ultrasoft_1024_v1_rank_competition_feather_neuron\result.json
neuron_search/screen_1024_seed31_real_seq10160_val8_seed31_competition_masks_1024_v1_rank_competition_memory_suppressed_centered_gate_neuron/result/standalone_longseq_anchor_train,1,10403840.0,6.490653623746136,6.490653623746136,10403840.0,40572179.0,json_report_history,E:\CODEXRESEARCH\RESEARCH-1\artifacts\benchmark_runs\language\neuron_search_20260605\manual_self\screen_1024_seed31_real_seq10160_val8_seed31_competition_masks_1024_v1_rank_competition_memory_suppressed_centered_gate_neuron\result.json
neuron_search/screen_1024_seed31_real_seq10160_val8_seed31_suppressed_stable_1024_v1_rank_competition_memory_suppressed_bounded_centered_gate_neuron/result/standalone_longseq_anchor_train,1,10403840.0,6.490695723398464,6.490695723398464,10403840.0,40572179.0,json_report_history,E:\CODEXRESEARCH\RESEARCH-1\artifacts\benchmark_runs\language\neuron_search_20260605\manual_self\screen_1024_seed31_real_seq10160_val8_seed31_suppressed_stable_1024_v1_rank_competition_memory_suppressed_bounded_centered_gate_neuron\result.json
neuron_search/screen_1024_seed31_real_seq10160_val8_seed31_rank_pressure_fixed_1024_v1_rank_competition_fixed_trace_neuron/result/standalone_longseq_anchor_train,1,10403840.0,6.490721572853449,6.490721572853449,10403840.0,40437009.0,json_report_history,E:\CODEXRESEARCH\RESEARCH-1\artifacts\benchmark_runs\language\neuron_search_20260605\manual_self\screen_1024_seed31_real_seq10160_val8_seed31_rank_pressure_fixed_1024_v1_rank_competition_fixed_trace_neuron\result.json
neuron_search/screen_1024_seed13_real_seq10160_40m_1024_baseline/result/standalone_longseq_anchor_train,1,10403840.0,6.490743960639623,6.490743960639623,10403840.0,40437009.0,json_report_history,E:\CODEXRESEARCH\RESEARCH-1\artifacts\benchmark_runs\language\neuron_search_20260605\manual_self\screen_1024_seed13_real_seq10160_40m_1024_baseline\result.json
neuron_search/screen_1024_seed31_real_seq10160_val8_seed31_hidden_regularizer_1024_v1_hidden_drop_low_square_neuron/result/standalone_longseq_anchor_train,1,10403840.0,6.4907588776641,6.4907588776641,10403840.0,40437009.0,json_report_history,E:\CODEXRESEARCH\RESEARCH-1\artifacts\benchmark_runs\language\neuron_search_20260605\manual_self\screen_1024_seed31_real_seq10160_val8_seed31_hidden_regularizer_1024_v1_hidden_drop_low_square_neuron\result.json
neuron_search/screen_1024_seed31_real_seq10160_val8_seed31_rank_pressure_fixed_1024_v1_rank_competition_fixed_dust_neuron/result/standalone_longseq_anchor_train,1,10403840.0,6.490779493831274,6.490779493831274,10403840.0,40437009.0,json_report_history,E:\CODEXRESEARCH\RESEARCH-1\artifacts\benchmark_runs\language\neuron_search_20260605\manual_self\screen_1024_seed31_real_seq10160_val8_seed31_rank_pressure_fixed_1024_v1_rank_competition_fixed_dust_neuron\result.json
neuron_search/screen_1024_seed31_real_seq10160_40m_1024_extra_baseline/result/standalone_longseq_anchor_train,1,10403840.0,6.490791113921038,6.490791113921038,10403840.0,40437009.0,json_report_history,E:\CODEXRESEARCH\RESEARCH-1\artifacts\benchmark_runs\language\neuron_search_20260605\manual_self\screen_1024_seed31_real_seq10160_40m_1024_extra_baseline\result.json
neuron_search/screen_1024_seed31_real_seq10160_val8_seed31_hidden_regularizer_1024_v1_rank_competition_fixed_feather_channel_drop_neuron/result/standalone_longseq_anchor_train,1,10403840.0,6.490867328456067,6.490867328456067,10403840.0,40437009.0,json_report_history,E:\CODEXRESEARCH\RESEARCH-1\artifacts\benchmark_runs\language\neuron_search_20260605\manual_self\screen_1024_seed31_real_seq10160_val8_seed31_hidden_regularizer_1024_v1_rank_competition_fixed_feather_channel_drop_neuron\result.json
neuron_search/screen_1024_seed31_real_seq10160_val8_seed31_suppressed_guarded_1024_v1_rank_competition_memory_suppressed_energy_matched_centered_gate_neuron/result/standalone_longseq_anchor_train,1,10403840.0,6.490949440377904,6.490949440377904,10403840.0,40572179.0,json_report_history,E:\CODEXRESEARCH\RESEARCH-1\artifacts\benchmark_runs\language\neuron_search_20260605\manual_self\screen_1024_seed31_real_seq10160_val8_seed31_suppressed_guarded_1024_v1_rank_competition_memory_suppressed_energy_matched_centered_gate_neuron\result.json
neuron_search/screen_1024_seed31_real_seq10160_val8_seed31_hidden_regularizer_1024_v1_channel_drop_square_neuron/result/standalone_longseq_anchor_train,1,10403840.0,6.491031453083819,6.491031453083819,10403840.0,40437009.0,json_report_history,E:\CODEXRESEARCH\RESEARCH-1\artifacts\benchmark_runs\language\neuron_search_20260605\manual_self\screen_1024_seed31_real_seq10160_val8_seed31_hidden_regularizer_1024_v1_channel_drop_square_neuron\result.json
neuron_search/screen_1024_seed13_real_seq10160_40m_1024_phase_residual_blend_centered_neuron/result/standalone_longseq_anchor_train,1,10403840.0,6.491135826636487,6.491135826636487,10403840.0,40439057.0,json_report_history,E:\CODEXRESEARCH\RESEARCH-1\artifacts\benchmark_runs\language\neuron_search_20260605\manual_self\screen_1024_seed13_real_seq10160_40m_1024_phase_residual_blend_centered_neuron\result.json
neuron_search/screen_1024_seed13_real_seq10160_40m_1024_phase_residual_memory_small_gate_neuron/result/standalone_longseq_anchor_train,1,10403840.0,6.491292481628928,6.491292481628928,10403840.0,40572177.0,json_report_history,E:\CODEXRESEARCH\RESEARCH-1\artifacts\benchmark_runs\language\neuron_search_20260605\manual_self\screen_1024_seed13_real_seq10160_40m_1024_phase_residual_memory_small_gate_neuron\result.json
neuron_search/screen_1024_seed31_real_seq10160_val8_seed31_suppressed_stable_1024_v1_rank_competition_memory_suppressed_small_centered_gate_neuron/result/standalone_longseq_anchor_train,1,10403840.0,6.49137834366851,6.49137834366851,10403840.0,40572179.0,json_report_history,E:\CODEXRESEARCH\RESEARCH-1\artifacts\benchmark_runs\language\neuron_search_20260605\manual_self\screen_1024_seed31_real_seq10160_val8_seed31_suppressed_stable_1024_v1_rank_competition_memory_suppressed_small_centered_gate_neuron\result.json
neuron_search/screen_1024_seed31_real_seq10160_val8_seed31_suppressed_stable_1024_v1_rank_competition_memory_suppressed_bounded_small_centered_gate_neuron/result/standalone_longseq_anchor_train,1,10403840.0,6.491415230026395,6.491415230026395,10403840.0,40572179.0,json_report_history,E:\CODEXRESEARCH\RESEARCH-1\artifacts\benchmark_runs\language\neuron_search_20260605\manual_self\screen_1024_seed31_real_seq10160_val8_seed31_suppressed_stable_1024_v1_rank_competition_memory_suppressed_bounded_small_centered_gate_neuron\result.json
neuron_search/screen_1024_seed31_real_seq10160_val8_seed31_suppressed_stable_1024_v1_rank_competition_memory_suppressed_normed_centered_gate_neuron/result/standalone_longseq_anchor_train,1,10403840.0,6.4914293403700585,6.4914293403700585,10403840.0,40572179.0,json_report_history,E:\CODEXRESEARCH\RESEARCH-1\artifacts\benchmark_runs\language\neuron_search_20260605\manual_self\screen_1024_seed31_real_seq10160_val8_seed31_suppressed_stable_1024_v1_rank_competition_memory_suppressed_normed_centered_gate_neuron\result.json
neuron_search/screen_1024_seed13_real_seq10160_40m_1024_phase_residual_blend_normed_neuron/result/standalone_longseq_anchor_train,1,10403840.0,6.491492923976868,6.491492923976868,10403840.0,40439057.0,json_report_history,E:\CODEXRESEARCH\RESEARCH-1\artifacts\benchmark_runs\language\neuron_search_20260605\manual_self\screen_1024_seed13_real_seq10160_40m_1024_phase_residual_blend_normed_neuron\result.json
neuron_search/screen_1024_seed17_real_seq10160_40m_1024_phase_residual_blend_centered_neuron/result/standalone_longseq_anchor_train,1,10403840.0,6.491495132540154,6.491495132540154,10403840.0,40439057.0,json_report_history,E:\CODEXRESEARCH\RESEARCH-1\artifacts\benchmark_runs\language\neuron_search_20260605\manual_self\screen_1024_seed17_real_seq10160_40m_1024_phase_residual_blend_centered_neuron\result.json
neuron_search/screen_1024_seed13_real_seq10160_40m_1024_phase_residual_memory_centered_gate_neuron/result/standalone_longseq_anchor_train,1,10403840.0,6.491577075691674,6.491577075691674,10403840.0,40572177.0,json_report_history,E:\CODEXRESEARCH\RESEARCH-1\artifacts\benchmark_runs\language\neuron_search_20260605\manual_self\screen_1024_seed13_real_seq10160_40m_1024_phase_residual_memory_centered_gate_neuron\result.json
neuron_search/screen_1024_seed13_real_seq10160_40m_1024_phase_residual_blend_half_neuron/result/standalone_longseq_anchor_train,1,10403840.0,6.491696851929341,6.491696851929341,10403840.0,40439057.0,json_report_history,E:\CODEXRESEARCH\RESEARCH-1\artifacts\benchmark_runs\language\neuron_search_20260605\manual_self\screen_1024_seed13_real_seq10160_40m_1024_phase_residual_blend_half_neuron\result.json
neuron_search/screen_1024_seed13_real_seq10160_40m_1024_phase_residual_conv_energy_gate_neuron/result/standalone_longseq_anchor_train,1,10403840.0,6.491700165008935,6.491700165008935,10403840.0,40439059.0,json_report_history,E:\CODEXRESEARCH\RESEARCH-1\artifacts\benchmark_runs\language\neuron_search_20260605\manual_self\screen_1024_seed13_real_seq10160_40m_1024_phase_residual_conv_energy_gate_neuron\result.json
neuron_search/screen_1024_seed13_real_seq10160_40m_1024_verify_val8_v4_phase_residual_memory_bounded_gate_neuron/result/standalone_longseq_anchor_train,1,10403840.0,6.491803382982419,6.491803382982419,10403840.0,40572177.0,json_report_history,E:\CODEXRESEARCH\RESEARCH-1\artifacts\benchmark_runs\language\neuron_search_20260605\manual_self\screen_1024_seed13_real_seq10160_40m_1024_verify_val8_v4_phase_residual_memory_bounded_gate_neuron\result.json
neuron_search/screen_1024_seed31_real_seq10160_val8_seed31_competition_masks_1024_v1_rank_competition_memory_uncertainty_centered_gate_neuron/result/standalone_longseq_anchor_train,1,10403840.0,6.491906745227303,6.491906745227303,10403840.0,40572179.0,json_report_history,E:\CODEXRESEARCH\RESEARCH-1\artifacts\benchmark_runs\language\neuron_search_20260605\manual_self\screen_1024_seed31_real_seq10160_val8_seed31_competition_masks_1024_v1_rank_competition_memory_uncertainty_centered_gate_neuron\result.json
neuron_search/screen_1024_seed13_real_seq10160_40m_1024_verify_val8_v4_phase_residual_memory_rms_gate_neuron/result/standalone_longseq_anchor_train,1,10403840.0,6.491938723260024,6.491938723260024,10403840.0,40572177.0,json_report_history,E:\CODEXRESEARCH\RESEARCH-1\artifacts\benchmark_runs\language\neuron_search_20260605\manual_self\screen_1024_seed13_real_seq10160_40m_1024_verify_val8_v4_phase_residual_memory_rms_gate_neuron\result.json
neuron_search/screen_1024_seed13_real_seq10160_40m_1024_phase_residual_memory_gate_neuron/result/standalone_longseq_anchor_train,1,10403840.0,6.491958728925449,6.491958728925449,10403840.0,40572177.0,json_report_history,E:\CODEXRESEARCH\RESEARCH-1\artifacts\benchmark_runs\language\neuron_search_20260605\manual_self\screen_1024_seed13_real_seq10160_40m_1024_phase_residual_memory_gate_neuron\result.json
neuron_search/screen_1024_seed13_real_seq10160_40m_1024_phase_residual_memory_zero_mean_gate_neuron/result/standalone_longseq_anchor_train,1,10403840.0,6.491961954522321,6.491961954522321,10403840.0,40572177.0,json_report_history,E:\CODEXRESEARCH\RESEARCH-1\artifacts\benchmark_runs\language\neuron_search_20260605\manual_self\screen_1024_seed13_real_seq10160_40m_1024_phase_residual_memory_zero_mean_gate_neuron\result.json
neuron_search/screen_1024_seed31_real_seq10160_val8_seed31_rank_pressure_1024_v1_rank_competition_soft_centered_residual_neuron/result/standalone_longseq_anchor_train,1,10403840.0,6.492003682091481,6.492003682091481,10403840.0,40439059.0,json_report_history,E:\CODEXRESEARCH\RESEARCH-1\artifacts\benchmark_runs\language\neuron_search_20260605\manual_self\screen_1024_seed31_real_seq10160_val8_seed31_rank_pressure_1024_v1_rank_competition_soft_centered_residual_neuron\result.json
neuron_search/screen_1024_seed17_real_seq10160_40m_1024_phase_residual_blend_normed_neuron/result/standalone_longseq_anchor_train,1,10403840.0,6.492040767068938,6.492040767068938,10403840.0,40439057.0,json_report_history,E:\CODEXRESEARCH\RESEARCH-1\artifacts\benchmark_runs\language\neuron_search_20260605\manual_self\screen_1024_seed17_real_seq10160_40m_1024_phase_residual_blend_normed_neuron\result.json
neuron_search/screen_1024_seed17_real_seq10160_40m_1024_phase_residual_blend_half_neuron/result/standalone_longseq_anchor_train,1,10403840.0,6.492086674003151,6.492086674003151,10403840.0,40439057.0,json_report_history,E:\CODEXRESEARCH\RESEARCH-1\artifacts\benchmark_runs\language\neuron_search_20260605\manual_self\screen_1024_seed17_real_seq10160_40m_1024_phase_residual_blend_half_neuron\result.json
neuron_search/screen_1024_seed17_real_seq10160_40m_1024_phase_residual_conv_energy_gate_neuron/result/standalone_longseq_anchor_train,1,10403840.0,6.49214927342933,6.49214927342933,10403840.0,40439059.0,json_report_history,E:\CODEXRESEARCH\RESEARCH-1\artifacts\benchmark_runs\language\neuron_search_20260605\manual_self\screen_1024_seed17_real_seq10160_40m_1024_phase_residual_conv_energy_gate_neuron\result.json
neuron_search/screen_1024_seed13_real_seq10160_val8_rankcost_1024_v1_rank_competition_memory_scalar_centered_gate_neuron/result/standalone_longseq_anchor_train,1,10403840.0,6.492792820930481,6.492792820930481,10403840.0,40439189.0,json_report_history,E:\CODEXRESEARCH\RESEARCH-1\artifacts\benchmark_runs\language\neuron_search_20260605\manual_self\screen_1024_seed13_real_seq10160_val8_rankcost_1024_v1_rank_competition_memory_scalar_centered_gate_neuron\result.json
neuron_search/screen_1024_seed17_real_seq10160_40m_1024_baseline/result/standalone_longseq_anchor_train,1,10403840.0,6.493108171553124,6.493108171553124,10403840.0,40437009.0,json_report_history,E:\CODEXRESEARCH\RESEARCH-1\artifacts\benchmark_runs\language\neuron_search_20260605\manual_self\screen_1024_seed17_real_seq10160_40m_1024_baseline\result.json
neuron_search/screen_1024_seed31_real_seq10160_40m_1024_extra_phase_residual_memory_gate_neuron/result/standalone_longseq_anchor_train,1,10403840.0,6.493193677185088,6.493193677185088,10403840.0,40572177.0,json_report_history,E:\CODEXRESEARCH\RESEARCH-1\artifacts\benchmark_runs\language\neuron_search_20260605\manual_self\screen_1024_seed31_real_seq10160_40m_1024_extra_phase_residual_memory_gate_neuron\result.json
neuron_search/screen_1024_seed31_real_seq10160_40m_1024_extra_phase_residual_memory_zero_mean_gate_neuron/result/standalone_longseq_anchor_train,1,10403840.0,6.493214203147438,6.493214203147438,10403840.0,40572177.0,json_report_history,E:\CODEXRESEARCH\RESEARCH-1\artifacts\benchmark_runs\language\neuron_search_20260605\manual_self\screen_1024_seed31_real_seq10160_40m_1024_extra_phase_residual_memory_zero_mean_gate_neuron\result.json
neuron_search/screen_1024_seed31_real_seq10160_40m_1024_extra_phase_residual_memory_tiny_gate_neuron/result/standalone_longseq_anchor_train,1,10403840.0,6.493510592453123,6.493510592453123,10403840.0,40572177.0,json_report_history,E:\CODEXRESEARCH\RESEARCH-1\artifacts\benchmark_runs\language\neuron_search_20260605\manual_self\screen_1024_seed31_real_seq10160_40m_1024_extra_phase_residual_memory_tiny_gate_neuron\result.json
neuron_search/screen_1024_seed31_real_seq10160_40m_1024_extra_phase_residual_memory_small_gate_neuron/result/standalone_longseq_anchor_train,1,10403840.0,6.493580949400354,6.493580949400354,10403840.0,40572177.0,json_report_history,E:\CODEXRESEARCH\RESEARCH-1\artifacts\benchmark_runs\language\neuron_search_20260605\manual_self\screen_1024_seed31_real_seq10160_40m_1024_extra_phase_residual_memory_small_gate_neuron\result.json
neuron_search/screen_1024_seed31_real_seq10160_val8_seed31_regularized_1024_v1_rank_competition_memory_small_centered_gate_neuron/result/standalone_longseq_anchor_train,1,10403840.0,6.493618178743077,6.493618178743077,10403840.0,40572179.0,json_report_history,E:\CODEXRESEARCH\RESEARCH-1\artifacts\benchmark_runs\language\neuron_search_20260605\manual_self\screen_1024_seed31_real_seq10160_val8_seed31_regularized_1024_v1_rank_competition_memory_small_centered_gate_neuron\result.json
neuron_search/screen_1024_seed17_real_seq10160_40m_1024_phase_residual_memory_scalar_gate_neuron/result/standalone_longseq_anchor_train,1,10403840.0,6.493775763567977,6.493775763567977,10403840.0,40439187.0,json_report_history,E:\CODEXRESEARCH\RESEARCH-1\artifacts\benchmark_runs\language\neuron_search_20260605\manual_self\screen_1024_seed17_real_seq10160_40m_1024_phase_residual_memory_scalar_gate_neuron\result.json
neuron_search/screen_1024_seed17_real_seq10160_40m_1024_phase_residual_memory_scalar_centered_gate_neuron/result/standalone_longseq_anchor_train,1,10403840.0,6.4939430381369405,6.4939430381369405,10403840.0,40439187.0,json_report_history,E:\CODEXRESEARCH\RESEARCH-1\artifacts\benchmark_runs\language\neuron_search_20260605\manual_self\screen_1024_seed17_real_seq10160_40m_1024_phase_residual_memory_scalar_centered_gate_neuron\result.json
neuron_search/screen_1024_seed29_real_seq10160_40m_1024_rank_competition_neuron/result/standalone_longseq_anchor_train,1,10403840.0,6.493997481207209,6.493997481207209,10403840.0,40437011.0,json_report_history,E:\CODEXRESEARCH\RESEARCH-1\artifacts\benchmark_runs\language\neuron_search_20260605\manual_self\screen_1024_seed29_real_seq10160_40m_1024_rank_competition_neuron\result.json
neuron_search/screen_1024_seed31_real_seq10160_val8_seed31_regularized_1024_v1_rank_competition_memory_normed_centered_gate_neuron/result/standalone_longseq_anchor_train,1,10403840.0,6.494292539780534,6.494292539780534,10403840.0,40572179.0,json_report_history,E:\CODEXRESEARCH\RESEARCH-1\artifacts\benchmark_runs\language\neuron_search_20260605\manual_self\screen_1024_seed31_real_seq10160_val8_seed31_regularized_1024_v1_rank_competition_memory_normed_centered_gate_neuron\result.json
neuron_search/screen_1024_seed31_real_seq10160_val8_fullhybrid_extra_1024_v1_rank_competition_memory_centered_gate_neuron/result/standalone_longseq_anchor_train,1,10403840.0,6.494787213182825,6.494787213182825,10403840.0,40572179.0,json_report_history,E:\CODEXRESEARCH\RESEARCH-1\artifacts\benchmark_runs\language\neuron_search_20260605\manual_self\screen_1024_seed31_real_seq10160_val8_fullhybrid_extra_1024_v1_rank_competition_memory_centered_gate_neuron\result.json
neuron_search/screen_1024_seed13_real_seq10160_40m_1024_phase_residual_memory_scalar_centered_gate_neuron/result/standalone_longseq_anchor_train,1,10403840.0,6.4948057833619,6.4948057833619,10403840.0,40439187.0,json_report_history,E:\CODEXRESEARCH\RESEARCH-1\artifacts\benchmark_runs\language\neuron_search_20260605\manual_self\screen_1024_seed13_real_seq10160_40m_1024_phase_residual_memory_scalar_centered_gate_neuron\result.json
neuron_search/screen_1024_seed13_real_seq10160_40m_1024_memory_square_scalar_gain_neuron/result/standalone_longseq_anchor_train,1,10403840.0,6.4948093449036906,6.4948093449036906,10403840.0,40437139.0,json_report_history,E:\CODEXRESEARCH\RESEARCH-1\artifacts\benchmark_runs\language\neuron_search_20260605\manual_self\screen_1024_seed13_real_seq10160_40m_1024_memory_square_scalar_gain_neuron\result.json
neuron_search/screen_1024_seed31_real_seq10160_val8_seed31_competition_masks_1024_v1_rank_competition_memory_within_group_centered_gate_neuron/result/standalone_longseq_anchor_train,1,10403840.0,6.494897322485766,6.494897322485766,10403840.0,40572179.0,json_report_history,E:\CODEXRESEARCH\RESEARCH-1\artifacts\benchmark_runs\language\neuron_search_20260605\manual_self\screen_1024_seed31_real_seq10160_val8_seed31_competition_masks_1024_v1_rank_competition_memory_within_group_centered_gate_neuron\result.json
neuron_search/screen_1024_seed13_real_seq10160_40m_1024_phase_residual_memory_scalar_gate_neuron/result/standalone_longseq_anchor_train,1,10403840.0,6.495215996043888,6.495215996043888,10403840.0,40439187.0,json_report_history,E:\CODEXRESEARCH\RESEARCH-1\artifacts\benchmark_runs\language\neuron_search_20260605\manual_self\screen_1024_seed13_real_seq10160_40m_1024_phase_residual_memory_scalar_gate_neuron\result.json
neuron_search/screen_1024_seed29_real_seq10160_val8_rankcost_1024_v1_rank_competition_centered_residual_neuron/result/standalone_longseq_anchor_train,1,10403840.0,6.495301617881444,6.495301617881444,10403840.0,40439059.0,json_report_history,E:\CODEXRESEARCH\RESEARCH-1\artifacts\benchmark_runs\language\neuron_search_20260605\manual_self\screen_1024_seed29_real_seq10160_val8_rankcost_1024_v1_rank_competition_centered_residual_neuron\result.json
neuron_search/screen_1024_seed31_real_seq10160_40m_1024_extra_phase_residual_memory_centered_gate_neuron/result/standalone_longseq_anchor_train,1,10403840.0,6.495628151180237,6.495628151180237,10403840.0,40572177.0,json_report_history,E:\CODEXRESEARCH\RESEARCH-1\artifacts\benchmark_runs\language\neuron_search_20260605\manual_self\screen_1024_seed31_real_seq10160_40m_1024_extra_phase_residual_memory_centered_gate_neuron\result.json
neuron_search/screen_1024_seed29_real_seq10160_40m_1024_phase_residual_memory_scalar_gate_neuron/result/standalone_longseq_anchor_train,1,10403840.0,6.496270082785388,6.496270082785388,10403840.0,40439187.0,json_report_history,E:\CODEXRESEARCH\RESEARCH-1\artifacts\benchmark_runs\language\neuron_search_20260605\manual_self\screen_1024_seed29_real_seq10160_40m_1024_phase_residual_memory_scalar_gate_neuron\result.json
neuron_search/screen_1024_seed29_real_seq10160_val8_rankcost_1024_v1_rank_competition_memory_scalar_centered_gate_neuron/result/standalone_longseq_anchor_train,1,10403840.0,6.4965037546758575,6.4965037546758575,10403840.0,40439189.0,json_report_history,E:\CODEXRESEARCH\RESEARCH-1\artifacts\benchmark_runs\language\neuron_search_20260605\manual_self\screen_1024_seed29_real_seq10160_val8_rankcost_1024_v1_rank_competition_memory_scalar_centered_gate_neuron\result.json
neuron_search/screen_1024_seed29_real_seq10160_40m_1024_phase_residual_memory_scalar_centered_gate_neuron/result/standalone_longseq_anchor_train,1,10403840.0,6.496689305343027,6.496689305343027,10403840.0,40439187.0,json_report_history,E:\CODEXRESEARCH\RESEARCH-1\artifacts\benchmark_runs\language\neuron_search_20260605\manual_self\screen_1024_seed29_real_seq10160_40m_1024_phase_residual_memory_scalar_centered_gate_neuron\result.json
neuron_search/screen_1024_seed29_real_seq10160_40m_1024_phase_residual_blend_half_neuron/result/standalone_longseq_anchor_train,1,10403840.0,6.497892729691633,6.497892729691633,10403840.0,40439057.0,json_report_history,E:\CODEXRESEARCH\RESEARCH-1\artifacts\benchmark_runs\language\neuron_search_20260605\manual_self\screen_1024_seed29_real_seq10160_40m_1024_phase_residual_blend_half_neuron\result.json
neuron_search/screen_1024_seed29_real_seq10160_40m_1024_phase_residual_blend_normed_neuron/result/standalone_longseq_anchor_train,1,10403840.0,6.497902897493107,6.497902897493107,10403840.0,40439057.0,json_report_history,E:\CODEXRESEARCH\RESEARCH-1\artifacts\benchmark_runs\language\neuron_search_20260605\manual_self\screen_1024_seed29_real_seq10160_40m_1024_phase_residual_blend_normed_neuron\result.json
neuron_search/screen_1024_seed29_real_seq10160_40m_1024_phase_residual_conv_energy_gate_neuron/result/standalone_longseq_anchor_train,1,10403840.0,6.497923070990194,6.497923070990194,10403840.0,40439059.0,json_report_history,E:\CODEXRESEARCH\RESEARCH-1\artifacts\benchmark_runs\language\neuron_search_20260605\manual_self\screen_1024_seed29_real_seq10160_40m_1024_phase_residual_conv_energy_gate_neuron\result.json
neuron_search/screen_1024_seed29_real_seq10160_40m_1024_memory_square_scalar_gain_neuron/result/standalone_longseq_anchor_train,1,10403840.0,6.497931173748857,6.497931173748857,10403840.0,40437139.0,json_report_history,E:\CODEXRESEARCH\RESEARCH-1\artifacts\benchmark_runs\language\neuron_search_20260605\manual_self\screen_1024_seed29_real_seq10160_40m_1024_memory_square_scalar_gain_neuron\result.json
neuron_search/screen_1024_seed29_real_seq10160_40m_1024_baseline/result/standalone_longseq_anchor_train,1,10403840.0,6.498115837198543,6.498115837198543,10403840.0,40437009.0,json_report_history,E:\CODEXRESEARCH\RESEARCH-1\artifacts\benchmark_runs\language\neuron_search_20260605\manual_self\screen_1024_seed29_real_seq10160_40m_1024_baseline\result.json
neuron_search/screen_1024_seed29_real_seq10160_40m_1024_phase_residual_blend_centered_neuron/result/standalone_longseq_anchor_train,1,10403840.0,6.498497071697956,6.498497071697956,10403840.0,40439057.0,json_report_history,E:\CODEXRESEARCH\RESEARCH-1\artifacts\benchmark_runs\language\neuron_search_20260605\manual_self\screen_1024_seed29_real_seq10160_40m_1024_phase_residual_blend_centered_neuron\result.json
neuron_search/screen_1024_seed31_real_seq10160_val8_seed31_suppressed_guarded_1024_v1_rank_competition_memory_suppressed_aux_head_centered_gate_neuron/result/standalone_longseq_anchor_train,1,10403840.0,31.40754250241077,31.40754250241077,10403840.0,41620757.0,json_report_history,E:\CODEXRESEARCH\RESEARCH-1\artifacts\benchmark_runs\language\neuron_search_20260605\manual_self\screen_1024_seed31_real_seq10160_val8_seed31_suppressed_guarded_1024_v1_rank_competition_memory_suppressed_aux_head_centered_gate_neuron\result.json
side_neuron_variants_20260605/standalone_longseq_anchor_train,2,2600960.0,6.930970085793593,6.930970085793593,2600960.0,39033617.0,json_report_history,E:\CODEXRESEARCH\RESEARCH-1\artifacts\benchmark_runs\language\side_neuron_variants_20260605\result.json
chichen_anchor2_dynoffset_seq635_bigcache_20m_3000steps_20260603,3,1905000.0,6.5183,6.5183,1905000.0,,log_eval,E:\CODEXRESEARCH\house_compute_hub\runs\20260603-143148-1e82e0\Chichen-JoshS-10a81805.log
chichen_anchor2_seq635_bigcache_20m_3000steps_20260603,3,1905000.0,6.5222,6.5222,1905000.0,,log_eval,E:\CODEXRESEARCH\house_compute_hub\runs\20260603-142530-15952d\Chichen-JoshS-10a81805.log
chichen_anchor4_rank192_seq635_bigcache_3000steps_20260603,3,1905000.0,6.5303,6.5303,1905000.0,,log_eval,E:\CODEXRESEARCH\house_compute_hub\runs\20260603-143619-027d0a\Chichen-JoshS-10a81805.log
chichen_anchor4_dynoffset_seq635_bigcache_20m_3000steps_20260603,3,1905000.0,6.5642,6.5642,1905000.0,,log_eval,E:\CODEXRESEARCH\house_compute_hub\runs\20260603-143148-1e82e0\Chichen-JoshS-10a81805.log
chichen_anchor4_seq635_bigcache_20m_3000steps_20260603,3,1905000.0,6.5654,6.5654,1905000.0,,log_eval,E:\CODEXRESEARCH\house_compute_hub\runs\20260603-142530-15952d\Chichen-JoshS-10a81805.log
chichen_anchor4_k31_seq635_bigcache_20m_3000steps_20260603,3,1905000.0,6.579,6.579,1905000.0,,log_eval,E:\CODEXRESEARCH\house_compute_hub\runs\20260603-143319-5e1de4\Chichen-JoshS-10a81805.log
chichen_anchor4_k127_seq635_bigcache_20m_3000steps_20260603,3,1905000.0,6.582,6.582,1905000.0,,log_eval,E:\CODEXRESEARCH\house_compute_hub\runs\20260603-143319-5e1de4\Chichen-JoshS-10a81805.log
chichen_anchor4_noconv_seq635_bigcache_20m_3000steps_20260603,3,1905000.0,6.5931,6.5931,1905000.0,,log_eval,E:\CODEXRESEARCH\house_compute_hub\runs\20260603-143319-5e1de4\Chichen-JoshS-10a81805.log
chichen_anchor4_rank64_seq635_bigcache_3000steps_20260603,3,1905000.0,6.5965,6.5965,1905000.0,,log_eval,E:\CODEXRESEARCH\house_compute_hub\runs\20260603-143619-027d0a\Chichen-JoshS-10a81805.log
chichen_anchor4_vocab8192_seq635_bigcache_20m_3000steps_20260603,3,1905000.0,6.6003,6.6003,1905000.0,,log_eval,E:\CODEXRESEARCH\house_compute_hub\runs\20260603-142822-bc48e6\Chichen-JoshS-10a81805.log
chichen_anchor4_vocab4096_seq635_bigcache_20m_3000steps_20260603,3,1905000.0,6.6537,6.6537,1905000.0,,log_eval,E:\CODEXRESEARCH\house_compute_hub\runs\20260603-142822-bc48e6\Chichen-JoshS-10a81805.log
neuron_search/screen_128_seed13_real_seq10160_40m_rank_competition_memory_centered_gate_neuron/result/standalone_longseq_anchor_train,1,1300480.0,7.020336501617131,7.020336501617131,1300480.0,40572179.0,json_report_history,E:\CODEXRESEARCH\RESEARCH-1\artifacts\benchmark_runs\language\neuron_search_20260605\manual_self\screen_128_seed13_real_seq10160_40m_rank_competition_memory_centered_gate_neuron\result.json
neuron_search/screen_128_seed29_real_seq10160_40m_phase_residual_memory_scalar_centered_gate_neuron/result/standalone_longseq_anchor_train,1,1300480.0,7.022347320909575,7.022347320909575,1300480.0,40439187.0,json_report_history,E:\CODEXRESEARCH\RESEARCH-1\artifacts\benchmark_runs\language\neuron_search_20260605\manual_self\screen_128_seed29_real_seq10160_40m_phase_residual_memory_scalar_centered_gate_neuron\result.json
neuron_search/screen_128_seed13_real_seq10160_40m_phase_residual_blend_centered_neuron/result/standalone_longseq_anchor_train,1,1300480.0,7.026332554854746,7.026332554854746,1300480.0,40439057.0,json_report_history,E:\CODEXRESEARCH\RESEARCH-1\artifacts\benchmark_runs\language\neuron_search_20260605\manual_self\screen_128_seed13_real_seq10160_40m_phase_residual_blend_centered_neuron\result.json
neuron_search/screen_128_seed13_real_seq10160_40m_phase_residual_memory_conv_centered_agreement_neuron/result/standalone_longseq_anchor_train,1,1300480.0,7.026336921106173,7.026336921106173,1300480.0,40439059.0,json_report_history,E:\CODEXRESEARCH\RESEARCH-1\artifacts\benchmark_runs\language\neuron_search_20260605\manual_self\screen_128_seed13_real_seq10160_40m_phase_residual_memory_conv_centered_agreement_neuron\result.json
neuron_search/screen_128_seed17_real_seq10160_40m_rank_competition_memory_centered_gate_neuron/result/standalone_longseq_anchor_train,1,1300480.0,7.02715840715123,7.02715840715123,1300480.0,40572179.0,json_report_history,E:\CODEXRESEARCH\RESEARCH-1\artifacts\benchmark_runs\language\neuron_search_20260605\manual_self\screen_128_seed17_real_seq10160_40m_rank_competition_memory_centered_gate_neuron\result.json
neuron_search/screen_128_seed29_real_seq10160_40m_rank_competition_memory_centered_gate_neuron/result/standalone_longseq_anchor_train,1,1300480.0,7.029355999240725,7.029355999240725,1300480.0,40572179.0,json_report_history,E:\CODEXRESEARCH\RESEARCH-1\artifacts\benchmark_runs\language\neuron_search_20260605\manual_self\screen_128_seed29_real_seq10160_40m_rank_competition_memory_centered_gate_neuron\result.json
neuron_search/screen_128_seed13_real_seq10160_40m_phase_residual_memory_centered_gate_neuron/result/standalone_longseq_anchor_train,1,1300480.0,7.031217403674689,7.031217403674689,1300480.0,40572177.0,json_report_history,E:\CODEXRESEARCH\RESEARCH-1\artifacts\benchmark_runs\language\neuron_search_20260605\manual_self\screen_128_seed13_real_seq10160_40m_phase_residual_memory_centered_gate_neuron\result.json
neuron_search/screen_128_seed13_real_seq10160_40m_phase_residual_memory_novelty_centered_gate_neuron/result/standalone_longseq_anchor_train,1,1300480.0,7.031236404884519,7.031236404884519,1300480.0,40572177.0,json_report_history,E:\CODEXRESEARCH\RESEARCH-1\artifacts\benchmark_runs\language\neuron_search_20260605\manual_self\screen_128_seed13_real_seq10160_40m_phase_residual_memory_novelty_centered_gate_neuron\result.json
neuron_search/screen_128_seed13_real_seq10160_40m_phase_residual_memory_bounded_centered_gate_neuron/result/standalone_longseq_anchor_train,1,1300480.0,7.031265383630287,7.031265383630287,1300480.0,40572177.0,json_report_history,E:\CODEXRESEARCH\RESEARCH-1\artifacts\benchmark_runs\language\neuron_search_20260605\manual_self\screen_128_seed13_real_seq10160_40m_phase_residual_memory_bounded_centered_gate_neuron\result.json
neuron_search/screen_128_seed13_real_seq10160_40m_phase_residual_memory_sparse_centered_gate_neuron/result/standalone_longseq_anchor_train,1,1300480.0,7.031266055520125,7.031266055520125,1300480.0,40572177.0,json_report_history,E:\CODEXRESEARCH\RESEARCH-1\artifacts\benchmark_runs\language\neuron_search_20260605\manual_self\screen_128_seed13_real_seq10160_40m_phase_residual_memory_sparse_centered_gate_neuron\result.json
neuron_search/screen_128_seed17_real_seq10160_40m_phase_residual_memory_novelty_centered_gate_neuron/result/standalone_longseq_anchor_train,1,1300480.0,7.0320876975697795,7.0320876975697795,1300480.0,40572177.0,json_report_history,E:\CODEXRESEARCH\RESEARCH-1\artifacts\benchmark_runs\language\neuron_search_20260605\manual_self\screen_128_seed17_real_seq10160_40m_phase_residual_memory_novelty_centered_gate_neuron\result.json
neuron_search/screen_128_seed17_real_seq10160_40m_phase_residual_memory_centered_gate_neuron/result/standalone_longseq_anchor_train,1,1300480.0,7.032095221834859,7.032095221834859,1300480.0,40572177.0,json_report_history,E:\CODEXRESEARCH\RESEARCH-1\artifacts\benchmark_runs\language\neuron_search_20260605\manual_self\screen_128_seed17_real_seq10160_40m_phase_residual_memory_centered_gate_neuron\result.json
neuron_search/screen_128_seed17_real_seq10160_40m_phase_residual_memory_sparse_centered_gate_neuron/result/standalone_longseq_anchor_train,1,1300480.0,7.032097364786103,7.032097364786103,1300480.0,40572177.0,json_report_history,E:\CODEXRESEARCH\RESEARCH-1\artifacts\benchmark_runs\language\neuron_search_20260605\manual_self\screen_128_seed17_real_seq10160_40m_phase_residual_memory_sparse_centered_gate_neuron\result.json
neuron_search/screen_128_seed17_real_seq10160_40m_phase_residual_memory_bounded_centered_gate_neuron/result/standalone_longseq_anchor_train,1,1300480.0,7.032111849559573,7.032111849559573,1300480.0,40572177.0,json_report_history,E:\CODEXRESEARCH\RESEARCH-1\artifacts\benchmark_runs\language\neuron_search_20260605\manual_self\screen_128_seed17_real_seq10160_40m_phase_residual_memory_bounded_centered_gate_neuron\result.json
neuron_search/screen_128_seed13_real_seq10160_40m_phase_residual_memory_scalar_centered_gate_neuron/result/standalone_longseq_anchor_train,1,1300480.0,7.032526553146482,7.032526553146482,1300480.0,40439187.0,json_report_history,E:\CODEXRESEARCH\RESEARCH-1\artifacts\benchmark_runs\language\neuron_search_20260605\manual_self\screen_128_seed13_real_seq10160_40m_phase_residual_memory_scalar_centered_gate_neuron\result.json
neuron_search/screen_128_seed17_real_seq10160_40m_phase_residual_memory_scalar_centered_gate_neuron/result/standalone_longseq_anchor_train,1,1300480.0,7.033710099956182,7.033710099956182,1300480.0,40439187.0,json_report_history,E:\CODEXRESEARCH\RESEARCH-1\artifacts\benchmark_runs\language\neuron_search_20260605\manual_self\screen_128_seed17_real_seq10160_40m_phase_residual_memory_scalar_centered_gate_neuron\result.json
neuron_search/screen_128_seed29_real_seq10160_40m_phase_residual_memory_conv_centered_agreement_neuron/result/standalone_longseq_anchor_train,1,1300480.0,7.037223885753962,7.037223885753962,1300480.0,40439059.0,json_report_history,E:\CODEXRESEARCH\RESEARCH-1\artifacts\benchmark_runs\language\neuron_search_20260605\manual_self\screen_128_seed29_real_seq10160_40m_phase_residual_memory_conv_centered_agreement_neuron\result.json
neuron_search/screen_128_seed29_real_seq10160_40m_phase_residual_blend_centered_neuron/result/standalone_longseq_anchor_train,1,1300480.0,7.037226036965378,7.037226036965378,1300480.0,40439057.0,json_report_history,E:\CODEXRESEARCH\RESEARCH-1\artifacts\benchmark_runs\language\neuron_search_20260605\manual_self\screen_128_seed29_real_seq10160_40m_phase_residual_blend_centered_neuron\result.json
neuron_search/screen_128_seed13_real_seq10160_40m_phase_residual_boundary_centered_neuron/result/standalone_longseq_anchor_train,1,1300480.0,7.037923017449266,7.037923017449266,1300480.0,40439057.0,json_report_history,E:\CODEXRESEARCH\RESEARCH-1\artifacts\benchmark_runs\language\neuron_search_20260605\manual_self\screen_128_seed13_real_seq10160_40m_phase_residual_boundary_centered_neuron\result.json
neuron_search/screen_128_seed13_real_seq10160_40m_phase_residual_memory_conv_agreement_neuron/result/standalone_longseq_anchor_train,1,1300480.0,7.038150843109672,7.038150843109672,1300480.0,40439059.0,json_report_history,E:\CODEXRESEARCH\RESEARCH-1\artifacts\benchmark_runs\language\neuron_search_20260605\manual_self\screen_128_seed13_real_seq10160_40m_phase_residual_memory_conv_agreement_neuron\result.json
neuron_search/screen_128_seed13_real_seq10160_40m_phase_residual_memory_conv_disagreement_damp_neuron/result/standalone_longseq_anchor_train,1,1300480.0,7.038156107279259,7.038156107279259,1300480.0,40439059.0,json_report_history,E:\CODEXRESEARCH\RESEARCH-1\artifacts\benchmark_runs\language\neuron_search_20260605\manual_self\screen_128_seed13_real_seq10160_40m_phase_residual_memory_conv_disagreement_damp_neuron\result.json
neuron_search/screen_128_seed13_real_seq10160_40m_phase_residual_blend_half_neuron/result/standalone_longseq_anchor_train,1,1300480.0,7.038164809369666,7.038164809369666,1300480.0,40439057.0,json_report_history,E:\CODEXRESEARCH\RESEARCH-1\artifacts\benchmark_runs\language\neuron_search_20260605\manual_self\screen_128_seed13_real_seq10160_40m_phase_residual_blend_half_neuron\result.json
neuron_search/screen_128_seed13_real_seq10160_40m_bottleneck_aware_neuron/result/standalone_longseq_anchor_train,1,1300480.0,7.038247890547504,7.038247890547504,1300480.0,41684241.0,json_report_history,E:\CODEXRESEARCH\RESEARCH-1\artifacts\benchmark_runs\language\neuron_search_20260605\manual_self\screen_128_seed13_real_seq10160_40m_bottleneck_aware_neuron\result.json
neuron_search/screen_128_seed13_real_seq10160_40m_phase_residual_conv_energy_gate_neuron/result/standalone_longseq_anchor_train,1,1300480.0,7.03863980751338,7.03863980751338,1300480.0,40439059.0,json_report_history,E:\CODEXRESEARCH\RESEARCH-1\artifacts\benchmark_runs\language\neuron_search_20260605\manual_self\screen_128_seed13_real_seq10160_40m_phase_residual_conv_energy_gate_neuron\result.json
neuron_search/screen_128_seed29_real_seq10160_40m_phase_residual_memory_scalar_gate_neuron/result/standalone_longseq_anchor_train,1,1300480.0,7.038685446085893,7.038685446085893,1300480.0,40439187.0,json_report_history,E:\CODEXRESEARCH\RESEARCH-1\artifacts\benchmark_runs\language\neuron_search_20260605\manual_self\screen_128_seed29_real_seq10160_40m_phase_residual_memory_scalar_gate_neuron\result.json
neuron_search/screen_128_seed17_real_seq10160_40m_rank_competition_memory_gate_neuron/result/standalone_longseq_anchor_train,1,1300480.0,7.0393344113207235,7.0393344113207235,1300480.0,40572179.0,json_report_history,E:\CODEXRESEARCH\RESEARCH-1\artifacts\benchmark_runs\language\neuron_search_20260605\manual_self\screen_128_seed17_real_seq10160_40m_rank_competition_memory_gate_neuron\result.json
neuron_search/screen_128_seed13_real_seq10160_40m_phase_residual_memory_rms_gate_neuron/result/standalone_longseq_anchor_train,1,1300480.0,7.040075049813338,7.040075049813338,1300480.0,40572177.0,json_report_history,E:\CODEXRESEARCH\RESEARCH-1\artifacts\benchmark_runs\language\neuron_search_20260605\manual_self\screen_128_seed13_real_seq10160_40m_phase_residual_memory_rms_gate_neuron\result.json
neuron_search/screen_128_seed13_real_seq10160_40m_phase_residual_memory_gate_neuron/result/standalone_longseq_anchor_train,1,1300480.0,7.040080363168491,7.040080363168491,1300480.0,40572177.0,json_report_history,E:\CODEXRESEARCH\RESEARCH-1\artifacts\benchmark_runs\language\neuron_search_20260605\manual_self\screen_128_seed13_real_seq10160_40m_phase_residual_memory_gate_neuron\result.json
neuron_search/screen_128_seed13_real_seq10160_40m_phase_residual_memory_delta_gate_neuron/result/standalone_longseq_anchor_train,1,1300480.0,7.040086772498183,7.040086772498183,1300480.0,40572177.0,json_report_history,E:\CODEXRESEARCH\RESEARCH-1\artifacts\benchmark_runs\language\neuron_search_20260605\manual_self\screen_128_seed13_real_seq10160_40m_phase_residual_memory_delta_gate_neuron\result.json
neuron_search/screen_128_seed13_real_seq10160_40m_rank_competition_memory_gate_neuron/result/standalone_longseq_anchor_train,1,1300480.0,7.040089718187888,7.040089718187888,1300480.0,40572179.0,json_report_history,E:\CODEXRESEARCH\RESEARCH-1\artifacts\benchmark_runs\language\neuron_search_20260605\manual_self\screen_128_seed13_real_seq10160_40m_rank_competition_memory_gate_neuron\result.json
neuron_search/screen_128_seed13_real_seq10160_40m_phase_residual_memory_bounded_gate_neuron/result/standalone_longseq_anchor_train,1,1300480.0,7.040091356893224,7.040091356893224,1300480.0,40572177.0,json_report_history,E:\CODEXRESEARCH\RESEARCH-1\artifacts\benchmark_runs\language\neuron_search_20260605\manual_self\screen_128_seed13_real_seq10160_40m_phase_residual_memory_bounded_gate_neuron\result.json
neuron_search/screen_128_seed13_real_seq10160_40m_phase_residual_memory_sparse_gate_neuron/result/standalone_longseq_anchor_train,1,1300480.0,7.040096959542102,7.040096959542102,1300480.0,40572177.0,json_report_history,E:\CODEXRESEARCH\RESEARCH-1\artifacts\benchmark_runs\language\neuron_search_20260605\manual_self\screen_128_seed13_real_seq10160_40m_phase_residual_memory_sparse_gate_neuron\result.json
neuron_search/screen_128_seed13_real_seq10160_40m_phase_residual_memory_novelty_gate_neuron/result/standalone_longseq_anchor_train,1,1300480.0,7.040097518980972,7.040097518980972,1300480.0,40572177.0,json_report_history,E:\CODEXRESEARCH\RESEARCH-1\artifacts\benchmark_runs\language\neuron_search_20260605\manual_self\screen_128_seed13_real_seq10160_40m_phase_residual_memory_novelty_gate_neuron\result.json
neuron_search/screen_128_seed29_real_seq10160_40m_phase_residual_memory_group_gate_neuron/result/standalone_longseq_anchor_train,1,1300480.0,7.0401680968877836,7.0401680968877836,1300480.0,40441137.0,json_report_history,E:\CODEXRESEARCH\RESEARCH-1\artifacts\benchmark_runs\language\neuron_search_20260605\manual_self\screen_128_seed29_real_seq10160_40m_phase_residual_memory_group_gate_neuron\result.json
neuron_search/screen_128_seed13_real_seq10160_40m_phase_residual_blend_normed_neuron/result/standalone_longseq_anchor_train,1,1300480.0,7.040292317473043,7.040292317473043,1300480.0,40439057.0,json_report_history,E:\CODEXRESEARCH\RESEARCH-1\artifacts\benchmark_runs\language\neuron_search_20260605\manual_self\screen_128_seed13_real_seq10160_40m_phase_residual_blend_normed_neuron\result.json
neuron_search/screen_128_seed29_real_seq10160_40m_phase_residual_memory_centered_gate_neuron/result/standalone_longseq_anchor_train,1,1300480.0,7.040407583844943,7.040407583844943,1300480.0,40572177.0,json_report_history,E:\CODEXRESEARCH\RESEARCH-1\artifacts\benchmark_runs\language\neuron_search_20260605\manual_self\screen_128_seed29_real_seq10160_40m_phase_residual_memory_centered_gate_neuron\result.json
neuron_search/screen_128_seed29_real_seq10160_40m_phase_residual_memory_novelty_centered_gate_neuron/result/standalone_longseq_anchor_train,1,1300480.0,7.040418833071791,7.040418833071791,1300480.0,40572177.0,json_report_history,E:\CODEXRESEARCH\RESEARCH-1\artifacts\benchmark_runs\language\neuron_search_20260605\manual_self\screen_128_seed29_real_seq10160_40m_phase_residual_memory_novelty_centered_gate_neuron\result.json
neuron_search/screen_128_seed29_real_seq10160_40m_phase_residual_memory_bounded_centered_gate_neuron/result/standalone_longseq_anchor_train,1,1300480.0,7.040430846176748,7.040430846176748,1300480.0,40572177.0,json_report_history,E:\CODEXRESEARCH\RESEARCH-1\artifacts\benchmark_runs\language\neuron_search_20260605\manual_self\screen_128_seed29_real_seq10160_40m_phase_residual_memory_bounded_centered_gate_neuron\result.json
neuron_search/screen_128_seed29_real_seq10160_40m_phase_residual_memory_sparse_centered_gate_neuron/result/standalone_longseq_anchor_train,1,1300480.0,7.0404345508635515,7.0404345508635515,1300480.0,40572177.0,json_report_history,E:\CODEXRESEARCH\RESEARCH-1\artifacts\benchmark_runs\language\neuron_search_20260605\manual_self\screen_128_seed29_real_seq10160_40m_phase_residual_memory_sparse_centered_gate_neuron\result.json
neuron_search/screen_128_seed17_real_seq10160_40m_phase_residual_memory_scalar_gate_neuron/result/standalone_longseq_anchor_train,1,1300480.0,7.0414857768636985,7.0414857768636985,1300480.0,40439187.0,json_report_history,E:\CODEXRESEARCH\RESEARCH-1\artifacts\benchmark_runs\language\neuron_search_20260605\manual_self\screen_128_seed17_real_seq10160_40m_phase_residual_memory_scalar_gate_neuron\result.json
neuron_search/screen_128_seed13_real_seq10160_40m_phase_residual_memory_normed_gate_neuron/result/standalone_longseq_anchor_train,1,1300480.0,7.0420074307073754,7.0420074307073754,1300480.0,40572177.0,json_report_history,E:\CODEXRESEARCH\RESEARCH-1\artifacts\benchmark_runs\language\neuron_search_20260605\manual_self\screen_128_seed13_real_seq10160_40m_phase_residual_memory_normed_gate_neuron\result.json
neuron_search/screen_128_seed29_real_seq10160_40m_phase_residual_memory_boundary_scalar_gate_neuron/result/standalone_longseq_anchor_train,1,1300480.0,7.042191000059834,7.042191000059834,1300480.0,40439187.0,json_report_history,E:\CODEXRESEARCH\RESEARCH-1\artifacts\benchmark_runs\language\neuron_search_20260605\manual_self\screen_128_seed29_real_seq10160_40m_phase_residual_memory_boundary_scalar_gate_neuron\result.json
neuron_search/screen_128_seed13_real_seq10160_40m_phase_residual_memory_boundary_centered_gate_neuron/result/standalone_longseq_anchor_train,1,1300480.0,7.042244796865568,7.042244796865568,1300480.0,40572177.0,json_report_history,E:\CODEXRESEARCH\RESEARCH-1\artifacts\benchmark_runs\language\neuron_search_20260605\manual_self\screen_128_seed13_real_seq10160_40m_phase_residual_memory_boundary_centered_gate_neuron\result.json
neuron_search/screen_128_seed13_real_seq10160_40m_phase_residual_blend_large_neuron/result/standalone_longseq_anchor_train,1,1300480.0,7.042631525692977,7.042631525692977,1300480.0,40439057.0,json_report_history,E:\CODEXRESEARCH\RESEARCH-1\artifacts\benchmark_runs\language\neuron_search_20260605\manual_self\screen_128_seed13_real_seq10160_40m_phase_residual_blend_large_neuron\result.json
neuron_search/screen_128_seed17_real_seq10160_40m_phase_residual_memory_novelty_gate_neuron/result/standalone_longseq_anchor_train,1,1300480.0,7.042762932251757,7.042762932251757,1300480.0,40572177.0,json_report_history,E:\CODEXRESEARCH\RESEARCH-1\artifacts\benchmark_runs\language\neuron_search_20260605\manual_self\screen_128_seed17_real_seq10160_40m_phase_residual_memory_novelty_gate_neuron\result.json
neuron_search/screen_128_seed17_real_seq10160_40m_phase_residual_memory_gate_neuron/result/standalone_longseq_anchor_train,1,1300480.0,7.042769932934618,7.042769932934618,1300480.0,40572177.0,json_report_history,E:\CODEXRESEARCH\RESEARCH-1\artifacts\benchmark_runs\language\neuron_search_20260605\manual_self\screen_128_seed17_real_seq10160_40m_phase_residual_memory_gate_neuron\result.json
neuron_search/screen_128_seed17_real_seq10160_40m_phase_residual_memory_delta_gate_neuron/result/standalone_longseq_anchor_train,1,1300480.0,7.042770294880304,7.042770294880304,1300480.0,40572177.0,json_report_history,E:\CODEXRESEARCH\RESEARCH-1\artifacts\benchmark_runs\language\neuron_search_20260605\manual_self\screen_128_seed17_real_seq10160_40m_phase_residual_memory_delta_gate_neuron\result.json
neuron_search/screen_128_seed17_real_seq10160_40m_phase_residual_memory_sparse_gate_neuron/result/standalone_longseq_anchor_train,1,1300480.0,7.042771711875135,7.042771711875135,1300480.0,40572177.0,json_report_history,E:\CODEXRESEARCH\RESEARCH-1\artifacts\benchmark_runs\language\neuron_search_20260605\manual_self\screen_128_seed17_real_seq10160_40m_phase_residual_memory_sparse_gate_neuron\result.json
neuron_search/screen_128_seed17_real_seq10160_40m_phase_residual_memory_bounded_gate_neuron/result/standalone_longseq_anchor_train,1,1300480.0,7.042775789020569,7.042775789020569,1300480.0,40572177.0,json_report_history,E:\CODEXRESEARCH\RESEARCH-1\artifacts\benchmark_runs\language\neuron_search_20260605\manual_self\screen_128_seed17_real_seq10160_40m_phase_residual_memory_bounded_gate_neuron\result.json
neuron_search/screen_128_seed17_real_seq10160_40m_phase_residual_memory_rms_gate_neuron/result/standalone_longseq_anchor_train,1,1300480.0,7.0427771211609125,7.0427771211609125,1300480.0,40572177.0,json_report_history,E:\CODEXRESEARCH\RESEARCH-1\artifacts\benchmark_runs\language\neuron_search_20260605\manual_self\screen_128_seed17_real_seq10160_40m_phase_residual_memory_rms_gate_neuron\result.json
neuron_search/screen_128_seed13_real_seq10160_40m_phase_residual_blend_quarter_neuron/result/standalone_longseq_anchor_train,1,1300480.0,7.042939077963041,7.042939077963041,1300480.0,40439057.0,json_report_history,E:\CODEXRESEARCH\RESEARCH-1\artifacts\benchmark_runs\language\neuron_search_20260605\manual_self\screen_128_seed13_real_seq10160_40m_phase_residual_blend_quarter_neuron\result.json
neuron_search/screen_128_seed17_real_seq10160_40m_phase_residual_memory_boundary_centered_gate_neuron/result/standalone_longseq_anchor_train,1,1300480.0,7.04339751615299,7.04339751615299,1300480.0,40572177.0,json_report_history,E:\CODEXRESEARCH\RESEARCH-1\artifacts\benchmark_runs\language\neuron_search_20260605\manual_self\screen_128_seed17_real_seq10160_40m_phase_residual_memory_boundary_centered_gate_neuron\result.json
neuron_search/screen_128_seed29_real_seq10160_40m_rank_competition_neuron/result/standalone_longseq_anchor_train,1,1300480.0,7.043496329202426,7.043496329202426,1300480.0,40437011.0,json_report_history,E:\CODEXRESEARCH\RESEARCH-1\artifacts\benchmark_runs\language\neuron_search_20260605\manual_self\screen_128_seed29_real_seq10160_40m_rank_competition_neuron\result.json
neuron_search/screen_128_seed29_real_seq10160_40m_memory_square_conv_agreement_gain_neuron/result/standalone_longseq_anchor_train,1,1300480.0,7.043515626839765,7.043515626839765,1300480.0,40437141.0,json_report_history,E:\CODEXRESEARCH\RESEARCH-1\artifacts\benchmark_runs\language\neuron_search_20260605\manual_self\screen_128_seed29_real_seq10160_40m_memory_square_conv_agreement_gain_neuron\result.json
neuron_search/screen_128_seed17_real_seq10160_40m_phase_residual_memory_normed_gate_neuron/result/standalone_longseq_anchor_train,1,1300480.0,7.043527816224286,7.043527816224286,1300480.0,40572177.0,json_report_history,E:\CODEXRESEARCH\RESEARCH-1\artifacts\benchmark_runs\language\neuron_search_20260605\manual_self\screen_128_seed17_real_seq10160_40m_phase_residual_memory_normed_gate_neuron\result.json
neuron_search/screen_128_seed29_real_seq10160_40m_memory_square_scalar_gain_neuron/result/standalone_longseq_anchor_train,1,1300480.0,7.04353029915667,7.04353029915667,1300480.0,40437139.0,json_report_history,E:\CODEXRESEARCH\RESEARCH-1\artifacts\benchmark_runs\language\neuron_search_20260605\manual_self\screen_128_seed29_real_seq10160_40m_memory_square_scalar_gain_neuron\result.json
neuron_search/screen_128_seed13_real_seq10160_40m_rank_competition_neuron/result/standalone_longseq_anchor_train,1,1300480.0,7.043744628635917,7.043744628635917,1300480.0,40437011.0,json_report_history,E:\CODEXRESEARCH\RESEARCH-1\artifacts\benchmark_runs\language\neuron_search_20260605\manual_self\screen_128_seed13_real_seq10160_40m_rank_competition_neuron\result.json
neuron_search/screen_128_seed13_real_seq10160_40m_phase_residual_memory_novelty_tiny_gate_neuron/result/standalone_longseq_anchor_train,1,1300480.0,7.044324226454487,7.044324226454487,1300480.0,40572177.0,json_report_history,E:\CODEXRESEARCH\RESEARCH-1\artifacts\benchmark_runs\language\neuron_search_20260605\manual_self\screen_128_seed13_real_seq10160_40m_phase_residual_memory_novelty_tiny_gate_neuron\result.json
neuron_search/screen_128_seed13_real_seq10160_40m_phase_residual_boundary_blend_neuron/result/standalone_longseq_anchor_train,1,1300480.0,7.045030746872969,7.045030746872969,1300480.0,40439057.0,json_report_history,E:\CODEXRESEARCH\RESEARCH-1\artifacts\benchmark_runs\language\neuron_search_20260605\manual_self\screen_128_seed13_real_seq10160_40m_phase_residual_boundary_blend_neuron\result.json
neuron_search/screen_128_seed13_real_seq10160_40m_phase_residual_blend_neuron/result/standalone_longseq_anchor_train,1,1300480.0,7.045201171289278,7.045201171289278,1300480.0,40439057.0,json_report_history,E:\CODEXRESEARCH\RESEARCH-1\artifacts\benchmark_runs\language\neuron_search_20260605\manual_self\screen_128_seed13_real_seq10160_40m_phase_residual_blend_neuron\result.json
neuron_search/screen_128_seed17_real_seq10160_40m_phase_residual_memory_novelty_tiny_gate_neuron/result/standalone_longseq_anchor_train,1,1300480.0,7.045542271681658,7.045542271681658,1300480.0,40572177.0,json_report_history,E:\CODEXRESEARCH\RESEARCH-1\artifacts\benchmark_runs\language\neuron_search_20260605\manual_self\screen_128_seed17_real_seq10160_40m_phase_residual_memory_novelty_tiny_gate_neuron\result.json
neuron_search/screen_128_seed29_real_seq10160_40m_stable_competition_neuron/result/standalone_longseq_anchor_train,1,1300480.0,7.046164831777257,7.046164831777257,1300480.0,40437013.0,json_report_history,E:\CODEXRESEARCH\RESEARCH-1\artifacts\benchmark_runs\language\neuron_search_20260605\manual_self\screen_128_seed29_real_seq10160_40m_stable_competition_neuron\result.json
neuron_search/screen_128_seed17_real_seq10160_40m_phase_residual_memory_group_gate_neuron/result/standalone_longseq_anchor_train,1,1300480.0,7.046197004768792,7.046197004768792,1300480.0,40441137.0,json_report_history,E:\CODEXRESEARCH\RESEARCH-1\artifacts\benchmark_runs\language\neuron_search_20260605\manual_self\screen_128_seed17_real_seq10160_40m_phase_residual_memory_group_gate_neuron\result.json
neuron_search/screen_128_seed17_real_seq10160_40m_mem_threshold_neuron/result/standalone_longseq_anchor_train,1,1300480.0,7.046262966366265,7.046262966366265,1300480.0,40703249.0,json_report_history,E:\CODEXRESEARCH\RESEARCH-1\artifacts\benchmark_runs\language\neuron_search_20260605\manual_self\screen_128_seed17_real_seq10160_40m_mem_threshold_neuron\result.json
neuron_search/screen_128_seed13_real_seq10160_40m_stateful_threshold_neuron/result/standalone_longseq_anchor_train,1,1300480.0,7.046730247257263,7.046730247257263,1300480.0,40437011.0,json_report_history,E:\CODEXRESEARCH\RESEARCH-1\artifacts\benchmark_runs\language\neuron_search_20260605\manual_self\screen_128_seed13_real_seq10160_40m_stateful_threshold_neuron\result.json
neuron_search/screen_128_seed13_real_seq10160_40m_phase_residual_memory_boundary_gate_neuron/result/standalone_longseq_anchor_train,1,1300480.0,7.046788743349511,7.046788743349511,1300480.0,40572177.0,json_report_history,E:\CODEXRESEARCH\RESEARCH-1\artifacts\benchmark_runs\language\neuron_search_20260605\manual_self\screen_128_seed13_real_seq10160_40m_phase_residual_memory_boundary_gate_neuron\result.json
neuron_search/screen_128_seed13_real_seq10160_40m_phase_residual_memory_scalar_gate_neuron/result/standalone_longseq_anchor_train,1,1300480.0,7.046850820413725,7.046850820413725,1300480.0,40439187.0,json_report_history,E:\CODEXRESEARCH\RESEARCH-1\artifacts\benchmark_runs\language\neuron_search_20260605\manual_self\screen_128_seed13_real_seq10160_40m_phase_residual_memory_scalar_gate_neuron\result.json
neuron_search/screen_128_seed13_real_seq10160_40m_phase_residual_blend_tiny_neuron/result/standalone_longseq_anchor_train,1,1300480.0,7.0471584290031375,7.0471584290031375,1300480.0,40439057.0,json_report_history,E:\CODEXRESEARCH\RESEARCH-1\artifacts\benchmark_runs\language\neuron_search_20260605\manual_self\screen_128_seed13_real_seq10160_40m_phase_residual_blend_tiny_neuron\result.json
neuron_search/screen_128_seed29_real_seq10160_40m_rank_competition_memory_gate_neuron/result/standalone_longseq_anchor_train,1,1300480.0,7.047466100857952,7.047466100857952,1300480.0,40572179.0,json_report_history,E:\CODEXRESEARCH\RESEARCH-1\artifacts\benchmark_runs\language\neuron_search_20260605\manual_self\screen_128_seed29_real_seq10160_40m_rank_competition_memory_gate_neuron\result.json
neuron_search/screen_128_seed13_real_seq10160_40m_baseline/result/standalone_longseq_anchor_train,1,1300480.0,7.04758435384495,7.04758435384495,1300480.0,40437009.0,json_report_history,E:\CODEXRESEARCH\RESEARCH-1\artifacts\benchmark_runs\language\neuron_search_20260605\manual_self\screen_128_seed13_real_seq10160_40m_baseline\result.json
neuron_search/screen_128_seed17_real_seq10160_40m_phase_residual_memory_boundary_gate_neuron/result/standalone_longseq_anchor_train,1,1300480.0,7.047752521357198,7.047752521357198,1300480.0,40572177.0,json_report_history,E:\CODEXRESEARCH\RESEARCH-1\artifacts\benchmark_runs\language\neuron_search_20260605\manual_self\screen_128_seed17_real_seq10160_40m_phase_residual_memory_boundary_gate_neuron\result.json
neuron_search/screen_128_seed29_real_seq10160_40m_phase_residual_boundary_centered_neuron/result/standalone_longseq_anchor_train,1,1300480.0,7.048473999631686,7.048473999631686,1300480.0,40439057.0,json_report_history,E:\CODEXRESEARCH\RESEARCH-1\artifacts\benchmark_runs\language\neuron_search_20260605\manual_self\screen_128_seed29_real_seq10160_40m_phase_residual_boundary_centered_neuron\result.json
neuron_search/screen_128_seed29_real_seq10160_40m_phase_residual_memory_conv_disagreement_damp_neuron/result/standalone_longseq_anchor_train,1,1300480.0,7.049205162956959,7.049205162956959,1300480.0,40439059.0,json_report_history,E:\CODEXRESEARCH\RESEARCH-1\artifacts\benchmark_runs\language\neuron_search_20260605\manual_self\screen_128_seed29_real_seq10160_40m_phase_residual_memory_conv_disagreement_damp_neuron\result.json
neuron_search/screen_128_seed29_real_seq10160_40m_phase_residual_memory_conv_agreement_neuron/result/standalone_longseq_anchor_train,1,1300480.0,7.049207873044051,7.049207873044051,1300480.0,40439059.0,json_report_history,E:\CODEXRESEARCH\RESEARCH-1\artifacts\benchmark_runs\language\neuron_search_20260605\manual_self\screen_128_seed29_real_seq10160_40m_phase_residual_memory_conv_agreement_neuron\result.json
neuron_search/screen_128_seed29_real_seq10160_40m_phase_residual_blend_half_neuron/result/standalone_longseq_anchor_train,1,1300480.0,7.04920916388354,7.04920916388354,1300480.0,40439057.0,json_report_history,E:\CODEXRESEARCH\RESEARCH-1\artifacts\benchmark_runs\language\neuron_search_20260605\manual_self\screen_128_seed29_real_seq10160_40m_phase_residual_blend_half_neuron\result.json
neuron_search/screen_128_seed29_real_seq10160_40m_phase_residual_conv_energy_gate_neuron/result/standalone_longseq_anchor_train,1,1300480.0,7.049791042448029,7.049791042448029,1300480.0,40439059.0,json_report_history,E:\CODEXRESEARCH\RESEARCH-1\artifacts\benchmark_runs\language\neuron_search_20260605\manual_self\screen_128_seed29_real_seq10160_40m_phase_residual_conv_energy_gate_neuron\result.json
neuron_search/screen_128_seed29_real_seq10160_40m_stateful_threshold_neuron/result/standalone_longseq_anchor_train,1,1300480.0,7.050219633635574,7.050219633635574,1300480.0,40437011.0,json_report_history,E:\CODEXRESEARCH\RESEARCH-1\artifacts\benchmark_runs\language\neuron_search_20260605\manual_self\screen_128_seed29_real_seq10160_40m_stateful_threshold_neuron\result.json
neuron_search/screen_128_seed13_real_seq10160_40m_memory_square_centered_gain_neuron/result/standalone_longseq_anchor_train,1,1300480.0,7.050359352554862,7.050359352554862,1300480.0,40570129.0,json_report_history,E:\CODEXRESEARCH\RESEARCH-1\artifacts\benchmark_runs\language\neuron_search_20260605\manual_self\screen_128_seed13_real_seq10160_40m_memory_square_centered_gain_neuron\result.json
neuron_search/screen_128_seed13_real_seq10160_40m_memory_square_gain_neuron/result/standalone_longseq_anchor_train,1,1300480.0,7.0503677704202845,7.0503677704202845,1300480.0,40570129.0,json_report_history,E:\CODEXRESEARCH\RESEARCH-1\artifacts\benchmark_runs\language\neuron_search_20260605\manual_self\screen_128_seed13_real_seq10160_40m_memory_square_gain_neuron\result.json
neuron_search/screen_128_seed13_real_seq10160_40m_memory_square_small_gain_neuron/result/standalone_longseq_anchor_train,1,1300480.0,7.050469693424195,7.050469693424195,1300480.0,40570129.0,json_report_history,E:\CODEXRESEARCH\RESEARCH-1\artifacts\benchmark_runs\language\neuron_search_20260605\manual_self\screen_128_seed13_real_seq10160_40m_memory_square_small_gain_neuron\result.json
neuron_search/screen_128_seed13_real_seq10160_40m_memory_square_novelty_gain_neuron/result/standalone_longseq_anchor_train,1,1300480.0,7.050522811018576,7.050522811018576,1300480.0,40570129.0,json_report_history,E:\CODEXRESEARCH\RESEARCH-1\artifacts\benchmark_runs\language\neuron_search_20260605\manual_self\screen_128_seed13_real_seq10160_40m_memory_square_novelty_gain_neuron\result.json
neuron_search/screen_128_seed13_real_seq10160_40m_conv_disagreement_neuron/result/standalone_longseq_anchor_train,1,1300480.0,7.050714299434752,7.050714299434752,1300480.0,40437009.0,json_report_history,E:\CODEXRESEARCH\RESEARCH-1\artifacts\benchmark_runs\language\neuron_search_20260605\manual_self\screen_128_seed13_real_seq10160_40m_conv_disagreement_neuron\result.json
neuron_search/screen_128_seed17_real_seq10160_40m_memory_square_centered_gain_neuron/result/standalone_longseq_anchor_train,1,1300480.0,7.050852163382403,7.050852163382403,1300480.0,40570129.0,json_report_history,E:\CODEXRESEARCH\RESEARCH-1\artifacts\benchmark_runs\language\neuron_search_20260605\manual_self\screen_128_seed17_real_seq10160_40m_memory_square_centered_gain_neuron\result.json
neuron_search/screen_128_seed17_real_seq10160_40m_memory_square_gain_neuron/result/standalone_longseq_anchor_train,1,1300480.0,7.05086139769066,7.05086139769066,1300480.0,40570129.0,json_report_history,E:\CODEXRESEARCH\RESEARCH-1\artifacts\benchmark_runs\language\neuron_search_20260605\manual_self\screen_128_seed17_real_seq10160_40m_memory_square_gain_neuron\result.json
neuron_search/screen_128_seed17_real_seq10160_40m_memory_square_novelty_gain_neuron/result/standalone_longseq_anchor_train,1,1300480.0,7.050877184567489,7.050877184567489,1300480.0,40570129.0,json_report_history,E:\CODEXRESEARCH\RESEARCH-1\artifacts\benchmark_runs\language\neuron_search_20260605\manual_self\screen_128_seed17_real_seq10160_40m_memory_square_novelty_gain_neuron\result.json
neuron_search/screen_128_seed17_real_seq10160_40m_memory_square_small_gain_neuron/result/standalone_longseq_anchor_train,1,1300480.0,7.050904513719514,7.050904513719514,1300480.0,40570129.0,json_report_history,E:\CODEXRESEARCH\RESEARCH-1\artifacts\benchmark_runs\language\neuron_search_20260605\manual_self\screen_128_seed17_real_seq10160_40m_memory_square_small_gain_neuron\result.json
neuron_search/screen_128_seed29_real_seq10160_40m_phase_residual_blend_normed_neuron/result/standalone_longseq_anchor_train,1,1300480.0,7.051510687700406,7.051510687700406,1300480.0,40439057.0,json_report_history,E:\CODEXRESEARCH\RESEARCH-1\artifacts\benchmark_runs\language\neuron_search_20260605\manual_self\screen_128_seed29_real_seq10160_40m_phase_residual_blend_normed_neuron\result.json
neuron_search/screen_128_seed29_real_seq10160_40m_phase_residual_memory_boundary_centered_gate_neuron/result/standalone_longseq_anchor_train,1,1300480.0,7.051686743676193,7.051686743676193,1300480.0,40572177.0,json_report_history,E:\CODEXRESEARCH\RESEARCH-1\artifacts\benchmark_runs\language\neuron_search_20260605\manual_self\screen_128_seed29_real_seq10160_40m_phase_residual_memory_boundary_centered_gate_neuron\result.json
neuron_search/screen_128_seed17_real_seq10160_40m_phase_residual_blend_centered_neuron/result/standalone_longseq_anchor_train,1,1300480.0,7.05188516012327,7.05188516012327,1300480.0,40439057.0,json_report_history,E:\CODEXRESEARCH\RESEARCH-1\artifacts\benchmark_runs\language\neuron_search_20260605\manual_self\screen_128_seed17_real_seq10160_40m_phase_residual_blend_centered_neuron\result.json
neuron_search/screen_128_seed17_real_seq10160_40m_phase_residual_memory_conv_centered_agreement_neuron/result/standalone_longseq_anchor_train,1,1300480.0,7.05189493171812,7.05189493171812,1300480.0,40439059.0,json_report_history,E:\CODEXRESEARCH\RESEARCH-1\artifacts\benchmark_runs\language\neuron_search_20260605\manual_self\screen_128_seed17_real_seq10160_40m_phase_residual_memory_conv_centered_agreement_neuron\result.json
neuron_search/screen_128_seed13_real_seq10160_40m_phase_residual_memory_boundary_scalar_gate_neuron/result/standalone_longseq_anchor_train,1,1300480.0,7.052209139433433,7.052209139433433,1300480.0,40439187.0,json_report_history,E:\CODEXRESEARCH\RESEARCH-1\artifacts\benchmark_runs\language\neuron_search_20260605\manual_self\screen_128_seed13_real_seq10160_40m_phase_residual_memory_boundary_scalar_gate_neuron\result.json
neuron_search/screen_128_seed29_real_seq10160_40m_phase_residual_memory_gate_neuron/result/standalone_longseq_anchor_train,1,1300480.0,7.053320954540583,7.053320954540583,1300480.0,40572177.0,json_report_history,E:\CODEXRESEARCH\RESEARCH-1\artifacts\benchmark_runs\language\neuron_search_20260605\manual_self\screen_128_seed29_real_seq10160_40m_phase_residual_memory_gate_neuron\result.json
neuron_search/screen_128_seed29_real_seq10160_40m_phase_residual_memory_rms_gate_neuron/result/standalone_longseq_anchor_train,1,1300480.0,7.053324307794646,7.053324307794646,1300480.0,40572177.0,json_report_history,E:\CODEXRESEARCH\RESEARCH-1\artifacts\benchmark_runs\language\neuron_search_20260605\manual_self\screen_128_seed29_real_seq10160_40m_phase_residual_memory_rms_gate_neuron\result.json
neuron_search/screen_128_seed29_real_seq10160_40m_phase_residual_memory_sparse_gate_neuron/result/standalone_longseq_anchor_train,1,1300480.0,7.053341187266853,7.053341187266853,1300480.0,40572177.0,json_report_history,E:\CODEXRESEARCH\RESEARCH-1\artifacts\benchmark_runs\language\neuron_search_20260605\manual_self\screen_128_seed29_real_seq10160_40m_phase_residual_memory_sparse_gate_neuron\result.json
neuron_search/screen_128_seed29_real_seq10160_40m_phase_residual_memory_novelty_gate_neuron/result/standalone_longseq_anchor_train,1,1300480.0,7.053344938323254,7.053344938323254,1300480.0,40572177.0,json_report_history,E:\CODEXRESEARCH\RESEARCH-1\artifacts\benchmark_runs\language\neuron_search_20260605\manual_self\screen_128_seed29_real_seq10160_40m_phase_residual_memory_novelty_gate_neuron\result.json
neuron_search/screen_128_seed29_real_seq10160_40m_phase_residual_memory_delta_gate_neuron/result/standalone_longseq_anchor_train,1,1300480.0,7.053347130835526,7.053347130835526,1300480.0,40572177.0,json_report_history,E:\CODEXRESEARCH\RESEARCH-1\artifacts\benchmark_runs\language\neuron_search_20260605\manual_self\screen_128_seed29_real_seq10160_40m_phase_residual_memory_delta_gate_neuron\result.json
neuron_search/screen_128_seed29_real_seq10160_40m_phase_residual_memory_bounded_gate_neuron/result/standalone_longseq_anchor_train,1,1300480.0,7.053350302929014,7.053350302929014,1300480.0,40572177.0,json_report_history,E:\CODEXRESEARCH\RESEARCH-1\artifacts\benchmark_runs\language\neuron_search_20260605\manual_self\screen_128_seed29_real_seq10160_40m_phase_residual_memory_bounded_gate_neuron\result.json
neuron_search/screen_128_seed29_real_seq10160_40m_phase_residual_blend_large_neuron/result/standalone_longseq_anchor_train,1,1300480.0,7.054160238814166,7.054160238814166,1300480.0,40439057.0,json_report_history,E:\CODEXRESEARCH\RESEARCH-1\artifacts\benchmark_runs\language\neuron_search_20260605\manual_self\screen_128_seed29_real_seq10160_40m_phase_residual_blend_large_neuron\result.json
neuron_search/screen_128_seed29_real_seq10160_40m_phase_residual_blend_quarter_neuron/result/standalone_longseq_anchor_train,1,1300480.0,7.0544830699605265,7.0544830699605265,1300480.0,40439057.0,json_report_history,E:\CODEXRESEARCH\RESEARCH-1\artifacts\benchmark_runs\language\neuron_search_20260605\manual_self\screen_128_seed29_real_seq10160_40m_phase_residual_blend_quarter_neuron\result.json
neuron_search/screen_128_seed29_real_seq10160_40m_phase_residual_memory_normed_gate_neuron/result/standalone_longseq_anchor_train,1,1300480.0,7.054856070571058,7.054856070571058,1300480.0,40572177.0,json_report_history,E:\CODEXRESEARCH\RESEARCH-1\artifacts\benchmark_runs\language\neuron_search_20260605\manual_self\screen_128_seed29_real_seq10160_40m_phase_residual_memory_normed_gate_neuron\result.json
neuron_search/screen_128_seed13_real_seq10160_40m_stable_competition_neuron/result/standalone_longseq_anchor_train,1,1300480.0,7.054999172218203,7.054999172218203,1300480.0,40437013.0,json_report_history,E:\CODEXRESEARCH\RESEARCH-1\artifacts\benchmark_runs\language\neuron_search_20260605\manual_self\screen_128_seed13_real_seq10160_40m_stable_competition_neuron\result.json
neuron_search/screen_128_seed13_real_seq10160_40m_memory_square_scalar_gain_neuron/result/standalone_longseq_anchor_train,1,1300480.0,7.055484792754406,7.055484792754406,1300480.0,40437139.0,json_report_history,E:\CODEXRESEARCH\RESEARCH-1\artifacts\benchmark_runs\language\neuron_search_20260605\manual_self\screen_128_seed13_real_seq10160_40m_memory_square_scalar_gain_neuron\result.json
neuron_search/screen_128_seed13_real_seq10160_40m_memory_square_conv_agreement_gain_neuron/result/standalone_longseq_anchor_train,1,1300480.0,7.055593721134456,7.055593721134456,1300480.0,40437141.0,json_report_history,E:\CODEXRESEARCH\RESEARCH-1\artifacts\benchmark_runs\language\neuron_search_20260605\manual_self\screen_128_seed13_real_seq10160_40m_memory_square_conv_agreement_gain_neuron\result.json
neuron_search/screen_128_seed13_real_seq10160_40m_mem_threshold_neuron/result/standalone_longseq_anchor_train,1,1300480.0,7.055655684058122,7.055655684058122,1300480.0,40703249.0,json_report_history,E:\CODEXRESEARCH\RESEARCH-1\artifacts\benchmark_runs\language\neuron_search_20260605\manual_self\screen_128_seed13_real_seq10160_40m_mem_threshold_neuron\result.json
neuron_search/screen_128_seed29_real_seq10160_40m_phase_residual_boundary_blend_neuron/result/standalone_longseq_anchor_train,1,1300480.0,7.055994313157449,7.055994313157449,1300480.0,40439057.0,json_report_history,E:\CODEXRESEARCH\RESEARCH-1\artifacts\benchmark_runs\language\neuron_search_20260605\manual_self\screen_128_seed29_real_seq10160_40m_phase_residual_boundary_blend_neuron\result.json
neuron_search/screen_128_seed29_real_seq10160_40m_baseline/result/standalone_longseq_anchor_train,1,1300480.0,7.056069083852092,7.056069083852092,1300480.0,40437009.0,json_report_history,E:\CODEXRESEARCH\RESEARCH-1\artifacts\benchmark_runs\language\neuron_search_20260605\manual_self\screen_128_seed29_real_seq10160_40m_baseline\result.json
neuron_search/screen_128_seed29_real_seq10160_40m_conv_disagreement_neuron/result/standalone_longseq_anchor_train,1,1300480.0,7.056151428748303,7.056151428748303,1300480.0,40437009.0,json_report_history,E:\CODEXRESEARCH\RESEARCH-1\artifacts\benchmark_runs\language\neuron_search_20260605\manual_self\screen_128_seed29_real_seq10160_40m_conv_disagreement_neuron\result.json
neuron_search/screen_128_seed29_real_seq10160_40m_phase_residual_blend_tiny_neuron/result/standalone_longseq_anchor_train,1,1300480.0,7.056257048366577,7.056257048366577,1300480.0,40439057.0,json_report_history,E:\CODEXRESEARCH\RESEARCH-1\artifacts\benchmark_runs\language\neuron_search_20260605\manual_self\screen_128_seed29_real_seq10160_40m_phase_residual_blend_tiny_neuron\result.json
neuron_search/screen_128_seed29_real_seq10160_40m_phase_residual_blend_neuron/result/standalone_longseq_anchor_train,1,1300480.0,7.056344968878378,7.056344968878378,1300480.0,40439057.0,json_report_history,E:\CODEXRESEARCH\RESEARCH-1\artifacts\benchmark_runs\language\neuron_search_20260605\manual_self\screen_128_seed29_real_seq10160_40m_phase_residual_blend_neuron\result.json
neuron_search/screen_128_seed29_real_seq10160_40m_phase_residual_memory_novelty_tiny_gate_neuron/result/standalone_longseq_anchor_train,1,1300480.0,7.056999995952516,7.056999995952516,1300480.0,40572177.0,json_report_history,E:\CODEXRESEARCH\RESEARCH-1\artifacts\benchmark_runs\language\neuron_search_20260605\manual_self\screen_128_seed29_real_seq10160_40m_phase_residual_memory_novelty_tiny_gate_neuron\result.json
neuron_search/screen_128_seed29_real_seq10160_40m_stable_square_neuron/result/standalone_longseq_anchor_train,1,1300480.0,7.057081586544908,7.057081586544908,1300480.0,40437011.0,json_report_history,E:\CODEXRESEARCH\RESEARCH-1\artifacts\benchmark_runs\language\neuron_search_20260605\manual_self\screen_128_seed29_real_seq10160_40m_stable_square_neuron\result.json
neuron_search/screen_128_seed17_real_seq10160_40m_phase_residual_memory_boundary_scalar_gate_neuron/result/standalone_longseq_anchor_train,1,1300480.0,7.057935113043297,7.057935113043297,1300480.0,40439187.0,json_report_history,E:\CODEXRESEARCH\RESEARCH-1\artifacts\benchmark_runs\language\neuron_search_20260605\manual_self\screen_128_seed17_real_seq10160_40m_phase_residual_memory_boundary_scalar_gate_neuron\result.json
neuron_search/screen_128_seed29_real_seq10160_40m_phase_residual_memory_boundary_gate_neuron/result/standalone_longseq_anchor_train,1,1300480.0,7.0589506567932485,7.0589506567932485,1300480.0,40572177.0,json_report_history,E:\CODEXRESEARCH\RESEARCH-1\artifacts\benchmark_runs\language\neuron_search_20260605\manual_self\screen_128_seed29_real_seq10160_40m_phase_residual_memory_boundary_gate_neuron\result.json
neuron_search/screen_128_seed13_real_seq10160_40m_phase_residual_memory_group_gate_neuron/result/standalone_longseq_anchor_train,1,1300480.0,7.05901257541236,7.05901257541236,1300480.0,40441137.0,json_report_history,E:\CODEXRESEARCH\RESEARCH-1\artifacts\benchmark_runs\language\neuron_search_20260605\manual_self\screen_128_seed13_real_seq10160_40m_phase_residual_memory_group_gate_neuron\result.json
neuron_search/screen_128_seed29_real_seq10160_40m_memory_square_centered_gain_neuron/result/standalone_longseq_anchor_train,1,1300480.0,7.059699588873255,7.059699588873255,1300480.0,40570129.0,json_report_history,E:\CODEXRESEARCH\RESEARCH-1\artifacts\benchmark_runs\language\neuron_search_20260605\manual_self\screen_128_seed29_real_seq10160_40m_memory_square_centered_gain_neuron\result.json
neuron_search/screen_128_seed29_real_seq10160_40m_memory_square_novelty_gain_neuron/result/standalone_longseq_anchor_train,1,1300480.0,7.059706900063462,7.059706900063462,1300480.0,40570129.0,json_report_history,E:\CODEXRESEARCH\RESEARCH-1\artifacts\benchmark_runs\language\neuron_search_20260605\manual_self\screen_128_seed29_real_seq10160_40m_memory_square_novelty_gain_neuron\result.json
neuron_search/screen_128_seed29_real_seq10160_40m_memory_square_gain_neuron/result/standalone_longseq_anchor_train,1,1300480.0,7.059714368384654,7.059714368384654,1300480.0,40570129.0,json_report_history,E:\CODEXRESEARCH\RESEARCH-1\artifacts\benchmark_runs\language\neuron_search_20260605\manual_self\screen_128_seed29_real_seq10160_40m_memory_square_gain_neuron\result.json
neuron_search/screen_128_seed29_real_seq10160_40m_memory_square_small_gain_neuron/result/standalone_longseq_anchor_train,1,1300480.0,7.05972711307796,7.05972711307796,1300480.0,40570129.0,json_report_history,E:\CODEXRESEARCH\RESEARCH-1\artifacts\benchmark_runs\language\neuron_search_20260605\manual_self\screen_128_seed29_real_seq10160_40m_memory_square_small_gain_neuron\result.json
neuron_search/screen_128_seed17_real_seq10160_40m_memory_square_conv_agreement_gain_neuron/result/standalone_longseq_anchor_train,1,1300480.0,7.05974468621682,7.05974468621682,1300480.0,40437141.0,json_report_history,E:\CODEXRESEARCH\RESEARCH-1\artifacts\benchmark_runs\language\neuron_search_20260605\manual_self\screen_128_seed17_real_seq10160_40m_memory_square_conv_agreement_gain_neuron\result.json
neuron_search/screen_128_seed13_real_seq10160_40m_stable_square_neuron/result/standalone_longseq_anchor_train,1,1300480.0,7.059827147130891,7.059827147130891,1300480.0,40437011.0,json_report_history,E:\CODEXRESEARCH\RESEARCH-1\artifacts\benchmark_runs\language\neuron_search_20260605\manual_self\screen_128_seed13_real_seq10160_40m_stable_square_neuron\result.json
neuron_search/screen_128_seed17_real_seq10160_40m_memory_square_scalar_gain_neuron/result/standalone_longseq_anchor_train,1,1300480.0,7.059834404442254,7.059834404442254,1300480.0,40437139.0,json_report_history,E:\CODEXRESEARCH\RESEARCH-1\artifacts\benchmark_runs\language\neuron_search_20260605\manual_self\screen_128_seed17_real_seq10160_40m_memory_square_scalar_gain_neuron\result.json
neuron_search/screen_128_seed29_real_seq10160_40m_mem_threshold_neuron/result/standalone_longseq_anchor_train,1,1300480.0,7.060812765031349,7.060812765031349,1300480.0,40703249.0,json_report_history,E:\CODEXRESEARCH\RESEARCH-1\artifacts\benchmark_runs\language\neuron_search_20260605\manual_self\screen_128_seed29_real_seq10160_40m_mem_threshold_neuron\result.json
neuron_search/screen_128_seed29_real_seq10160_40m_bottleneck_aware_neuron/result/standalone_longseq_anchor_train,1,1300480.0,7.063988913889006,7.063988913889006,1300480.0,41684241.0,json_report_history,E:\CODEXRESEARCH\RESEARCH-1\artifacts\benchmark_runs\language\neuron_search_20260605\manual_self\screen_128_seed29_real_seq10160_40m_bottleneck_aware_neuron\result.json
neuron_search/screen_128_seed17_real_seq10160_40m_phase_residual_boundary_centered_neuron/result/standalone_longseq_anchor_train,1,1300480.0,7.064391597988099,7.064391597988099,1300480.0,40439057.0,json_report_history,E:\CODEXRESEARCH\RESEARCH-1\artifacts\benchmark_runs\language\neuron_search_20260605\manual_self\screen_128_seed17_real_seq10160_40m_phase_residual_boundary_centered_neuron\result.json
neuron_search/screen_128_seed17_real_seq10160_40m_phase_residual_memory_conv_disagreement_damp_neuron/result/standalone_longseq_anchor_train,1,1300480.0,7.065219109452616,7.065219109452616,1300480.0,40439059.0,json_report_history,E:\CODEXRESEARCH\RESEARCH-1\artifacts\benchmark_runs\language\neuron_search_20260605\manual_self\screen_128_seed17_real_seq10160_40m_phase_residual_memory_conv_disagreement_damp_neuron\result.json
neuron_search/screen_128_seed17_real_seq10160_40m_phase_residual_blend_half_neuron/result/standalone_longseq_anchor_train,1,1300480.0,7.065231561097573,7.065231561097573,1300480.0,40439057.0,json_report_history,E:\CODEXRESEARCH\RESEARCH-1\artifacts\benchmark_runs\language\neuron_search_20260605\manual_self\screen_128_seed17_real_seq10160_40m_phase_residual_blend_half_neuron\result.json
neuron_search/screen_128_seed17_real_seq10160_40m_phase_residual_memory_conv_agreement_neuron/result/standalone_longseq_anchor_train,1,1300480.0,7.065237092971802,7.065237092971802,1300480.0,40439059.0,json_report_history,E:\CODEXRESEARCH\RESEARCH-1\artifacts\benchmark_runs\language\neuron_search_20260605\manual_self\screen_128_seed17_real_seq10160_40m_phase_residual_memory_conv_agreement_neuron\result.json
neuron_search/screen_128_seed17_real_seq10160_40m_phase_residual_conv_energy_gate_neuron/result/standalone_longseq_anchor_train,1,1300480.0,7.06565147572615,7.06565147572615,1300480.0,40439059.0,json_report_history,E:\CODEXRESEARCH\RESEARCH-1\artifacts\benchmark_runs\language\neuron_search_20260605\manual_self\screen_128_seed17_real_seq10160_40m_phase_residual_conv_energy_gate_neuron\result.json
neuron_search/screen_128_seed17_real_seq10160_40m_rank_competition_neuron/result/standalone_longseq_anchor_train,1,1300480.0,7.066062248597934,7.066062248597934,1300480.0,40437011.0,json_report_history,E:\CODEXRESEARCH\RESEARCH-1\artifacts\benchmark_runs\language\neuron_search_20260605\manual_self\screen_128_seed17_real_seq10160_40m_rank_competition_neuron\result.json
neuron_search/screen_128_seed17_real_seq10160_40m_bottleneck_aware_neuron/result/standalone_longseq_anchor_train,1,1300480.0,7.066368136818953,7.066368136818953,1300480.0,41684241.0,json_report_history,E:\CODEXRESEARCH\RESEARCH-1\artifacts\benchmark_runs\language\neuron_search_20260605\manual_self\screen_128_seed17_real_seq10160_40m_bottleneck_aware_neuron\result.json
neuron_search/screen_128_seed17_real_seq10160_40m_phase_residual_blend_normed_neuron/result/standalone_longseq_anchor_train,1,1300480.0,7.066812666757839,7.066812666757839,1300480.0,40439057.0,json_report_history,E:\CODEXRESEARCH\RESEARCH-1\artifacts\benchmark_runs\language\neuron_search_20260605\manual_self\screen_128_seed17_real_seq10160_40m_phase_residual_blend_normed_neuron\result.json
neuron_search/screen_128_seed17_real_seq10160_40m_phase_residual_blend_large_neuron/result/standalone_longseq_anchor_train,1,1300480.0,7.069295544136228,7.069295544136228,1300480.0,40439057.0,json_report_history,E:\CODEXRESEARCH\RESEARCH-1\artifacts\benchmark_runs\language\neuron_search_20260605\manual_self\screen_128_seed17_real_seq10160_40m_phase_residual_blend_large_neuron\result.json
neuron_search/screen_128_seed17_real_seq10160_40m_phase_residual_blend_quarter_neuron/result/standalone_longseq_anchor_train,1,1300480.0,7.069849496000395,7.069849496000395,1300480.0,40439057.0,json_report_history,E:\CODEXRESEARCH\RESEARCH-1\artifacts\benchmark_runs\language\neuron_search_20260605\manual_self\screen_128_seed17_real_seq10160_40m_phase_residual_blend_quarter_neuron\result.json
neuron_search/screen_128_seed17_real_seq10160_40m_phase_residual_boundary_blend_neuron/result/standalone_longseq_anchor_train,1,1300480.0,7.071335069025595,7.071335069025595,1300480.0,40439057.0,json_report_history,E:\CODEXRESEARCH\RESEARCH-1\artifacts\benchmark_runs\language\neuron_search_20260605\manual_self\screen_128_seed17_real_seq10160_40m_phase_residual_boundary_blend_neuron\result.json
neuron_search/screen_128_seed17_real_seq10160_40m_stateful_threshold_neuron/result/standalone_longseq_anchor_train,1,1300480.0,7.072474304522117,7.072474304522117,1300480.0,40437011.0,json_report_history,E:\CODEXRESEARCH\RESEARCH-1\artifacts\benchmark_runs\language\neuron_search_20260605\manual_self\screen_128_seed17_real_seq10160_40m_stateful_threshold_neuron\result.json
neuron_search/screen_128_seed17_real_seq10160_40m_phase_residual_blend_neuron/result/standalone_longseq_anchor_train,1,1300480.0,7.073481033730695,7.073481033730695,1300480.0,40439057.0,json_report_history,E:\CODEXRESEARCH\RESEARCH-1\artifacts\benchmark_runs\language\neuron_search_20260605\manual_self\screen_128_seed17_real_seq10160_40m_phase_residual_blend_neuron\result.json
neuron_search/screen_128_seed17_real_seq10160_40m_stable_competition_neuron/result/standalone_longseq_anchor_train,1,1300480.0,7.074201697064197,7.074201697064197,1300480.0,40437013.0,json_report_history,E:\CODEXRESEARCH\RESEARCH-1\artifacts\benchmark_runs\language\neuron_search_20260605\manual_self\screen_128_seed17_real_seq10160_40m_stable_competition_neuron\result.json
neuron_search/screen_128_seed17_real_seq10160_40m_phase_residual_blend_tiny_neuron/result/standalone_longseq_anchor_train,1,1300480.0,7.075178657929729,7.075178657929729,1300480.0,40439057.0,json_report_history,E:\CODEXRESEARCH\RESEARCH-1\artifacts\benchmark_runs\language\neuron_search_20260605\manual_self\screen_128_seed17_real_seq10160_40m_phase_residual_blend_tiny_neuron\result.json
neuron_search/screen_128_seed17_real_seq10160_40m_baseline/result/standalone_longseq_anchor_train,1,1300480.0,7.075411135192931,7.075411135192931,1300480.0,40437009.0,json_report_history,E:\CODEXRESEARCH\RESEARCH-1\artifacts\benchmark_runs\language\neuron_search_20260605\manual_self\screen_128_seed17_real_seq10160_40m_baseline\result.json
neuron_search/screen_128_seed17_real_seq10160_40m_adaptive_basis_neuron/result/standalone_longseq_anchor_train,1,1300480.0,7.0757170001352865,7.0757170001352865,1300480.0,40440087.0,json_report_history,E:\CODEXRESEARCH\RESEARCH-1\artifacts\benchmark_runs\language\neuron_search_20260605\manual_self\screen_128_seed17_real_seq10160_40m_adaptive_basis_neuron\result.json
neuron_search/screen_128_seed17_real_seq10160_40m_conv_disagreement_neuron/result/standalone_longseq_anchor_train,1,1300480.0,7.076298114258473,7.076298114258473,1300480.0,40437009.0,json_report_history,E:\CODEXRESEARCH\RESEARCH-1\artifacts\benchmark_runs\language\neuron_search_20260605\manual_self\screen_128_seed17_real_seq10160_40m_conv_disagreement_neuron\result.json
neuron_search/screen_128_seed17_real_seq10160_40m_stable_square_neuron/result/standalone_longseq_anchor_train,1,1300480.0,7.076431944238858,7.076431944238858,1300480.0,40437011.0,json_report_history,E:\CODEXRESEARCH\RESEARCH-1\artifacts\benchmark_runs\language\neuron_search_20260605\manual_self\screen_128_seed17_real_seq10160_40m_stable_square_neuron\result.json
neuron_search/screen_128_seed13_real_seq10160_40m_adaptive_basis_neuron/result/standalone_longseq_anchor_train,1,1300480.0,7.078408324249147,7.078408324249147,1300480.0,40440087.0,json_report_history,E:\CODEXRESEARCH\RESEARCH-1\artifacts\benchmark_runs\language\neuron_search_20260605\manual_self\screen_128_seed13_real_seq10160_40m_adaptive_basis_neuron\result.json
neuron_search/screen_128_seed29_real_seq10160_40m_adaptive_basis_neuron/result/standalone_longseq_anchor_train,1,1300480.0,7.0810783504501105,7.0810783504501105,1300480.0,40440087.0,json_report_history,E:\CODEXRESEARCH\RESEARCH-1\artifacts\benchmark_runs\language\neuron_search_20260605\manual_self\screen_128_seed29_real_seq10160_40m_adaptive_basis_neuron\result.json
neuron_search/screen_128_seed29_real_seq10160_val8_rank_hybrid_cost_v1_rank_competition_memory_scalar_centered_gate_neuron/result/standalone_longseq_anchor_train,1,1300480.0,7.164458171213706,7.164458171213706,1300480.0,40439189.0,json_report_history,E:\CODEXRESEARCH\RESEARCH-1\artifacts\benchmark_runs\language\neuron_search_20260605\manual_self\screen_128_seed29_real_seq10160_val8_rank_hybrid_cost_v1_rank_competition_memory_scalar_centered_gate_neuron\result.json
neuron_search/screen_128_seed17_real_seq10160_val8_rank_hybrid_cost_v1_rank_competition_memory_group_centered_gate_neuron/result/standalone_longseq_anchor_train,1,1300480.0,7.166117027425391,7.166117027425391,1300480.0,40441139.0,json_report_history,E:\CODEXRESEARCH\RESEARCH-1\artifacts\benchmark_runs\language\neuron_search_20260605\manual_self\screen_128_seed17_real_seq10160_val8_rank_hybrid_cost_v1_rank_competition_memory_group_centered_gate_neuron\result.json
neuron_search/screen_128_seed17_real_seq10160_val8_rank_hybrid_cost_v1_rank_competition_memory_scalar_centered_gate_neuron/result/standalone_longseq_anchor_train,1,1300480.0,7.16716520072907,7.16716520072907,1300480.0,40439189.0,json_report_history,E:\CODEXRESEARCH\RESEARCH-1\artifacts\benchmark_runs\language\neuron_search_20260605\manual_self\screen_128_seed17_real_seq10160_val8_rank_hybrid_cost_v1_rank_competition_memory_scalar_centered_gate_neuron\result.json
neuron_search/screen_128_seed29_real_seq10160_val8_rank_hybrid_cost_v1_rank_competition_centered_residual_neuron/result/standalone_longseq_anchor_train,1,1300480.0,7.167313136923031,7.167313136923031,1300480.0,40439059.0,json_report_history,E:\CODEXRESEARCH\RESEARCH-1\artifacts\benchmark_runs\language\neuron_search_20260605\manual_self\screen_128_seed29_real_seq10160_val8_rank_hybrid_cost_v1_rank_competition_centered_residual_neuron\result.json
neuron_search/screen_128_seed29_real_seq10160_val8_rank_hybrid_cost_v1_rank_competition_memory_factor_centered_gate_neuron/result/standalone_longseq_anchor_train,1,1300480.0,7.173671487842019,7.173671487842019,1300480.0,40473907.0,json_report_history,E:\CODEXRESEARCH\RESEARCH-1\artifacts\benchmark_runs\language\neuron_search_20260605\manual_self\screen_128_seed29_real_seq10160_val8_rank_hybrid_cost_v1_rank_competition_memory_factor_centered_gate_neuron\result.json
neuron_search/screen_128_seed13_real_seq10160_val8_rank_hybrid_cost_v1_rank_competition_memory_scalar_centered_gate_neuron/result/standalone_longseq_anchor_train,1,1300480.0,7.178205793298136,7.178205793298136,1300480.0,40439189.0,json_report_history,E:\CODEXRESEARCH\RESEARCH-1\artifacts\benchmark_runs\language\neuron_search_20260605\manual_self\screen_128_seed13_real_seq10160_val8_rank_hybrid_cost_v1_rank_competition_memory_scalar_centered_gate_neuron\result.json
neuron_search/screen_128_seed13_real_seq10160_val8_rank_hybrid_cost_v1_rank_competition_centered_residual_neuron/result/standalone_longseq_anchor_train,1,1300480.0,7.17848646377954,7.17848646377954,1300480.0,40439059.0,json_report_history,E:\CODEXRESEARCH\RESEARCH-1\artifacts\benchmark_runs\language\neuron_search_20260605\manual_self\screen_128_seed13_real_seq10160_val8_rank_hybrid_cost_v1_rank_competition_centered_residual_neuron\result.json
neuron_search/screen_128_seed29_real_seq10160_val8_rank_hybrid_cost_v1_rank_competition_memory_group_centered_gate_neuron/result/standalone_longseq_anchor_train,1,1300480.0,7.179897532876082,7.179897532876082,1300480.0,40441139.0,json_report_history,E:\CODEXRESEARCH\RESEARCH-1\artifacts\benchmark_runs\language\neuron_search_20260605\manual_self\screen_128_seed29_real_seq10160_val8_rank_hybrid_cost_v1_rank_competition_memory_group_centered_gate_neuron\result.json
neuron_search/screen_128_seed17_real_seq10160_val8_rank_hybrid_cost_v1_rank_competition_memory_factor_centered_gate_neuron/result/standalone_longseq_anchor_train,1,1300480.0,7.180276581903143,7.180276581903143,1300480.0,40473907.0,json_report_history,E:\CODEXRESEARCH\RESEARCH-1\artifacts\benchmark_runs\language\neuron_search_20260605\manual_self\screen_128_seed17_real_seq10160_val8_rank_hybrid_cost_v1_rank_competition_memory_factor_centered_gate_neuron\result.json
neuron_search/screen_128_seed13_real_seq10160_val8_rank_hybrid_cost_v1_rank_competition_memory_factor_centered_gate_neuron/result/standalone_longseq_anchor_train,1,1300480.0,7.184303937652918,7.184303937652918,1300480.0,40473907.0,json_report_history,E:\CODEXRESEARCH\RESEARCH-1\artifacts\benchmark_runs\language\neuron_search_20260605\manual_self\screen_128_seed13_real_seq10160_val8_rank_hybrid_cost_v1_rank_competition_memory_factor_centered_gate_neuron\result.json
neuron_search/screen_128_seed17_real_seq10160_val8_rank_hybrid_cost_v1_rank_competition_centered_residual_neuron/result/standalone_longseq_anchor_train,1,1300480.0,7.187743320427542,7.187743320427542,1300480.0,40439059.0,json_report_history,E:\CODEXRESEARCH\RESEARCH-1\artifacts\benchmark_runs\language\neuron_search_20260605\manual_self\screen_128_seed17_real_seq10160_val8_rank_hybrid_cost_v1_rank_competition_centered_residual_neuron\result.json
neuron_search/screen_128_seed13_real_seq10160_val8_rank_hybrid_cost_v1_rank_competition_memory_group_centered_gate_neuron/result/standalone_longseq_anchor_train,1,1300480.0,7.194880051124753,7.194880051124753,1300480.0,40441139.0,json_report_history,E:\CODEXRESEARCH\RESEARCH-1\artifacts\benchmark_runs\language\neuron_search_20260605\manual_self\screen_128_seed13_real_seq10160_val8_rank_hybrid_cost_v1_rank_competition_memory_group_centered_gate_neuron\result.json
neuron_search/screen_128_seed13_real_seq10160_val8_rank_hybrid_cost_v1_baseline/result/standalone_longseq_anchor_train,1,1300480.0,7.19901418751619,7.19901418751619,1300480.0,40437009.0,json_report_history,E:\CODEXRESEARCH\RESEARCH-1\artifacts\benchmark_runs\language\neuron_search_20260605\manual_self\screen_128_seed13_real_seq10160_val8_rank_hybrid_cost_v1_baseline\result.json
neuron_search/screen_128_seed29_real_seq10160_val8_rank_hybrid_cost_v1_baseline/result/standalone_longseq_anchor_train,1,1300480.0,7.199352416842003,7.199352416842003,1300480.0,40437009.0,json_report_history,E:\CODEXRESEARCH\RESEARCH-1\artifacts\benchmark_runs\language\neuron_search_20260605\manual_self\screen_128_seed29_real_seq10160_val8_rank_hybrid_cost_v1_baseline\result.json
neuron_search/screen_128_seed17_real_seq10160_val8_rank_hybrid_cost_v1_baseline/result/standalone_longseq_anchor_train,1,1300480.0,7.2147976362799096,7.2147976362799096,1300480.0,40437009.0,json_report_history,E:\CODEXRESEARCH\RESEARCH-1\artifacts\benchmark_runs\language\neuron_search_20260605\manual_self\screen_128_seed17_real_seq10160_val8_rank_hybrid_cost_v1_baseline\result.json
language_longseq_anchor16_160m_cosine_speed_probe_20260603/causal_conv_mixer_sampled_vocab_anchor16,1,1219200.0,7.336325645446777,7.336325645446777,1219200.0,160000566.0,json_history,E:\CODEXRESEARCH\RESEARCH-1\artifacts\benchmark_runs\language\language_longseq_anchor16_160m_cosine_speed_probe_20260603.json
chichen_anchor4_seq635_bigcache_20m_1000steps_20260603,2,635000.0,6.8821,6.8821,635000.0,,log_eval,E:\CODEXRESEARCH\house_compute_hub\runs\20260603-142404-2fa7db\Chichen-JoshS-10a81805.log
chichen_anchor8_seq635_bigcache_20m_1000steps_20260603,2,635000.0,6.9346,6.9346,635000.0,,log_eval,E:\CODEXRESEARCH\house_compute_hub\runs\20260603-141924-bb7c1b\Chichen-JoshS-10a81805.log
chichen_anchor16_seq635_bigcache_20m_1000steps_20260603,2,635000.0,7.0002,7.0002,635000.0,,log_eval,E:\CODEXRESEARCH\house_compute_hub\runs\20260603-141924-bb7c1b\Chichen-JoshS-10a81805.log
chichen_anchor16_conv2_seq635_bigcache_20m_1000steps_20260603,2,635000.0,7.0443,7.0443,635000.0,,log_eval,E:\CODEXRESEARCH\house_compute_hub\runs\20260603-142058-a4c3fc\Chichen-JoshS-10a81805.log
chichen_anchor32_seq635_bigcache_20m_1000steps_20260603,2,635000.0,7.0833,7.0833,635000.0,,log_eval,E:\CODEXRESEARCH\house_compute_hub\runs\20260603-142404-2fa7db\Chichen-JoshS-10a81805.log
chichen_anchor16_seq635_20m_1000steps_20260603,2,635000.0,8.4534,7.652,317500.0,,log_eval,E:\CODEXRESEARCH\house_compute_hub\runs\20260603-141316-f87bc8\Chichen-JoshS-10a81805.log
chichen_anchor8_seq635_20m_1000steps_20260603,2,635000.0,8.4774,7.5712,317500.0,,log_eval,E:\CODEXRESEARCH\house_compute_hub\runs\20260603-141316-f87bc8\Chichen-JoshS-10a81805.log
language_longseq_seq2540_conv_sampled16384_full4_confirm_finewebedu_96steps_20260602/causal_conv_mixer_20m,5,487680.0,7.171029031276703,7.171029031276703,487680.0,20034967.0,json_history,E:\CODEXRESEARCH\RESEARCH-1\artifacts\benchmark_runs\language\language_longseq_seq2540_conv_sampled16384_full4_confirm_finewebedu_96steps_20260602.json
language_longseq_conv_mixer_sampled_vocab16384_full2_confirm_finewebedu_seq635_96steps_20260602/causal_conv_mixer_sampled_vocab_full4,5,487680.0,7.178124308586121,7.178124308586121,487680.0,20034967.0,json_history,E:\CODEXRESEARCH\RESEARCH-1\artifacts\benchmark_runs\language\language_longseq_conv_mixer_sampled_vocab16384_full2_confirm_finewebedu_seq635_96steps_20260602.json
language_longseq_conv_mixer_sampled_vocab16384_full4_confirm_finewebedu_seq635_96steps_20260602/causal_conv_mixer_sampled_vocab_full4,5,487680.0,7.187328219413757,7.187328219413757,487680.0,20034967.0,json_history,E:\CODEXRESEARCH\RESEARCH-1\artifacts\benchmark_runs\language\language_longseq_conv_mixer_sampled_vocab16384_full4_confirm_finewebedu_seq635_96steps_20260602.json
language_longseq_conv_mixer_1layer_20m_confirm_finewebedu_seq635_96steps_20260602/causal_conv_mixer_20m,5,487680.0,7.204640448093414,7.204640448093414,487680.0,20034967.0,json_history,E:\CODEXRESEARCH\RESEARCH-1\artifacts\benchmark_runs\language\language_longseq_conv_mixer_1layer_20m_confirm_finewebedu_seq635_96steps_20260602.json
language_longseq_conv_mixer_1layer_k31_sampled16384_full4_finewebedu_seq635_96steps_20260602/causal_conv_mixer_sampled_vocab_full4,5,487680.0,7.204851925373077,7.204851925373077,487680.0,20041735.0,json_history,E:\CODEXRESEARCH\RESEARCH-1\artifacts\benchmark_runs\language\language_longseq_conv_mixer_1layer_k31_sampled16384_full4_finewebedu_seq635_96steps_20260602.json
language_longseq_conv_mixer_2layer_20m_confirm_finewebedu_seq635_96steps_20260602/causal_conv_mixer_20m,5,487680.0,7.205133676528931,7.205133676528931,487680.0,20001385.0,json_history,E:\CODEXRESEARCH\RESEARCH-1\artifacts\benchmark_runs\language\language_longseq_conv_mixer_2layer_20m_confirm_finewebedu_seq635_96steps_20260602.json
language_longseq_conv_mixer_1layer_k3_sampled16384_full4_finewebedu_seq635_96steps_20260602/causal_conv_mixer_sampled_vocab_full4,5,487680.0,7.206340193748474,7.206340193748474,487680.0,20033839.0,json_history,E:\CODEXRESEARCH\RESEARCH-1\artifacts\benchmark_runs\language\language_longseq_conv_mixer_1layer_k3_sampled16384_full4_finewebedu_seq635_96steps_20260602.json
language_longseq_conv_mixer_sampled_vocab8192_full2_confirm_finewebedu_seq635_96steps_20260602/causal_conv_mixer_sampled_vocab_full4,5,487680.0,7.207962810993195,7.207962810993195,487680.0,20034967.0,json_history,E:\CODEXRESEARCH\RESEARCH-1\artifacts\benchmark_runs\language\language_longseq_conv_mixer_sampled_vocab8192_full2_confirm_finewebedu_seq635_96steps_20260602.json
language_longseq_seq1270_conv_sampled16384_full2_confirm_finewebedu_96steps_20260602/causal_conv_mixer_20m,5,487680.0,7.2155227065086365,7.2155227065086365,487680.0,20034967.0,json_history,E:\CODEXRESEARCH\RESEARCH-1\artifacts\benchmark_runs\language\language_longseq_seq1270_conv_sampled16384_full2_confirm_finewebedu_96steps_20260602.json
language_longseq_conv_mixer_sampled_vocab_full2_confirm_finewebedu_seq635_96steps_20260602/causal_conv_mixer_sampled_vocab_full4,5,487680.0,7.2221760749816895,7.2221760749816895,487680.0,20034967.0,json_history,E:\CODEXRESEARCH\RESEARCH-1\artifacts\benchmark_runs\language\language_longseq_conv_mixer_sampled_vocab_full2_confirm_finewebedu_seq635_96steps_20260602.json
language_longseq_seq2540_conv_sampled16384_full4_confirm_finewebedu_96steps_20260602/causal_conv_mixer_sampled_vocab_full4,5,487680.0,7.250458717346191,7.250458717346191,487680.0,20034967.0,json_history,E:\CODEXRESEARCH\RESEARCH-1\artifacts\benchmark_runs\language\language_longseq_seq2540_conv_sampled16384_full4_confirm_finewebedu_96steps_20260602.json
language_longseq_conv_mixer_20m_confirm_finewebedu_seq635_96steps_20260602/causal_conv_mixer_20m,5,487680.0,7.263408064842224,7.263408064842224,487680.0,19974033.0,json_history,E:\CODEXRESEARCH\RESEARCH-1\artifacts\benchmark_runs\language\language_longseq_conv_mixer_20m_confirm_finewebedu_seq635_96steps_20260602.json
language_longseq_conv_mixer_sampled_vocab16384_full8_confirm_finewebedu_seq635_96steps_20260602/causal_conv_mixer_sampled_vocab_full4,5,487680.0,7.2634318470954895,7.2634318470954895,487680.0,20034967.0,json_history,E:\CODEXRESEARCH\RESEARCH-1\artifacts\benchmark_runs\language\language_longseq_conv_mixer_sampled_vocab16384_full8_confirm_finewebedu_seq635_96steps_20260602.json
language_longseq_seq1270_conv_sampled16384_full2_confirm_finewebedu_96steps_20260602/causal_conv_mixer_sampled_vocab_full4,5,487680.0,7.26610541343689,7.26610541343689,487680.0,20034967.0,json_history,E:\CODEXRESEARCH\RESEARCH-1\artifacts\benchmark_runs\language\language_longseq_seq1270_conv_sampled16384_full2_confirm_finewebedu_96steps_20260602.json
language_longseq_no_replay_20m_confirm_finewebedu_seq635_96steps_20260602/factorized_no_replay_20m,5,487680.0,7.328208386898041,7.328208386898041,487680.0,19999129.0,json_history,E:\CODEXRESEARCH\RESEARCH-1\artifacts\benchmark_runs\language\language_longseq_no_replay_20m_confirm_finewebedu_seq635_96steps_20260602.json
language_longseq_no_replay_20m_confirm_finewebedu_seq635_96steps_20260602/factorized_untied_20m,5,487680.0,7.3342002630233765,7.3342002630233765,487680.0,19998899.0,json_history,E:\CODEXRESEARCH\RESEARCH-1\artifacts\benchmark_runs\language\language_longseq_no_replay_20m_confirm_finewebedu_seq635_96steps_20260602.json
language_longseq_seq1270_conv_sampled16384_full4_confirm_finewebedu_96steps_20260602/causal_conv_mixer_sampled_vocab_full4,5,487680.0,7.338704317808151,7.338704317808151,487680.0,20034967.0,json_history,E:\CODEXRESEARCH\RESEARCH-1\artifacts\benchmark_runs\language\language_longseq_seq1270_conv_sampled16384_full4_confirm_finewebedu_96steps_20260602.json
language_longseq_factorized_20m_rank96_probe_finewebedu_seq635_96steps_20260602/factorized_untied_20m,5,487680.0,7.340918064117432,7.340918064117432,487680.0,19998899.0,json_history,E:\CODEXRESEARCH\RESEARCH-1\artifacts\benchmark_runs\language\language_longseq_factorized_20m_rank96_probe_finewebedu_seq635_96steps_20260602.json
language_longseq_seq2540_conv_sampled16384_full4_confirm_finewebedu_96steps_20260602/partial_untied,5,487680.0,7.367370665073395,7.367370665073395,487680.0,19949523.0,json_history,E:\CODEXRESEARCH\RESEARCH-1\artifacts\benchmark_runs\language\language_longseq_seq2540_conv_sampled16384_full4_confirm_finewebedu_96steps_20260602.json
language_longseq_conv_mixer_1layer_20m_confirm_finewebedu_seq635_96steps_20260602/partial_untied,5,487680.0,7.368340015411377,7.368340015411377,487680.0,19949523.0,json_history,E:\CODEXRESEARCH\RESEARCH-1\artifacts\benchmark_runs\language\language_longseq_conv_mixer_1layer_20m_confirm_finewebedu_seq635_96steps_20260602.json
language_longseq_factorized_20m_rank96_probe_finewebedu_seq635_96steps_20260602/partial_untied,5,487680.0,7.368533551692963,7.368533551692963,487680.0,19949523.0,json_history,E:\CODEXRESEARCH\RESEARCH-1\artifacts\benchmark_runs\language\language_longseq_factorized_20m_rank96_probe_finewebedu_seq635_96steps_20260602.json
language_longseq_conv_mixer_20m_confirm_finewebedu_seq635_96steps_20260602/partial_untied,5,487680.0,7.368586301803589,7.368586301803589,487680.0,19949523.0,json_history,E:\CODEXRESEARCH\RESEARCH-1\artifacts\benchmark_runs\language\language_longseq_conv_mixer_20m_confirm_finewebedu_seq635_96steps_20260602.json
language_longseq_conv_mixer_sampled_vocab8192_full2_confirm_finewebedu_seq635_96steps_20260602/partial_untied,5,487680.0,7.368649542331696,7.368649542331696,487680.0,19949523.0,json_history,E:\CODEXRESEARCH\RESEARCH-1\artifacts\benchmark_runs\language\language_longseq_conv_mixer_sampled_vocab8192_full2_confirm_finewebedu_seq635_96steps_20260602.json
language_longseq_no_replay_20m_confirm_finewebedu_seq635_96steps_20260602/partial_untied,5,487680.0,7.368659973144531,7.368659973144531,487680.0,19949523.0,json_history,E:\CODEXRESEARCH\RESEARCH-1\artifacts\benchmark_runs\language\language_longseq_no_replay_20m_confirm_finewebedu_seq635_96steps_20260602.json
language_longseq_conv_mixer_sampled_vocab_full2_confirm_finewebedu_seq635_96steps_20260602/partial_untied,5,487680.0,7.368671774864197,7.368671774864197,487680.0,19949523.0,json_history,E:\CODEXRESEARCH\RESEARCH-1\artifacts\benchmark_runs\language\language_longseq_conv_mixer_sampled_vocab_full2_confirm_finewebedu_seq635_96steps_20260602.json
language_longseq_conv_mixer_sampled_vocab16384_full8_confirm_finewebedu_seq635_96steps_20260602/partial_untied,5,487680.0,7.368673622608185,7.368673622608185,487680.0,19949523.0,json_history,E:\CODEXRESEARCH\RESEARCH-1\artifacts\benchmark_runs\language\language_longseq_conv_mixer_sampled_vocab16384_full8_confirm_finewebedu_seq635_96steps_20260602.json
language_longseq_factorized_20m_probe_finewebedu_seq635_96steps_20260602/partial_untied,5,487680.0,7.368678569793701,7.368678569793701,487680.0,19949523.0,json_history,E:\CODEXRESEARCH\RESEARCH-1\artifacts\benchmark_runs\language\language_longseq_factorized_20m_probe_finewebedu_seq635_96steps_20260602.json
language_longseq_conv_mixer_sampled_vocab16384_full4_confirm_finewebedu_seq635_96steps_20260602/partial_untied,5,487680.0,7.368689060211182,7.368689060211182,487680.0,19949523.0,json_history,E:\CODEXRESEARCH\RESEARCH-1\artifacts\benchmark_runs\language\language_longseq_conv_mixer_sampled_vocab16384_full4_confirm_finewebedu_seq635_96steps_20260602.json
language_longseq_conv_mixer_sampled_vocab16384_full2_confirm_finewebedu_seq635_96steps_20260602/partial_untied,5,487680.0,7.368709087371826,7.368709087371826,487680.0,19949523.0,json_history,E:\CODEXRESEARCH\RESEARCH-1\artifacts\benchmark_runs\language\language_longseq_conv_mixer_sampled_vocab16384_full2_confirm_finewebedu_seq635_96steps_20260602.json
language_longseq_conv_mixer_2layer_20m_confirm_finewebedu_seq635_96steps_20260602/partial_untied,5,487680.0,7.3687344789505005,7.3687344789505005,487680.0,19949523.0,json_history,E:\CODEXRESEARCH\RESEARCH-1\artifacts\benchmark_runs\language\language_longseq_conv_mixer_2layer_20m_confirm_finewebedu_seq635_96steps_20260602.json
language_longseq_conv_mixer_sampled_vocab_full4_confirm_finewebedu_seq635_96steps_20260602/partial_untied,5,487680.0,7.368734896183014,7.368734896183014,487680.0,19949523.0,json_history,E:\CODEXRESEARCH\RESEARCH-1\artifacts\benchmark_runs\language\language_longseq_conv_mixer_sampled_vocab_full4_confirm_finewebedu_seq635_96steps_20260602.json
language_longseq_seq1270_conv_sampled16384_full4_confirm_finewebedu_96steps_20260602/partial_untied,5,487680.0,7.395723283290863,7.395723283290863,487680.0,19949523.0,json_history,E:\CODEXRESEARCH\RESEARCH-1\artifacts\benchmark_runs\language\language_longseq_seq1270_conv_sampled16384_full4_confirm_finewebedu_96steps_20260602.json
language_longseq_seq1270_conv_sampled16384_full2_confirm_finewebedu_96steps_20260602/partial_untied,5,487680.0,7.396372735500336,7.396372735500336,487680.0,19949523.0,json_history,E:\CODEXRESEARCH\RESEARCH-1\artifacts\benchmark_runs\language\language_longseq_seq1270_conv_sampled16384_full2_confirm_finewebedu_96steps_20260602.json
language_longseq_factorized_20m_probe_finewebedu_seq635_96steps_20260602/factorized_untied_20m,5,487680.0,7.40567147731781,7.40567147731781,487680.0,20028067.0,json_history,E:\CODEXRESEARCH\RESEARCH-1\artifacts\benchmark_runs\language\language_longseq_factorized_20m_probe_finewebedu_seq635_96steps_20260602.json
language_longseq_conv_mixer_sampled_vocab_full4_confirm_finewebedu_seq635_96steps_20260602/causal_conv_mixer_sampled_vocab_full4,5,487680.0,7.663969993591309,7.663969993591309,487680.0,20034967.0,json_history,E:\CODEXRESEARCH\RESEARCH-1\artifacts\benchmark_runs\language\language_longseq_conv_mixer_sampled_vocab_full4_confirm_finewebedu_seq635_96steps_20260602.json
language_recurrent_nano_tricks_combo_probe_20260327/untied_head,4,390144.0,7.115192294120789,7.115192294120789,390144.0,15024387.0,json_history,E:\CODEXRESEARCH\RESEARCH-1\artifacts\benchmark_runs\language\language_recurrent_nano_tricks_combo_probe_20260327.json
language_recurrent_nano_tricks_combo_probe_20260327/relu2_untied,4,390144.0,7.123299300670624,7.123299300670624,390144.0,15232323.0,json_history,E:\CODEXRESEARCH\RESEARCH-1\artifacts\benchmark_runs\language\language_recurrent_nano_tricks_combo_probe_20260327.json
language_recurrent_nano_tricks_combo_probe_20260327/relu2_head,4,390144.0,7.38946658372879,7.38946658372879,390144.0,7995315.0,json_history,E:\CODEXRESEARCH\RESEARCH-1\artifacts\benchmark_runs\language\language_recurrent_nano_tricks_combo_probe_20260327.json
language_recurrent_nano_tricks_combo_probe_20260327/relu2_windowed,4,390144.0,7.392325520515442,7.392325520515442,390144.0,7995315.0,json_history,E:\CODEXRESEARCH\RESEARCH-1\artifacts\benchmark_runs\language\language_recurrent_nano_tricks_combo_probe_20260327.json
language_recurrent_nano_tricks_combo_probe_20260327/relu2_smear,4,390144.0,7.393828332424164,7.393828332424164,390144.0,7995340.0,json_history,E:\CODEXRESEARCH\RESEARCH-1\artifacts\benchmark_runs\language\language_recurrent_nano_tricks_combo_probe_20260327.json
language_recurrent_nano_tricks_combo_probe_20260327/baseline,4,390144.0,7.494395226240158,7.494395226240158,390144.0,7787379.0,json_history,E:\CODEXRESEARCH\RESEARCH-1\artifacts\benchmark_runs\language\language_recurrent_nano_tricks_combo_probe_20260327.json
language_recurrent_nano_tricks_combo_probe_20260327/smear_input,4,390144.0,7.518873065710068,7.518873065710068,390144.0,7787404.0,json_history,E:\CODEXRESEARCH\RESEARCH-1\artifacts\benchmark_runs\language\language_recurrent_nano_tricks_combo_probe_20260327.json
language_recurrent_nano_tricks_combo_probe_20260327/windowed_32,4,390144.0,7.522875756025314,7.522875756025314,390144.0,7787379.0,json_history,E:\CODEXRESEARCH\RESEARCH-1\artifacts\benchmark_runs\language\language_recurrent_nano_tricks_combo_probe_20260327.json
language_recurrent_nano_tricks_combo_probe_20260327/nanochat_small,4,390144.0,7.656438082456589,7.656438082456589,390144.0,8125570.0,json_history,E:\CODEXRESEARCH\RESEARCH-1\artifacts\benchmark_runs\language\language_recurrent_nano_tricks_combo_probe_20260327.json
language_recurrent_nano_tricks_combo_probe_20260327/residual_gating,4,390144.0,8.496460914611816,8.496460914611816,390144.0,7828853.0,json_history,E:\CODEXRESEARCH\RESEARCH-1\artifacts\benchmark_runs\language\language_recurrent_nano_tricks_combo_probe_20260327.json
language_recurrent_nano_tricks_combo_probe_20260327/rmsnorm_path,3,390144.0,8.961800932884216,8.961800932884216,390144.0,7787379.0,json_history,E:\CODEXRESEARCH\RESEARCH-1\artifacts\benchmark_runs\language\language_recurrent_nano_tricks_combo_probe_20260327.json
neuron_search/screen_1024_seed13_real_half1024_phase_residual_blend_half_neuron/result/standalone_longseq_anchor_train,1,261120.0,7.757878532129175,7.757878532129175,261120.0,4935089.0,json_report_history,E:\CODEXRESEARCH\RESEARCH-1\artifacts\benchmark_runs\language\neuron_search_20260605\manual_self\screen_1024_seed13_real_half1024_phase_residual_blend_half_neuron\result.json
neuron_search/screen_1024_seed13_real_blend1024_phase_residual_blend_neuron/result/standalone_longseq_anchor_train,1,261120.0,7.761695057504317,7.761695057504317,261120.0,4935089.0,json_report_history,E:\CODEXRESEARCH\RESEARCH-1\artifacts\benchmark_runs\language\neuron_search_20260605\manual_self\screen_1024_seed13_real_blend1024_phase_residual_blend_neuron\result.json
neuron_search/screen_1024_seed29_real_half1024_phase_residual_blend_half_neuron/result/standalone_longseq_anchor_train,1,261120.0,7.762950226956723,7.762950226956723,261120.0,4935089.0,json_report_history,E:\CODEXRESEARCH\RESEARCH-1\artifacts\benchmark_runs\language\neuron_search_20260605\manual_self\screen_1024_seed29_real_half1024_phase_residual_blend_half_neuron\result.json
neuron_search/screen_1024_seed13_real_half1024_baseline/result/standalone_longseq_anchor_train,1,261120.0,7.7630088464886535,7.7630088464886535,261120.0,4934961.0,json_report_history,E:\CODEXRESEARCH\RESEARCH-1\artifacts\benchmark_runs\language\neuron_search_20260605\manual_self\screen_1024_seed13_real_half1024_baseline\result.json
neuron_search/screen_1024_seed29_real_blend1024_phase_residual_blend_neuron/result/standalone_longseq_anchor_train,1,261120.0,7.764639321962992,7.764639321962992,261120.0,4935089.0,json_report_history,E:\CODEXRESEARCH\RESEARCH-1\artifacts\benchmark_runs\language\neuron_search_20260605\manual_self\screen_1024_seed29_real_blend1024_phase_residual_blend_neuron\result.json
neuron_search/screen_1024_seed29_real_half1024_baseline/result/standalone_longseq_anchor_train,1,261120.0,7.764974658746345,7.764974658746345,261120.0,4934961.0,json_report_history,E:\CODEXRESEARCH\RESEARCH-1\artifacts\benchmark_runs\language\neuron_search_20260605\manual_self\screen_1024_seed29_real_half1024_baseline\result.json
neuron_search/screen_1024_seed17_real_half1024_phase_residual_blend_half_neuron/result/standalone_longseq_anchor_train,1,261120.0,7.7870986378660385,7.7870986378660385,261120.0,4935089.0,json_report_history,E:\CODEXRESEARCH\RESEARCH-1\artifacts\benchmark_runs\language\neuron_search_20260605\manual_self\screen_1024_seed17_real_half1024_phase_residual_blend_half_neuron\result.json
neuron_search/screen_1024_seed17_real_blend1024_phase_residual_blend_neuron/result/standalone_longseq_anchor_train,1,261120.0,7.788272892844443,7.788272892844443,261120.0,4935089.0,json_report_history,E:\CODEXRESEARCH\RESEARCH-1\artifacts\benchmark_runs\language\neuron_search_20260605\manual_self\screen_1024_seed17_real_blend1024_phase_residual_blend_neuron\result.json
neuron_search/screen_1024_seed17_real_half1024_baseline/result/standalone_longseq_anchor_train,1,261120.0,7.788764259511349,7.788764259511349,261120.0,4934961.0,json_report_history,E:\CODEXRESEARCH\RESEARCH-1\artifacts\benchmark_runs\language\neuron_search_20260605\manual_self\screen_1024_seed17_real_half1024_baseline\result.json
local_anchor8_anchor16/causal_conv_mixer_sampled_vocab_anchor8,3,243840.0,7.609143972396851,7.609143972396851,243840.0,20034967.0,json_history,E:\CODEXRESEARCH\RESEARCH-1\artifacts\benchmark_runs\language\local_arch_split_20260603_convonly\local_anchor8_anchor16.json
local_anchor16_conv2/causal_conv_mixer_sampled_vocab_anchor16,3,243840.0,7.7252562046051025,7.7252562046051025,243840.0,20357293.0,json_history,E:\CODEXRESEARCH\RESEARCH-1\artifacts\benchmark_runs\language\local_arch_split_20260603_conv2\local_anchor16_conv2.json
local_anchor8_anchor16/causal_conv_mixer_sampled_vocab_anchor16,3,243840.0,7.733556509017944,7.733556509017944,243840.0,20034967.0,json_history,E:\CODEXRESEARCH\RESEARCH-1\artifacts\benchmark_runs\language\local_arch_split_20260603_convonly\local_anchor8_anchor16.json
language_longseq_seq10160_sampled_validation_seed17_20260602/causal_conv_mixer_sampled_vocab,1,182880.0,7.314442336559296,7.314442336559296,182880.0,20034967.0,json_history,E:\CODEXRESEARCH\RESEARCH-1\artifacts\benchmark_runs\language\language_longseq_seq10160_sampled_validation_seed17_20260602.json
longseq_replay_probe_20260602/causal_conv_mixer_sampled_vocab/causal_conv_mixer_sampled_vocab,2,182880.0,7.314442336559296,7.314442336559296,182880.0,20034967.0,json_report_history,E:\CODEXRESEARCH\RESEARCH-1\artifacts\benchmark_runs\language\longseq_replay_probe_20260602\variant_results\seq10160_steps18_val8_batch1_eval999_init0_evalsampled_vocab_seed17\causal_conv_mixer_sampled_vocab.json
language_longseq_seq10160_sampled16384_anchor16_clean_seed13_val8_20260602/causal_conv_mixer_sampled_vocab_anchor16,1,182880.0,7.706308126449585,7.706308126449585,182880.0,20034967.0,json_history,E:\CODEXRESEARCH\RESEARCH-1\artifacts\benchmark_runs\language\language_longseq_seq10160_sampled16384_anchor16_clean_seed13_val8_20260602.json
language_longseq_seq10160_sampled16384_anchor16_clean_seed13_val32_20260602/causal_conv_mixer_sampled_vocab_anchor16,1,182880.0,7.837439447641373,7.837439447641373,182880.0,20034967.0,json_history,E:\CODEXRESEARCH\RESEARCH-1\artifacts\benchmark_runs\language\language_longseq_seq10160_sampled16384_anchor16_clean_seed13_val32_20260602.json
language_longseq_seq10160_sampled16384_full4_confirm_finewebedu_18steps_val8_20260602/causal_conv_mixer_sampled_vocab_full4,3,182880.0,7.899404883384705,7.899404883384705,182880.0,20034967.0,json_history,E:\CODEXRESEARCH\RESEARCH-1\artifacts\benchmark_runs\language\language_longseq_seq10160_sampled16384_full4_confirm_finewebedu_18steps_val8_20260602.json
longseq_replay_probe_20260602/partial_untied/partial_untied,2,182880.0,7.964192152023315,7.964192152023315,182880.0,19949523.0,json_report_history,E:\CODEXRESEARCH\RESEARCH-1\artifacts\benchmark_runs\language\longseq_replay_probe_20260602\variant_results\seq10160_steps18_val8_batch1_eval999_init0_evalsampled_vocab_seed17\partial_untied.json
language_longseq_seq10160_sampled_validation_seed17_20260602/partial_untied,1,182880.0,7.964192152023315,7.964192152023315,182880.0,19949523.0,json_history,E:\CODEXRESEARCH\RESEARCH-1\artifacts\benchmark_runs\language\language_longseq_seq10160_sampled_validation_seed17_20260602.json
language_longseq_seq10160_sampled16384_full4_confirm_finewebedu_18steps_val8_20260602/partial_untied,3,182880.0,8.564867377281189,8.564867377281189,182880.0,19949523.0,json_history,E:\CODEXRESEARCH\RESEARCH-1\artifacts\benchmark_runs\language\language_longseq_seq10160_sampled16384_full4_confirm_finewebedu_18steps_val8_20260602.json
longseq_replay_probe_20260602_anchor16_seq10160_clean/partial_untied/partial_untied,1,182880.0,8.565110445022583,8.565110445022583,182880.0,19949523.0,json_report_history,E:\CODEXRESEARCH\RESEARCH-1\artifacts\benchmark_runs\language\longseq_replay_probe_20260602_anchor16_seq10160_clean\variant_results\seq10160_steps18_val8_batch1_eval999_init0_seed13\partial_untied.json
longseq_replay_probe_20260602_anchor16_seq10160_val32_clean/partial_untied/partial_untied,1,182880.0,8.662082731723785,8.662082731723785,182880.0,19949523.0,json_report_history,E:\CODEXRESEARCH\RESEARCH-1\artifacts\benchmark_runs\language\longseq_replay_probe_20260602_anchor16_seq10160_val32_clean\variant_results\seq10160_steps18_val32_batch1_eval999_init0_seed13\partial_untied.json
language_realtext_microbench_assoc_doubledata_20260327,5,131072.0,7.633615076541901,7.633615076541901,131072.0,3366099.0,json_report_history,E:\CODEXRESEARCH\RESEARCH-1\artifacts\benchmark_runs\language\language_realtext_microbench_assoc_doubledata_20260327.json
chichen_anchor8_seq635_20m_192steps_20260603,2,121920.0,7.5482,7.5482,121920.0,,log_eval,E:\CODEXRESEARCH\house_compute_hub\runs\20260603-141154-df2f95\Chichen-JoshS-10a81805.log
chichen_anchor16_seq635_20m_192steps_20260603,2,121920.0,7.6162,7.6162,121920.0,,log_eval,E:\CODEXRESEARCH\house_compute_hub\runs\20260603-141027-dc89d1\Chichen-JoshS-10a81805.log
chichen_anchor16_conv2_seq635_20m_192steps_20260603,2,121920.0,7.6393,7.6393,121920.0,,log_eval,E:\CODEXRESEARCH\house_compute_hub\runs\20260603-141154-df2f95\Chichen-JoshS-10a81805.log
language_longseq_conv_mixer_0layer_20m_screen_finewebedu_seq635_24steps_20260602/causal_conv_mixer_20m,3,121920.0,7.647918403148651,7.647918403148651,121920.0,20042161.0,json_history,E:\CODEXRESEARCH\RESEARCH-1\artifacts\benchmark_runs\language\language_longseq_conv_mixer_0layer_20m_screen_finewebedu_seq635_24steps_20260602.json
language_longseq_conv_mixer_1layer_20m_screen_finewebedu_seq635_24steps_20260602/causal_conv_mixer_20m,3,121920.0,7.673999011516571,7.673999011516571,121920.0,20034967.0,json_history,E:\CODEXRESEARCH\RESEARCH-1\artifacts\benchmark_runs\language\language_longseq_conv_mixer_1layer_20m_screen_finewebedu_seq635_24steps_20260602.json
language_longseq_conv_mixer_2layer_20m_screen_finewebedu_seq635_24steps_20260602/causal_conv_mixer_20m,3,121920.0,7.680988848209381,7.680988848209381,121920.0,20001385.0,json_history,E:\CODEXRESEARCH\RESEARCH-1\artifacts\benchmark_runs\language\language_longseq_conv_mixer_2layer_20m_screen_finewebedu_seq635_24steps_20260602.json
language_longseq_conv_mixer_sampled_vocab_full2_screen_finewebedu_seq635_24steps_20260602/causal_conv_mixer_sampled_vocab_full4,3,121920.0,7.749900639057159,7.749900639057159,121920.0,20034967.0,json_history,E:\CODEXRESEARCH\RESEARCH-1\artifacts\benchmark_runs\language\language_longseq_conv_mixer_sampled_vocab_full2_screen_finewebedu_seq635_24steps_20260602.json
language_longseq_seq5080_conv_sampled16384_full4_screen_finewebedu_24steps_20260602/causal_conv_mixer_20m,3,121920.0,7.756969474256039,7.756969474256039,121920.0,20034967.0,json_history,E:\CODEXRESEARCH\RESEARCH-1\artifacts\benchmark_runs\language\language_longseq_seq5080_conv_sampled16384_full4_screen_finewebedu_24steps_20260602.json
language_longseq_seq1270_conv_sampled16384_full4_screen_finewebedu_24steps_20260602/causal_conv_mixer_20m,3,121920.0,7.773373574018478,7.773373574018478,121920.0,20034967.0,json_history,E:\CODEXRESEARCH\RESEARCH-1\artifacts\benchmark_runs\language\language_longseq_seq1270_conv_sampled16384_full4_screen_finewebedu_24steps_20260602.json
language_longseq_seq2540_conv_sampled16384_full4_screen_finewebedu_24steps_20260602/causal_conv_mixer_20m,3,121920.0,7.804454430937767,7.804454430937767,121920.0,20034967.0,json_history,E:\CODEXRESEARCH\RESEARCH-1\artifacts\benchmark_runs\language\language_longseq_seq2540_conv_sampled16384_full4_screen_finewebedu_24steps_20260602.json
language_longseq_conv_mixer_20m_screen_finewebedu_seq635_24steps_20260602/causal_conv_mixer_20m,3,121920.0,7.82630181312561,7.82630181312561,121920.0,19974033.0,json_history,E:\CODEXRESEARCH\RESEARCH-1\artifacts\benchmark_runs\language\language_longseq_conv_mixer_20m_screen_finewebedu_seq635_24steps_20260602.json
language_longseq_factorized_heads_20m_probe_finewebedu_seq635_20260602/low_rank_untied_20m,3,121920.0,7.833203315734863,7.833203315734863,121920.0,20028067.0,json_history,E:\CODEXRESEARCH\RESEARCH-1\artifacts\benchmark_runs\language\language_longseq_factorized_heads_20m_probe_finewebedu_seq635_20260602.json
longseq_replay_probe_20260602/causal_conv_mixer_sampled_vocab_anchor16/causal_conv_mixer_sampled_vocab_anchor16,1,121920.0,7.836754076182842,7.836754076182842,121920.0,20034967.0,json_report_history,E:\CODEXRESEARCH\RESEARCH-1\artifacts\benchmark_runs\language\longseq_replay_probe_20260602\variant_results\seq5080_steps24_val64_batch1_eval999_init0_seed17\causal_conv_mixer_sampled_vocab_anchor16.json
language_longseq_seq10160_conv_sampled16384_full4_micro_finewebedu_12steps_val8_20260602/causal_conv_mixer_20m,3,121920.0,7.853116452693939,7.853116452693939,121920.0,20034967.0,json_history,E:\CODEXRESEARCH\RESEARCH-1\artifacts\benchmark_runs\language\language_longseq_seq10160_conv_sampled16384_full4_micro_finewebedu_12steps_val8_20260602.json
language_longseq_factorized_heads_probe_finewebedu_seq635_20m_20260602/low_rank_untied,3,121920.0,7.857298254966736,7.857298254966736,121920.0,22857747.0,json_history,E:\CODEXRESEARCH\RESEARCH-1\artifacts\benchmark_runs\language\language_longseq_factorized_heads_probe_finewebedu_seq635_20m_20260602.json
longseq_replay_probe_20260602/causal_conv_mixer_sampled_vocab_anchor/causal_conv_mixer_sampled_vocab_anchor,1,121920.0,7.8641122207045555,7.8641122207045555,121920.0,20034967.0,json_report_history,E:\CODEXRESEARCH\RESEARCH-1\artifacts\benchmark_runs\language\longseq_replay_probe_20260602\variant_results\seq5080_steps24_val64_batch1_eval999_init0_seed17\causal_conv_mixer_sampled_vocab_anchor.json
language_longseq_seq1270_conv_sampled16384_full4_screen_finewebedu_24steps_20260602/causal_conv_mixer_sampled_vocab_full4,3,121920.0,7.930311501026154,7.930311501026154,121920.0,20034967.0,json_history,E:\CODEXRESEARCH\RESEARCH-1\artifacts\benchmark_runs\language\language_longseq_seq1270_conv_sampled16384_full4_screen_finewebedu_24steps_20260602.json
longseq_replay_probe_20260602/causal_conv_mixer_sampled_vocab_full4/causal_conv_mixer_sampled_vocab_full4,1,121920.0,7.963529825210571,7.963529825210571,121920.0,20034967.0,json_report_history,E:\CODEXRESEARCH\RESEARCH-1\artifacts\benchmark_runs\language\longseq_replay_probe_20260602\variant_results\seq5080_steps24_val64_batch1_eval999_init0_seed17\causal_conv_mixer_sampled_vocab_full4.json
language_longseq_seq2540_conv_sampled16384_full4_screen_finewebedu_24steps_20260602/causal_conv_mixer_sampled_vocab_full4,3,121920.0,7.970113351941109,7.970113351941109,121920.0,20034967.0,json_history,E:\CODEXRESEARCH\RESEARCH-1\artifacts\benchmark_runs\language\language_longseq_seq2540_conv_sampled16384_full4_screen_finewebedu_24steps_20260602.json
language_longseq_seq5080_conv_sampled16384_full4_screen_finewebedu_24steps_20260602/causal_conv_mixer_sampled_vocab_full4,3,121920.0,7.9750737100839615,7.9750737100839615,121920.0,20034967.0,json_history,E:\CODEXRESEARCH\RESEARCH-1\artifacts\benchmark_runs\language\language_longseq_seq5080_conv_sampled16384_full4_screen_finewebedu_24steps_20260602.json
language_longseq_no_replay_20m_screen_finewebedu_seq635_24steps_20260602/factorized_untied_20m,3,121920.0,7.9951324462890625,7.9951324462890625,121920.0,19998899.0,json_history,E:\CODEXRESEARCH\RESEARCH-1\artifacts\benchmark_runs\language\language_longseq_no_replay_20m_screen_finewebedu_seq635_24steps_20260602.json
language_longseq_factorized_heads_20m_probe_finewebedu_seq635_20260602/factorized_untied_20m,3,121920.0,8.03904414176941,8.03904414176941,121920.0,20028067.0,json_history,E:\CODEXRESEARCH\RESEARCH-1\artifacts\benchmark_runs\language\language_longseq_factorized_heads_20m_probe_finewebedu_seq635_20260602.json
language_longseq_factorized_heads_probe_finewebedu_seq635_20m_20260602/factorized_untied,3,121920.0,8.097404658794403,8.097404658794403,121920.0,22857747.0,json_history,E:\CODEXRESEARCH\RESEARCH-1\artifacts\benchmark_runs\language\language_longseq_factorized_heads_probe_finewebedu_seq635_20m_20260602.json
language_longseq_no_replay_20m_screen_finewebedu_seq635_24steps_20260602/factorized_no_replay_20m,3,121920.0,8.257652878761292,8.257652878761292,121920.0,19999129.0,json_history,E:\CODEXRESEARCH\RESEARCH-1\artifacts\benchmark_runs\language\language_longseq_no_replay_20m_screen_finewebedu_seq635_24steps_20260602.json
language_longseq_conv_mixer_sampled_vocab_screen_finewebedu_seq635_24steps_20260602/causal_conv_mixer_sampled_vocab_full4,3,121920.0,8.410483002662659,8.410483002662659,121920.0,20034967.0,json_history,E:\CODEXRESEARCH\RESEARCH-1\artifacts\benchmark_runs\language\language_longseq_conv_mixer_sampled_vocab_screen_finewebedu_seq635_24steps_20260602.json
language_longseq_replay_probe_finewebedu_seq635_20m_20260602/windowed_replay128,3,121920.0,8.413643598556519,8.413643598556519,121920.0,19949523.0,json_history,E:\CODEXRESEARCH\RESEARCH-1\artifacts\benchmark_runs\language\language_longseq_replay_probe_finewebedu_seq635_20m_20260602.json
language_longseq_factorized_heads_probe_finewebedu_seq635_20m_20260602/partial_untied,3,121920.0,8.420079350471497,8.420079350471497,121920.0,19949523.0,json_history,E:\CODEXRESEARCH\RESEARCH-1\artifacts\benchmark_runs\language\language_longseq_factorized_heads_probe_finewebedu_seq635_20m_20260602.json
language_longseq_sampled_vocab4096_full4_probe_finewebedu_seq635_20m_20260602/partial_untied,3,121920.0,8.420186161994934,8.420186161994934,121920.0,19949523.0,json_history,E:\CODEXRESEARCH\RESEARCH-1\artifacts\benchmark_runs\language\language_longseq_sampled_vocab4096_full4_probe_finewebedu_seq635_20m_20260602.json
language_longseq_conv_mixer_sampled_vocab_full2_screen_finewebedu_seq635_24steps_20260602/partial_untied,3,121920.0,8.420199155807495,8.420199155807495,121920.0,19949523.0,json_history,E:\CODEXRESEARCH\RESEARCH-1\artifacts\benchmark_runs\language\language_longseq_conv_mixer_sampled_vocab_full2_screen_finewebedu_seq635_24steps_20260602.json
language_longseq_detached_replay_probe_finewebedu_seq635_20m_20260602/partial_untied,3,121920.0,8.420204401016235,8.420204401016235,121920.0,19949523.0,json_history,E:\CODEXRESEARCH\RESEARCH-1\artifacts\benchmark_runs\language\language_longseq_detached_replay_probe_finewebedu_seq635_20m_20260602.json
language_longseq_hierarchical_softmax256_probe_finewebedu_seq635_20m_20260602/partial_untied,3,121920.0,8.420204997062683,8.420204997062683,121920.0,19949523.0,json_history,E:\CODEXRESEARCH\RESEARCH-1\artifacts\benchmark_runs\language\language_longseq_hierarchical_softmax256_probe_finewebedu_seq635_20m_20260602.json
language_longseq_factorized_heads_20m_probe_finewebedu_seq635_20260602/partial_untied,3,121920.0,8.420221090316772,8.420221090316772,121920.0,19949523.0,json_history,E:\CODEXRESEARCH\RESEARCH-1\artifacts\benchmark_runs\language\language_longseq_factorized_heads_20m_probe_finewebedu_seq635_20260602.json
language_longseq_replay_probe_finewebedu_seq635_20m_20260602/partial_untied,3,121920.0,8.420268416404724,8.420268416404724,121920.0,19949523.0,json_history,E:\CODEXRESEARCH\RESEARCH-1\artifacts\benchmark_runs\language\language_longseq_replay_probe_finewebedu_seq635_20m_20260602.json
language_longseq_conv_mixer_0layer_20m_screen_finewebedu_seq635_24steps_20260602/partial_untied,3,121920.0,8.42027759552002,8.42027759552002,121920.0,19949523.0,json_history,E:\CODEXRESEARCH\RESEARCH-1\artifacts\benchmark_runs\language\language_longseq_conv_mixer_0layer_20m_screen_finewebedu_seq635_24steps_20260602.json
language_longseq_sampled_vocab16384_probe_finewebedu_seq635_20m_20260602/partial_untied,3,121920.0,8.420294284820557,8.420294284820557,121920.0,19949523.0,json_history,E:\CODEXRESEARCH\RESEARCH-1\artifacts\benchmark_runs\language\language_longseq_sampled_vocab16384_probe_finewebedu_seq635_20m_20260602.json
language_longseq_sampled_vocab_probe_finewebedu_seq635_20m_20260602/partial_untied,3,121920.0,8.4202960729599,8.4202960729599,121920.0,19949523.0,json_history,E:\CODEXRESEARCH\RESEARCH-1\artifacts\benchmark_runs\language\language_longseq_sampled_vocab_probe_finewebedu_seq635_20m_20260602.json
language_longseq_replay_probe_finewebedu_seq635_20m_20260602/fast_partial_untied,3,121920.0,8.420313477516174,8.420313477516174,121920.0,19949523.0,json_history,E:\CODEXRESEARCH\RESEARCH-1\artifacts\benchmark_runs\language\language_longseq_replay_probe_finewebedu_seq635_20m_20260602.json
language_longseq_conv_mixer_2layer_20m_screen_finewebedu_seq635_24steps_20260602/partial_untied,3,121920.0,8.420328259468079,8.420328259468079,121920.0,19949523.0,json_history,E:\CODEXRESEARCH\RESEARCH-1\artifacts\benchmark_runs\language\language_longseq_conv_mixer_2layer_20m_screen_finewebedu_seq635_24steps_20260602.json
language_longseq_no_replay_20m_screen_finewebedu_seq635_24steps_20260602/partial_untied,3,121920.0,8.420429229736328,8.420429229736328,121920.0,19949523.0,json_history,E:\CODEXRESEARCH\RESEARCH-1\artifacts\benchmark_runs\language\language_longseq_no_replay_20m_screen_finewebedu_seq635_24steps_20260602.json
language_longseq_conv_mixer_sampled_vocab_screen_finewebedu_seq635_24steps_20260602/partial_untied,3,121920.0,8.420552015304565,8.420552015304565,121920.0,19949523.0,json_history,E:\CODEXRESEARCH\RESEARCH-1\artifacts\benchmark_runs\language\language_longseq_conv_mixer_sampled_vocab_screen_finewebedu_seq635_24steps_20260602.json
language_longseq_conv_mixer_1layer_20m_screen_finewebedu_seq635_24steps_20260602/partial_untied,3,121920.0,8.420584678649902,8.420584678649902,121920.0,19949523.0,json_history,E:\CODEXRESEARCH\RESEARCH-1\artifacts\benchmark_runs\language\language_longseq_conv_mixer_1layer_20m_screen_finewebedu_seq635_24steps_20260602.json
language_longseq_conv_mixer_20m_screen_finewebedu_seq635_24steps_20260602/partial_untied,3,121920.0,8.420724987983704,8.420724987983704,121920.0,19949523.0,json_history,E:\CODEXRESEARCH\RESEARCH-1\artifacts\benchmark_runs\language\language_longseq_conv_mixer_20m_screen_finewebedu_seq635_24steps_20260602.json
language_longseq_detached_replay_probe_finewebedu_seq635_20m_20260602/detached_replay,3,121920.0,8.42268192768097,8.42268192768097,121920.0,19949523.0,json_history,E:\CODEXRESEARCH\RESEARCH-1\artifacts\benchmark_runs\language\language_longseq_detached_replay_probe_finewebedu_seq635_20m_20260602.json
language_longseq_seq10160_conv_sampled16384_full4_micro_finewebedu_12steps_val8_20260602/causal_conv_mixer_sampled_vocab_full4,3,121920.0,8.468590259552002,8.468590259552002,121920.0,20034967.0,json_history,E:\CODEXRESEARCH\RESEARCH-1\artifacts\benchmark_runs\language\language_longseq_seq10160_conv_sampled16384_full4_micro_finewebedu_12steps_val8_20260602.json
language_longseq_seq2540_conv_sampled16384_full4_screen_finewebedu_24steps_20260602/partial_untied,3,121920.0,8.508121311664581,8.508121311664581,121920.0,19949523.0,json_history,E:\CODEXRESEARCH\RESEARCH-1\artifacts\benchmark_runs\language\language_longseq_seq2540_conv_sampled16384_full4_screen_finewebedu_24steps_20260602.json
language_longseq_seq1270_conv_sampled16384_full4_screen_finewebedu_24steps_20260602/partial_untied,3,121920.0,8.566155970096588,8.566155970096588,121920.0,19949523.0,json_history,E:\CODEXRESEARCH\RESEARCH-1\artifacts\benchmark_runs\language\language_longseq_seq1270_conv_sampled16384_full4_screen_finewebedu_24steps_20260602.json
language_longseq_seq5080_conv_sampled16384_full4_screen_finewebedu_24steps_20260602/partial_untied,3,121920.0,8.576678112149239,8.576678112149239,121920.0,19949523.0,json_history,E:\CODEXRESEARCH\RESEARCH-1\artifacts\benchmark_runs\language\language_longseq_seq5080_conv_sampled16384_full4_screen_finewebedu_24steps_20260602.json
longseq_replay_probe_20260602_anchor16_clean/partial_untied/partial_untied,1,121920.0,8.593205630779266,8.593205630779266,121920.0,19949523.0,json_report_history,E:\CODEXRESEARCH\RESEARCH-1\artifacts\benchmark_runs\language\longseq_replay_probe_20260602_anchor16_clean\variant_results\seq5080_steps24_val64_batch1_eval999_init0_seed17\partial_untied.json
language_longseq_seq5080_sampled16384_every_step_fullval_seed17_20260602/partial_untied,1,121920.0,8.593221932649612,8.593221932649612,121920.0,19949523.0,json_history,E:\CODEXRESEARCH\RESEARCH-1\artifacts\benchmark_runs\language\language_longseq_seq5080_sampled16384_every_step_fullval_seed17_20260602.json
language_longseq_hierarchical_softmax256_probe_finewebedu_seq635_20m_20260602/hierarchical_softmax256,3,121920.0,8.65064561367035,8.65064561367035,121920.0,19292113.0,json_history,E:\CODEXRESEARCH\RESEARCH-1\artifacts\benchmark_runs\language\language_longseq_hierarchical_softmax256_probe_finewebedu_seq635_20m_20260602.json
language_longseq_seq10160_conv_sampled16384_full4_micro_finewebedu_12steps_val8_20260602/partial_untied,3,121920.0,8.94547164440155,8.94547164440155,121920.0,19949523.0,json_history,E:\CODEXRESEARCH\RESEARCH-1\artifacts\benchmark_runs\language\language_longseq_seq10160_conv_sampled16384_full4_micro_finewebedu_12steps_val8_20260602.json
language_longseq_sampled_vocab16384_probe_finewebedu_seq635_20m_20260602/sampled_vocab4096,3,121920.0,8.986605882644653,8.986605882644653,121920.0,19949523.0,json_history,E:\CODEXRESEARCH\RESEARCH-1\artifacts\benchmark_runs\language\language_longseq_sampled_vocab16384_probe_finewebedu_seq635_20m_20260602.json
language_longseq_sampled_vocab4096_full4_probe_finewebedu_seq635_20m_20260602/sampled_vocab4096_full4,3,121920.0,9.03073799610138,9.03073799610138,121920.0,19949523.0,json_history,E:\CODEXRESEARCH\RESEARCH-1\artifacts\benchmark_runs\language\language_longseq_sampled_vocab4096_full4_probe_finewebedu_seq635_20m_20260602.json
language_longseq_conv_mixer_sampled_vocab_screen_finewebedu_seq635_24steps_20260602/causal_conv_mixer_sampled_vocab,3,121920.0,9.140994906425476,9.140994906425476,121920.0,20034967.0,json_history,E:\CODEXRESEARCH\RESEARCH-1\artifacts\benchmark_runs\language\language_longseq_conv_mixer_sampled_vocab_screen_finewebedu_seq635_24steps_20260602.json
language_longseq_sampled_vocab_probe_finewebedu_seq635_20m_20260602/sampled_vocab4096,3,121920.0,9.18231213092804,9.18231213092804,121920.0,19949523.0,json_history,E:\CODEXRESEARCH\RESEARCH-1\artifacts\benchmark_runs\language\language_longseq_sampled_vocab_probe_finewebedu_seq635_20m_20260602.json
language_longseq_seq5080_sampled16384_every_step_fullval_seed17_20260602/causal_conv_mixer_sampled_vocab,1,121920.0,9.240559041500092,9.240559041500092,121920.0,20034967.0,json_history,E:\CODEXRESEARCH\RESEARCH-1\artifacts\benchmark_runs\language\language_longseq_seq5080_sampled16384_every_step_fullval_seed17_20260602.json
neuron_search/screen_256_seed17_real_blend_strength_phase_residual_blend_half_neuron/result/standalone_longseq_anchor_train,1,65280.0,8.42260646165586,8.42260646165586,65280.0,4935089.0,json_report_history,E:\CODEXRESEARCH\RESEARCH-1\artifacts\benchmark_runs\language\neuron_search_20260605\manual_self\screen_256_seed17_real_blend_strength_phase_residual_blend_half_neuron\result.json
neuron_search/screen_256_seed17_real_blend_strength_phase_residual_blend_large_neuron/result/standalone_longseq_anchor_train,1,65280.0,8.42366249888551,8.42366249888551,65280.0,4935089.0,json_report_history,E:\CODEXRESEARCH\RESEARCH-1\artifacts\benchmark_runs\language\neuron_search_20260605\manual_self\screen_256_seed17_real_blend_strength_phase_residual_blend_large_neuron\result.json
neuron_search/screen_256_seed17_real_blend_phase_residual_blend_neuron/result/standalone_longseq_anchor_train,1,65280.0,8.424478165308635,8.424478165308635,65280.0,4935089.0,json_report_history,E:\CODEXRESEARCH\RESEARCH-1\artifacts\benchmark_runs\language\neuron_search_20260605\manual_self\screen_256_seed17_real_blend_phase_residual_blend_neuron\result.json
neuron_search/screen_256_seed17_real_blend_strength_phase_residual_blend_tiny_neuron/result/standalone_longseq_anchor_train,1,65280.0,8.425091890727773,8.425091890727773,65280.0,4935089.0,json_report_history,E:\CODEXRESEARCH\RESEARCH-1\artifacts\benchmark_runs\language\neuron_search_20260605\manual_self\screen_256_seed17_real_blend_strength_phase_residual_blend_tiny_neuron\result.json
neuron_search/screen_256_seed17_real_blend_baseline/result/standalone_longseq_anchor_train,1,65280.0,8.42515129622291,8.42515129622291,65280.0,4934961.0,json_report_history,E:\CODEXRESEARCH\RESEARCH-1\artifacts\benchmark_runs\language\neuron_search_20260605\manual_self\screen_256_seed17_real_blend_baseline\result.json
neuron_search/screen_256_seed17_real_phase_stable_competition_neuron/result/standalone_longseq_anchor_train,1,65280.0,8.442129034622043,8.442129034622043,65280.0,4934963.0,json_report_history,E:\CODEXRESEARCH\RESEARCH-1\artifacts\benchmark_runs\language\neuron_search_20260605\manual_self\screen_256_seed17_real_phase_stable_competition_neuron\result.json
neuron_search/screen_256_seed17_real_phase_phase_amplitude_replace_neuron/result/standalone_longseq_anchor_train,1,65280.0,8.444554258327859,8.444554258327859,65280.0,4943281.0,json_report_history,E:\CODEXRESEARCH\RESEARCH-1\artifacts\benchmark_runs\language\neuron_search_20260605\manual_self\screen_256_seed17_real_phase_phase_amplitude_replace_neuron\result.json
neuron_search/screen_256_seed17_real_phase_phase_amplitude_neuron/result/standalone_longseq_anchor_train,1,65280.0,8.444583869447895,8.444583869447895,65280.0,4951601.0,json_report_history,E:\CODEXRESEARCH\RESEARCH-1\artifacts\benchmark_runs\language\neuron_search_20260605\manual_self\screen_256_seed17_real_phase_phase_amplitude_neuron\result.json
neuron_search/screen_256_seed13_real_phase_phase_amplitude_neuron/result/standalone_longseq_anchor_train,1,65280.0,8.467293760355782,8.467293760355782,65280.0,4951601.0,json_report_history,E:\CODEXRESEARCH\RESEARCH-1\artifacts\benchmark_runs\language\neuron_search_20260605\manual_self\screen_256_seed13_real_phase_phase_amplitude_neuron\result.json
neuron_search/screen_256_seed13_real_phase_phase_amplitude_replace_neuron/result/standalone_longseq_anchor_train,1,65280.0,8.467307163219825,8.467307163219825,65280.0,4943281.0,json_report_history,E:\CODEXRESEARCH\RESEARCH-1\artifacts\benchmark_runs\language\neuron_search_20260605\manual_self\screen_256_seed13_real_phase_phase_amplitude_replace_neuron\result.json
neuron_search/screen_256_seed13_real_blend_strength_phase_residual_blend_half_neuron/result/standalone_longseq_anchor_train,1,65280.0,8.474077064850752,8.474077064850752,65280.0,4935089.0,json_report_history,E:\CODEXRESEARCH\RESEARCH-1\artifacts\benchmark_runs\language\neuron_search_20260605\manual_self\screen_256_seed13_real_blend_strength_phase_residual_blend_half_neuron\result.json
neuron_search/screen_256_seed13_real_blend_strength_phase_residual_blend_large_neuron/result/standalone_longseq_anchor_train,1,65280.0,8.475269004410388,8.475269004410388,65280.0,4935089.0,json_report_history,E:\CODEXRESEARCH\RESEARCH-1\artifacts\benchmark_runs\language\neuron_search_20260605\manual_self\screen_256_seed13_real_blend_strength_phase_residual_blend_large_neuron\result.json
neuron_search/screen_256_seed13_real_blend_phase_residual_blend_neuron/result/standalone_longseq_anchor_train,1,65280.0,8.476435126977808,8.476435126977808,65280.0,4935089.0,json_report_history,E:\CODEXRESEARCH\RESEARCH-1\artifacts\benchmark_runs\language\neuron_search_20260605\manual_self\screen_256_seed13_real_blend_phase_residual_blend_neuron\result.json
neuron_search/screen_256_seed13_real_blend_strength_phase_residual_blend_tiny_neuron/result/standalone_longseq_anchor_train,1,65280.0,8.47674339986315,8.47674339986315,65280.0,4935089.0,json_report_history,E:\CODEXRESEARCH\RESEARCH-1\artifacts\benchmark_runs\language\neuron_search_20260605\manual_self\screen_256_seed13_real_blend_strength_phase_residual_blend_tiny_neuron\result.json
neuron_search/screen_256_seed13_real_blend_baseline/result/standalone_longseq_anchor_train,1,65280.0,8.476921556977665,8.476921556977665,65280.0,4934961.0,json_report_history,E:\CODEXRESEARCH\RESEARCH-1\artifacts\benchmark_runs\language\neuron_search_20260605\manual_self\screen_256_seed13_real_blend_baseline\result.json
neuron_search/screen_256_seed13_real_phase_stable_competition_neuron/result/standalone_longseq_anchor_train,1,65280.0,8.487248219695745,8.487248219695745,65280.0,4934963.0,json_report_history,E:\CODEXRESEARCH\RESEARCH-1\artifacts\benchmark_runs\language\neuron_search_20260605\manual_self\screen_256_seed13_real_phase_stable_competition_neuron\result.json
neuron_search/screen_256_seed29_real_blend_strength_phase_residual_blend_half_neuron/result/standalone_longseq_anchor_train,1,65280.0,8.505032185012219,8.505032185012219,65280.0,4935089.0,json_report_history,E:\CODEXRESEARCH\RESEARCH-1\artifacts\benchmark_runs\language\neuron_search_20260605\manual_self\screen_256_seed29_real_blend_strength_phase_residual_blend_half_neuron\result.json
neuron_search/screen_256_seed29_real_blend_strength_phase_residual_blend_large_neuron/result/standalone_longseq_anchor_train,1,65280.0,8.50574258963267,8.50574258963267,65280.0,4935089.0,json_report_history,E:\CODEXRESEARCH\RESEARCH-1\artifacts\benchmark_runs\language\neuron_search_20260605\manual_self\screen_256_seed29_real_blend_strength_phase_residual_blend_large_neuron\result.json
neuron_search/screen_256_seed29_real_blend_phase_residual_blend_neuron/result/standalone_longseq_anchor_train,1,65280.0,8.506067165673947,8.506067165673947,65280.0,4935089.0,json_report_history,E:\CODEXRESEARCH\RESEARCH-1\artifacts\benchmark_runs\language\neuron_search_20260605\manual_self\screen_256_seed29_real_blend_phase_residual_blend_neuron\result.json
neuron_search/screen_256_seed29_real_blend_baseline/result/standalone_longseq_anchor_train,1,65280.0,8.506423277013441,8.506423277013441,65280.0,4934961.0,json_report_history,E:\CODEXRESEARCH\RESEARCH-1\artifacts\benchmark_runs\language\neuron_search_20260605\manual_self\screen_256_seed29_real_blend_baseline\result.json
neuron_search/screen_256_seed29_real_blend_strength_phase_residual_blend_tiny_neuron/result/standalone_longseq_anchor_train,1,65280.0,8.506518980101044,8.506518980101044,65280.0,4935089.0,json_report_history,E:\CODEXRESEARCH\RESEARCH-1\artifacts\benchmark_runs\language\neuron_search_20260605\manual_self\screen_256_seed29_real_blend_strength_phase_residual_blend_tiny_neuron\result.json
neuron_search/screen_256_seed29_real_phase_stable_competition_neuron/result/standalone_longseq_anchor_train,1,65280.0,8.51003376970104,8.51003376970104,65280.0,4934963.0,json_report_history,E:\CODEXRESEARCH\RESEARCH-1\artifacts\benchmark_runs\language\neuron_search_20260605\manual_self\screen_256_seed29_real_phase_stable_competition_neuron\result.json
neuron_search/screen_256_seed29_real_phase_phase_amplitude_replace_neuron/result/standalone_longseq_anchor_train,1,65280.0,8.565095577052995,8.565095577052995,65280.0,4943281.0,json_report_history,E:\CODEXRESEARCH\RESEARCH-1\artifacts\benchmark_runs\language\neuron_search_20260605\manual_self\screen_256_seed29_real_phase_phase_amplitude_replace_neuron\result.json
neuron_search/screen_256_seed29_real_phase_phase_amplitude_neuron/result/standalone_longseq_anchor_train,1,65280.0,8.565131905499626,8.565131905499626,65280.0,4951601.0,json_report_history,E:\CODEXRESEARCH\RESEARCH-1\artifacts\benchmark_runs\language\neuron_search_20260605\manual_self\screen_256_seed29_real_phase_phase_amplitude_neuron\result.json
neuron_search/screen_256_phase_amplitude_neutral_neuron/result/standalone_longseq_anchor_train,1,65280.0,11.151792346729952,11.151792346729952,65280.0,4934961.0,json_report_history,E:\CODEXRESEARCH\RESEARCH-1\artifacts\benchmark_runs\language\neuron_search_20260605\manual_self\screen_256_phase_amplitude_neutral_neuron\result.json
neuron_search/screen_256_stable_competition_neuron/result/standalone_longseq_anchor_train,1,65280.0,11.151976144080068,11.151976144080068,65280.0,4934963.0,json_report_history,E:\CODEXRESEARCH\RESEARCH-1\artifacts\benchmark_runs\language\neuron_search_20260605\manual_self\screen_256_stable_competition_neuron\result.json
neuron_search/screen_256_phase_amplitude_neuron/result/standalone_longseq_anchor_train,1,65280.0,11.154120647206026,11.154120647206026,65280.0,4951601.0,json_report_history,E:\CODEXRESEARCH\RESEARCH-1\artifacts\benchmark_runs\language\neuron_search_20260605\manual_self\screen_256_phase_amplitude_neuron\result.json
neuron_search/screen_256_seed13_phasev2_phase_amplitude_replace_neuron/result/standalone_longseq_anchor_train,1,65280.0,11.154135965833477,11.154135965833477,65280.0,4943281.0,json_report_history,E:\CODEXRESEARCH\RESEARCH-1\artifacts\benchmark_runs\language\neuron_search_20260605\manual_self\screen_256_seed13_phasev2_phase_amplitude_replace_neuron\result.json
neuron_search/screen_256_baseline/result/standalone_longseq_anchor_train,1,65280.0,11.155591431786032,11.155591431786032,65280.0,4934961.0,json_report_history,E:\CODEXRESEARCH\RESEARCH-1\artifacts\benchmark_runs\language\neuron_search_20260605\manual_self\screen_256_baseline\result.json
neuron_search/screen_256_seed13_phasev2_phase_amplitude_one_extra_neuron/result/standalone_longseq_anchor_train,1,65280.0,11.157490836872775,11.157490836872775,65280.0,4943281.0,json_report_history,E:\CODEXRESEARCH\RESEARCH-1\artifacts\benchmark_runs\language\neuron_search_20260605\manual_self\screen_256_seed13_phasev2_phase_amplitude_one_extra_neuron\result.json
neuron_search/screen_256_seed29_phase_amplitude_neuron/result/standalone_longseq_anchor_train,1,65280.0,11.230392158732695,11.230392158732695,65280.0,4951601.0,json_report_history,E:\CODEXRESEARCH\RESEARCH-1\artifacts\benchmark_runs\language\neuron_search_20260605\manual_self\screen_256_seed29_phase_amplitude_neuron\result.json
neuron_search/screen_256_seed29_phasev2_phase_amplitude_replace_neuron/result/standalone_longseq_anchor_train,1,65280.0,11.230499387254902,11.230499387254902,65280.0,4943281.0,json_report_history,E:\CODEXRESEARCH\RESEARCH-1\artifacts\benchmark_runs\language\neuron_search_20260605\manual_self\screen_256_seed29_phasev2_phase_amplitude_replace_neuron\result.json
neuron_search/screen_256_seed17_phase_amplitude_neuron/result/standalone_longseq_anchor_train,1,65280.0,11.23939957151226,11.23939957151226,65280.0,4951601.0,json_report_history,E:\CODEXRESEARCH\RESEARCH-1\artifacts\benchmark_runs\language\neuron_search_20260605\manual_self\screen_256_seed17_phase_amplitude_neuron\result.json
neuron_search/screen_256_seed17_phasev2_phase_amplitude_replace_neuron/result/standalone_longseq_anchor_train,1,65280.0,11.239414654526056,11.239414654526056,65280.0,4943281.0,json_report_history,E:\CODEXRESEARCH\RESEARCH-1\artifacts\benchmark_runs\language\neuron_search_20260605\manual_self\screen_256_seed17_phasev2_phase_amplitude_replace_neuron\result.json
neuron_search/screen_256_seed17_phasev2_phase_amplitude_one_extra_neuron/result/standalone_longseq_anchor_train,1,65280.0,11.243213732102339,11.243213732102339,65280.0,4943281.0,json_report_history,E:\CODEXRESEARCH\RESEARCH-1\artifacts\benchmark_runs\language\neuron_search_20260605\manual_self\screen_256_seed17_phasev2_phase_amplitude_one_extra_neuron\result.json
neuron_search/screen_256_seed17_stable_competition_neuron/result/standalone_longseq_anchor_train,1,65280.0,11.243443492814606,11.243443492814606,65280.0,4934963.0,json_report_history,E:\CODEXRESEARCH\RESEARCH-1\artifacts\benchmark_runs\language\neuron_search_20260605\manual_self\screen_256_seed17_stable_competition_neuron\result.json
neuron_search/screen_256_seed17_phase_amplitude_neutral_neuron/result/standalone_longseq_anchor_train,1,65280.0,11.244117607789882,11.244117607789882,65280.0,4934961.0,json_report_history,E:\CODEXRESEARCH\RESEARCH-1\artifacts\benchmark_runs\language\neuron_search_20260605\manual_self\screen_256_seed17_phase_amplitude_neutral_neuron\result.json
neuron_search/screen_256_seed17_baseline/result/standalone_longseq_anchor_train,1,65280.0,11.254442387001188,11.254442387001188,65280.0,4934961.0,json_report_history,E:\CODEXRESEARCH\RESEARCH-1\artifacts\benchmark_runs\language\neuron_search_20260605\manual_self\screen_256_seed17_baseline\result.json
neuron_search/screen_256_seed29_baseline/result/standalone_longseq_anchor_train,1,65280.0,11.277236577576282,11.277236577576282,65280.0,4934961.0,json_report_history,E:\CODEXRESEARCH\RESEARCH-1\artifacts\benchmark_runs\language\neuron_search_20260605\manual_self\screen_256_seed29_baseline\result.json
neuron_search/screen_256_seed29_phasev2_phase_amplitude_one_extra_neuron/result/standalone_longseq_anchor_train,1,65280.0,11.277389597425273,11.277389597425273,65280.0,4943281.0,json_report_history,E:\CODEXRESEARCH\RESEARCH-1\artifacts\benchmark_runs\language\neuron_search_20260605\manual_self\screen_256_seed29_phasev2_phase_amplitude_one_extra_neuron\result.json
neuron_search/screen_256_seed29_phase_amplitude_neutral_neuron/result/standalone_longseq_anchor_train,1,65280.0,11.278262875126858,11.278262875126858,65280.0,4934961.0,json_report_history,E:\CODEXRESEARCH\RESEARCH-1\artifacts\benchmark_runs\language\neuron_search_20260605\manual_self\screen_256_seed29_phase_amplitude_neutral_neuron\result.json
neuron_search/screen_256_seed29_stable_competition_neuron/result/standalone_longseq_anchor_train,1,65280.0,11.27898271785063,11.27898271785063,65280.0,4934963.0,json_report_history,E:\CODEXRESEARCH\RESEARCH-1\artifacts\benchmark_runs\language\neuron_search_20260605\manual_self\screen_256_seed29_stable_competition_neuron\result.json
language_partial_untied_muon_probe_synthetic_20260602/adamw,5,64512.0,7.591075658798218,7.591075658798218,64512.0,1079250.0,json_history,E:\CODEXRESEARCH\RESEARCH-1\artifacts\benchmark_runs\language\language_partial_untied_muon_probe_synthetic_20260602.json
language_partial_untied_muon_probe_synthetic_lr0.5_20260602/adamw,5,64512.0,7.591075658798218,7.591075658798218,64512.0,1079250.0,json_history,E:\CODEXRESEARCH\RESEARCH-1\artifacts\benchmark_runs\language\language_partial_untied_muon_probe_synthetic_lr0.5_20260602.json
language_partial_untied_muon_probe_synthetic_lr2.0_20260602/adamw,5,64512.0,7.591075778007507,7.591075778007507,64512.0,1079250.0,json_history,E:\CODEXRESEARCH\RESEARCH-1\artifacts\benchmark_runs\language\language_partial_untied_muon_probe_synthetic_lr2.0_20260602.json
language_partial_untied_muon_probe_synthetic_lr2.0_20260602/muon_adamw,5,64512.0,7.614015340805054,7.614015340805054,64512.0,1079250.0,json_history,E:\CODEXRESEARCH\RESEARCH-1\artifacts\benchmark_runs\language\language_partial_untied_muon_probe_synthetic_lr2.0_20260602.json
language_partial_untied_muon_probe_synthetic_20260602/muon_adamw,5,64512.0,7.620979070663452,7.620979070663452,64512.0,1079250.0,json_history,E:\CODEXRESEARCH\RESEARCH-1\artifacts\benchmark_runs\language\language_partial_untied_muon_probe_synthetic_20260602.json
language_partial_untied_muon_probe_synthetic_lr0.5_20260602/muon_adamw,5,64512.0,7.6251208782196045,7.6251208782196045,64512.0,1079250.0,json_history,E:\CODEXRESEARCH\RESEARCH-1\artifacts\benchmark_runs\language\language_partial_untied_muon_probe_synthetic_lr0.5_20260602.json
language_longseq_seq2540_sampled16384_anchor16_clean_seed13_val64_20260602/causal_conv_mixer_sampled_vocab_anchor16,1,60960.0,8.01464407891035,8.01464407891035,60960.0,20034967.0,json_history,E:\CODEXRESEARCH\RESEARCH-1\artifacts\benchmark_runs\language\language_longseq_seq2540_sampled16384_anchor16_clean_seed13_val64_20260602.json
longseq_replay_probe_20260602_anchor16_seq2540_clean/partial_untied/partial_untied,1,60960.0,8.705521777272224,8.705521777272224,60960.0,19949523.0,json_report_history,E:\CODEXRESEARCH\RESEARCH-1\artifacts\benchmark_runs\language\longseq_replay_probe_20260602_anchor16_seq2540_clean\variant_results\seq2540_steps24_val64_batch1_eval999_init0_seed13\partial_untied.json
language_candidate_learned_compressor_smoke/chunk_mean_token_memory,3,32512.0,8.258945941925049,8.258945941925049,32512.0,8185121.0,json_history,E:\CODEXRESEARCH\RESEARCH-1\artifacts\benchmark_runs\language\language_candidate_learned_compressor_smoke.json
language_recurrent_memory_rewrites_tokenmemory_cheap_20260328/chunk8_token_partial_memory,3,32512.0,8.301597595214844,8.301597595214844,32512.0,8185121.0,json_history,E:\CODEXRESEARCH\RESEARCH-1\artifacts\benchmark_runs\language\language_recurrent_memory_rewrites_tokenmemory_cheap_20260328.json
language_candidate_learned_compressor_smoke/learned_chunk_writer,3,32512.0,8.476416110992432,8.476416110992432,32512.0,8269221.0,json_history,E:\CODEXRESEARCH\RESEARCH-1\artifacts\benchmark_runs\language\language_candidate_learned_compressor_smoke.json
language_candidate_local_global_memory_cheap/local_global_partial_memory,3,32512.0,8.82525110244751,8.82525110244751,32512.0,8712325.0,json_history,E:\CODEXRESEARCH\RESEARCH-1\artifacts\benchmark_runs\language\language_candidate_local_global_memory_cheap.json
language_recurrent_memory_rewrites_hybrid_cheap_20260328/partial_untied,3,32512.0,9.537841796875,9.537841796875,32512.0,8143795.0,json_history,E:\CODEXRESEARCH\RESEARCH-1\artifacts\benchmark_runs\language\language_recurrent_memory_rewrites_hybrid_cheap_20260328.json
language_recurrent_memory_rewrites_cheap_20260328/partial_untied,3,32512.0,9.537844181060791,9.537844181060791,32512.0,8143795.0,json_history,E:\CODEXRESEARCH\RESEARCH-1\artifacts\benchmark_runs\language\language_recurrent_memory_rewrites_cheap_20260328.json
language_recurrent_memory_rewrites_tokenmemory_cheap_20260328/partial_untied,3,32512.0,9.537849426269531,9.537849426269531,32512.0,8143795.0,json_history,E:\CODEXRESEARCH\RESEARCH-1\artifacts\benchmark_runs\language\language_recurrent_memory_rewrites_tokenmemory_cheap_20260328.json
language_candidate_dynamic_token_basis_seed13/partial_untied,3,32512.0,9.539832592010498,9.539832592010498,32512.0,8069555.0,json_history,E:\CODEXRESEARCH\RESEARCH-1\artifacts\benchmark_runs\language\language_candidate_dynamic_token_basis_seed13.json
language_candidate_learned_compressor_smoke/partial_untied,3,32512.0,9.543873310089111,9.543873310089111,32512.0,8143795.0,json_history,E:\CODEXRESEARCH\RESEARCH-1\artifacts\benchmark_runs\language\language_candidate_learned_compressor_smoke.json
language_candidate_slot_memory_cheap/partial_untied,3,32512.0,9.543927192687988,9.543927192687988,32512.0,8143795.0,json_history,E:\CODEXRESEARCH\RESEARCH-1\artifacts\benchmark_runs\language\language_candidate_slot_memory_cheap.json
language_candidate_local_global_memory_cheap/partial_untied,3,32512.0,9.547088146209717,9.547088146209717,32512.0,8292275.0,json_history,E:\CODEXRESEARCH\RESEARCH-1\artifacts\benchmark_runs\language\language_candidate_local_global_memory_cheap.json
language_candidate_dynamic_token_basis_seed13/dynamic_token_basis,3,32512.0,9.59364366531372,9.59364366531372,32512.0,8100584.0,json_history,E:\CODEXRESEARCH\RESEARCH-1\artifacts\benchmark_runs\language\language_candidate_dynamic_token_basis_seed13.json
language_recurrent_memory_rewrites_tokenmemory_cheap_20260328/recurrent_champion,3,32512.0,9.664742946624756,9.664742946624756,32512.0,7995315.0,json_history,E:\CODEXRESEARCH\RESEARCH-1\artifacts\benchmark_runs\language\language_recurrent_memory_rewrites_tokenmemory_cheap_20260328.json
language_recurrent_memory_rewrites_cheap_20260328/recurrent_champion,3,32512.0,9.664766788482666,9.664766788482666,32512.0,7995315.0,json_history,E:\CODEXRESEARCH\RESEARCH-1\artifacts\benchmark_runs\language\language_recurrent_memory_rewrites_cheap_20260328.json
language_recurrent_memory_rewrites_hybrid_cheap_20260328/recurrent_champion,3,32512.0,9.66482925415039,9.66482925415039,32512.0,7995315.0,json_history,E:\CODEXRESEARCH\RESEARCH-1\artifacts\benchmark_runs\language\language_recurrent_memory_rewrites_hybrid_cheap_20260328.json
language_recurrent_memory_rewrites_hybrid_cheap_20260328/chunk8_partial_hybrid,3,32512.0,9.697798728942871,9.697798728942871,32512.0,8205857.0,json_history,E:\CODEXRESEARCH\RESEARCH-1\artifacts\benchmark_runs\language\language_recurrent_memory_rewrites_hybrid_cheap_20260328.json
language_candidate_slot_memory_cheap/slot_memory_candidate,3,32512.0,9.710272312164307,9.710272312164307,32512.0,8102601.0,json_history,E:\CODEXRESEARCH\RESEARCH-1\artifacts\benchmark_runs\language\language_candidate_slot_memory_cheap.json
language_recurrent_memory_rewrites_cheap_20260328/feature_retrieval_chunk8,3,32512.0,9.731006622314453,9.731006622314453,32512.0,8057377.0,json_history,E:\CODEXRESEARCH\RESEARCH-1\artifacts\benchmark_runs\language\language_recurrent_memory_rewrites_cheap_20260328.json
language_recurrent_memory_rewrites_cheap_20260328/feature_retrieval_full,3,32512.0,9.844201564788818,9.844201564788818,32512.0,8057377.0,json_history,E:\CODEXRESEARCH\RESEARCH-1\artifacts\benchmark_runs\language\language_recurrent_memory_rewrites_cheap_20260328.json
language_recurrent_memory_rewrites_cheap_20260328/feature_retrieval_stride4,3,32512.0,9.845234870910645,9.845234870910645,32512.0,8057377.0,json_history,E:\CODEXRESEARCH\RESEARCH-1\artifacts\benchmark_runs\language\language_recurrent_memory_rewrites_cheap_20260328.json
language_throughput_candidates_seed29_20260327/shared_projection,3,32512.0,10.004333734512329,10.004333734512329,32512.0,5079219.0,json_history,E:\CODEXRESEARCH\RESEARCH-1\artifacts\benchmark_runs\language\language_throughput_candidates_seed29_20260327.json
language_throughput_candidates_seed13_20260327/decayed_vote,3,32512.0,10.023171663284302,10.023171663284302,32512.0,5061077.0,json_history,E:\CODEXRESEARCH\RESEARCH-1\artifacts\benchmark_runs\language\language_throughput_candidates_seed13_20260327.json
language_throughput_candidates_seed13_20260327/shared_projection,3,32512.0,10.059134244918823,10.059134244918823,32512.0,5079219.0,json_history,E:\CODEXRESEARCH\RESEARCH-1\artifacts\benchmark_runs\language\language_throughput_candidates_seed13_20260327.json
language_throughput_candidates_seed29_20260327/windowed_32,3,32512.0,10.064784288406372,10.064784288406372,32512.0,5097747.0,json_history,E:\CODEXRESEARCH\RESEARCH-1\artifacts\benchmark_runs\language\language_throughput_candidates_seed29_20260327.json
language_throughput_candidates_seed13_20260327/windowed_32,3,32512.0,10.079393148422241,10.079393148422241,32512.0,5097747.0,json_history,E:\CODEXRESEARCH\RESEARCH-1\artifacts\benchmark_runs\language\language_throughput_candidates_seed13_20260327.json
language_throughput_candidates_seed29_20260327/baseline,3,32512.0,10.14165472984314,10.14165472984314,32512.0,5097747.0,json_history,E:\CODEXRESEARCH\RESEARCH-1\artifacts\benchmark_runs\language\language_throughput_candidates_seed29_20260327.json
language_throughput_candidates_seed29_20260327/decayed_vote,3,32512.0,10.152973175048828,10.152973175048828,32512.0,5061077.0,json_history,E:\CODEXRESEARCH\RESEARCH-1\artifacts\benchmark_runs\language\language_throughput_candidates_seed29_20260327.json
language_throughput_candidates_seed13_20260327/baseline,3,32512.0,10.15521240234375,10.15521240234375,32512.0,5097747.0,json_history,E:\CODEXRESEARCH\RESEARCH-1\artifacts\benchmark_runs\language\language_throughput_candidates_seed13_20260327.json
language_throughput_candidates_seed13_20260327/gru_only,3,32512.0,10.16209626197815,10.16209626197815,32512.0,5060497.0,json_history,E:\CODEXRESEARCH\RESEARCH-1\artifacts\benchmark_runs\language\language_throughput_candidates_seed13_20260327.json
language_throughput_candidates_seed29_20260327/gru_only,3,32512.0,10.188509464263916,10.188509464263916,32512.0,5060497.0,json_history,E:\CODEXRESEARCH\RESEARCH-1\artifacts\benchmark_runs\language\language_throughput_candidates_seed29_20260327.json
neuron_search/screen_64_phase_amplitude_neuron/result/standalone_longseq_anchor_train,1,16320.0,10.826257771136714,10.826257771136714,16320.0,4951601.0,json_report_history,E:\CODEXRESEARCH\RESEARCH-1\artifacts\benchmark_runs\language\neuron_search_20260605\manual_self\screen_64_phase_amplitude_neuron\result.json
neuron_search/screen_64_stable_competition_neuron/result/standalone_longseq_anchor_train,1,16320.0,10.827849238526587,10.827849238526587,16320.0,4934963.0,json_report_history,E:\CODEXRESEARCH\RESEARCH-1\artifacts\benchmark_runs\language\neuron_search_20260605\manual_self\screen_64_stable_competition_neuron\result.json
neuron_search/screen_64_phase_amplitude_neutral_neuron/result/standalone_longseq_anchor_train,1,16320.0,10.828014379389145,10.828014379389145,16320.0,4934961.0,json_report_history,E:\CODEXRESEARCH\RESEARCH-1\artifacts\benchmark_runs\language\neuron_search_20260605\manual_self\screen_64_phase_amplitude_neutral_neuron\result.json
neuron_search/screen_64_stable_square_neuron/result/standalone_longseq_anchor_train,1,16320.0,10.828241757785573,10.828241757785573,16320.0,4934962.0,json_report_history,E:\CODEXRESEARCH\RESEARCH-1\artifacts\benchmark_runs\language\neuron_search_20260605\manual_self\screen_64_stable_square_neuron\result.json
neuron_search/screen_64_rank_competition_neuron/result/standalone_longseq_anchor_train,1,16320.0,10.828301109987146,10.828301109987146,16320.0,4934962.0,json_report_history,E:\CODEXRESEARCH\RESEARCH-1\artifacts\benchmark_runs\language\neuron_search_20260605\manual_self\screen_64_rank_competition_neuron\result.json
neuron_search/screen_64_conv_disagreement_neuron/result/standalone_longseq_anchor_train,1,16320.0,10.828834402794932,10.828834402794932,16320.0,4934961.0,json_report_history,E:\CODEXRESEARCH\RESEARCH-1\artifacts\benchmark_runs\language\neuron_search_20260605\manual_self\screen_64_conv_disagreement_neuron\result.json
neuron_search/screen_64_baseline/result/standalone_longseq_anchor_train,1,16320.0,10.829107022752948,10.829107022752948,16320.0,4934961.0,json_report_history,E:\CODEXRESEARCH\RESEARCH-1\artifacts\benchmark_runs\language\neuron_search_20260605\manual_self\screen_64_baseline\result.json
baseline/standalone_longseq_anchor_train,1,16320.0,10.832715392112732,10.832715392112732,16320.0,15250481.0,json_report_history,E:\CODEXRESEARCH\RESEARCH-1\artifacts\benchmark_runs\language\neuron_search_20260605\agent02_conv_conditioned\baseline\result.json
screen64_seed13/standalone_longseq_anchor_train,1,16320.0,10.832720637321472,10.832720637321472,16320.0,15250609.0,json_report_history,E:\CODEXRESEARCH\RESEARCH-1\artifacts\benchmark_runs\language\neuron_search_20260605\agent01_memory_coupling\candidate_v2\screen64_seed13\result.json
candidate_v2/standalone_longseq_anchor_train,1,16320.0,10.832782506942749,10.832782506942749,16320.0,15250485.0,json_report_history,E:\CODEXRESEARCH\RESEARCH-1\artifacts\benchmark_runs\language\neuron_search_20260605\agent04_rank_competition\candidate_v2\result.json
candidate_v1/standalone_longseq_anchor_train,1,16320.0,10.833111882209778,10.833111882209778,16320.0,15260209.0,json_report_history,E:\CODEXRESEARCH\RESEARCH-1\artifacts\benchmark_runs\language\neuron_search_20260605\agent03_adaptive_basis\candidate_v1\result.json
language_recurrent_ab_partial_cheap_20260328/partial_untied,3,16256.0,10.00638484954834,10.00638484954834,16256.0,8143795.0,json_history,E:\CODEXRESEARCH\RESEARCH-1\artifacts\benchmark_runs\language\language_recurrent_ab_partial_cheap_20260328.json
language_recurrent_ab_gated_cheap_20260328/recurrent_champion,3,16256.0,10.007778644561768,10.007778644561768,16256.0,7995315.0,json_history,E:\CODEXRESEARCH\RESEARCH-1\artifacts\benchmark_runs\language\language_recurrent_ab_gated_cheap_20260328.json
language_recurrent_ab_refined_cheap_20260328/recurrent_champion,3,16256.0,10.007781982421875,10.007781982421875,16256.0,7995315.0,json_history,E:\CODEXRESEARCH\RESEARCH-1\artifacts\benchmark_runs\language\language_recurrent_ab_refined_cheap_20260328.json
language_recurrent_ab_partial_cheap_20260328/recurrent_champion,3,16256.0,10.007794380187988,10.007794380187988,16256.0,7995315.0,json_history,E:\CODEXRESEARCH\RESEARCH-1\artifacts\benchmark_runs\language\language_recurrent_ab_partial_cheap_20260328.json
language_recurrent_ab_factorized_cheap_20260328/recurrent_champion,3,16256.0,10.007821083068848,10.007821083068848,16256.0,7995315.0,json_history,E:\CODEXRESEARCH\RESEARCH-1\artifacts\benchmark_runs\language\language_recurrent_ab_factorized_cheap_20260328.json
language_recurrent_ab_gated_cheap_20260328/gated_residual_head,3,16256.0,10.05528211593628,10.05528211593628,16256.0,8016195.0,json_history,E:\CODEXRESEARCH\RESEARCH-1\artifacts\benchmark_runs\language\language_recurrent_ab_gated_cheap_20260328.json
language_recurrent_ab_refined_cheap_20260328/refined_head,3,16256.0,10.148411750793457,10.148411750793457,16256.0,8016340.0,json_history,E:\CODEXRESEARCH\RESEARCH-1\artifacts\benchmark_runs\language\language_recurrent_ab_refined_cheap_20260328.json
language_recurrent_ab_factorized_cheap_20260328/factorized_untied,3,16256.0,13.157759666442871,10.62226390838623,8128.0,11220979.0,json_history,E:\CODEXRESEARCH\RESEARCH-1\artifacts\benchmark_runs\language\language_recurrent_ab_factorized_cheap_20260328.json
language_hrm_text_component_probe_synthetic_20260602/partial_untied,3,16128.0,7.639158725738525,7.639158725738525,16128.0,1042130.0,json_history,E:\CODEXRESEARCH\RESEARCH-1\artifacts\benchmark_runs\language\language_hrm_text_component_probe_synthetic_20260602.json
language_hrm_text_component_probe_synthetic_20260602/magic_norm_partial_untied,3,16128.0,19.62814776102702,19.62814776102702,16128.0,1042130.0,json_history,E:\CODEXRESEARCH\RESEARCH-1\artifacts\benchmark_runs\language\language_hrm_text_component_probe_synthetic_20260602.json
language_hrm_text_component_probe_synthetic_20260602/hrm_text_component_probe,3,16128.0,22.709529240926106,22.709529240926106,16128.0,1623747.0,json_history,E:\CODEXRESEARCH\RESEARCH-1\artifacts\benchmark_runs\language\language_hrm_text_component_probe_synthetic_20260602.json
baseline_screen/standalone_longseq_anchor_train,1,8160.0,10.833873510360718,10.833873510360718,8160.0,7419489.0,json_report_history,E:\CODEXRESEARCH\RESEARCH-1\artifacts\benchmark_runs\language\neuron_search_20260605\agent01_memory_coupling\round2\baseline_screen\result.json
candidate_screen/standalone_longseq_anchor_train,1,8160.0,10.837329149246216,10.837329149246216,8160.0,7425825.0,json_report_history,E:\CODEXRESEARCH\RESEARCH-1\artifacts\benchmark_runs\language\neuron_search_20260605\agent01_memory_coupling\round2\candidate_screen\result.json
smoke_prefixmem,1,5080.0,10.2442,10.2442,5080.0,,log_eval,E:\CODEXRESEARCH\house_compute_hub\runs\20260603-144034-c8e37a\Chichen-JoshS-10a81805.log
smoke_chunkmem,1,5080.0,10.2488,10.2488,5080.0,,log_eval,E:\CODEXRESEARCH\house_compute_hub\runs\20260603-144034-c8e37a\Chichen-JoshS-10a81805.log
neuron_search/screen_12_phase_amplitude_neuron/result/standalone_longseq_anchor_train,1,3060.0,10.823182356591317,10.823182356591317,3060.0,4951601.0,json_report_history,E:\CODEXRESEARCH\RESEARCH-1\artifacts\benchmark_runs\language\neuron_search_20260605\manual_self\screen_12_phase_amplitude_neuron\result.json
neuron_search/screen_12_stable_square_neuron/result/standalone_longseq_anchor_train,1,3060.0,10.830923115973379,10.830923115973379,3060.0,4934962.0,json_report_history,E:\CODEXRESEARCH\RESEARCH-1\artifacts\benchmark_runs\language\neuron_search_20260605\manual_self\screen_12_stable_square_neuron\result.json
neuron_search/screen_12_rank_competition_neuron/result/standalone_longseq_anchor_train,1,3060.0,10.830975553101185,10.830975553101185,3060.0,4934962.0,json_report_history,E:\CODEXRESEARCH\RESEARCH-1\artifacts\benchmark_runs\language\neuron_search_20260605\manual_self\screen_12_rank_competition_neuron\result.json
neuron_search/screen_12_conv_disagreement_neuron/result/standalone_longseq_anchor_train,1,3060.0,10.831527496786679,10.831527496786679,3060.0,4934961.0,json_report_history,E:\CODEXRESEARCH\RESEARCH-1\artifacts\benchmark_runs\language\neuron_search_20260605\manual_self\screen_12_conv_disagreement_neuron\result.json
neuron_search/screen_12_stateful_threshold_neuron/result/standalone_longseq_anchor_train,1,3060.0,10.831711524140601,10.831711524140601,3060.0,4934962.0,json_report_history,E:\CODEXRESEARCH\RESEARCH-1\artifacts\benchmark_runs\language\neuron_search_20260605\manual_self\screen_12_stateful_threshold_neuron\result.json
neuron_search/screen_12_baseline/result/standalone_longseq_anchor_train,1,3060.0,10.831813369077794,10.831813369077794,3060.0,4934961.0,json_report_history,E:\CODEXRESEARCH\RESEARCH-1\artifacts\benchmark_runs\language\neuron_search_20260605\manual_self\screen_12_baseline\result.json
neuron_search/screen_12_mem_threshold_neuron/result/standalone_longseq_anchor_train,1,3060.0,10.837275824827307,10.837275824827307,3060.0,4938289.0,json_report_history,E:\CODEXRESEARCH\RESEARCH-1\artifacts\benchmark_runs\language\neuron_search_20260605\manual_self\screen_12_mem_threshold_neuron\result.json
neuron_search/screen_12_bottleneck_aware_neuron/result/standalone_longseq_anchor_train,1,3060.0,10.838079001856785,10.838079001856785,3060.0,4945585.0,json_report_history,E:\CODEXRESEARCH\RESEARCH-1\artifacts\benchmark_runs\language\neuron_search_20260605\manual_self\screen_12_bottleneck_aware_neuron\result.json
neuron_search/screen_12_adaptive_basis_neuron/result/standalone_longseq_anchor_train,1,3060.0,10.838090015860164,10.838090015860164,3060.0,4935156.0,json_report_history,E:\CODEXRESEARCH\RESEARCH-1\artifacts\benchmark_runs\language\neuron_search_20260605\manual_self\screen_12_adaptive_basis_neuron\result.json
neuron_search/screen_1_seed13_smoke_suppressed_guarded_v1_rank_competition_memory_suppressed_aux_head_centered_gate_neuron/result/standalone_longseq_anchor_train,1,255.0,10.8098651044509,10.8098651044509,255.0,4944947.0,json_report_history,E:\CODEXRESEARCH\RESEARCH-1\artifacts\benchmark_runs\language\neuron_search_20260605\manual_self\screen_1_seed13_smoke_suppressed_guarded_v1_rank_competition_memory_suppressed_aux_head_centered_gate_neuron\result.json
neuron_search/screen_1_seed13_smoke_rank_hybrid_cost_ablate_v1_rank_competition_memory_group_centered_gate_neuron/result/standalone_longseq_anchor_train,1,255.0,10.829671680226046,10.829671680226046,255.0,4935298.0,json_report_history,E:\CODEXRESEARCH\RESEARCH-1\artifacts\benchmark_runs\language\neuron_search_20260605\manual_self\screen_1_seed13_smoke_rank_hybrid_cost_ablate_v1_rank_competition_memory_group_centered_gate_neuron\result.json
neuron_search/screen_1_seed13_smoke_memory_gate_v2_phase_residual_memory_group_gate_neuron/result/standalone_longseq_anchor_train,1,255.0,10.829760246650846,10.829760246650846,255.0,4935297.0,json_report_history,E:\CODEXRESEARCH\RESEARCH-1\artifacts\benchmark_runs\language\neuron_search_20260605\manual_self\screen_1_seed13_smoke_memory_gate_v2_phase_residual_memory_group_gate_neuron\result.json
neuron_search/screen_1_seed13_smoke_rank_pressure_v1_rank_competition_mild_neuron/result/standalone_longseq_anchor_train,1,255.0,10.830300232008392,10.830300232008392,255.0,4934962.0,json_report_history,E:\CODEXRESEARCH\RESEARCH-1\artifacts\benchmark_runs\language\neuron_search_20260605\manual_self\screen_1_seed13_smoke_rank_pressure_v1_rank_competition_mild_neuron\result.json
neuron_search/screen_1_seed13_smoke_rank_pressure_v1_rank_competition_soft_neuron/result/standalone_longseq_anchor_train,1,255.0,10.830545444114536,10.830545444114536,255.0,4934962.0,json_report_history,E:\CODEXRESEARCH\RESEARCH-1\artifacts\benchmark_runs\language\neuron_search_20260605\manual_self\screen_1_seed13_smoke_rank_pressure_v1_rank_competition_soft_neuron\result.json
neuron_search/screen_1_seed13_smoke_rank_hybrid_cost_ablate_v1_rank_competition_centered_residual_neuron/result/standalone_longseq_anchor_train,1,255.0,10.830681297825832,10.830681297825832,255.0,4935090.0,json_report_history,E:\CODEXRESEARCH\RESEARCH-1\artifacts\benchmark_runs\language\neuron_search_20260605\manual_self\screen_1_seed13_smoke_rank_hybrid_cost_ablate_v1_rank_competition_centered_residual_neuron\result.json
neuron_search/screen_1_seed13_smoke_rank_pressure_ultrasoft_v1_rank_competition_ultrasoft_neuron/result/standalone_longseq_anchor_train,1,255.0,10.830790420607025,10.830790420607025,255.0,4934962.0,json_report_history,E:\CODEXRESEARCH\RESEARCH-1\artifacts\benchmark_runs\language\neuron_search_20260605\manual_self\screen_1_seed13_smoke_rank_pressure_ultrasoft_v1_rank_competition_ultrasoft_neuron\result.json
neuron_search/screen_1_seed13_smoke_rank_pressure_v1_rank_competition_mild_centered_residual_neuron/result/standalone_longseq_anchor_train,1,255.0,10.830821072821523,10.830821072821523,255.0,4935090.0,json_report_history,E:\CODEXRESEARCH\RESEARCH-1\artifacts\benchmark_runs\language\neuron_search_20260605\manual_self\screen_1_seed13_smoke_rank_pressure_v1_rank_competition_mild_centered_residual_neuron\result.json
neuron_search/screen_1_seed13_smoke_memory_gate_v2_baseline/result/standalone_longseq_anchor_train,1,255.0,10.830851315517052,10.830851315517052,255.0,4934961.0,json_report_history,E:\CODEXRESEARCH\RESEARCH-1\artifacts\benchmark_runs\language\neuron_search_20260605\manual_self\screen_1_seed13_smoke_memory_gate_v2_baseline\result.json
neuron_search/screen_1_seed13_smoke_hidden_regularizer_v1_rank_competition_fixed_feather_channel_drop_neuron/result/standalone_longseq_anchor_train,1,255.0,10.83086701374428,10.83086701374428,255.0,4934961.0,json_report_history,E:\CODEXRESEARCH\RESEARCH-1\artifacts\benchmark_runs\language\neuron_search_20260605\manual_self\screen_1_seed13_smoke_hidden_regularizer_v1_rank_competition_fixed_feather_channel_drop_neuron\result.json
neuron_search/screen_1_seed13_smoke_rank_pressure_fixed_v1_rank_competition_fixed_feather_neuron/result/standalone_longseq_anchor_train,1,255.0,10.830912967756683,10.830912967756683,255.0,4934961.0,json_report_history,E:\CODEXRESEARCH\RESEARCH-1\artifacts\benchmark_runs\language\neuron_search_20260605\manual_self\screen_1_seed13_smoke_rank_pressure_fixed_v1_rank_competition_fixed_feather_neuron\result.json
neuron_search/screen_1_seed13_smoke_rank_pressure_ultrasoft_v1_rank_competition_feather_neuron/result/standalone_longseq_anchor_train,1,255.0,10.830928404190962,10.830928404190962,255.0,4934962.0,json_report_history,E:\CODEXRESEARCH\RESEARCH-1\artifacts\benchmark_runs\language\neuron_search_20260605\manual_self\screen_1_seed13_smoke_rank_pressure_ultrasoft_v1_rank_competition_feather_neuron\result.json
neuron_search/screen_1_seed13_smoke_rank_pressure_v1_baseline/result/standalone_longseq_anchor_train,1,255.0,10.830943487204758,10.830943487204758,255.0,4934961.0,json_report_history,E:\CODEXRESEARCH\RESEARCH-1\artifacts\benchmark_runs\language\neuron_search_20260605\manual_self\screen_1_seed13_smoke_rank_pressure_v1_baseline\result.json
neuron_search/screen_1_seed13_smoke_rank_pressure_fixed_v1_rank_competition_fixed_trace_neuron/result/standalone_longseq_anchor_train,1,255.0,10.83097412258971,10.83097412258971,255.0,4934961.0,json_report_history,E:\CODEXRESEARCH\RESEARCH-1\artifacts\benchmark_runs\language\neuron_search_20260605\manual_self\screen_1_seed13_smoke_rank_pressure_fixed_v1_rank_competition_fixed_trace_neuron\result.json
neuron_search/screen_1_seed13_smoke_hidden_regularizer_v1_hidden_drop_square_neuron/result/standalone_longseq_anchor_train,1,255.0,10.830974242266487,10.830974242266487,255.0,4934961.0,json_report_history,E:\CODEXRESEARCH\RESEARCH-1\artifacts\benchmark_runs\language\neuron_search_20260605\manual_self\screen_1_seed13_smoke_hidden_regularizer_v1_hidden_drop_square_neuron\result.json
neuron_search/screen_1_seed13_smoke_hidden_regularizer_v1_hidden_drop_low_square_neuron/result/standalone_longseq_anchor_train,1,255.0,10.830974358203365,10.830974358203365,255.0,4934961.0,json_report_history,E:\CODEXRESEARCH\RESEARCH-1\artifacts\benchmark_runs\language\neuron_search_20260605\manual_self\screen_1_seed13_smoke_hidden_regularizer_v1_hidden_drop_low_square_neuron\result.json
neuron_search/screen_1_seed13_smoke_hidden_regularizer_v1_channel_drop_square_neuron/result/standalone_longseq_anchor_train,1,255.0,10.83100487578149,10.83100487578149,255.0,4934961.0,json_report_history,E:\CODEXRESEARCH\RESEARCH-1\artifacts\benchmark_runs\language\neuron_search_20260605\manual_self\screen_1_seed13_smoke_hidden_regularizer_v1_channel_drop_square_neuron\result.json
neuron_search/screen_1_seed13_smoke_boundary_residual_v1_phase_residual_boundary_centered_neuron/result/standalone_longseq_anchor_train,1,255.0,10.831151857563093,10.831151857563093,255.0,4935089.0,json_report_history,E:\CODEXRESEARCH\RESEARCH-1\artifacts\benchmark_runs\language\neuron_search_20260605\manual_self\screen_1_seed13_smoke_boundary_residual_v1_phase_residual_boundary_centered_neuron\result.json
neuron_search/screen_1_seed13_smoke_rank_pressure_v1_rank_competition_soft_centered_residual_neuron/result/standalone_longseq_anchor_train,1,255.0,10.831157966688567,10.831157966688567,255.0,4935090.0,json_report_history,E:\CODEXRESEARCH\RESEARCH-1\artifacts\benchmark_runs\language\neuron_search_20260605\manual_self\screen_1_seed13_smoke_rank_pressure_v1_rank_competition_soft_centered_residual_neuron\result.json
neuron_search/screen_1_seed13_smoke_boundary_residual_v1_phase_residual_boundary_blend_neuron/result/standalone_longseq_anchor_train,1,255.0,10.831248191758698,10.831248191758698,255.0,4935089.0,json_report_history,E:\CODEXRESEARCH\RESEARCH-1\artifacts\benchmark_runs\language\neuron_search_20260605\manual_self\screen_1_seed13_smoke_boundary_residual_v1_phase_residual_boundary_blend_neuron\result.json
neuron_search/screen_1_seed13_smoke_new_phase_iter2_phase_residual_blend_quarter_neuron/result/standalone_longseq_anchor_train,1,255.0,10.831273127537148,10.831273127537148,255.0,4935089.0,json_report_history,E:\CODEXRESEARCH\RESEARCH-1\artifacts\benchmark_runs\language\neuron_search_20260605\manual_self\screen_1_seed13_smoke_new_phase_iter2_phase_residual_blend_quarter_neuron\result.json
neuron_search/screen_1_seed13_smoke_new_phase_iter2_phase_residual_blend_normed_neuron/result/standalone_longseq_anchor_train,1,255.0,10.83148229449403,10.83148229449403,255.0,4935089.0,json_report_history,E:\CODEXRESEARCH\RESEARCH-1\artifacts\benchmark_runs\language\neuron_search_20260605\manual_self\screen_1_seed13_smoke_new_phase_iter2_phase_residual_blend_normed_neuron\result.json
neuron_search/screen_1_seed13_smoke_conv_memory_agreement_phase_residual_memory_conv_centered_agreement_neuron/result/standalone_longseq_anchor_train,1,255.0,10.831523687699262,10.831523687699262,255.0,4935090.0,json_report_history,E:\CODEXRESEARCH\RESEARCH-1\artifacts\benchmark_runs\language\neuron_search_20260605\manual_self\screen_1_seed13_smoke_conv_memory_agreement_phase_residual_memory_conv_centered_agreement_neuron\result.json
neuron_search/screen_1_seed13_smoke_new_phase_iter2_phase_residual_blend_centered_neuron/result/standalone_longseq_anchor_train,1,255.0,10.831524405759923,10.831524405759923,255.0,4935089.0,json_report_history,E:\CODEXRESEARCH\RESEARCH-1\artifacts\benchmark_runs\language\neuron_search_20260605\manual_self\screen_1_seed13_smoke_new_phase_iter2_phase_residual_blend_centered_neuron\result.json
neuron_search/screen_1_seed13_smoke_new_phase_iter2_phase_residual_conv_energy_gate_neuron/result/standalone_longseq_anchor_train,1,255.0,10.831659666697185,10.831659666697185,255.0,4935090.0,json_report_history,E:\CODEXRESEARCH\RESEARCH-1\artifacts\benchmark_runs\language\neuron_search_20260605\manual_self\screen_1_seed13_smoke_new_phase_iter2_phase_residual_conv_energy_gate_neuron\result.json
neuron_search/screen_1_seed13_smoke_conv_memory_agreement_phase_residual_memory_conv_disagreement_damp_neuron/result/standalone_longseq_anchor_train,1,255.0,10.831710637784472,10.831710637784472,255.0,4935090.0,json_report_history,E:\CODEXRESEARCH\RESEARCH-1\artifacts\benchmark_runs\language\neuron_search_20260605\manual_self\screen_1_seed13_smoke_conv_memory_agreement_phase_residual_memory_conv_disagreement_damp_neuron\result.json
neuron_search/screen_1_seed13_smoke_conv_memory_agreement_phase_residual_memory_conv_agreement_neuron/result/standalone_longseq_anchor_train,1,255.0,10.831711591458788,10.831711591458788,255.0,4935090.0,json_report_history,E:\CODEXRESEARCH\RESEARCH-1\artifacts\benchmark_runs\language\neuron_search_20260605\manual_self\screen_1_seed13_smoke_conv_memory_agreement_phase_residual_memory_conv_agreement_neuron\result.json
neuron_search/screen_1_seed13_smoke_memory_novelty_phase_residual_memory_novelty_gate_neuron/result/standalone_longseq_anchor_train,1,255.0,10.834728111940272,10.834728111940272,255.0,4936753.0,json_report_history,E:\CODEXRESEARCH\RESEARCH-1\artifacts\benchmark_runs\language\neuron_search_20260605\manual_self\screen_1_seed13_smoke_memory_novelty_phase_residual_memory_novelty_gate_neuron\result.json
neuron_search/screen_1_seed13_smoke_memory_gate_v4_phase_residual_memory_delta_gate_neuron/result/standalone_longseq_anchor_train,1,255.0,10.834728353163776,10.834728353163776,255.0,4936753.0,json_report_history,E:\CODEXRESEARCH\RESEARCH-1\artifacts\benchmark_runs\language\neuron_search_20260605\manual_self\screen_1_seed13_smoke_memory_gate_v4_phase_residual_memory_delta_gate_neuron\result.json
neuron_search/screen_1_seed13_smoke_new_phase_iter2_phase_residual_memory_gate_neuron/result/standalone_longseq_anchor_train,1,255.0,10.83472859064738,10.83472859064738,255.0,4936753.0,json_report_history,E:\CODEXRESEARCH\RESEARCH-1\artifacts\benchmark_runs\language\neuron_search_20260605\manual_self\screen_1_seed13_smoke_new_phase_iter2_phase_residual_memory_gate_neuron\result.json
neuron_search/screen_1_seed13_smoke_memory_gate_v2_phase_residual_memory_normed_gate_neuron/result/standalone_longseq_anchor_train,1,255.0,10.834771683636834,10.834771683636834,255.0,4936753.0,json_report_history,E:\CODEXRESEARCH\RESEARCH-1\artifacts\benchmark_runs\language\neuron_search_20260605\manual_self\screen_1_seed13_smoke_memory_gate_v2_phase_residual_memory_normed_gate_neuron\result.json
neuron_search/screen_1_seed13_smoke_memory_gate_v3_phase_residual_memory_small_gate_neuron/result/standalone_longseq_anchor_train,1,255.0,10.834829195807961,10.834829195807961,255.0,4936753.0,json_report_history,E:\CODEXRESEARCH\RESEARCH-1\artifacts\benchmark_runs\language\neuron_search_20260605\manual_self\screen_1_seed13_smoke_memory_gate_v3_phase_residual_memory_small_gate_neuron\result.json
neuron_search/screen_1_seed13_smoke_memory_novelty_phase_residual_memory_novelty_tiny_gate_neuron/result/standalone_longseq_anchor_train,1,255.0,10.83482967077517,10.83482967077517,255.0,4936753.0,json_report_history,E:\CODEXRESEARCH\RESEARCH-1\artifacts\benchmark_runs\language\neuron_search_20260605\manual_self\screen_1_seed13_smoke_memory_novelty_phase_residual_memory_novelty_tiny_gate_neuron\result.json
neuron_search/screen_1_seed13_smoke_boundary_residual_v1_phase_residual_memory_boundary_gate_neuron/result/standalone_longseq_anchor_train,1,255.0,10.83484841702031,10.83484841702031,255.0,4936753.0,json_report_history,E:\CODEXRESEARCH\RESEARCH-1\artifacts\benchmark_runs\language\neuron_search_20260605\manual_self\screen_1_seed13_smoke_boundary_residual_v1_phase_residual_memory_boundary_gate_neuron\result.json
neuron_search/screen_1_seed13_smoke_memory_gate_v4_phase_residual_memory_sparse_centered_gate_neuron/result/standalone_longseq_anchor_train,1,255.0,10.834848966785506,10.834848966785506,255.0,4936753.0,json_report_history,E:\CODEXRESEARCH\RESEARCH-1\artifacts\benchmark_runs\language\neuron_search_20260605\manual_self\screen_1_seed13_smoke_memory_gate_v4_phase_residual_memory_sparse_centered_gate_neuron\result.json
neuron_search/screen_1_seed13_smoke_memory_gate_v2_phase_residual_memory_centered_gate_neuron/result/standalone_longseq_anchor_train,1,255.0,10.83484920613906,10.83484920613906,255.0,4936753.0,json_report_history,E:\CODEXRESEARCH\RESEARCH-1\artifacts\benchmark_runs\language\neuron_search_20260605\manual_self\screen_1_seed13_smoke_memory_gate_v2_phase_residual_memory_centered_gate_neuron\result.json
neuron_search/screen_1_seed13_smoke_memory_gate_v4_phase_residual_memory_bounded_centered_gate_neuron/result/standalone_longseq_anchor_train,1,255.0,10.834849443622664,10.834849443622664,255.0,4936753.0,json_report_history,E:\CODEXRESEARCH\RESEARCH-1\artifacts\benchmark_runs\language\neuron_search_20260605\manual_self\screen_1_seed13_smoke_memory_gate_v4_phase_residual_memory_bounded_centered_gate_neuron\result.json
neuron_search/screen_1_seed13_smoke_rank_memory_hybrid_v1_rank_competition_memory_gate_neuron/result/standalone_longseq_anchor_train,1,255.0,10.834882926940917,10.834882926940917,255.0,4936754.0,json_report_history,E:\CODEXRESEARCH\RESEARCH-1\artifacts\benchmark_runs\language\neuron_search_20260605\manual_self\screen_1_seed13_smoke_rank_memory_hybrid_v1_rank_competition_memory_gate_neuron\result.json
neuron_search/screen_1_seed13_smoke_memory_gate_v3_phase_residual_memory_tiny_gate_neuron/result/standalone_longseq_anchor_train,1,255.0,10.834896115695729,10.834896115695729,255.0,4936753.0,json_report_history,E:\CODEXRESEARCH\RESEARCH-1\artifacts\benchmark_runs\language\neuron_search_20260605\manual_self\screen_1_seed13_smoke_memory_gate_v3_phase_residual_memory_tiny_gate_neuron\result.json
neuron_search/screen_1_seed13_smoke_boundary_residual_v1_phase_residual_memory_boundary_centered_gate_neuron/result/standalone_longseq_anchor_train,1,255.0,10.834906927744548,10.834906927744548,255.0,4936753.0,json_report_history,E:\CODEXRESEARCH\RESEARCH-1\artifacts\benchmark_runs\language\neuron_search_20260605\manual_self\screen_1_seed13_smoke_boundary_residual_v1_phase_residual_memory_boundary_centered_gate_neuron\result.json
neuron_search/screen_1_seed13_smoke_memory_square_gain_memory_square_small_gain_neuron/result/standalone_longseq_anchor_train,1,255.0,10.834952072068758,10.834952072068758,255.0,4936625.0,json_report_history,E:\CODEXRESEARCH\RESEARCH-1\artifacts\benchmark_runs\language\neuron_search_20260605\manual_self\screen_1_seed13_smoke_memory_square_gain_memory_square_small_gain_neuron\result.json
neuron_search/screen_1_seed13_smoke_memory_square_gain_memory_square_gain_neuron/result/standalone_longseq_anchor_train,1,255.0,10.83495230955236,10.83495230955236,255.0,4936625.0,json_report_history,E:\CODEXRESEARCH\RESEARCH-1\artifacts\benchmark_runs\language\neuron_search_20260605\manual_self\screen_1_seed13_smoke_memory_square_gain_memory_square_gain_neuron\result.json
neuron_search/screen_1_seed13_smoke_memory_novelty_memory_square_novelty_gain_neuron/result/standalone_longseq_anchor_train,1,255.0,10.834952548905916,10.834952548905916,255.0,4936625.0,json_report_history,E:\CODEXRESEARCH\RESEARCH-1\artifacts\benchmark_runs\language\neuron_search_20260605\manual_self\screen_1_seed13_smoke_memory_novelty_memory_square_novelty_gain_neuron\result.json
neuron_search/screen_1_seed13_smoke_rank_competition_masks_v1_rank_competition_memory_within_group_centered_gate_neuron/result/standalone_longseq_anchor_train,1,255.0,10.834977278989903,10.834977278989903,255.0,4936754.0,json_report_history,E:\CODEXRESEARCH\RESEARCH-1\artifacts\benchmark_runs\language\neuron_search_20260605\manual_self\screen_1_seed13_smoke_rank_competition_masks_v1_rank_competition_memory_within_group_centered_gate_neuron\result.json
neuron_search/screen_1_seed13_smoke_rank_memory_hybrid_v1_rank_competition_memory_centered_gate_neuron/result/standalone_longseq_anchor_train,1,255.0,10.835009515051748,10.835009515051748,255.0,4936754.0,json_report_history,E:\CODEXRESEARCH\RESEARCH-1\artifacts\benchmark_runs\language\neuron_search_20260605\manual_self\screen_1_seed13_smoke_rank_memory_hybrid_v1_rank_competition_memory_centered_gate_neuron\result.json
neuron_search/screen_1_seed13_smoke_rank_hybrid_regularized_v1_rank_competition_memory_normed_centered_gate_neuron/result/standalone_longseq_anchor_train,1,255.0,10.835021228416293,10.835021228416293,255.0,4936754.0,json_report_history,E:\CODEXRESEARCH\RESEARCH-1\artifacts\benchmark_runs\language\neuron_search_20260605\manual_self\screen_1_seed13_smoke_rank_hybrid_regularized_v1_rank_competition_memory_normed_centered_gate_neuron\result.json
neuron_search/screen_1_seed13_smoke_rank_hybrid_regularized_v1_rank_competition_memory_small_centered_gate_neuron/result/standalone_longseq_anchor_train,1,255.0,10.835054975397446,10.835054975397446,255.0,4936754.0,json_report_history,E:\CODEXRESEARCH\RESEARCH-1\artifacts\benchmark_runs\language\neuron_search_20260605\manual_self\screen_1_seed13_smoke_rank_hybrid_regularized_v1_rank_competition_memory_small_centered_gate_neuron\result.json
neuron_search/screen_1_seed13_smoke_suppressed_stable_v1_rank_competition_memory_suppressed_small_centered_gate_neuron/result/standalone_longseq_anchor_train,1,255.0,10.835186982622334,10.835186982622334,255.0,4936754.0,json_report_history,E:\CODEXRESEARCH\RESEARCH-1\artifacts\benchmark_runs\language\neuron_search_20260605\manual_self\screen_1_seed13_smoke_suppressed_stable_v1_rank_competition_memory_suppressed_small_centered_gate_neuron\result.json
neuron_search/screen_1_seed13_smoke_rank_competition_masks_v1_rank_competition_memory_uncertainty_centered_gate_neuron/result/standalone_longseq_anchor_train,1,255.0,10.83521374908148,10.83521374908148,255.0,4936754.0,json_report_history,E:\CODEXRESEARCH\RESEARCH-1\artifacts\benchmark_runs\language\neuron_search_20260605\manual_self\screen_1_seed13_smoke_rank_competition_masks_v1_rank_competition_memory_uncertainty_centered_gate_neuron\result.json
neuron_search/screen_1_seed13_smoke_rank_competition_masks_v1_rank_competition_memory_suppressed_centered_gate_neuron/result/standalone_longseq_anchor_train,1,255.0,10.835237826553046,10.835237826553046,255.0,4936754.0,json_report_history,E:\CODEXRESEARCH\RESEARCH-1\artifacts\benchmark_runs\language\neuron_search_20260605\manual_self\screen_1_seed13_smoke_rank_competition_masks_v1_rank_competition_memory_suppressed_centered_gate_neuron\result.json
neuron_search/screen_1_seed13_smoke_suppressed_stable_v1_rank_competition_memory_suppressed_bounded_small_centered_gate_neuron/result/standalone_longseq_anchor_train,1,255.0,10.835248017778584,10.835248017778584,255.0,4936754.0,json_report_history,E:\CODEXRESEARCH\RESEARCH-1\artifacts\benchmark_runs\language\neuron_search_20260605\manual_self\screen_1_seed13_smoke_suppressed_stable_v1_rank_competition_memory_suppressed_bounded_small_centered_gate_neuron\result.json
neuron_search/screen_1_seed13_smoke_suppressed_stable_v1_rank_competition_memory_suppressed_normed_centered_gate_neuron/result/standalone_longseq_anchor_train,1,255.0,10.835278651293587,10.835278651293587,255.0,4936754.0,json_report_history,E:\CODEXRESEARCH\RESEARCH-1\artifacts\benchmark_runs\language\neuron_search_20260605\manual_self\screen_1_seed13_smoke_suppressed_stable_v1_rank_competition_memory_suppressed_normed_centered_gate_neuron\result.json
neuron_search/screen_1_seed13_smoke_suppressed_guarded_v1_rank_competition_memory_suppressed_energy_matched_centered_gate_neuron/result/standalone_longseq_anchor_train,1,255.0,10.835278770970364,10.835278770970364,255.0,4936754.0,json_report_history,E:\CODEXRESEARCH\RESEARCH-1\artifacts\benchmark_runs\language\neuron_search_20260605\manual_self\screen_1_seed13_smoke_suppressed_guarded_v1_rank_competition_memory_suppressed_energy_matched_centered_gate_neuron\result.json
neuron_search/screen_1_seed13_smoke_suppressed_guarded_v1_rank_competition_memory_suppressed_stopgrad_mask_centered_gate_neuron/result/standalone_longseq_anchor_train,1,255.0,10.835324721242868,10.835324721242868,255.0,4936754.0,json_report_history,E:\CODEXRESEARCH\RESEARCH-1\artifacts\benchmark_runs\language\neuron_search_20260605\manual_self\screen_1_seed13_smoke_suppressed_guarded_v1_rank_competition_memory_suppressed_stopgrad_mask_centered_gate_neuron\result.json
neuron_search/screen_1_seed13_smoke_suppressed_stable_v1_rank_competition_memory_suppressed_bounded_centered_gate_neuron/result/standalone_longseq_anchor_train,1,255.0,10.835324839049695,10.835324839049695,255.0,4936754.0,json_report_history,E:\CODEXRESEARCH\RESEARCH-1\artifacts\benchmark_runs\language\neuron_search_20260605\manual_self\screen_1_seed13_smoke_suppressed_stable_v1_rank_competition_memory_suppressed_bounded_centered_gate_neuron\result.json
neuron_search/screen_1_seed13_smoke_rank_hybrid_cost_ablate_v1_rank_competition_memory_factor_centered_gate_neuron/result/standalone_longseq_anchor_train,1,255.0,10.838217191135183,10.838217191135183,255.0,4935654.0,json_report_history,E:\CODEXRESEARCH\RESEARCH-1\artifacts\benchmark_runs\language\neuron_search_20260605\manual_self\screen_1_seed13_smoke_rank_hybrid_cost_ablate_v1_rank_competition_memory_factor_centered_gate_neuron\result.json
neuron_search/screen_1_seed13_smoke_hidden_drop_p35_p40_v1_hidden_drop_p40_square_neuron/result/standalone_longseq_anchor_train,1,255.0,10.840410709381104,10.840410709381104,255.0,4936113.0,json_report_history,E:\CODEXRESEARCH\RESEARCH-1\artifacts\benchmark_runs\language\neuron_search_20260605\manual_self\screen_1_seed13_smoke_hidden_drop_p35_p40_v1_hidden_drop_p40_square_neuron\result.json
neuron_search/screen_1_seed13_smoke_hidden_drop_strength_v1_memory_energy_drop_square_neuron/result/standalone_longseq_anchor_train,1,255.0,10.840456485748291,10.840456485748291,255.0,4936113.0,json_report_history,E:\CODEXRESEARCH\RESEARCH-1\artifacts\benchmark_runs\language\neuron_search_20260605\manual_self\screen_1_seed13_smoke_hidden_drop_strength_v1_memory_energy_drop_square_neuron\result.json
neuron_search/screen_1_seed13_smoke_hidden_drop_p25_p30_v1_baseline/result/standalone_longseq_anchor_train,1,255.0,10.840487480163574,10.840487480163574,255.0,4936113.0,json_report_history,E:\CODEXRESEARCH\RESEARCH-1\artifacts\benchmark_runs\language\neuron_search_20260605\manual_self\screen_1_seed13_smoke_hidden_drop_p25_p30_v1_baseline\result.json
neuron_search/screen_1_seed13_smoke_hidden_drop_p35_p40_v1_hidden_drop_p35_square_neuron/result/standalone_longseq_anchor_train,1,255.0,10.840502738952637,10.840502738952637,255.0,4936113.0,json_report_history,E:\CODEXRESEARCH\RESEARCH-1\artifacts\benchmark_runs\language\neuron_search_20260605\manual_self\screen_1_seed13_smoke_hidden_drop_p35_p40_v1_hidden_drop_p35_square_neuron\result.json
neuron_search/screen_1_seed13_smoke_hidden_drop_p25_p30_v1_hidden_drop_p30_square_neuron/result/standalone_longseq_anchor_train,1,255.0,10.8405179977417,10.8405179977417,255.0,4936113.0,json_report_history,E:\CODEXRESEARCH\RESEARCH-1\artifacts\benchmark_runs\language\neuron_search_20260605\manual_self\screen_1_seed13_smoke_hidden_drop_p25_p30_v1_hidden_drop_p30_square_neuron\result.json
neuron_search/screen_1_seed13_smoke_hidden_drop_p25_p30_v1_hidden_drop_p25_square_neuron/result/standalone_longseq_anchor_train,1,255.0,10.840548515319824,10.840548515319824,255.0,4936113.0,json_report_history,E:\CODEXRESEARCH\RESEARCH-1\artifacts\benchmark_runs\language\neuron_search_20260605\manual_self\screen_1_seed13_smoke_hidden_drop_p25_p30_v1_hidden_drop_p25_square_neuron\result.json
neuron_search/screen_1_seed13_smoke_hidden_drop_strength_v1_hidden_drop_mid_square_neuron/result/standalone_longseq_anchor_train,1,255.0,10.840563774108887,10.840563774108887,255.0,4936113.0,json_report_history,E:\CODEXRESEARCH\RESEARCH-1\artifacts\benchmark_runs\language\neuron_search_20260605\manual_self\screen_1_seed13_smoke_hidden_drop_strength_v1_hidden_drop_mid_square_neuron\result.json
neuron_search/screen_1_seed13_smoke_rank_hybrid_cost_ablate_v1_rank_competition_memory_scalar_centered_gate_neuron/result/standalone_longseq_anchor_train,1,255.0,10.842466038348627,10.842466038348627,255.0,4935103.0,json_report_history,E:\CODEXRESEARCH\RESEARCH-1\artifacts\benchmark_runs\language\neuron_search_20260605\manual_self\screen_1_seed13_smoke_rank_hybrid_cost_ablate_v1_rank_competition_memory_scalar_centered_gate_neuron\result.json
neuron_search/screen_1_seed13_smoke_memory_gate_v2_phase_residual_memory_scalar_centered_gate_neuron/result/standalone_longseq_anchor_train,1,255.0,10.842589204451617,10.842589204451617,255.0,4935102.0,json_report_history,E:\CODEXRESEARCH\RESEARCH-1\artifacts\benchmark_runs\language\neuron_search_20260605\manual_self\screen_1_seed13_smoke_memory_gate_v2_phase_residual_memory_scalar_centered_gate_neuron\result.json
neuron_search/screen_1_seed13_smoke_memory_gate_v2_phase_residual_memory_scalar_gate_neuron/result/standalone_longseq_anchor_train,1,255.0,10.842660593519025,10.842660593519025,255.0,4935102.0,json_report_history,E:\CODEXRESEARCH\RESEARCH-1\artifacts\benchmark_runs\language\neuron_search_20260605\manual_self\screen_1_seed13_smoke_memory_gate_v2_phase_residual_memory_scalar_gate_neuron\result.json
neuron_search/screen_1_seed13_smoke_memory_square_gain_memory_square_scalar_gain_neuron/result/standalone_longseq_anchor_train,1,255.0,10.842679190168194,10.842679190168194,255.0,4934974.0,json_report_history,E:\CODEXRESEARCH\RESEARCH-1\artifacts\benchmark_runs\language\neuron_search_20260605\manual_self\screen_1_seed13_smoke_memory_square_gain_memory_square_scalar_gain_neuron\result.json
neuron_search/screen_1_seed13_smoke_conv_memory_agreement_memory_square_conv_agreement_gain_neuron/result/standalone_longseq_anchor_train,1,255.0,10.842679665135403,10.842679665135403,255.0,4934975.0,json_report_history,E:\CODEXRESEARCH\RESEARCH-1\artifacts\benchmark_runs\language\neuron_search_20260605\manual_self\screen_1_seed13_smoke_conv_memory_agreement_memory_square_conv_agreement_gain_neuron\result.json
neuron_search/screen_1_seed13_smoke_boundary_residual_v1_phase_residual_memory_boundary_scalar_gate_neuron/result/standalone_longseq_anchor_train,1,255.0,10.84269224054673,10.84269224054673,255.0,4935102.0,json_report_history,E:\CODEXRESEARCH\RESEARCH-1\artifacts\benchmark_runs\language\neuron_search_20260605\manual_self\screen_1_seed13_smoke_boundary_residual_v1_phase_residual_memory_boundary_scalar_gate_neuron\result.json
