label,tokens,val_loss,train_loss,step,params,kind,source
baseline/standalone_longseq_anchor_train,16320.0,10.832715392112732,9.59754753112793,64.0,15250481.0,json_report_history,E:\CODEXRESEARCH\RESEARCH-1\artifacts\benchmark_runs\language\neuron_search_20260605\agent04_rank_competition\baseline\result.json
baseline/standalone_longseq_anchor_train,16320.0,10.832715392112732,9.59754753112793,64.0,15250481.0,json_report_history,E:\CODEXRESEARCH\RESEARCH-1\artifacts\benchmark_runs\language\neuron_search_20260605\agent03_adaptive_basis\baseline\result.json
baseline/standalone_longseq_anchor_train,16320.0,10.832715392112732,9.59754753112793,64.0,15250481.0,json_report_history,E:\CODEXRESEARCH\RESEARCH-1\artifacts\benchmark_runs\language\neuron_search_20260605\agent02_conv_conditioned\baseline\result.json
baseline_screen/standalone_longseq_anchor_train,8160.0,10.833873510360718,8.986903190612793,32.0,7419489.0,json_report_history,E:\CODEXRESEARCH\RESEARCH-1\artifacts\benchmark_runs\language\neuron_search_20260605\agent02_conv_conditioned\round2\baseline_screen\result.json
baseline_screen/standalone_longseq_anchor_train,8160.0,10.833873510360718,8.986903190612793,32.0,7419489.0,json_report_history,E:\CODEXRESEARCH\RESEARCH-1\artifacts\benchmark_runs\language\neuron_search_20260605\agent01_memory_coupling\round2\baseline_screen\result.json
candidate_screen/standalone_longseq_anchor_train,8160.0,10.827611923217773,8.994543075561523,32.0,7456545.0,json_report_history,E:\CODEXRESEARCH\RESEARCH-1\artifacts\benchmark_runs\language\neuron_search_20260605\agent02_conv_conditioned\round2\candidate_screen\result.json
candidate_screen/standalone_longseq_anchor_train,8160.0,10.837329149246216,8.996628761291504,32.0,7425825.0,json_report_history,E:\CODEXRESEARCH\RESEARCH-1\artifacts\benchmark_runs\language\neuron_search_20260605\agent01_memory_coupling\round2\candidate_screen\result.json
candidate_v1/standalone_longseq_anchor_train,16320.0,10.83288323879242,9.597831726074219,64.0,15250485.0,json_report_history,E:\CODEXRESEARCH\RESEARCH-1\artifacts\benchmark_runs\language\neuron_search_20260605\agent04_rank_competition\candidate_v1\result.json
candidate_v1/standalone_longseq_anchor_train,16320.0,10.833111882209778,9.59893798828125,64.0,15260209.0,json_report_history,E:\CODEXRESEARCH\RESEARCH-1\artifacts\benchmark_runs\language\neuron_search_20260605\agent03_adaptive_basis\candidate_v1\result.json
candidate_v1/standalone_longseq_anchor_train,16320.0,10.830102562904358,9.607295989990234,64.0,15314417.0,json_report_history,E:\CODEXRESEARCH\RESEARCH-1\artifacts\benchmark_runs\language\neuron_search_20260605\agent02_conv_conditioned\candidate_v1\result.json
candidate_v2/standalone_longseq_anchor_train,16320.0,10.832782506942749,9.597482681274414,64.0,15250485.0,json_report_history,E:\CODEXRESEARCH\RESEARCH-1\artifacts\benchmark_runs\language\neuron_search_20260605\agent04_rank_competition\candidate_v2\result.json
candidate_v2/standalone_longseq_anchor_train,16320.0,10.832677960395813,9.597796440124512,64.0,15256625.0,json_report_history,E:\CODEXRESEARCH\RESEARCH-1\artifacts\benchmark_runs\language\neuron_search_20260605\agent03_adaptive_basis\candidate_v2\result.json
candidate_v2/standalone_longseq_anchor_train,16320.0,10.830073237419128,9.59925651550293,64.0,15289073.0,json_report_history,E:\CODEXRESEARCH\RESEARCH-1\artifacts\benchmark_runs\language\neuron_search_20260605\agent02_conv_conditioned\candidate_v2\result.json
chichen_anchor16_conv2_seq635_20m_192steps_20260603,60960.0,7.9445,8.7857,96.0,,log_eval,E:\CODEXRESEARCH\house_compute_hub\runs\20260603-141154-df2f95\Chichen-JoshS-10a81805.log
chichen_anchor16_conv2_seq635_20m_192steps_20260603,121920.0,7.6393,7.0738,192.0,,log_eval,E:\CODEXRESEARCH\house_compute_hub\runs\20260603-141154-df2f95\Chichen-JoshS-10a81805.log
chichen_anchor16_conv2_seq635_bigcache_20m_1000steps_20260603,317500.0,7.2746,8.1479,500.0,,log_eval,E:\CODEXRESEARCH\house_compute_hub\runs\20260603-142058-a4c3fc\Chichen-JoshS-10a81805.log
chichen_anchor16_conv2_seq635_bigcache_20m_1000steps_20260603,635000.0,7.0443,6.8154,1000.0,,log_eval,E:\CODEXRESEARCH\house_compute_hub\runs\20260603-142058-a4c3fc\Chichen-JoshS-10a81805.log
chichen_anchor16_seq635_20m_1000steps_20260603,317500.0,7.652,6.0339,500.0,,log_eval,E:\CODEXRESEARCH\house_compute_hub\runs\20260603-141316-f87bc8\Chichen-JoshS-10a81805.log
chichen_anchor16_seq635_20m_1000steps_20260603,635000.0,8.4534,4.8568,1000.0,,log_eval,E:\CODEXRESEARCH\house_compute_hub\runs\20260603-141316-f87bc8\Chichen-JoshS-10a81805.log
chichen_anchor16_seq635_20m_192steps_20260603,60960.0,7.8958,8.6904,96.0,,log_eval,E:\CODEXRESEARCH\house_compute_hub\runs\20260603-141027-dc89d1\Chichen-JoshS-10a81805.log
chichen_anchor16_seq635_20m_192steps_20260603,121920.0,7.6162,7.0339,192.0,,log_eval,E:\CODEXRESEARCH\house_compute_hub\runs\20260603-141027-dc89d1\Chichen-JoshS-10a81805.log
chichen_anchor16_seq635_bigcache_20m_1000steps_20260603,317500.0,7.2261,8.172,500.0,,log_eval,E:\CODEXRESEARCH\house_compute_hub\runs\20260603-141924-bb7c1b\Chichen-JoshS-10a81805.log
chichen_anchor16_seq635_bigcache_20m_1000steps_20260603,635000.0,7.0002,6.7607,1000.0,,log_eval,E:\CODEXRESEARCH\house_compute_hub\runs\20260603-141924-bb7c1b\Chichen-JoshS-10a81805.log
chichen_anchor2_dynoffset_seq635_bigcache_20m_3000steps_20260603,635000.0,6.835,6.5757,1000.0,,log_eval,E:\CODEXRESEARCH\house_compute_hub\runs\20260603-143148-1e82e0\Chichen-JoshS-10a81805.log
chichen_anchor2_dynoffset_seq635_bigcache_20m_3000steps_20260603,1270000.0,6.6214,7.5101,2000.0,,log_eval,E:\CODEXRESEARCH\house_compute_hub\runs\20260603-143148-1e82e0\Chichen-JoshS-10a81805.log
chichen_anchor2_dynoffset_seq635_bigcache_20m_3000steps_20260603,1905000.0,6.5183,6.4499,3000.0,,log_eval,E:\CODEXRESEARCH\house_compute_hub\runs\20260603-143148-1e82e0\Chichen-JoshS-10a81805.log
chichen_anchor2_seq635_bigcache_20m_3000steps_20260603,635000.0,6.8502,6.5668,1000.0,,log_eval,E:\CODEXRESEARCH\house_compute_hub\runs\20260603-142530-15952d\Chichen-JoshS-10a81805.log
chichen_anchor2_seq635_bigcache_20m_3000steps_20260603,1270000.0,6.6383,7.499,2000.0,,log_eval,E:\CODEXRESEARCH\house_compute_hub\runs\20260603-142530-15952d\Chichen-JoshS-10a81805.log
chichen_anchor2_seq635_bigcache_20m_3000steps_20260603,1905000.0,6.5222,6.4659,3000.0,,log_eval,E:\CODEXRESEARCH\house_compute_hub\runs\20260603-142530-15952d\Chichen-JoshS-10a81805.log
chichen_anchor32_seq635_bigcache_20m_1000steps_20260603,317500.0,7.3287,8.1606,500.0,,log_eval,E:\CODEXRESEARCH\house_compute_hub\runs\20260603-142404-2fa7db\Chichen-JoshS-10a81805.log
chichen_anchor32_seq635_bigcache_20m_1000steps_20260603,635000.0,7.0833,6.9058,1000.0,,log_eval,E:\CODEXRESEARCH\house_compute_hub\runs\20260603-142404-2fa7db\Chichen-JoshS-10a81805.log
chichen_anchor4_baseline_seq635_bigcache_20m_30mtok_20260603,7499985.0,6.211,6.3175,11811.0,,log_eval,E:\CODEXRESEARCH\house_compute_hub\runs\20260603-144034-c8e37a\Chichen-JoshS-10a81805.log
chichen_anchor4_baseline_seq635_bigcache_20m_30mtok_20260603,14999970.0,5.9494,5.7266,23622.0,,log_eval,E:\CODEXRESEARCH\house_compute_hub\runs\20260603-144034-c8e37a\Chichen-JoshS-10a81805.log
chichen_anchor4_baseline_seq635_bigcache_20m_30mtok_20260603,22499955.0,5.7943,5.8382,35433.0,,log_eval,E:\CODEXRESEARCH\house_compute_hub\runs\20260603-144034-c8e37a\Chichen-JoshS-10a81805.log
chichen_anchor4_baseline_seq635_bigcache_20m_30mtok_20260603,29999940.0,5.7425,6.0517,47244.0,,log_eval,E:\CODEXRESEARCH\house_compute_hub\runs\20260603-144034-c8e37a\Chichen-JoshS-10a81805.log
chichen_anchor4_chunkmem_seq635_bigcache_20m_30mtok_20260603,7499985.0,6.127,6.2269,11811.0,,log_eval,E:\CODEXRESEARCH\house_compute_hub\runs\20260603-144034-c8e37a\Chichen-JoshS-10a81805.log
chichen_anchor4_chunkmem_seq635_bigcache_20m_30mtok_20260603,14999970.0,5.807,5.6659,23622.0,,log_eval,E:\CODEXRESEARCH\house_compute_hub\runs\20260603-144034-c8e37a\Chichen-JoshS-10a81805.log
chichen_anchor4_chunkmem_seq635_bigcache_20m_30mtok_20260603,22499955.0,5.6435,5.7711,35433.0,,log_eval,E:\CODEXRESEARCH\house_compute_hub\runs\20260603-144034-c8e37a\Chichen-JoshS-10a81805.log
chichen_anchor4_chunkmem_seq635_bigcache_20m_30mtok_20260603,29999940.0,5.5715,5.9705,47244.0,,log_eval,E:\CODEXRESEARCH\house_compute_hub\runs\20260603-144034-c8e37a\Chichen-JoshS-10a81805.log
chichen_anchor4_dynoffset_seq635_bigcache_20m_3000steps_20260603,635000.0,6.8993,6.7721,1000.0,,log_eval,E:\CODEXRESEARCH\house_compute_hub\runs\20260603-143148-1e82e0\Chichen-JoshS-10a81805.log
chichen_anchor4_dynoffset_seq635_bigcache_20m_3000steps_20260603,1270000.0,6.6608,7.5675,2000.0,,log_eval,E:\CODEXRESEARCH\house_compute_hub\runs\20260603-143148-1e82e0\Chichen-JoshS-10a81805.log
chichen_anchor4_dynoffset_seq635_bigcache_20m_3000steps_20260603,1905000.0,6.5642,6.4274,3000.0,,log_eval,E:\CODEXRESEARCH\house_compute_hub\runs\20260603-143148-1e82e0\Chichen-JoshS-10a81805.log
chichen_anchor4_k127_seq635_bigcache_20m_3000steps_20260603,635000.0,6.9212,6.5592,1000.0,,log_eval,E:\CODEXRESEARCH\house_compute_hub\runs\20260603-143319-5e1de4\Chichen-JoshS-10a81805.log
chichen_anchor4_k127_seq635_bigcache_20m_3000steps_20260603,1270000.0,6.6989,7.6228,2000.0,,log_eval,E:\CODEXRESEARCH\house_compute_hub\runs\20260603-143319-5e1de4\Chichen-JoshS-10a81805.log
chichen_anchor4_k127_seq635_bigcache_20m_3000steps_20260603,1905000.0,6.582,6.5701,3000.0,,log_eval,E:\CODEXRESEARCH\house_compute_hub\runs\20260603-143319-5e1de4\Chichen-JoshS-10a81805.log
chichen_anchor4_k31_seq635_bigcache_20m_3000steps_20260603,635000.0,6.9157,6.5017,1000.0,,log_eval,E:\CODEXRESEARCH\house_compute_hub\runs\20260603-143319-5e1de4\Chichen-JoshS-10a81805.log
chichen_anchor4_k31_seq635_bigcache_20m_3000steps_20260603,1270000.0,6.6908,7.5894,2000.0,,log_eval,E:\CODEXRESEARCH\house_compute_hub\runs\20260603-143319-5e1de4\Chichen-JoshS-10a81805.log
chichen_anchor4_k31_seq635_bigcache_20m_3000steps_20260603,1905000.0,6.579,6.5791,3000.0,,log_eval,E:\CODEXRESEARCH\house_compute_hub\runs\20260603-143319-5e1de4\Chichen-JoshS-10a81805.log
chichen_anchor4_noconv_seq635_bigcache_20m_3000steps_20260603,635000.0,6.9034,6.488,1000.0,,log_eval,E:\CODEXRESEARCH\house_compute_hub\runs\20260603-143319-5e1de4\Chichen-JoshS-10a81805.log
chichen_anchor4_noconv_seq635_bigcache_20m_3000steps_20260603,1270000.0,6.6933,7.598,2000.0,,log_eval,E:\CODEXRESEARCH\house_compute_hub\runs\20260603-143319-5e1de4\Chichen-JoshS-10a81805.log
chichen_anchor4_noconv_seq635_bigcache_20m_3000steps_20260603,1905000.0,6.5931,6.6428,3000.0,,log_eval,E:\CODEXRESEARCH\house_compute_hub\runs\20260603-143319-5e1de4\Chichen-JoshS-10a81805.log
chichen_anchor4_noconv_seq635_bigcache_20m_30mtok_20260603,7499985.0,6.3036,6.4447,11811.0,,log_eval,E:\CODEXRESEARCH\house_compute_hub\runs\20260603-144034-c8e37a\Chichen-JoshS-10a81805.log
chichen_anchor4_noconv_seq635_bigcache_20m_30mtok_20260603,14999970.0,6.0972,5.9155,23622.0,,log_eval,E:\CODEXRESEARCH\house_compute_hub\runs\20260603-144034-c8e37a\Chichen-JoshS-10a81805.log
chichen_anchor4_noconv_seq635_bigcache_20m_30mtok_20260603,22499955.0,5.9943,5.9222,35433.0,,log_eval,E:\CODEXRESEARCH\house_compute_hub\runs\20260603-144034-c8e37a\Chichen-JoshS-10a81805.log
chichen_anchor4_noconv_seq635_bigcache_20m_30mtok_20260603,29999940.0,5.9507,6.1845,47244.0,,log_eval,E:\CODEXRESEARCH\house_compute_hub\runs\20260603-144034-c8e37a\Chichen-JoshS-10a81805.log
chichen_anchor4_prefixmem_seq635_bigcache_20m_30mtok_20260603,7499985.0,6.1158,6.2297,11811.0,,log_eval,E:\CODEXRESEARCH\house_compute_hub\runs\20260603-144034-c8e37a\Chichen-JoshS-10a81805.log
chichen_anchor4_prefixmem_seq635_bigcache_20m_30mtok_20260603,14999970.0,5.7837,5.6833,23622.0,,log_eval,E:\CODEXRESEARCH\house_compute_hub\runs\20260603-144034-c8e37a\Chichen-JoshS-10a81805.log
chichen_anchor4_prefixmem_seq635_bigcache_20m_30mtok_20260603,22499955.0,5.6161,5.752,35433.0,,log_eval,E:\CODEXRESEARCH\house_compute_hub\runs\20260603-144034-c8e37a\Chichen-JoshS-10a81805.log
chichen_anchor4_prefixmem_seq635_bigcache_20m_30mtok_20260603,29999940.0,5.5323,5.9559,47244.0,,log_eval,E:\CODEXRESEARCH\house_compute_hub\runs\20260603-144034-c8e37a\Chichen-JoshS-10a81805.log
chichen_anchor4_rank192_seq635_bigcache_3000steps_20260603,635000.0,6.8945,6.4726,1000.0,,log_eval,E:\CODEXRESEARCH\house_compute_hub\runs\20260603-143619-027d0a\Chichen-JoshS-10a81805.log
chichen_anchor4_rank192_seq635_bigcache_3000steps_20260603,1270000.0,6.6646,7.5861,2000.0,,log_eval,E:\CODEXRESEARCH\house_compute_hub\runs\20260603-143619-027d0a\Chichen-JoshS-10a81805.log
chichen_anchor4_rank192_seq635_bigcache_3000steps_20260603,1905000.0,6.5303,6.5326,3000.0,,log_eval,E:\CODEXRESEARCH\house_compute_hub\runs\20260603-143619-027d0a\Chichen-JoshS-10a81805.log
chichen_anchor4_rank64_seq635_bigcache_3000steps_20260603,635000.0,6.9205,6.5763,1000.0,,log_eval,E:\CODEXRESEARCH\house_compute_hub\runs\20260603-143619-027d0a\Chichen-JoshS-10a81805.log
chichen_anchor4_rank64_seq635_bigcache_3000steps_20260603,1270000.0,6.7031,7.6111,2000.0,,log_eval,E:\CODEXRESEARCH\house_compute_hub\runs\20260603-143619-027d0a\Chichen-JoshS-10a81805.log
chichen_anchor4_rank64_seq635_bigcache_3000steps_20260603,1905000.0,6.5965,6.5894,3000.0,,log_eval,E:\CODEXRESEARCH\house_compute_hub\runs\20260603-143619-027d0a\Chichen-JoshS-10a81805.log
chichen_anchor4_seq635_bigcache_20m_1000steps_20260603,317500.0,7.0863,7.7542,500.0,,log_eval,E:\CODEXRESEARCH\house_compute_hub\runs\20260603-142404-2fa7db\Chichen-JoshS-10a81805.log
chichen_anchor4_seq635_bigcache_20m_1000steps_20260603,635000.0,6.8821,6.5753,1000.0,,log_eval,E:\CODEXRESEARCH\house_compute_hub\runs\20260603-142404-2fa7db\Chichen-JoshS-10a81805.log
chichen_anchor4_seq635_bigcache_20m_3000steps_20260603,635000.0,6.9008,6.4777,1000.0,,log_eval,E:\CODEXRESEARCH\house_compute_hub\runs\20260603-142530-15952d\Chichen-JoshS-10a81805.log
chichen_anchor4_seq635_bigcache_20m_3000steps_20260603,1270000.0,6.6834,7.5602,2000.0,,log_eval,E:\CODEXRESEARCH\house_compute_hub\runs\20260603-142530-15952d\Chichen-JoshS-10a81805.log
chichen_anchor4_seq635_bigcache_20m_3000steps_20260603,1905000.0,6.5654,6.5838,3000.0,,log_eval,E:\CODEXRESEARCH\house_compute_hub\runs\20260603-142530-15952d\Chichen-JoshS-10a81805.log
chichen_anchor4_vocab4096_seq635_bigcache_20m_3000steps_20260603,635000.0,6.9729,6.3358,1000.0,,log_eval,E:\CODEXRESEARCH\house_compute_hub\runs\20260603-142822-bc48e6\Chichen-JoshS-10a81805.log
chichen_anchor4_vocab4096_seq635_bigcache_20m_3000steps_20260603,1270000.0,6.7752,7.3877,2000.0,,log_eval,E:\CODEXRESEARCH\house_compute_hub\runs\20260603-142822-bc48e6\Chichen-JoshS-10a81805.log
chichen_anchor4_vocab4096_seq635_bigcache_20m_3000steps_20260603,1905000.0,6.6537,6.4359,3000.0,,log_eval,E:\CODEXRESEARCH\house_compute_hub\runs\20260603-142822-bc48e6\Chichen-JoshS-10a81805.log
chichen_anchor4_vocab8192_seq635_bigcache_20m_3000steps_20260603,635000.0,6.9255,6.4285,1000.0,,log_eval,E:\CODEXRESEARCH\house_compute_hub\runs\20260603-142822-bc48e6\Chichen-JoshS-10a81805.log
chichen_anchor4_vocab8192_seq635_bigcache_20m_3000steps_20260603,1270000.0,6.7195,7.4957,2000.0,,log_eval,E:\CODEXRESEARCH\house_compute_hub\runs\20260603-142822-bc48e6\Chichen-JoshS-10a81805.log
chichen_anchor4_vocab8192_seq635_bigcache_20m_3000steps_20260603,1905000.0,6.6003,6.5151,3000.0,,log_eval,E:\CODEXRESEARCH\house_compute_hub\runs\20260603-142822-bc48e6\Chichen-JoshS-10a81805.log
chichen_anchor8_seq635_20m_1000steps_20260603,317500.0,7.5712,6.0556,500.0,,log_eval,E:\CODEXRESEARCH\house_compute_hub\runs\20260603-141316-f87bc8\Chichen-JoshS-10a81805.log
chichen_anchor8_seq635_20m_1000steps_20260603,635000.0,8.4774,4.8469,1000.0,,log_eval,E:\CODEXRESEARCH\house_compute_hub\runs\20260603-141316-f87bc8\Chichen-JoshS-10a81805.log
chichen_anchor8_seq635_20m_192steps_20260603,60960.0,7.8227,8.4775,96.0,,log_eval,E:\CODEXRESEARCH\house_compute_hub\runs\20260603-141154-df2f95\Chichen-JoshS-10a81805.log
chichen_anchor8_seq635_20m_192steps_20260603,121920.0,7.5482,7.2041,192.0,,log_eval,E:\CODEXRESEARCH\house_compute_hub\runs\20260603-141154-df2f95\Chichen-JoshS-10a81805.log
chichen_anchor8_seq635_bigcache_20m_1000steps_20260603,317500.0,7.1559,7.8827,500.0,,log_eval,E:\CODEXRESEARCH\house_compute_hub\runs\20260603-141924-bb7c1b\Chichen-JoshS-10a81805.log
chichen_anchor8_seq635_bigcache_20m_1000steps_20260603,635000.0,6.9346,6.6149,1000.0,,log_eval,E:\CODEXRESEARCH\house_compute_hub\runs\20260603-141924-bb7c1b\Chichen-JoshS-10a81805.log
language_candidate_dynamic_token_basis_seed13/dynamic_token_basis,0.0,10.811309337615967,,0.0,8100584.0,json_history,E:\CODEXRESEARCH\RESEARCH-1\artifacts\benchmark_runs\language\language_candidate_dynamic_token_basis_seed13.json
language_candidate_dynamic_token_basis_seed13/dynamic_token_basis,16256.0,9.968525409698486,9.882165908813477,8.0,8100584.0,json_history,E:\CODEXRESEARCH\RESEARCH-1\artifacts\benchmark_runs\language\language_candidate_dynamic_token_basis_seed13.json
language_candidate_dynamic_token_basis_seed13/dynamic_token_basis,32512.0,9.59364366531372,9.454092979431152,16.0,8100584.0,json_history,E:\CODEXRESEARCH\RESEARCH-1\artifacts\benchmark_runs\language\language_candidate_dynamic_token_basis_seed13.json
language_candidate_dynamic_token_basis_seed13/partial_untied,0.0,10.828512191772461,,0.0,8069555.0,json_history,E:\CODEXRESEARCH\RESEARCH-1\artifacts\benchmark_runs\language\language_candidate_dynamic_token_basis_seed13.json
language_candidate_dynamic_token_basis_seed13/partial_untied,16256.0,9.953996658325195,9.84192943572998,8.0,8069555.0,json_history,E:\CODEXRESEARCH\RESEARCH-1\artifacts\benchmark_runs\language\language_candidate_dynamic_token_basis_seed13.json
language_candidate_dynamic_token_basis_seed13/partial_untied,32512.0,9.539832592010498,9.45785903930664,16.0,8069555.0,json_history,E:\CODEXRESEARCH\RESEARCH-1\artifacts\benchmark_runs\language\language_candidate_dynamic_token_basis_seed13.json
language_candidate_learned_compressor_smoke/chunk_mean_token_memory,0.0,10.937319278717041,,0.0,8185121.0,json_history,E:\CODEXRESEARCH\RESEARCH-1\artifacts\benchmark_runs\language\language_candidate_learned_compressor_smoke.json
language_candidate_learned_compressor_smoke/chunk_mean_token_memory,16256.0,9.7405424118042,9.826080322265625,8.0,8185121.0,json_history,E:\CODEXRESEARCH\RESEARCH-1\artifacts\benchmark_runs\language\language_candidate_learned_compressor_smoke.json
language_candidate_learned_compressor_smoke/chunk_mean_token_memory,32512.0,8.258945941925049,8.493160247802734,16.0,8185121.0,json_history,E:\CODEXRESEARCH\RESEARCH-1\artifacts\benchmark_runs\language\language_candidate_learned_compressor_smoke.json
language_candidate_learned_compressor_smoke/learned_chunk_writer,0.0,10.828388690948486,,0.0,8269221.0,json_history,E:\CODEXRESEARCH\RESEARCH-1\artifacts\benchmark_runs\language\language_candidate_learned_compressor_smoke.json
language_candidate_learned_compressor_smoke/learned_chunk_writer,16256.0,9.91069221496582,9.889801979064941,8.0,8269221.0,json_history,E:\CODEXRESEARCH\RESEARCH-1\artifacts\benchmark_runs\language\language_candidate_learned_compressor_smoke.json
language_candidate_learned_compressor_smoke/learned_chunk_writer,32512.0,8.476416110992432,8.654769897460938,16.0,8269221.0,json_history,E:\CODEXRESEARCH\RESEARCH-1\artifacts\benchmark_runs\language\language_candidate_learned_compressor_smoke.json
language_candidate_learned_compressor_smoke/partial_untied,0.0,10.82751989364624,,0.0,8143795.0,json_history,E:\CODEXRESEARCH\RESEARCH-1\artifacts\benchmark_runs\language\language_candidate_learned_compressor_smoke.json
language_candidate_learned_compressor_smoke/partial_untied,16256.0,9.960686683654785,9.851961135864258,8.0,8143795.0,json_history,E:\CODEXRESEARCH\RESEARCH-1\artifacts\benchmark_runs\language\language_candidate_learned_compressor_smoke.json
language_candidate_learned_compressor_smoke/partial_untied,32512.0,9.543873310089111,9.460618019104004,16.0,8143795.0,json_history,E:\CODEXRESEARCH\RESEARCH-1\artifacts\benchmark_runs\language\language_candidate_learned_compressor_smoke.json
language_candidate_local_global_memory_cheap/local_global_partial_memory,0.0,10.864775657653809,,0.0,8712325.0,json_history,E:\CODEXRESEARCH\RESEARCH-1\artifacts\benchmark_runs\language\language_candidate_local_global_memory_cheap.json
language_candidate_local_global_memory_cheap/local_global_partial_memory,16256.0,9.687854290008545,9.538566589355469,8.0,8712325.0,json_history,E:\CODEXRESEARCH\RESEARCH-1\artifacts\benchmark_runs\language\language_candidate_local_global_memory_cheap.json
language_candidate_local_global_memory_cheap/local_global_partial_memory,32512.0,8.82525110244751,8.988801956176758,16.0,8712325.0,json_history,E:\CODEXRESEARCH\RESEARCH-1\artifacts\benchmark_runs\language\language_candidate_local_global_memory_cheap.json
language_candidate_local_global_memory_cheap/partial_untied,0.0,10.826557636260986,,0.0,8292275.0,json_history,E:\CODEXRESEARCH\RESEARCH-1\artifacts\benchmark_runs\language\language_candidate_local_global_memory_cheap.json
language_candidate_local_global_memory_cheap/partial_untied,16256.0,9.9623703956604,9.851923942565918,8.0,8292275.0,json_history,E:\CODEXRESEARCH\RESEARCH-1\artifacts\benchmark_runs\language\language_candidate_local_global_memory_cheap.json
language_candidate_local_global_memory_cheap/partial_untied,32512.0,9.547088146209717,9.46518325805664,16.0,8292275.0,json_history,E:\CODEXRESEARCH\RESEARCH-1\artifacts\benchmark_runs\language\language_candidate_local_global_memory_cheap.json
language_candidate_slot_memory_cheap/partial_untied,0.0,10.82751989364624,,0.0,8143795.0,json_history,E:\CODEXRESEARCH\RESEARCH-1\artifacts\benchmark_runs\language\language_candidate_slot_memory_cheap.json
language_candidate_slot_memory_cheap/partial_untied,16256.0,9.960673332214355,9.851913452148438,8.0,8143795.0,json_history,E:\CODEXRESEARCH\RESEARCH-1\artifacts\benchmark_runs\language\language_candidate_slot_memory_cheap.json
language_candidate_slot_memory_cheap/partial_untied,32512.0,9.543927192687988,9.460628509521484,16.0,8143795.0,json_history,E:\CODEXRESEARCH\RESEARCH-1\artifacts\benchmark_runs\language\language_candidate_slot_memory_cheap.json
language_candidate_slot_memory_cheap/slot_memory_candidate,0.0,10.959012985229492,,0.0,8102601.0,json_history,E:\CODEXRESEARCH\RESEARCH-1\artifacts\benchmark_runs\language\language_candidate_slot_memory_cheap.json
language_candidate_slot_memory_cheap/slot_memory_candidate,16256.0,10.096675872802734,10.03250503540039,8.0,8102601.0,json_history,E:\CODEXRESEARCH\RESEARCH-1\artifacts\benchmark_runs\language\language_candidate_slot_memory_cheap.json
language_candidate_slot_memory_cheap/slot_memory_candidate,32512.0,9.710272312164307,9.579310417175293,16.0,8102601.0,json_history,E:\CODEXRESEARCH\RESEARCH-1\artifacts\benchmark_runs\language\language_candidate_slot_memory_cheap.json
language_hrm_text_component_probe_synthetic_20260602/hrm_text_component_probe,0.0,40.88986078898112,,0.0,1623747.0,json_history,E:\CODEXRESEARCH\RESEARCH-1\artifacts\benchmark_runs\language\language_hrm_text_component_probe_synthetic_20260602.json
language_hrm_text_component_probe_synthetic_20260602/hrm_text_component_probe,8064.0,38.64756774902344,40.37022399902344,8.0,1623747.0,json_history,E:\CODEXRESEARCH\RESEARCH-1\artifacts\benchmark_runs\language\language_hrm_text_component_probe_synthetic_20260602.json
language_hrm_text_component_probe_synthetic_20260602/hrm_text_component_probe,16128.0,22.709529240926106,23.835298538208008,16.0,1623747.0,json_history,E:\CODEXRESEARCH\RESEARCH-1\artifacts\benchmark_runs\language\language_hrm_text_component_probe_synthetic_20260602.json
language_hrm_text_component_probe_synthetic_20260602/magic_norm_partial_untied,0.0,41.074334462483726,,0.0,1042130.0,json_history,E:\CODEXRESEARCH\RESEARCH-1\artifacts\benchmark_runs\language\language_hrm_text_component_probe_synthetic_20260602.json
language_hrm_text_component_probe_synthetic_20260602/magic_norm_partial_untied,8064.0,26.3454532623291,28.313629150390625,8.0,1042130.0,json_history,E:\CODEXRESEARCH\RESEARCH-1\artifacts\benchmark_runs\language\language_hrm_text_component_probe_synthetic_20260602.json
language_hrm_text_component_probe_synthetic_20260602/magic_norm_partial_untied,16128.0,19.62814776102702,20.515644073486328,16.0,1042130.0,json_history,E:\CODEXRESEARCH\RESEARCH-1\artifacts\benchmark_runs\language\language_hrm_text_component_probe_synthetic_20260602.json
language_hrm_text_component_probe_synthetic_20260602/partial_untied,0.0,7.683088779449463,,0.0,1042130.0,json_history,E:\CODEXRESEARCH\RESEARCH-1\artifacts\benchmark_runs\language\language_hrm_text_component_probe_synthetic_20260602.json
language_hrm_text_component_probe_synthetic_20260602/partial_untied,8064.0,7.645859082539876,7.650224208831787,8.0,1042130.0,json_history,E:\CODEXRESEARCH\RESEARCH-1\artifacts\benchmark_runs\language\language_hrm_text_component_probe_synthetic_20260602.json
language_hrm_text_component_probe_synthetic_20260602/partial_untied,16128.0,7.639158725738525,7.631150245666504,16.0,1042130.0,json_history,E:\CODEXRESEARCH\RESEARCH-1\artifacts\benchmark_runs\language\language_hrm_text_component_probe_synthetic_20260602.json
language_longseq_anchor16_100m_seq10160_seed13_20260602/causal_conv_mixer_sampled_vocab_anchor16,100004880.0,5.727572545409203,5.940791130065918,9843.0,20034967.0,json_history,E:\CODEXRESEARCH\RESEARCH-1\artifacts\benchmark_runs\language\language_longseq_anchor16_100m_seq10160_seed13_20260602.json
language_longseq_anchor16_160m_cosine_speed_probe_20260603/causal_conv_mixer_sampled_vocab_anchor16,1219200.0,7.336325645446777,6.999418258666992,120.0,160000566.0,json_history,E:\CODEXRESEARCH\RESEARCH-1\artifacts\benchmark_runs\language\language_longseq_anchor16_160m_cosine_speed_probe_20260603.json
language_longseq_anchor16_40m_100m_seq10160_seed13_20260602/causal_conv_mixer_sampled_vocab_anchor16,100004880.0,5.607791304588318,5.8219499588012695,9843.0,40100417.0,json_history,E:\CODEXRESEARCH\RESEARCH-1\artifacts\benchmark_runs\language\language_longseq_anchor16_40m_100m_seq10160_seed13_20260602.json
language_longseq_anchor16_40m_300m_seq10160_seed13_20260602/causal_conv_mixer_sampled_vocab_anchor16,100004880.0,5.607791304588318,5.8219499588012695,9843.0,40100417.0,json_history,E:\CODEXRESEARCH\RESEARCH-1\artifacts\benchmark_runs\language\language_longseq_anchor16_40m_300m_seq10160_seed13_20260602.json
language_longseq_anchor16_40m_300m_seq10160_seed13_20260602/causal_conv_mixer_sampled_vocab_anchor16,300014640.0,5.357350170612335,5.063565254211426,29529.0,40100417.0,json_history,E:\CODEXRESEARCH\RESEARCH-1\artifacts\benchmark_runs\language\language_longseq_anchor16_40m_300m_seq10160_seed13_20260602.json
language_longseq_anchor16_40m_600m_seq10160_seed13_20260602/causal_conv_mixer_sampled_vocab_anchor16,100004880.0,5.607791304588318,5.8219499588012695,9843.0,40100417.0,json_history,E:\CODEXRESEARCH\RESEARCH-1\artifacts\benchmark_runs\language\language_longseq_anchor16_40m_600m_seq10160_seed13_20260602.json
language_longseq_anchor16_40m_600m_seq10160_seed13_20260602/causal_conv_mixer_sampled_vocab_anchor16,300014640.0,5.357350170612335,5.063565254211426,29529.0,40100417.0,json_history,E:\CODEXRESEARCH\RESEARCH-1\artifacts\benchmark_runs\language\language_longseq_anchor16_40m_600m_seq10160_seed13_20260602.json
language_longseq_anchor16_40m_600m_seq10160_seed13_20260602/causal_conv_mixer_sampled_vocab_anchor16,600029280.0,5.094722971320152,4.984676361083984,59058.0,40100417.0,json_history,E:\CODEXRESEARCH\RESEARCH-1\artifacts\benchmark_runs\language\language_longseq_anchor16_40m_600m_seq10160_seed13_20260602.json
language_longseq_anchor16_80m_2b_lr1e3_seq10160_seed13_20260603/causal_conv_mixer_sampled_vocab_anchor16,0.0,10.829497367143631,,0.0,79999460.0,json_history,E:\CODEXRESEARCH\RESEARCH-1\artifacts\benchmark_runs\language\language_longseq_anchor16_80m_2b_lr1e3_seq10160_seed13_20260603.json
language_longseq_anchor16_80m_2b_lr1e3_seq10160_seed13_20260603/causal_conv_mixer_sampled_vocab_anchor16,100004880.0,5.611664071679115,5.470432281494141,9843.0,79999460.0,json_history,E:\CODEXRESEARCH\RESEARCH-1\artifacts\benchmark_runs\language\language_longseq_anchor16_80m_2b_lr1e3_seq10160_seed13_20260603.json
language_longseq_anchor16_80m_2b_lr1e3_seq10160_seed13_20260603/causal_conv_mixer_sampled_vocab_anchor16,200009760.0,5.350542351603508,5.535058498382568,19686.0,79999460.0,json_history,E:\CODEXRESEARCH\RESEARCH-1\artifacts\benchmark_runs\language\language_longseq_anchor16_80m_2b_lr1e3_seq10160_seed13_20260603.json
language_longseq_anchor16_80m_2b_lr1e3_seq10160_seed13_20260603/causal_conv_mixer_sampled_vocab_anchor16,300014640.0,5.211947754025459,5.016024589538574,29529.0,79999460.0,json_history,E:\CODEXRESEARCH\RESEARCH-1\artifacts\benchmark_runs\language\language_longseq_anchor16_80m_2b_lr1e3_seq10160_seed13_20260603.json
language_longseq_anchor16_80m_2b_lr1e3_seq10160_seed13_20260603/causal_conv_mixer_sampled_vocab_anchor16,400019520.0,5.135958731174469,4.990780830383301,39372.0,79999460.0,json_history,E:\CODEXRESEARCH\RESEARCH-1\artifacts\benchmark_runs\language\language_longseq_anchor16_80m_2b_lr1e3_seq10160_seed13_20260603.json
language_longseq_anchor16_80m_2b_lr1e3_seq10160_seed13_20260603/causal_conv_mixer_sampled_vocab_anchor16,500024400.0,5.071734294295311,5.04383659362793,49215.0,79999460.0,json_history,E:\CODEXRESEARCH\RESEARCH-1\artifacts\benchmark_runs\language\language_longseq_anchor16_80m_2b_lr1e3_seq10160_seed13_20260603.json
language_longseq_anchor16_80m_2b_lr1e3_seq10160_seed13_20260603/causal_conv_mixer_sampled_vocab_anchor16,600029280.0,5.036295384168625,4.775114059448242,59058.0,79999460.0,json_history,E:\CODEXRESEARCH\RESEARCH-1\artifacts\benchmark_runs\language\language_longseq_anchor16_80m_2b_lr1e3_seq10160_seed13_20260603.json
language_longseq_anchor16_80m_2b_lr1e3_seq10160_seed13_20260603/causal_conv_mixer_sampled_vocab_anchor16,700034160.0,5.001431107521057,4.728560447692871,68901.0,79999460.0,json_history,E:\CODEXRESEARCH\RESEARCH-1\artifacts\benchmark_runs\language\language_longseq_anchor16_80m_2b_lr1e3_seq10160_seed13_20260603.json
language_longseq_anchor16_80m_2b_lr1e3_seq10160_seed13_20260603/causal_conv_mixer_sampled_vocab_anchor16,800039040.0,4.978268176317215,4.549887657165527,78744.0,79999460.0,json_history,E:\CODEXRESEARCH\RESEARCH-1\artifacts\benchmark_runs\language\language_longseq_anchor16_80m_2b_lr1e3_seq10160_seed13_20260603.json
language_longseq_anchor16_80m_2b_lr1e3_seq10160_seed13_20260603/causal_conv_mixer_sampled_vocab_anchor16,900043920.0,4.965719997882843,4.8510332107543945,88587.0,79999460.0,json_history,E:\CODEXRESEARCH\RESEARCH-1\artifacts\benchmark_runs\language\language_longseq_anchor16_80m_2b_lr1e3_seq10160_seed13_20260603.json
language_longseq_anchor16_80m_2b_lr1e3_seq10160_seed13_20260603/causal_conv_mixer_sampled_vocab_anchor16,1000048800.0,4.930744215846062,4.643503189086914,98430.0,79999460.0,json_history,E:\CODEXRESEARCH\RESEARCH-1\artifacts\benchmark_runs\language\language_longseq_anchor16_80m_2b_lr1e3_seq10160_seed13_20260603.json
language_longseq_anchor16_80m_2b_lr1e3_seq10160_seed13_20260603/causal_conv_mixer_sampled_vocab_anchor16,1100053680.0,4.923869073390961,5.225663185119629,108273.0,79999460.0,json_history,E:\CODEXRESEARCH\RESEARCH-1\artifacts\benchmark_runs\language\language_longseq_anchor16_80m_2b_lr1e3_seq10160_seed13_20260603.json
language_longseq_anchor16_80m_2b_lr1e3_seq10160_seed13_20260603/causal_conv_mixer_sampled_vocab_anchor16,1200058560.0,4.914090633392334,4.945501327514648,118116.0,79999460.0,json_history,E:\CODEXRESEARCH\RESEARCH-1\artifacts\benchmark_runs\language\language_longseq_anchor16_80m_2b_lr1e3_seq10160_seed13_20260603.json
language_longseq_anchor16_80m_2b_lr1e3_seq10160_seed13_20260603/causal_conv_mixer_sampled_vocab_anchor16,1300063440.0,4.888244584202766,4.4933061599731445,127959.0,79999460.0,json_history,E:\CODEXRESEARCH\RESEARCH-1\artifacts\benchmark_runs\language\language_longseq_anchor16_80m_2b_lr1e3_seq10160_seed13_20260603.json
language_longseq_anchor16_80m_2b_lr1e3_seq10160_seed13_20260603/causal_conv_mixer_sampled_vocab_anchor16,1400068320.0,4.872741833329201,4.618273735046387,137802.0,79999460.0,json_history,E:\CODEXRESEARCH\RESEARCH-1\artifacts\benchmark_runs\language\language_longseq_anchor16_80m_2b_lr1e3_seq10160_seed13_20260603.json
language_longseq_anchor16_80m_2b_lr1e3_seq10160_seed13_20260603/causal_conv_mixer_sampled_vocab_anchor16,1500073200.0,4.868787184357643,4.9318389892578125,147645.0,79999460.0,json_history,E:\CODEXRESEARCH\RESEARCH-1\artifacts\benchmark_runs\language\language_longseq_anchor16_80m_2b_lr1e3_seq10160_seed13_20260603.json
language_longseq_anchor16_80m_2b_lr1e3_seq10160_seed13_20260603/causal_conv_mixer_sampled_vocab_anchor16,1600078080.0,4.8796427100896835,4.927633285522461,157488.0,79999460.0,json_history,E:\CODEXRESEARCH\RESEARCH-1\artifacts\benchmark_runs\language\language_longseq_anchor16_80m_2b_lr1e3_seq10160_seed13_20260603.json
language_longseq_anchor16_80m_2b_lr1e3_seq10160_seed13_20260603/causal_conv_mixer_sampled_vocab_anchor16,1700082960.0,4.842793866991997,4.7128586769104,167331.0,79999460.0,json_history,E:\CODEXRESEARCH\RESEARCH-1\artifacts\benchmark_runs\language\language_longseq_anchor16_80m_2b_lr1e3_seq10160_seed13_20260603.json
language_longseq_anchor16_80m_2b_lr1e3_seq10160_seed13_20260603/causal_conv_mixer_sampled_vocab_anchor16,1800087840.0,4.816918730735779,5.080331325531006,177174.0,79999460.0,json_history,E:\CODEXRESEARCH\RESEARCH-1\artifacts\benchmark_runs\language\language_longseq_anchor16_80m_2b_lr1e3_seq10160_seed13_20260603.json
language_longseq_anchor16_80m_2b_lr1e3_seq10160_seed13_20260603/causal_conv_mixer_sampled_vocab_anchor16,1900092720.0,4.831647455692291,5.069347381591797,187017.0,79999460.0,json_history,E:\CODEXRESEARCH\RESEARCH-1\artifacts\benchmark_runs\language\language_longseq_anchor16_80m_2b_lr1e3_seq10160_seed13_20260603.json
language_longseq_anchor16_80m_2b_lr1e3_seq10160_seed13_20260603/causal_conv_mixer_sampled_vocab_anchor16,2000006160.0,4.826209872961044,4.8441314697265625,196851.0,79999460.0,json_history,E:\CODEXRESEARCH\RESEARCH-1\artifacts\benchmark_runs\language\language_longseq_anchor16_80m_2b_lr1e3_seq10160_seed13_20260603.json
language_longseq_anchor16_80m_fresh1b_after2b_seq10160_seed13_20260603/causal_conv_mixer_sampled_vocab_anchor16,0.0,10.829497367143631,,0.0,79999460.0,json_history,E:\CODEXRESEARCH\RESEARCH-1\artifacts\benchmark_runs\language\longseq_anchor16_80m_fresh1b_after2b_20260603\language_longseq_anchor16_80m_fresh1b_after2b_seq10160_seed13_20260603.json
language_longseq_anchor16_80m_fresh1b_after2b_seq10160_seed13_20260603/causal_conv_mixer_sampled_vocab_anchor16,100004880.0,5.611664071679115,5.470432281494141,9843.0,79999460.0,json_history,E:\CODEXRESEARCH\RESEARCH-1\artifacts\benchmark_runs\language\longseq_anchor16_80m_fresh1b_after2b_20260603\language_longseq_anchor16_80m_fresh1b_after2b_seq10160_seed13_20260603.json
language_longseq_anchor16_80m_fresh1b_after2b_seq10160_seed13_20260603/causal_conv_mixer_sampled_vocab_anchor16,200009760.0,5.350542351603508,5.535058498382568,19686.0,79999460.0,json_history,E:\CODEXRESEARCH\RESEARCH-1\artifacts\benchmark_runs\language\longseq_anchor16_80m_fresh1b_after2b_20260603\language_longseq_anchor16_80m_fresh1b_after2b_seq10160_seed13_20260603.json
language_longseq_anchor16_80m_fresh1b_after2b_seq10160_seed13_20260603/causal_conv_mixer_sampled_vocab_anchor16,300014640.0,5.211947754025459,5.016024589538574,29529.0,79999460.0,json_history,E:\CODEXRESEARCH\RESEARCH-1\artifacts\benchmark_runs\language\longseq_anchor16_80m_fresh1b_after2b_20260603\language_longseq_anchor16_80m_fresh1b_after2b_seq10160_seed13_20260603.json
language_longseq_anchor16_80m_fresh1b_after2b_seq10160_seed13_20260603/causal_conv_mixer_sampled_vocab_anchor16,400019520.0,5.135958731174469,4.990780830383301,39372.0,79999460.0,json_history,E:\CODEXRESEARCH\RESEARCH-1\artifacts\benchmark_runs\language\longseq_anchor16_80m_fresh1b_after2b_20260603\language_longseq_anchor16_80m_fresh1b_after2b_seq10160_seed13_20260603.json
language_longseq_anchor16_80m_fresh1b_after2b_seq10160_seed13_20260603/causal_conv_mixer_sampled_vocab_anchor16,500024400.0,5.071734294295311,5.04383659362793,49215.0,79999460.0,json_history,E:\CODEXRESEARCH\RESEARCH-1\artifacts\benchmark_runs\language\longseq_anchor16_80m_fresh1b_after2b_20260603\language_longseq_anchor16_80m_fresh1b_after2b_seq10160_seed13_20260603.json
language_longseq_anchor16_80m_fresh1b_after2b_seq10160_seed13_20260603/causal_conv_mixer_sampled_vocab_anchor16,600029280.0,5.036295384168625,4.775114059448242,59058.0,79999460.0,json_history,E:\CODEXRESEARCH\RESEARCH-1\artifacts\benchmark_runs\language\longseq_anchor16_80m_fresh1b_after2b_20260603\language_longseq_anchor16_80m_fresh1b_after2b_seq10160_seed13_20260603.json
language_longseq_anchor16_80m_fresh1b_after2b_seq10160_seed13_20260603/causal_conv_mixer_sampled_vocab_anchor16,700034160.0,5.001431107521057,4.728560447692871,68901.0,79999460.0,json_history,E:\CODEXRESEARCH\RESEARCH-1\artifacts\benchmark_runs\language\longseq_anchor16_80m_fresh1b_after2b_20260603\language_longseq_anchor16_80m_fresh1b_after2b_seq10160_seed13_20260603.json
language_longseq_anchor16_80m_fresh1b_after2b_seq10160_seed13_20260603/causal_conv_mixer_sampled_vocab_anchor16,800039040.0,4.978268176317215,4.549887657165527,78744.0,79999460.0,json_history,E:\CODEXRESEARCH\RESEARCH-1\artifacts\benchmark_runs\language\longseq_anchor16_80m_fresh1b_after2b_20260603\language_longseq_anchor16_80m_fresh1b_after2b_seq10160_seed13_20260603.json
language_longseq_anchor16_80m_fresh1b_after2b_seq10160_seed13_20260603/causal_conv_mixer_sampled_vocab_anchor16,900043920.0,4.965719997882843,4.8510332107543945,88587.0,79999460.0,json_history,E:\CODEXRESEARCH\RESEARCH-1\artifacts\benchmark_runs\language\longseq_anchor16_80m_fresh1b_after2b_20260603\language_longseq_anchor16_80m_fresh1b_after2b_seq10160_seed13_20260603.json
language_longseq_anchor16_80m_fresh1b_after2b_seq10160_seed13_20260603/causal_conv_mixer_sampled_vocab_anchor16,1000048800.0,4.930744215846062,4.643503189086914,98430.0,79999460.0,json_history,E:\CODEXRESEARCH\RESEARCH-1\artifacts\benchmark_runs\language\longseq_anchor16_80m_fresh1b_after2b_20260603\language_longseq_anchor16_80m_fresh1b_after2b_seq10160_seed13_20260603.json
language_longseq_anchor16_80m_fresh1b_after2b_seq10160_seed13_20260603/causal_conv_mixer_sampled_vocab_anchor16,1100053680.0,4.923869073390961,5.225663185119629,108273.0,79999460.0,json_history,E:\CODEXRESEARCH\RESEARCH-1\artifacts\benchmark_runs\language\longseq_anchor16_80m_fresh1b_after2b_20260603\language_longseq_anchor16_80m_fresh1b_after2b_seq10160_seed13_20260603.json
language_longseq_anchor16_80m_fresh1b_after2b_seq10160_seed13_20260603/causal_conv_mixer_sampled_vocab_anchor16,1200058560.0,4.914090633392334,4.945501327514648,118116.0,79999460.0,json_history,E:\CODEXRESEARCH\RESEARCH-1\artifacts\benchmark_runs\language\longseq_anchor16_80m_fresh1b_after2b_20260603\language_longseq_anchor16_80m_fresh1b_after2b_seq10160_seed13_20260603.json
language_longseq_anchor16_80m_fresh1b_after2b_seq10160_seed13_20260603/causal_conv_mixer_sampled_vocab_anchor16,1300063440.0,4.888244584202766,4.4933061599731445,127959.0,79999460.0,json_history,E:\CODEXRESEARCH\RESEARCH-1\artifacts\benchmark_runs\language\longseq_anchor16_80m_fresh1b_after2b_20260603\language_longseq_anchor16_80m_fresh1b_after2b_seq10160_seed13_20260603.json
language_longseq_anchor16_80m_fresh1b_after2b_seq10160_seed13_20260603/causal_conv_mixer_sampled_vocab_anchor16,1400068320.0,4.872741833329201,4.618273735046387,137802.0,79999460.0,json_history,E:\CODEXRESEARCH\RESEARCH-1\artifacts\benchmark_runs\language\longseq_anchor16_80m_fresh1b_after2b_20260603\language_longseq_anchor16_80m_fresh1b_after2b_seq10160_seed13_20260603.json
language_longseq_anchor16_80m_fresh1b_after2b_seq10160_seed13_20260603/causal_conv_mixer_sampled_vocab_anchor16,1500073200.0,4.868787184357643,4.9318389892578125,147645.0,79999460.0,json_history,E:\CODEXRESEARCH\RESEARCH-1\artifacts\benchmark_runs\language\longseq_anchor16_80m_fresh1b_after2b_20260603\language_longseq_anchor16_80m_fresh1b_after2b_seq10160_seed13_20260603.json
language_longseq_anchor16_80m_fresh1b_after2b_seq10160_seed13_20260603/causal_conv_mixer_sampled_vocab_anchor16,1600078080.0,4.8796427100896835,4.927633285522461,157488.0,79999460.0,json_history,E:\CODEXRESEARCH\RESEARCH-1\artifacts\benchmark_runs\language\longseq_anchor16_80m_fresh1b_after2b_20260603\language_longseq_anchor16_80m_fresh1b_after2b_seq10160_seed13_20260603.json
language_longseq_anchor16_80m_fresh1b_after2b_seq10160_seed13_20260603/causal_conv_mixer_sampled_vocab_anchor16,1700082960.0,4.842793866991997,4.7128586769104,167331.0,79999460.0,json_history,E:\CODEXRESEARCH\RESEARCH-1\artifacts\benchmark_runs\language\longseq_anchor16_80m_fresh1b_after2b_20260603\language_longseq_anchor16_80m_fresh1b_after2b_seq10160_seed13_20260603.json
language_longseq_anchor16_80m_fresh1b_after2b_seq10160_seed13_20260603/causal_conv_mixer_sampled_vocab_anchor16,1800087840.0,4.816918730735779,5.080331325531006,177174.0,79999460.0,json_history,E:\CODEXRESEARCH\RESEARCH-1\artifacts\benchmark_runs\language\longseq_anchor16_80m_fresh1b_after2b_20260603\language_longseq_anchor16_80m_fresh1b_after2b_seq10160_seed13_20260603.json
language_longseq_anchor16_80m_fresh1b_after2b_seq10160_seed13_20260603/causal_conv_mixer_sampled_vocab_anchor16,1900092720.0,4.831647455692291,5.069347381591797,187017.0,79999460.0,json_history,E:\CODEXRESEARCH\RESEARCH-1\artifacts\benchmark_runs\language\longseq_anchor16_80m_fresh1b_after2b_20260603\language_longseq_anchor16_80m_fresh1b_after2b_seq10160_seed13_20260603.json
language_longseq_anchor16_80m_fresh1b_after2b_seq10160_seed13_20260603/causal_conv_mixer_sampled_vocab_anchor16,2000006160.0,4.826209872961044,4.8441314697265625,196851.0,79999460.0,json_history,E:\CODEXRESEARCH\RESEARCH-1\artifacts\benchmark_runs\language\longseq_anchor16_80m_fresh1b_after2b_20260603\language_longseq_anchor16_80m_fresh1b_after2b_seq10160_seed13_20260603.json
language_longseq_anchor16_80m_fresh1b_after2b_seq10160_seed13_20260603/causal_conv_mixer_sampled_vocab_anchor16,2000097600.0,4.81629253923893,4.754749298095703,196860.0,79999460.0,json_history,E:\CODEXRESEARCH\RESEARCH-1\artifacts\benchmark_runs\language\longseq_anchor16_80m_fresh1b_after2b_20260603\language_longseq_anchor16_80m_fresh1b_after2b_seq10160_seed13_20260603.json
language_longseq_anchor16_80m_fresh1b_after2b_seq10160_seed13_20260603/causal_conv_mixer_sampled_vocab_anchor16,2100102480.0,4.8105785846710205,4.7299675941467285,206703.0,79999460.0,json_history,E:\CODEXRESEARCH\RESEARCH-1\artifacts\benchmark_runs\language\longseq_anchor16_80m_fresh1b_after2b_20260603\language_longseq_anchor16_80m_fresh1b_after2b_seq10160_seed13_20260603.json
language_longseq_anchor16_80m_fresh1b_after2b_seq10160_seed13_20260603/causal_conv_mixer_sampled_vocab_anchor16,2200107360.0,4.79719540476799,4.718724250793457,216546.0,79999460.0,json_history,E:\CODEXRESEARCH\RESEARCH-1\artifacts\benchmark_runs\language\longseq_anchor16_80m_fresh1b_after2b_20260603\language_longseq_anchor16_80m_fresh1b_after2b_seq10160_seed13_20260603.json
language_longseq_anchor16_80m_fresh1b_after2b_seq10160_seed13_20260603/causal_conv_mixer_sampled_vocab_anchor16,2300112240.0,4.824430882930756,4.566047668457031,226389.0,79999460.0,json_history,E:\CODEXRESEARCH\RESEARCH-1\artifacts\benchmark_runs\language\longseq_anchor16_80m_fresh1b_after2b_20260603\language_longseq_anchor16_80m_fresh1b_after2b_seq10160_seed13_20260603.json
language_longseq_anchor16_80m_fresh1b_after2b_seq10160_seed13_20260603/causal_conv_mixer_sampled_vocab_anchor16,2400117120.0,4.790934607386589,4.495057106018066,236232.0,79999460.0,json_history,E:\CODEXRESEARCH\RESEARCH-1\artifacts\benchmark_runs\language\longseq_anchor16_80m_fresh1b_after2b_20260603\language_longseq_anchor16_80m_fresh1b_after2b_seq10160_seed13_20260603.json
language_longseq_anchor16_80m_fresh1b_after2b_seq10160_seed13_20260603/causal_conv_mixer_sampled_vocab_anchor16,2500122000.0,4.771521881222725,4.87692928314209,246075.0,79999460.0,json_history,E:\CODEXRESEARCH\RESEARCH-1\artifacts\benchmark_runs\language\longseq_anchor16_80m_fresh1b_after2b_20260603\language_longseq_anchor16_80m_fresh1b_after2b_seq10160_seed13_20260603.json
language_longseq_anchor16_80m_fresh1b_after2b_seq10160_seed13_20260603/causal_conv_mixer_sampled_vocab_anchor16,2600126880.0,4.79176364839077,5.006653785705566,255918.0,79999460.0,json_history,E:\CODEXRESEARCH\RESEARCH-1\artifacts\benchmark_runs\language\longseq_anchor16_80m_fresh1b_after2b_20260603\language_longseq_anchor16_80m_fresh1b_after2b_seq10160_seed13_20260603.json
language_longseq_anchor16_80m_fresh1b_after2b_seq10160_seed13_20260603/causal_conv_mixer_sampled_vocab_anchor16,2700131760.0,4.795862823724747,4.617829322814941,265761.0,79999460.0,json_history,E:\CODEXRESEARCH\RESEARCH-1\artifacts\benchmark_runs\language\longseq_anchor16_80m_fresh1b_after2b_20260603\language_longseq_anchor16_80m_fresh1b_after2b_seq10160_seed13_20260603.json
language_longseq_anchor16_80m_fresh1b_after2b_seq10160_seed13_20260603/causal_conv_mixer_sampled_vocab_anchor16,2800136640.0,4.789976581931114,4.470257759094238,275604.0,79999460.0,json_history,E:\CODEXRESEARCH\RESEARCH-1\artifacts\benchmark_runs\language\longseq_anchor16_80m_fresh1b_after2b_20260603\language_longseq_anchor16_80m_fresh1b_after2b_seq10160_seed13_20260603.json
language_longseq_anchor16_80m_fresh1b_after2b_seq10160_seed13_20260603/causal_conv_mixer_sampled_vocab_anchor16,2900141520.0,4.777305409312248,4.4336748123168945,285447.0,79999460.0,json_history,E:\CODEXRESEARCH\RESEARCH-1\artifacts\benchmark_runs\language\longseq_anchor16_80m_fresh1b_after2b_20260603\language_longseq_anchor16_80m_fresh1b_after2b_seq10160_seed13_20260603.json
language_longseq_anchor16_80m_fresh1b_after2b_seq10160_seed13_20260603/causal_conv_mixer_sampled_vocab_anchor16,3000146400.0,4.774225860834122,4.89273738861084,295290.0,79999460.0,json_history,E:\CODEXRESEARCH\RESEARCH-1\artifacts\benchmark_runs\language\longseq_anchor16_80m_fresh1b_after2b_20260603\language_longseq_anchor16_80m_fresh1b_after2b_seq10160_seed13_20260603.json
language_longseq_anchor16_80m_fresh1b_after2b_seq10160_seed13_20260603/causal_conv_mixer_sampled_vocab_anchor16,3100151280.0,4.775435820221901,4.433996677398682,305133.0,79999460.0,json_history,E:\CODEXRESEARCH\RESEARCH-1\artifacts\benchmark_runs\language\longseq_anchor16_80m_fresh1b_after2b_20260603\language_longseq_anchor16_80m_fresh1b_after2b_seq10160_seed13_20260603.json
language_longseq_anchor16_80m_fresh1b_after2b_seq10160_seed13_20260603/causal_conv_mixer_sampled_vocab_anchor16,3200156160.0,4.793305978178978,4.7891459465026855,314976.0,79999460.0,json_history,E:\CODEXRESEARCH\RESEARCH-1\artifacts\benchmark_runs\language\longseq_anchor16_80m_fresh1b_after2b_20260603\language_longseq_anchor16_80m_fresh1b_after2b_seq10160_seed13_20260603.json
language_longseq_anchor16_80m_fresh1b_after2b_seq10160_seed13_20260603/causal_conv_mixer_sampled_vocab_anchor16,3204728160.0,4.805925071239471,4.606050491333008,315426.0,79999460.0,json_history,E:\CODEXRESEARCH\RESEARCH-1\artifacts\benchmark_runs\language\longseq_anchor16_80m_fresh1b_after2b_20260603\language_longseq_anchor16_80m_fresh1b_after2b_seq10160_seed13_20260603.json
language_longseq_conv_mixer_0layer_20m_screen_finewebedu_seq635_24steps_20260602/causal_conv_mixer_20m,0.0,10.826734066009521,,0.0,20042161.0,json_history,E:\CODEXRESEARCH\RESEARCH-1\artifacts\benchmark_runs\language\language_longseq_conv_mixer_0layer_20m_screen_finewebedu_seq635_24steps_20260602.json
language_longseq_conv_mixer_0layer_20m_screen_finewebedu_seq635_24steps_20260602/causal_conv_mixer_20m,60960.0,8.042024731636047,8.013956069946289,12.0,20042161.0,json_history,E:\CODEXRESEARCH\RESEARCH-1\artifacts\benchmark_runs\language\language_longseq_conv_mixer_0layer_20m_screen_finewebedu_seq635_24steps_20260602.json
language_longseq_conv_mixer_0layer_20m_screen_finewebedu_seq635_24steps_20260602/causal_conv_mixer_20m,121920.0,7.647918403148651,7.3633012771606445,24.0,20042161.0,json_history,E:\CODEXRESEARCH\RESEARCH-1\artifacts\benchmark_runs\language\language_longseq_conv_mixer_0layer_20m_screen_finewebedu_seq635_24steps_20260602.json
language_longseq_conv_mixer_0layer_20m_screen_finewebedu_seq635_24steps_20260602/partial_untied,0.0,10.823068380355835,,0.0,19949523.0,json_history,E:\CODEXRESEARCH\RESEARCH-1\artifacts\benchmark_runs\language\language_longseq_conv_mixer_0layer_20m_screen_finewebedu_seq635_24steps_20260602.json
language_longseq_conv_mixer_0layer_20m_screen_finewebedu_seq635_24steps_20260602/partial_untied,60960.0,9.14981210231781,9.247579574584961,12.0,19949523.0,json_history,E:\CODEXRESEARCH\RESEARCH-1\artifacts\benchmark_runs\language\language_longseq_conv_mixer_0layer_20m_screen_finewebedu_seq635_24steps_20260602.json
language_longseq_conv_mixer_0layer_20m_screen_finewebedu_seq635_24steps_20260602/partial_untied,121920.0,8.42027759552002,8.248950004577637,24.0,19949523.0,json_history,E:\CODEXRESEARCH\RESEARCH-1\artifacts\benchmark_runs\language\language_longseq_conv_mixer_0layer_20m_screen_finewebedu_seq635_24steps_20260602.json
language_longseq_conv_mixer_1layer_20m_confirm_finewebedu_seq635_96steps_20260602/causal_conv_mixer_20m,0.0,10.843203663825989,,0.0,20034967.0,json_history,E:\CODEXRESEARCH\RESEARCH-1\artifacts\benchmark_runs\language\language_longseq_conv_mixer_1layer_20m_confirm_finewebedu_seq635_96steps_20260602.json
language_longseq_conv_mixer_1layer_20m_confirm_finewebedu_seq635_96steps_20260602/causal_conv_mixer_20m,121920.0,7.673999011516571,7.358700752258301,24.0,20034967.0,json_history,E:\CODEXRESEARCH\RESEARCH-1\artifacts\benchmark_runs\language\language_longseq_conv_mixer_1layer_20m_confirm_finewebedu_seq635_96steps_20260602.json
language_longseq_conv_mixer_1layer_20m_confirm_finewebedu_seq635_96steps_20260602/causal_conv_mixer_20m,243840.0,7.422070145606995,7.080315113067627,48.0,20034967.0,json_history,E:\CODEXRESEARCH\RESEARCH-1\artifacts\benchmark_runs\language\language_longseq_conv_mixer_1layer_20m_confirm_finewebedu_seq635_96steps_20260602.json
language_longseq_conv_mixer_1layer_20m_confirm_finewebedu_seq635_96steps_20260602/causal_conv_mixer_20m,365760.0,7.321571946144104,6.472303867340088,72.0,20034967.0,json_history,E:\CODEXRESEARCH\RESEARCH-1\artifacts\benchmark_runs\language\language_longseq_conv_mixer_1layer_20m_confirm_finewebedu_seq635_96steps_20260602.json
language_longseq_conv_mixer_1layer_20m_confirm_finewebedu_seq635_96steps_20260602/causal_conv_mixer_20m,487680.0,7.204640448093414,6.662915229797363,96.0,20034967.0,json_history,E:\CODEXRESEARCH\RESEARCH-1\artifacts\benchmark_runs\language\language_longseq_conv_mixer_1layer_20m_confirm_finewebedu_seq635_96steps_20260602.json
language_longseq_conv_mixer_1layer_20m_confirm_finewebedu_seq635_96steps_20260602/partial_untied,0.0,10.823068141937256,,0.0,19949523.0,json_history,E:\CODEXRESEARCH\RESEARCH-1\artifacts\benchmark_runs\language\language_longseq_conv_mixer_1layer_20m_confirm_finewebedu_seq635_96steps_20260602.json
language_longseq_conv_mixer_1layer_20m_confirm_finewebedu_seq635_96steps_20260602/partial_untied,121920.0,8.420615553855896,8.249043464660645,24.0,19949523.0,json_history,E:\CODEXRESEARCH\RESEARCH-1\artifacts\benchmark_runs\language\language_longseq_conv_mixer_1layer_20m_confirm_finewebedu_seq635_96steps_20260602.json
language_longseq_conv_mixer_1layer_20m_confirm_finewebedu_seq635_96steps_20260602/partial_untied,243840.0,7.684671878814697,7.387061595916748,48.0,19949523.0,json_history,E:\CODEXRESEARCH\RESEARCH-1\artifacts\benchmark_runs\language\language_longseq_conv_mixer_1layer_20m_confirm_finewebedu_seq635_96steps_20260602.json
language_longseq_conv_mixer_1layer_20m_confirm_finewebedu_seq635_96steps_20260602/partial_untied,365760.0,7.435851871967316,6.540340423583984,72.0,19949523.0,json_history,E:\CODEXRESEARCH\RESEARCH-1\artifacts\benchmark_runs\language\language_longseq_conv_mixer_1layer_20m_confirm_finewebedu_seq635_96steps_20260602.json
language_longseq_conv_mixer_1layer_20m_confirm_finewebedu_seq635_96steps_20260602/partial_untied,487680.0,7.368340015411377,6.730663299560547,96.0,19949523.0,json_history,E:\CODEXRESEARCH\RESEARCH-1\artifacts\benchmark_runs\language\language_longseq_conv_mixer_1layer_20m_confirm_finewebedu_seq635_96steps_20260602.json
language_longseq_conv_mixer_1layer_20m_screen_finewebedu_seq635_24steps_20260602/causal_conv_mixer_20m,0.0,10.843203663825989,,0.0,20034967.0,json_history,E:\CODEXRESEARCH\RESEARCH-1\artifacts\benchmark_runs\language\language_longseq_conv_mixer_1layer_20m_screen_finewebedu_seq635_24steps_20260602.json
language_longseq_conv_mixer_1layer_20m_screen_finewebedu_seq635_24steps_20260602/causal_conv_mixer_20m,60960.0,7.936190843582153,7.885039329528809,12.0,20034967.0,json_history,E:\CODEXRESEARCH\RESEARCH-1\artifacts\benchmark_runs\language\language_longseq_conv_mixer_1layer_20m_screen_finewebedu_seq635_24steps_20260602.json
language_longseq_conv_mixer_1layer_20m_screen_finewebedu_seq635_24steps_20260602/causal_conv_mixer_20m,121920.0,7.673999011516571,7.358700752258301,24.0,20034967.0,json_history,E:\CODEXRESEARCH\RESEARCH-1\artifacts\benchmark_runs\language\language_longseq_conv_mixer_1layer_20m_screen_finewebedu_seq635_24steps_20260602.json
language_longseq_conv_mixer_1layer_20m_screen_finewebedu_seq635_24steps_20260602/partial_untied,0.0,10.82306706905365,,0.0,19949523.0,json_history,E:\CODEXRESEARCH\RESEARCH-1\artifacts\benchmark_runs\language\language_longseq_conv_mixer_1layer_20m_screen_finewebedu_seq635_24steps_20260602.json
language_longseq_conv_mixer_1layer_20m_screen_finewebedu_seq635_24steps_20260602/partial_untied,60960.0,9.14993667602539,9.247605323791504,12.0,19949523.0,json_history,E:\CODEXRESEARCH\RESEARCH-1\artifacts\benchmark_runs\language\language_longseq_conv_mixer_1layer_20m_screen_finewebedu_seq635_24steps_20260602.json
language_longseq_conv_mixer_1layer_20m_screen_finewebedu_seq635_24steps_20260602/partial_untied,121920.0,8.420584678649902,8.249066352844238,24.0,19949523.0,json_history,E:\CODEXRESEARCH\RESEARCH-1\artifacts\benchmark_runs\language\language_longseq_conv_mixer_1layer_20m_screen_finewebedu_seq635_24steps_20260602.json
language_longseq_conv_mixer_1layer_k31_sampled16384_full4_finewebedu_seq635_96steps_20260602/causal_conv_mixer_sampled_vocab_full4,0.0,10.826778411865234,,0.0,20041735.0,json_history,E:\CODEXRESEARCH\RESEARCH-1\artifacts\benchmark_runs\language\language_longseq_conv_mixer_1layer_k31_sampled16384_full4_finewebedu_seq635_96steps_20260602.json
language_longseq_conv_mixer_1layer_k31_sampled16384_full4_finewebedu_seq635_96steps_20260602/causal_conv_mixer_sampled_vocab_full4,121920.0,7.990302085876465,7.838698863983154,24.0,20041735.0,json_history,E:\CODEXRESEARCH\RESEARCH-1\artifacts\benchmark_runs\language\language_longseq_conv_mixer_1layer_k31_sampled16384_full4_finewebedu_seq635_96steps_20260602.json
language_longseq_conv_mixer_1layer_k31_sampled16384_full4_finewebedu_seq635_96steps_20260602/causal_conv_mixer_sampled_vocab_full4,243840.0,7.478294610977173,7.270197868347168,48.0,20041735.0,json_history,E:\CODEXRESEARCH\RESEARCH-1\artifacts\benchmark_runs\language\language_longseq_conv_mixer_1layer_k31_sampled16384_full4_finewebedu_seq635_96steps_20260602.json
language_longseq_conv_mixer_1layer_k31_sampled16384_full4_finewebedu_seq635_96steps_20260602/causal_conv_mixer_sampled_vocab_full4,365760.0,7.287247836589813,6.587465286254883,72.0,20041735.0,json_history,E:\CODEXRESEARCH\RESEARCH-1\artifacts\benchmark_runs\language\language_longseq_conv_mixer_1layer_k31_sampled16384_full4_finewebedu_seq635_96steps_20260602.json
language_longseq_conv_mixer_1layer_k31_sampled16384_full4_finewebedu_seq635_96steps_20260602/causal_conv_mixer_sampled_vocab_full4,487680.0,7.204851925373077,6.698650360107422,96.0,20041735.0,json_history,E:\CODEXRESEARCH\RESEARCH-1\artifacts\benchmark_runs\language\language_longseq_conv_mixer_1layer_k31_sampled16384_full4_finewebedu_seq635_96steps_20260602.json
language_longseq_conv_mixer_1layer_k3_sampled16384_full4_finewebedu_seq635_96steps_20260602/causal_conv_mixer_sampled_vocab_full4,0.0,10.830254793167114,,0.0,20033839.0,json_history,E:\CODEXRESEARCH\RESEARCH-1\artifacts\benchmark_runs\language\language_longseq_conv_mixer_1layer_k3_sampled16384_full4_finewebedu_seq635_96steps_20260602.json
language_longseq_conv_mixer_1layer_k3_sampled16384_full4_finewebedu_seq635_96steps_20260602/causal_conv_mixer_sampled_vocab_full4,121920.0,7.791972756385803,7.6775946617126465,24.0,20033839.0,json_history,E:\CODEXRESEARCH\RESEARCH-1\artifacts\benchmark_runs\language\language_longseq_conv_mixer_1layer_k3_sampled16384_full4_finewebedu_seq635_96steps_20260602.json
language_longseq_conv_mixer_1layer_k3_sampled16384_full4_finewebedu_seq635_96steps_20260602/causal_conv_mixer_sampled_vocab_full4,243840.0,7.494016587734222,7.293198585510254,48.0,20033839.0,json_history,E:\CODEXRESEARCH\RESEARCH-1\artifacts\benchmark_runs\language\language_longseq_conv_mixer_1layer_k3_sampled16384_full4_finewebedu_seq635_96steps_20260602.json
language_longseq_conv_mixer_1layer_k3_sampled16384_full4_finewebedu_seq635_96steps_20260602/causal_conv_mixer_sampled_vocab_full4,365760.0,7.267874777317047,6.610750675201416,72.0,20033839.0,json_history,E:\CODEXRESEARCH\RESEARCH-1\artifacts\benchmark_runs\language\language_longseq_conv_mixer_1layer_k3_sampled16384_full4_finewebedu_seq635_96steps_20260602.json
language_longseq_conv_mixer_1layer_k3_sampled16384_full4_finewebedu_seq635_96steps_20260602/causal_conv_mixer_sampled_vocab_full4,487680.0,7.206340193748474,6.663529396057129,96.0,20033839.0,json_history,E:\CODEXRESEARCH\RESEARCH-1\artifacts\benchmark_runs\language\language_longseq_conv_mixer_1layer_k3_sampled16384_full4_finewebedu_seq635_96steps_20260602.json
language_longseq_conv_mixer_20m_confirm_finewebedu_seq635_96steps_20260602/causal_conv_mixer_20m,0.0,10.839171051979065,,0.0,19974033.0,json_history,E:\CODEXRESEARCH\RESEARCH-1\artifacts\benchmark_runs\language\language_longseq_conv_mixer_20m_confirm_finewebedu_seq635_96steps_20260602.json
language_longseq_conv_mixer_20m_confirm_finewebedu_seq635_96steps_20260602/causal_conv_mixer_20m,121920.0,7.82630181312561,7.496002197265625,24.0,19974033.0,json_history,E:\CODEXRESEARCH\RESEARCH-1\artifacts\benchmark_runs\language\language_longseq_conv_mixer_20m_confirm_finewebedu_seq635_96steps_20260602.json
language_longseq_conv_mixer_20m_confirm_finewebedu_seq635_96steps_20260602/causal_conv_mixer_20m,243840.0,7.488699853420258,7.174865245819092,48.0,19974033.0,json_history,E:\CODEXRESEARCH\RESEARCH-1\artifacts\benchmark_runs\language\language_longseq_conv_mixer_20m_confirm_finewebedu_seq635_96steps_20260602.json
language_longseq_conv_mixer_20m_confirm_finewebedu_seq635_96steps_20260602/causal_conv_mixer_20m,365760.0,7.31545478105545,6.619372844696045,72.0,19974033.0,json_history,E:\CODEXRESEARCH\RESEARCH-1\artifacts\benchmark_runs\language\language_longseq_conv_mixer_20m_confirm_finewebedu_seq635_96steps_20260602.json
language_longseq_conv_mixer_20m_confirm_finewebedu_seq635_96steps_20260602/causal_conv_mixer_20m,487680.0,7.263408064842224,6.762455940246582,96.0,19974033.0,json_history,E:\CODEXRESEARCH\RESEARCH-1\artifacts\benchmark_runs\language\language_longseq_conv_mixer_20m_confirm_finewebedu_seq635_96steps_20260602.json
language_longseq_conv_mixer_20m_confirm_finewebedu_seq635_96steps_20260602/factorized_no_replay_20m,0.0,10.82966423034668,,0.0,19999129.0,json_history,E:\CODEXRESEARCH\RESEARCH-1\artifacts\benchmark_runs\language\language_longseq_conv_mixer_20m_confirm_finewebedu_seq635_96steps_20260602.json
language_longseq_conv_mixer_20m_confirm_finewebedu_seq635_96steps_20260602/factorized_no_replay_20m,121920.0,8.257652878761292,7.797962188720703,24.0,19999129.0,json_history,E:\CODEXRESEARCH\RESEARCH-1\artifacts\benchmark_runs\language\language_longseq_conv_mixer_20m_confirm_finewebedu_seq635_96steps_20260602.json
language_longseq_conv_mixer_20m_confirm_finewebedu_seq635_96steps_20260602/factorized_no_replay_20m,243840.0,7.623372852802277,7.348865985870361,48.0,19999129.0,json_history,E:\CODEXRESEARCH\RESEARCH-1\artifacts\benchmark_runs\language\language_longseq_conv_mixer_20m_confirm_finewebedu_seq635_96steps_20260602.json
language_longseq_conv_mixer_20m_confirm_finewebedu_seq635_96steps_20260602/factorized_no_replay_20m,365760.0,7.439850270748138,6.848104476928711,72.0,19999129.0,json_history,E:\CODEXRESEARCH\RESEARCH-1\artifacts\benchmark_runs\language\language_longseq_conv_mixer_20m_confirm_finewebedu_seq635_96steps_20260602.json
language_longseq_conv_mixer_20m_confirm_finewebedu_seq635_96steps_20260602/factorized_no_replay_20m,487680.0,7.328208386898041,6.894738674163818,96.0,19999129.0,json_history,E:\CODEXRESEARCH\RESEARCH-1\artifacts\benchmark_runs\language\language_longseq_conv_mixer_20m_confirm_finewebedu_seq635_96steps_20260602.json
language_longseq_conv_mixer_20m_confirm_finewebedu_seq635_96steps_20260602/partial_untied,0.0,10.823065996170044,,0.0,19949523.0,json_history,E:\CODEXRESEARCH\RESEARCH-1\artifacts\benchmark_runs\language\language_longseq_conv_mixer_20m_confirm_finewebedu_seq635_96steps_20260602.json
language_longseq_conv_mixer_20m_confirm_finewebedu_seq635_96steps_20260602/partial_untied,121920.0,8.42028284072876,8.248875617980957,24.0,19949523.0,json_history,E:\CODEXRESEARCH\RESEARCH-1\artifacts\benchmark_runs\language\language_longseq_conv_mixer_20m_confirm_finewebedu_seq635_96steps_20260602.json
language_longseq_conv_mixer_20m_confirm_finewebedu_seq635_96steps_20260602/partial_untied,243840.0,7.684780597686768,7.386916160583496,48.0,19949523.0,json_history,E:\CODEXRESEARCH\RESEARCH-1\artifacts\benchmark_runs\language\language_longseq_conv_mixer_20m_confirm_finewebedu_seq635_96steps_20260602.json
language_longseq_conv_mixer_20m_confirm_finewebedu_seq635_96steps_20260602/partial_untied,365760.0,7.436005890369415,6.539813041687012,72.0,19949523.0,json_history,E:\CODEXRESEARCH\RESEARCH-1\artifacts\benchmark_runs\language\language_longseq_conv_mixer_20m_confirm_finewebedu_seq635_96steps_20260602.json
language_longseq_conv_mixer_20m_confirm_finewebedu_seq635_96steps_20260602/partial_untied,487680.0,7.368586301803589,6.7317705154418945,96.0,19949523.0,json_history,E:\CODEXRESEARCH\RESEARCH-1\artifacts\benchmark_runs\language\language_longseq_conv_mixer_20m_confirm_finewebedu_seq635_96steps_20260602.json
language_longseq_conv_mixer_20m_screen_finewebedu_seq635_24steps_20260602/causal_conv_mixer_20m,0.0,10.839171051979065,,0.0,19974033.0,json_history,E:\CODEXRESEARCH\RESEARCH-1\artifacts\benchmark_runs\language\language_longseq_conv_mixer_20m_screen_finewebedu_seq635_24steps_20260602.json
language_longseq_conv_mixer_20m_screen_finewebedu_seq635_24steps_20260602/causal_conv_mixer_20m,60960.0,8.133774757385254,8.122196197509766,12.0,19974033.0,json_history,E:\CODEXRESEARCH\RESEARCH-1\artifacts\benchmark_runs\language\language_longseq_conv_mixer_20m_screen_finewebedu_seq635_24steps_20260602.json
language_longseq_conv_mixer_20m_screen_finewebedu_seq635_24steps_20260602/causal_conv_mixer_20m,121920.0,7.82630181312561,7.496002197265625,24.0,19974033.0,json_history,E:\CODEXRESEARCH\RESEARCH-1\artifacts\benchmark_runs\language\language_longseq_conv_mixer_20m_screen_finewebedu_seq635_24steps_20260602.json
language_longseq_conv_mixer_20m_screen_finewebedu_seq635_24steps_20260602/factorized_no_replay_20m,0.0,10.82966423034668,,0.0,19999129.0,json_history,E:\CODEXRESEARCH\RESEARCH-1\artifacts\benchmark_runs\language\language_longseq_conv_mixer_20m_screen_finewebedu_seq635_24steps_20260602.json
language_longseq_conv_mixer_20m_screen_finewebedu_seq635_24steps_20260602/factorized_no_replay_20m,60960.0,10.042760610580444,10.665833473205566,12.0,19999129.0,json_history,E:\CODEXRESEARCH\RESEARCH-1\artifacts\benchmark_runs\language\language_longseq_conv_mixer_20m_screen_finewebedu_seq635_24steps_20260602.json
language_longseq_conv_mixer_20m_screen_finewebedu_seq635_24steps_20260602/factorized_no_replay_20m,121920.0,8.257652878761292,7.797962188720703,24.0,19999129.0,json_history,E:\CODEXRESEARCH\RESEARCH-1\artifacts\benchmark_runs\language\language_longseq_conv_mixer_20m_screen_finewebedu_seq635_24steps_20260602.json
language_longseq_conv_mixer_20m_screen_finewebedu_seq635_24steps_20260602/partial_untied,0.0,10.823067784309387,,0.0,19949523.0,json_history,E:\CODEXRESEARCH\RESEARCH-1\artifacts\benchmark_runs\language\language_longseq_conv_mixer_20m_screen_finewebedu_seq635_24steps_20260602.json
language_longseq_conv_mixer_20m_screen_finewebedu_seq635_24steps_20260602/partial_untied,60960.0,9.149991631507874,9.247713088989258,12.0,19949523.0,json_history,E:\CODEXRESEARCH\RESEARCH-1\artifacts\benchmark_runs\language\language_longseq_conv_mixer_20m_screen_finewebedu_seq635_24steps_20260602.json
language_longseq_conv_mixer_20m_screen_finewebedu_seq635_24steps_20260602/partial_untied,121920.0,8.420724987983704,8.249080657958984,24.0,19949523.0,json_history,E:\CODEXRESEARCH\RESEARCH-1\artifacts\benchmark_runs\language\language_longseq_conv_mixer_20m_screen_finewebedu_seq635_24steps_20260602.json
language_longseq_conv_mixer_2layer_20m_confirm_finewebedu_seq635_96steps_20260602/causal_conv_mixer_20m,0.0,10.835631370544434,,0.0,20001385.0,json_history,E:\CODEXRESEARCH\RESEARCH-1\artifacts\benchmark_runs\language\language_longseq_conv_mixer_2layer_20m_confirm_finewebedu_seq635_96steps_20260602.json
language_longseq_conv_mixer_2layer_20m_confirm_finewebedu_seq635_96steps_20260602/causal_conv_mixer_20m,121920.0,7.680988848209381,7.426938533782959,24.0,20001385.0,json_history,E:\CODEXRESEARCH\RESEARCH-1\artifacts\benchmark_runs\language\language_longseq_conv_mixer_2layer_20m_confirm_finewebedu_seq635_96steps_20260602.json
language_longseq_conv_mixer_2layer_20m_confirm_finewebedu_seq635_96steps_20260602/causal_conv_mixer_20m,243840.0,7.43781179189682,7.112735271453857,48.0,20001385.0,json_history,E:\CODEXRESEARCH\RESEARCH-1\artifacts\benchmark_runs\language\language_longseq_conv_mixer_2layer_20m_confirm_finewebedu_seq635_96steps_20260602.json
language_longseq_conv_mixer_2layer_20m_confirm_finewebedu_seq635_96steps_20260602/causal_conv_mixer_20m,365760.0,7.330221891403198,6.463639736175537,72.0,20001385.0,json_history,E:\CODEXRESEARCH\RESEARCH-1\artifacts\benchmark_runs\language\language_longseq_conv_mixer_2layer_20m_confirm_finewebedu_seq635_96steps_20260602.json
language_longseq_conv_mixer_2layer_20m_confirm_finewebedu_seq635_96steps_20260602/causal_conv_mixer_20m,487680.0,7.205133676528931,6.637421607971191,96.0,20001385.0,json_history,E:\CODEXRESEARCH\RESEARCH-1\artifacts\benchmark_runs\language\language_longseq_conv_mixer_2layer_20m_confirm_finewebedu_seq635_96steps_20260602.json
language_longseq_conv_mixer_2layer_20m_confirm_finewebedu_seq635_96steps_20260602/partial_untied,0.0,10.823070287704468,,0.0,19949523.0,json_history,E:\CODEXRESEARCH\RESEARCH-1\artifacts\benchmark_runs\language\language_longseq_conv_mixer_2layer_20m_confirm_finewebedu_seq635_96steps_20260602.json
language_longseq_conv_mixer_2layer_20m_confirm_finewebedu_seq635_96steps_20260602/partial_untied,121920.0,8.420259237289429,8.248922348022461,24.0,19949523.0,json_history,E:\CODEXRESEARCH\RESEARCH-1\artifacts\benchmark_runs\language\language_longseq_conv_mixer_2layer_20m_confirm_finewebedu_seq635_96steps_20260602.json
language_longseq_conv_mixer_2layer_20m_confirm_finewebedu_seq635_96steps_20260602/partial_untied,243840.0,7.6847341656684875,7.386727809906006,48.0,19949523.0,json_history,E:\CODEXRESEARCH\RESEARCH-1\artifacts\benchmark_runs\language\language_longseq_conv_mixer_2layer_20m_confirm_finewebedu_seq635_96steps_20260602.json
language_longseq_conv_mixer_2layer_20m_confirm_finewebedu_seq635_96steps_20260602/partial_untied,365760.0,7.436108410358429,6.53894567489624,72.0,19949523.0,json_history,E:\CODEXRESEARCH\RESEARCH-1\artifacts\benchmark_runs\language\language_longseq_conv_mixer_2layer_20m_confirm_finewebedu_seq635_96steps_20260602.json
language_longseq_conv_mixer_2layer_20m_confirm_finewebedu_seq635_96steps_20260602/partial_untied,487680.0,7.3687344789505005,6.7322797775268555,96.0,19949523.0,json_history,E:\CODEXRESEARCH\RESEARCH-1\artifacts\benchmark_runs\language\language_longseq_conv_mixer_2layer_20m_confirm_finewebedu_seq635_96steps_20260602.json
language_longseq_conv_mixer_2layer_20m_screen_finewebedu_seq635_24steps_20260602/causal_conv_mixer_20m,0.0,10.835631370544434,,0.0,20001385.0,json_history,E:\CODEXRESEARCH\RESEARCH-1\artifacts\benchmark_runs\language\language_longseq_conv_mixer_2layer_20m_screen_finewebedu_seq635_24steps_20260602.json
language_longseq_conv_mixer_2layer_20m_screen_finewebedu_seq635_24steps_20260602/causal_conv_mixer_20m,60960.0,8.059003949165344,8.013869285583496,12.0,20001385.0,json_history,E:\CODEXRESEARCH\RESEARCH-1\artifacts\benchmark_runs\language\language_longseq_conv_mixer_2layer_20m_screen_finewebedu_seq635_24steps_20260602.json
language_longseq_conv_mixer_2layer_20m_screen_finewebedu_seq635_24steps_20260602/causal_conv_mixer_20m,121920.0,7.680988848209381,7.426938533782959,24.0,20001385.0,json_history,E:\CODEXRESEARCH\RESEARCH-1\artifacts\benchmark_runs\language\language_longseq_conv_mixer_2layer_20m_screen_finewebedu_seq635_24steps_20260602.json
language_longseq_conv_mixer_2layer_20m_screen_finewebedu_seq635_24steps_20260602/partial_untied,0.0,10.823067545890808,,0.0,19949523.0,json_history,E:\CODEXRESEARCH\RESEARCH-1\artifacts\benchmark_runs\language\language_longseq_conv_mixer_2layer_20m_screen_finewebedu_seq635_24steps_20260602.json
language_longseq_conv_mixer_2layer_20m_screen_finewebedu_seq635_24steps_20260602/partial_untied,60960.0,9.149892807006836,9.24768352508545,12.0,19949523.0,json_history,E:\CODEXRESEARCH\RESEARCH-1\artifacts\benchmark_runs\language\language_longseq_conv_mixer_2layer_20m_screen_finewebedu_seq635_24steps_20260602.json
language_longseq_conv_mixer_2layer_20m_screen_finewebedu_seq635_24steps_20260602/partial_untied,121920.0,8.420328259468079,8.248985290527344,24.0,19949523.0,json_history,E:\CODEXRESEARCH\RESEARCH-1\artifacts\benchmark_runs\language\language_longseq_conv_mixer_2layer_20m_screen_finewebedu_seq635_24steps_20260602.json
language_longseq_conv_mixer_sampled_vocab16384_full2_confirm_finewebedu_seq635_96steps_20260602/causal_conv_mixer_20m,0.0,10.843203663825989,,0.0,20034967.0,json_history,E:\CODEXRESEARCH\RESEARCH-1\artifacts\benchmark_runs\language\language_longseq_conv_mixer_sampled_vocab16384_full2_confirm_finewebedu_seq635_96steps_20260602.json
language_longseq_conv_mixer_sampled_vocab16384_full2_confirm_finewebedu_seq635_96steps_20260602/causal_conv_mixer_20m,121920.0,7.673999011516571,7.358700752258301,24.0,20034967.0,json_history,E:\CODEXRESEARCH\RESEARCH-1\artifacts\benchmark_runs\language\language_longseq_conv_mixer_sampled_vocab16384_full2_confirm_finewebedu_seq635_96steps_20260602.json
language_longseq_conv_mixer_sampled_vocab16384_full2_confirm_finewebedu_seq635_96steps_20260602/causal_conv_mixer_20m,243840.0,7.422070145606995,7.080315113067627,48.0,20034967.0,json_history,E:\CODEXRESEARCH\RESEARCH-1\artifacts\benchmark_runs\language\language_longseq_conv_mixer_sampled_vocab16384_full2_confirm_finewebedu_seq635_96steps_20260602.json
language_longseq_conv_mixer_sampled_vocab16384_full2_confirm_finewebedu_seq635_96steps_20260602/causal_conv_mixer_20m,365760.0,7.321571946144104,6.472303867340088,72.0,20034967.0,json_history,E:\CODEXRESEARCH\RESEARCH-1\artifacts\benchmark_runs\language\language_longseq_conv_mixer_sampled_vocab16384_full2_confirm_finewebedu_seq635_96steps_20260602.json
language_longseq_conv_mixer_sampled_vocab16384_full2_confirm_finewebedu_seq635_96steps_20260602/causal_conv_mixer_20m,487680.0,7.204640448093414,6.662915229797363,96.0,20034967.0,json_history,E:\CODEXRESEARCH\RESEARCH-1\artifacts\benchmark_runs\language\language_longseq_conv_mixer_sampled_vocab16384_full2_confirm_finewebedu_seq635_96steps_20260602.json
language_longseq_conv_mixer_sampled_vocab16384_full2_confirm_finewebedu_seq635_96steps_20260602/causal_conv_mixer_sampled_vocab_full4,0.0,10.843203663825989,,0.0,20034967.0,json_history,E:\CODEXRESEARCH\RESEARCH-1\artifacts\benchmark_runs\language\language_longseq_conv_mixer_sampled_vocab16384_full2_confirm_finewebedu_seq635_96steps_20260602.json
language_longseq_conv_mixer_sampled_vocab16384_full2_confirm_finewebedu_seq635_96steps_20260602/causal_conv_mixer_sampled_vocab_full4,121920.0,7.642163813114166,7.368014812469482,24.0,20034967.0,json_history,E:\CODEXRESEARCH\RESEARCH-1\artifacts\benchmark_runs\language\language_longseq_conv_mixer_sampled_vocab16384_full2_confirm_finewebedu_seq635_96steps_20260602.json
language_longseq_conv_mixer_sampled_vocab16384_full2_confirm_finewebedu_seq635_96steps_20260602/causal_conv_mixer_sampled_vocab_full4,243840.0,7.392512857913971,7.091970443725586,48.0,20034967.0,json_history,E:\CODEXRESEARCH\RESEARCH-1\artifacts\benchmark_runs\language\language_longseq_conv_mixer_sampled_vocab16384_full2_confirm_finewebedu_seq635_96steps_20260602.json
language_longseq_conv_mixer_sampled_vocab16384_full2_confirm_finewebedu_seq635_96steps_20260602/causal_conv_mixer_sampled_vocab_full4,365760.0,7.251216113567352,6.466635227203369,72.0,20034967.0,json_history,E:\CODEXRESEARCH\RESEARCH-1\artifacts\benchmark_runs\language\language_longseq_conv_mixer_sampled_vocab16384_full2_confirm_finewebedu_seq635_96steps_20260602.json
language_longseq_conv_mixer_sampled_vocab16384_full2_confirm_finewebedu_seq635_96steps_20260602/causal_conv_mixer_sampled_vocab_full4,487680.0,7.178124308586121,6.633120059967041,96.0,20034967.0,json_history,E:\CODEXRESEARCH\RESEARCH-1\artifacts\benchmark_runs\language\language_longseq_conv_mixer_sampled_vocab16384_full2_confirm_finewebedu_seq635_96steps_20260602.json
language_longseq_conv_mixer_sampled_vocab16384_full2_confirm_finewebedu_seq635_96steps_20260602/partial_untied,0.0,10.823066234588623,,0.0,19949523.0,json_history,E:\CODEXRESEARCH\RESEARCH-1\artifacts\benchmark_runs\language\language_longseq_conv_mixer_sampled_vocab16384_full2_confirm_finewebedu_seq635_96steps_20260602.json
language_longseq_conv_mixer_sampled_vocab16384_full2_confirm_finewebedu_seq635_96steps_20260602/partial_untied,121920.0,8.420039176940918,8.248933792114258,24.0,19949523.0,json_history,E:\CODEXRESEARCH\RESEARCH-1\artifacts\benchmark_runs\language\language_longseq_conv_mixer_sampled_vocab16384_full2_confirm_finewebedu_seq635_96steps_20260602.json
language_longseq_conv_mixer_sampled_vocab16384_full2_confirm_finewebedu_seq635_96steps_20260602/partial_untied,243840.0,7.684804916381836,7.386475086212158,48.0,19949523.0,json_history,E:\CODEXRESEARCH\RESEARCH-1\artifacts\benchmark_runs\language\language_longseq_conv_mixer_sampled_vocab16384_full2_confirm_finewebedu_seq635_96steps_20260602.json
language_longseq_conv_mixer_sampled_vocab16384_full2_confirm_finewebedu_seq635_96steps_20260602/partial_untied,365760.0,7.436138093471527,6.538301467895508,72.0,19949523.0,json_history,E:\CODEXRESEARCH\RESEARCH-1\artifacts\benchmark_runs\language\language_longseq_conv_mixer_sampled_vocab16384_full2_confirm_finewebedu_seq635_96steps_20260602.json
language_longseq_conv_mixer_sampled_vocab16384_full2_confirm_finewebedu_seq635_96steps_20260602/partial_untied,487680.0,7.368709087371826,6.733151435852051,96.0,19949523.0,json_history,E:\CODEXRESEARCH\RESEARCH-1\artifacts\benchmark_runs\language\language_longseq_conv_mixer_sampled_vocab16384_full2_confirm_finewebedu_seq635_96steps_20260602.json
language_longseq_conv_mixer_sampled_vocab16384_full4_confirm_finewebedu_seq635_96steps_20260602/causal_conv_mixer_20m,0.0,10.843203663825989,,0.0,20034967.0,json_history,E:\CODEXRESEARCH\RESEARCH-1\artifacts\benchmark_runs\language\language_longseq_conv_mixer_sampled_vocab16384_full4_confirm_finewebedu_seq635_96steps_20260602.json
language_longseq_conv_mixer_sampled_vocab16384_full4_confirm_finewebedu_seq635_96steps_20260602/causal_conv_mixer_20m,121920.0,7.673999011516571,7.358700752258301,24.0,20034967.0,json_history,E:\CODEXRESEARCH\RESEARCH-1\artifacts\benchmark_runs\language\language_longseq_conv_mixer_sampled_vocab16384_full4_confirm_finewebedu_seq635_96steps_20260602.json
language_longseq_conv_mixer_sampled_vocab16384_full4_confirm_finewebedu_seq635_96steps_20260602/causal_conv_mixer_20m,243840.0,7.422070145606995,7.080315113067627,48.0,20034967.0,json_history,E:\CODEXRESEARCH\RESEARCH-1\artifacts\benchmark_runs\language\language_longseq_conv_mixer_sampled_vocab16384_full4_confirm_finewebedu_seq635_96steps_20260602.json
language_longseq_conv_mixer_sampled_vocab16384_full4_confirm_finewebedu_seq635_96steps_20260602/causal_conv_mixer_20m,365760.0,7.321571946144104,6.472303867340088,72.0,20034967.0,json_history,E:\CODEXRESEARCH\RESEARCH-1\artifacts\benchmark_runs\language\language_longseq_conv_mixer_sampled_vocab16384_full4_confirm_finewebedu_seq635_96steps_20260602.json
language_longseq_conv_mixer_sampled_vocab16384_full4_confirm_finewebedu_seq635_96steps_20260602/causal_conv_mixer_20m,487680.0,7.204640448093414,6.662915229797363,96.0,20034967.0,json_history,E:\CODEXRESEARCH\RESEARCH-1\artifacts\benchmark_runs\language\language_longseq_conv_mixer_sampled_vocab16384_full4_confirm_finewebedu_seq635_96steps_20260602.json
language_longseq_conv_mixer_sampled_vocab16384_full4_confirm_finewebedu_seq635_96steps_20260602/causal_conv_mixer_sampled_vocab_full4,0.0,10.843203663825989,,0.0,20034967.0,json_history,E:\CODEXRESEARCH\RESEARCH-1\artifacts\benchmark_runs\language\language_longseq_conv_mixer_sampled_vocab16384_full4_confirm_finewebedu_seq635_96steps_20260602.json
language_longseq_conv_mixer_sampled_vocab16384_full4_confirm_finewebedu_seq635_96steps_20260602/causal_conv_mixer_sampled_vocab_full4,121920.0,7.96125203371048,7.812113285064697,24.0,20034967.0,json_history,E:\CODEXRESEARCH\RESEARCH-1\artifacts\benchmark_runs\language\language_longseq_conv_mixer_sampled_vocab16384_full4_confirm_finewebedu_seq635_96steps_20260602.json
language_longseq_conv_mixer_sampled_vocab16384_full4_confirm_finewebedu_seq635_96steps_20260602/causal_conv_mixer_sampled_vocab_full4,243840.0,7.465932905673981,7.24893045425415,48.0,20034967.0,json_history,E:\CODEXRESEARCH\RESEARCH-1\artifacts\benchmark_runs\language\language_longseq_conv_mixer_sampled_vocab16384_full4_confirm_finewebedu_seq635_96steps_20260602.json
language_longseq_conv_mixer_sampled_vocab16384_full4_confirm_finewebedu_seq635_96steps_20260602/causal_conv_mixer_sampled_vocab_full4,365760.0,7.279672861099243,6.582683086395264,72.0,20034967.0,json_history,E:\CODEXRESEARCH\RESEARCH-1\artifacts\benchmark_runs\language\language_longseq_conv_mixer_sampled_vocab16384_full4_confirm_finewebedu_seq635_96steps_20260602.json
language_longseq_conv_mixer_sampled_vocab16384_full4_confirm_finewebedu_seq635_96steps_20260602/causal_conv_mixer_sampled_vocab_full4,487680.0,7.187328219413757,6.718540668487549,96.0,20034967.0,json_history,E:\CODEXRESEARCH\RESEARCH-1\artifacts\benchmark_runs\language\language_longseq_conv_mixer_sampled_vocab16384_full4_confirm_finewebedu_seq635_96steps_20260602.json
language_longseq_conv_mixer_sampled_vocab16384_full4_confirm_finewebedu_seq635_96steps_20260602/partial_untied,0.0,10.82306694984436,,0.0,19949523.0,json_history,E:\CODEXRESEARCH\RESEARCH-1\artifacts\benchmark_runs\language\language_longseq_conv_mixer_sampled_vocab16384_full4_confirm_finewebedu_seq635_96steps_20260602.json
language_longseq_conv_mixer_sampled_vocab16384_full4_confirm_finewebedu_seq635_96steps_20260602/partial_untied,121920.0,8.420228242874146,8.248953819274902,24.0,19949523.0,json_history,E:\CODEXRESEARCH\RESEARCH-1\artifacts\benchmark_runs\language\language_longseq_conv_mixer_sampled_vocab16384_full4_confirm_finewebedu_seq635_96steps_20260602.json
language_longseq_conv_mixer_sampled_vocab16384_full4_confirm_finewebedu_seq635_96steps_20260602/partial_untied,243840.0,7.684772074222565,7.3867316246032715,48.0,19949523.0,json_history,E:\CODEXRESEARCH\RESEARCH-1\artifacts\benchmark_runs\language\language_longseq_conv_mixer_sampled_vocab16384_full4_confirm_finewebedu_seq635_96steps_20260602.json
language_longseq_conv_mixer_sampled_vocab16384_full4_confirm_finewebedu_seq635_96steps_20260602/partial_untied,365760.0,7.436144173145294,6.53887939453125,72.0,19949523.0,json_history,E:\CODEXRESEARCH\RESEARCH-1\artifacts\benchmark_runs\language\language_longseq_conv_mixer_sampled_vocab16384_full4_confirm_finewebedu_seq635_96steps_20260602.json
language_longseq_conv_mixer_sampled_vocab16384_full4_confirm_finewebedu_seq635_96steps_20260602/partial_untied,487680.0,7.368689060211182,6.73226261138916,96.0,19949523.0,json_history,E:\CODEXRESEARCH\RESEARCH-1\artifacts\benchmark_runs\language\language_longseq_conv_mixer_sampled_vocab16384_full4_confirm_finewebedu_seq635_96steps_20260602.json
language_longseq_conv_mixer_sampled_vocab16384_full8_confirm_finewebedu_seq635_96steps_20260602/causal_conv_mixer_20m,0.0,10.843203663825989,,0.0,20034967.0,json_history,E:\CODEXRESEARCH\RESEARCH-1\artifacts\benchmark_runs\language\language_longseq_conv_mixer_sampled_vocab16384_full8_confirm_finewebedu_seq635_96steps_20260602.json
language_longseq_conv_mixer_sampled_vocab16384_full8_confirm_finewebedu_seq635_96steps_20260602/causal_conv_mixer_20m,121920.0,7.673999011516571,7.358700752258301,24.0,20034967.0,json_history,E:\CODEXRESEARCH\RESEARCH-1\artifacts\benchmark_runs\language\language_longseq_conv_mixer_sampled_vocab16384_full8_confirm_finewebedu_seq635_96steps_20260602.json
language_longseq_conv_mixer_sampled_vocab16384_full8_confirm_finewebedu_seq635_96steps_20260602/causal_conv_mixer_20m,243840.0,7.422070145606995,7.080315113067627,48.0,20034967.0,json_history,E:\CODEXRESEARCH\RESEARCH-1\artifacts\benchmark_runs\language\language_longseq_conv_mixer_sampled_vocab16384_full8_confirm_finewebedu_seq635_96steps_20260602.json
language_longseq_conv_mixer_sampled_vocab16384_full8_confirm_finewebedu_seq635_96steps_20260602/causal_conv_mixer_20m,365760.0,7.321571946144104,6.472303867340088,72.0,20034967.0,json_history,E:\CODEXRESEARCH\RESEARCH-1\artifacts\benchmark_runs\language\language_longseq_conv_mixer_sampled_vocab16384_full8_confirm_finewebedu_seq635_96steps_20260602.json
language_longseq_conv_mixer_sampled_vocab16384_full8_confirm_finewebedu_seq635_96steps_20260602/causal_conv_mixer_20m,487680.0,7.204640448093414,6.662915229797363,96.0,20034967.0,json_history,E:\CODEXRESEARCH\RESEARCH-1\artifacts\benchmark_runs\language\language_longseq_conv_mixer_sampled_vocab16384_full8_confirm_finewebedu_seq635_96steps_20260602.json
language_longseq_conv_mixer_sampled_vocab16384_full8_confirm_finewebedu_seq635_96steps_20260602/causal_conv_mixer_sampled_vocab_full4,0.0,10.843203663825989,,0.0,20034967.0,json_history,E:\CODEXRESEARCH\RESEARCH-1\artifacts\benchmark_runs\language\language_longseq_conv_mixer_sampled_vocab16384_full8_confirm_finewebedu_seq635_96steps_20260602.json
language_longseq_conv_mixer_sampled_vocab16384_full8_confirm_finewebedu_seq635_96steps_20260602/causal_conv_mixer_sampled_vocab_full4,121920.0,8.124258518218994,8.04526424407959,24.0,20034967.0,json_history,E:\CODEXRESEARCH\RESEARCH-1\artifacts\benchmark_runs\language\language_longseq_conv_mixer_sampled_vocab16384_full8_confirm_finewebedu_seq635_96steps_20260602.json
language_longseq_conv_mixer_sampled_vocab16384_full8_confirm_finewebedu_seq635_96steps_20260602/causal_conv_mixer_sampled_vocab_full4,243840.0,7.598283052444458,7.444055080413818,48.0,20034967.0,json_history,E:\CODEXRESEARCH\RESEARCH-1\artifacts\benchmark_runs\language\language_longseq_conv_mixer_sampled_vocab16384_full8_confirm_finewebedu_seq635_96steps_20260602.json
language_longseq_conv_mixer_sampled_vocab16384_full8_confirm_finewebedu_seq635_96steps_20260602/causal_conv_mixer_sampled_vocab_full4,365760.0,7.360116064548492,6.700125217437744,72.0,20034967.0,json_history,E:\CODEXRESEARCH\RESEARCH-1\artifacts\benchmark_runs\language\language_longseq_conv_mixer_sampled_vocab16384_full8_confirm_finewebedu_seq635_96steps_20260602.json
language_longseq_conv_mixer_sampled_vocab16384_full8_confirm_finewebedu_seq635_96steps_20260602/causal_conv_mixer_sampled_vocab_full4,487680.0,7.2634318470954895,6.845713138580322,96.0,20034967.0,json_history,E:\CODEXRESEARCH\RESEARCH-1\artifacts\benchmark_runs\language\language_longseq_conv_mixer_sampled_vocab16384_full8_confirm_finewebedu_seq635_96steps_20260602.json
language_longseq_conv_mixer_sampled_vocab16384_full8_confirm_finewebedu_seq635_96steps_20260602/partial_untied,0.0,10.823068499565125,,0.0,19949523.0,json_history,E:\CODEXRESEARCH\RESEARCH-1\artifacts\benchmark_runs\language\language_longseq_conv_mixer_sampled_vocab16384_full8_confirm_finewebedu_seq635_96steps_20260602.json
language_longseq_conv_mixer_sampled_vocab16384_full8_confirm_finewebedu_seq635_96steps_20260602/partial_untied,121920.0,8.420305132865906,8.248908996582031,24.0,19949523.0,json_history,E:\CODEXRESEARCH\RESEARCH-1\artifacts\benchmark_runs\language\language_longseq_conv_mixer_sampled_vocab16384_full8_confirm_finewebedu_seq635_96steps_20260602.json
language_longseq_conv_mixer_sampled_vocab16384_full8_confirm_finewebedu_seq635_96steps_20260602/partial_untied,243840.0,7.684750616550446,7.386940002441406,48.0,19949523.0,json_history,E:\CODEXRESEARCH\RESEARCH-1\artifacts\benchmark_runs\language\language_longseq_conv_mixer_sampled_vocab16384_full8_confirm_finewebedu_seq635_96steps_20260602.json
language_longseq_conv_mixer_sampled_vocab16384_full8_confirm_finewebedu_seq635_96steps_20260602/partial_untied,365760.0,7.436087071895599,6.539318561553955,72.0,19949523.0,json_history,E:\CODEXRESEARCH\RESEARCH-1\artifacts\benchmark_runs\language\language_longseq_conv_mixer_sampled_vocab16384_full8_confirm_finewebedu_seq635_96steps_20260602.json
language_longseq_conv_mixer_sampled_vocab16384_full8_confirm_finewebedu_seq635_96steps_20260602/partial_untied,487680.0,7.368673622608185,6.732119560241699,96.0,19949523.0,json_history,E:\CODEXRESEARCH\RESEARCH-1\artifacts\benchmark_runs\language\language_longseq_conv_mixer_sampled_vocab16384_full8_confirm_finewebedu_seq635_96steps_20260602.json
language_longseq_conv_mixer_sampled_vocab8192_full2_confirm_finewebedu_seq635_96steps_20260602/causal_conv_mixer_20m,0.0,10.843203663825989,,0.0,20034967.0,json_history,E:\CODEXRESEARCH\RESEARCH-1\artifacts\benchmark_runs\language\language_longseq_conv_mixer_sampled_vocab8192_full2_confirm_finewebedu_seq635_96steps_20260602.json
language_longseq_conv_mixer_sampled_vocab8192_full2_confirm_finewebedu_seq635_96steps_20260602/causal_conv_mixer_20m,121920.0,7.673999011516571,7.358700752258301,24.0,20034967.0,json_history,E:\CODEXRESEARCH\RESEARCH-1\artifacts\benchmark_runs\language\language_longseq_conv_mixer_sampled_vocab8192_full2_confirm_finewebedu_seq635_96steps_20260602.json
language_longseq_conv_mixer_sampled_vocab8192_full2_confirm_finewebedu_seq635_96steps_20260602/causal_conv_mixer_20m,243840.0,7.422070145606995,7.080315113067627,48.0,20034967.0,json_history,E:\CODEXRESEARCH\RESEARCH-1\artifacts\benchmark_runs\language\language_longseq_conv_mixer_sampled_vocab8192_full2_confirm_finewebedu_seq635_96steps_20260602.json
language_longseq_conv_mixer_sampled_vocab8192_full2_confirm_finewebedu_seq635_96steps_20260602/causal_conv_mixer_20m,365760.0,7.321571946144104,6.472303867340088,72.0,20034967.0,json_history,E:\CODEXRESEARCH\RESEARCH-1\artifacts\benchmark_runs\language\language_longseq_conv_mixer_sampled_vocab8192_full2_confirm_finewebedu_seq635_96steps_20260602.json
language_longseq_conv_mixer_sampled_vocab8192_full2_confirm_finewebedu_seq635_96steps_20260602/causal_conv_mixer_20m,487680.0,7.204640448093414,6.662915229797363,96.0,20034967.0,json_history,E:\CODEXRESEARCH\RESEARCH-1\artifacts\benchmark_runs\language\language_longseq_conv_mixer_sampled_vocab8192_full2_confirm_finewebedu_seq635_96steps_20260602.json
language_longseq_conv_mixer_sampled_vocab8192_full2_confirm_finewebedu_seq635_96steps_20260602/causal_conv_mixer_sampled_vocab_full4,0.0,10.843203663825989,,0.0,20034967.0,json_history,E:\CODEXRESEARCH\RESEARCH-1\artifacts\benchmark_runs\language\language_longseq_conv_mixer_sampled_vocab8192_full2_confirm_finewebedu_seq635_96steps_20260602.json
language_longseq_conv_mixer_sampled_vocab8192_full2_confirm_finewebedu_seq635_96steps_20260602/causal_conv_mixer_sampled_vocab_full4,121920.0,7.6923434138298035,7.4202117919921875,24.0,20034967.0,json_history,E:\CODEXRESEARCH\RESEARCH-1\artifacts\benchmark_runs\language\language_longseq_conv_mixer_sampled_vocab8192_full2_confirm_finewebedu_seq635_96steps_20260602.json
language_longseq_conv_mixer_sampled_vocab8192_full2_confirm_finewebedu_seq635_96steps_20260602/causal_conv_mixer_sampled_vocab_full4,243840.0,7.439646601676941,7.193271160125732,48.0,20034967.0,json_history,E:\CODEXRESEARCH\RESEARCH-1\artifacts\benchmark_runs\language\language_longseq_conv_mixer_sampled_vocab8192_full2_confirm_finewebedu_seq635_96steps_20260602.json
language_longseq_conv_mixer_sampled_vocab8192_full2_confirm_finewebedu_seq635_96steps_20260602/causal_conv_mixer_sampled_vocab_full4,365760.0,7.280194461345673,6.549758434295654,72.0,20034967.0,json_history,E:\CODEXRESEARCH\RESEARCH-1\artifacts\benchmark_runs\language\language_longseq_conv_mixer_sampled_vocab8192_full2_confirm_finewebedu_seq635_96steps_20260602.json
language_longseq_conv_mixer_sampled_vocab8192_full2_confirm_finewebedu_seq635_96steps_20260602/causal_conv_mixer_sampled_vocab_full4,487680.0,7.207962810993195,6.6793599128723145,96.0,20034967.0,json_history,E:\CODEXRESEARCH\RESEARCH-1\artifacts\benchmark_runs\language\language_longseq_conv_mixer_sampled_vocab8192_full2_confirm_finewebedu_seq635_96steps_20260602.json
language_longseq_conv_mixer_sampled_vocab8192_full2_confirm_finewebedu_seq635_96steps_20260602/partial_untied,0.0,10.823068499565125,,0.0,19949523.0,json_history,E:\CODEXRESEARCH\RESEARCH-1\artifacts\benchmark_runs\language\language_longseq_conv_mixer_sampled_vocab8192_full2_confirm_finewebedu_seq635_96steps_20260602.json
language_longseq_conv_mixer_sampled_vocab8192_full2_confirm_finewebedu_seq635_96steps_20260602/partial_untied,121920.0,8.419970989227295,8.24891471862793,24.0,19949523.0,json_history,E:\CODEXRESEARCH\RESEARCH-1\artifacts\benchmark_runs\language\language_longseq_conv_mixer_sampled_vocab8192_full2_confirm_finewebedu_seq635_96steps_20260602.json
language_longseq_conv_mixer_sampled_vocab8192_full2_confirm_finewebedu_seq635_96steps_20260602/partial_untied,243840.0,7.68467253446579,7.386268138885498,48.0,19949523.0,json_history,E:\CODEXRESEARCH\RESEARCH-1\artifacts\benchmark_runs\language\language_longseq_conv_mixer_sampled_vocab8192_full2_confirm_finewebedu_seq635_96steps_20260602.json
language_longseq_conv_mixer_sampled_vocab8192_full2_confirm_finewebedu_seq635_96steps_20260602/partial_untied,365760.0,7.436381101608276,6.537728309631348,72.0,19949523.0,json_history,E:\CODEXRESEARCH\RESEARCH-1\artifacts\benchmark_runs\language\language_longseq_conv_mixer_sampled_vocab8192_full2_confirm_finewebedu_seq635_96steps_20260602.json
language_longseq_conv_mixer_sampled_vocab8192_full2_confirm_finewebedu_seq635_96steps_20260602/partial_untied,487680.0,7.368649542331696,6.733226299285889,96.0,19949523.0,json_history,E:\CODEXRESEARCH\RESEARCH-1\artifacts\benchmark_runs\language\language_longseq_conv_mixer_sampled_vocab8192_full2_confirm_finewebedu_seq635_96steps_20260602.json
language_longseq_conv_mixer_sampled_vocab_full2_confirm_finewebedu_seq635_96steps_20260602/causal_conv_mixer_20m,0.0,10.843203663825989,,0.0,20034967.0,json_history,E:\CODEXRESEARCH\RESEARCH-1\artifacts\benchmark_runs\language\language_longseq_conv_mixer_sampled_vocab_full2_confirm_finewebedu_seq635_96steps_20260602.json
language_longseq_conv_mixer_sampled_vocab_full2_confirm_finewebedu_seq635_96steps_20260602/causal_conv_mixer_20m,121920.0,7.673999011516571,7.358700752258301,24.0,20034967.0,json_history,E:\CODEXRESEARCH\RESEARCH-1\artifacts\benchmark_runs\language\language_longseq_conv_mixer_sampled_vocab_full2_confirm_finewebedu_seq635_96steps_20260602.json
language_longseq_conv_mixer_sampled_vocab_full2_confirm_finewebedu_seq635_96steps_20260602/causal_conv_mixer_20m,243840.0,7.422070145606995,7.080315113067627,48.0,20034967.0,json_history,E:\CODEXRESEARCH\RESEARCH-1\artifacts\benchmark_runs\language\language_longseq_conv_mixer_sampled_vocab_full2_confirm_finewebedu_seq635_96steps_20260602.json
language_longseq_conv_mixer_sampled_vocab_full2_confirm_finewebedu_seq635_96steps_20260602/causal_conv_mixer_20m,365760.0,7.321571946144104,6.472303867340088,72.0,20034967.0,json_history,E:\CODEXRESEARCH\RESEARCH-1\artifacts\benchmark_runs\language\language_longseq_conv_mixer_sampled_vocab_full2_confirm_finewebedu_seq635_96steps_20260602.json
language_longseq_conv_mixer_sampled_vocab_full2_confirm_finewebedu_seq635_96steps_20260602/causal_conv_mixer_20m,487680.0,7.204640448093414,6.662915229797363,96.0,20034967.0,json_history,E:\CODEXRESEARCH\RESEARCH-1\artifacts\benchmark_runs\language\language_longseq_conv_mixer_sampled_vocab_full2_confirm_finewebedu_seq635_96steps_20260602.json
language_longseq_conv_mixer_sampled_vocab_full2_confirm_finewebedu_seq635_96steps_20260602/causal_conv_mixer_sampled_vocab_full4,0.0,10.843203663825989,,0.0,20034967.0,json_history,E:\CODEXRESEARCH\RESEARCH-1\artifacts\benchmark_runs\language\language_longseq_conv_mixer_sampled_vocab_full2_confirm_finewebedu_seq635_96steps_20260602.json
language_longseq_conv_mixer_sampled_vocab_full2_confirm_finewebedu_seq635_96steps_20260602/causal_conv_mixer_sampled_vocab_full4,121920.0,7.749900639057159,7.550725936889648,24.0,20034967.0,json_history,E:\CODEXRESEARCH\RESEARCH-1\artifacts\benchmark_runs\language\language_longseq_conv_mixer_sampled_vocab_full2_confirm_finewebedu_seq635_96steps_20260602.json
language_longseq_conv_mixer_sampled_vocab_full2_confirm_finewebedu_seq635_96steps_20260602/causal_conv_mixer_sampled_vocab_full4,243840.0,7.460615277290344,7.171405792236328,48.0,20034967.0,json_history,E:\CODEXRESEARCH\RESEARCH-1\artifacts\benchmark_runs\language\language_longseq_conv_mixer_sampled_vocab_full2_confirm_finewebedu_seq635_96steps_20260602.json
language_longseq_conv_mixer_sampled_vocab_full2_confirm_finewebedu_seq635_96steps_20260602/causal_conv_mixer_sampled_vocab_full4,365760.0,7.288515627384186,6.5914201736450195,72.0,20034967.0,json_history,E:\CODEXRESEARCH\RESEARCH-1\artifacts\benchmark_runs\language\language_longseq_conv_mixer_sampled_vocab_full2_confirm_finewebedu_seq635_96steps_20260602.json
language_longseq_conv_mixer_sampled_vocab_full2_confirm_finewebedu_seq635_96steps_20260602/causal_conv_mixer_sampled_vocab_full4,487680.0,7.2221760749816895,6.718265533447266,96.0,20034967.0,json_history,E:\CODEXRESEARCH\RESEARCH-1\artifacts\benchmark_runs\language\language_longseq_conv_mixer_sampled_vocab_full2_confirm_finewebedu_seq635_96steps_20260602.json
language_longseq_conv_mixer_sampled_vocab_full2_confirm_finewebedu_seq635_96steps_20260602/partial_untied,0.0,10.82306718826294,,0.0,19949523.0,json_history,E:\CODEXRESEARCH\RESEARCH-1\artifacts\benchmark_runs\language\language_longseq_conv_mixer_sampled_vocab_full2_confirm_finewebedu_seq635_96steps_20260602.json
language_longseq_conv_mixer_sampled_vocab_full2_confirm_finewebedu_seq635_96steps_20260602/partial_untied,121920.0,8.419928908348083,8.248892784118652,24.0,19949523.0,json_history,E:\CODEXRESEARCH\RESEARCH-1\artifacts\benchmark_runs\language\language_longseq_conv_mixer_sampled_vocab_full2_confirm_finewebedu_seq635_96steps_20260602.json
language_longseq_conv_mixer_sampled_vocab_full2_confirm_finewebedu_seq635_96steps_20260602/partial_untied,243840.0,7.684709012508392,7.386362075805664,48.0,19949523.0,json_history,E:\CODEXRESEARCH\RESEARCH-1\artifacts\benchmark_runs\language\language_longseq_conv_mixer_sampled_vocab_full2_confirm_finewebedu_seq635_96steps_20260602.json
language_longseq_conv_mixer_sampled_vocab_full2_confirm_finewebedu_seq635_96steps_20260602/partial_untied,365760.0,7.43629515171051,6.5375752449035645,72.0,19949523.0,json_history,E:\CODEXRESEARCH\RESEARCH-1\artifacts\benchmark_runs\language\language_longseq_conv_mixer_sampled_vocab_full2_confirm_finewebedu_seq635_96steps_20260602.json
language_longseq_conv_mixer_sampled_vocab_full2_confirm_finewebedu_seq635_96steps_20260602/partial_untied,487680.0,7.368671774864197,6.733007907867432,96.0,19949523.0,json_history,E:\CODEXRESEARCH\RESEARCH-1\artifacts\benchmark_runs\language\language_longseq_conv_mixer_sampled_vocab_full2_confirm_finewebedu_seq635_96steps_20260602.json
language_longseq_conv_mixer_sampled_vocab_full2_screen_finewebedu_seq635_24steps_20260602/causal_conv_mixer_20m,0.0,10.843203663825989,,0.0,20034967.0,json_history,E:\CODEXRESEARCH\RESEARCH-1\artifacts\benchmark_runs\language\language_longseq_conv_mixer_sampled_vocab_full2_screen_finewebedu_seq635_24steps_20260602.json
language_longseq_conv_mixer_sampled_vocab_full2_screen_finewebedu_seq635_24steps_20260602/causal_conv_mixer_20m,60960.0,7.936190843582153,7.885039329528809,12.0,20034967.0,json_history,E:\CODEXRESEARCH\RESEARCH-1\artifacts\benchmark_runs\language\language_longseq_conv_mixer_sampled_vocab_full2_screen_finewebedu_seq635_24steps_20260602.json
language_longseq_conv_mixer_sampled_vocab_full2_screen_finewebedu_seq635_24steps_20260602/causal_conv_mixer_20m,121920.0,7.673999011516571,7.358700752258301,24.0,20034967.0,json_history,E:\CODEXRESEARCH\RESEARCH-1\artifacts\benchmark_runs\language\language_longseq_conv_mixer_sampled_vocab_full2_screen_finewebedu_seq635_24steps_20260602.json
language_longseq_conv_mixer_sampled_vocab_full2_screen_finewebedu_seq635_24steps_20260602/causal_conv_mixer_sampled_vocab_full4,0.0,10.843203663825989,,0.0,20034967.0,json_history,E:\CODEXRESEARCH\RESEARCH-1\artifacts\benchmark_runs\language\language_longseq_conv_mixer_sampled_vocab_full2_screen_finewebedu_seq635_24steps_20260602.json
language_longseq_conv_mixer_sampled_vocab_full2_screen_finewebedu_seq635_24steps_20260602/causal_conv_mixer_sampled_vocab_full4,60960.0,8.195081532001495,8.241737365722656,12.0,20034967.0,json_history,E:\CODEXRESEARCH\RESEARCH-1\artifacts\benchmark_runs\language\language_longseq_conv_mixer_sampled_vocab_full2_screen_finewebedu_seq635_24steps_20260602.json
language_longseq_conv_mixer_sampled_vocab_full2_screen_finewebedu_seq635_24steps_20260602/causal_conv_mixer_sampled_vocab_full4,121920.0,7.749900639057159,7.550725936889648,24.0,20034967.0,json_history,E:\CODEXRESEARCH\RESEARCH-1\artifacts\benchmark_runs\language\language_longseq_conv_mixer_sampled_vocab_full2_screen_finewebedu_seq635_24steps_20260602.json
language_longseq_conv_mixer_sampled_vocab_full2_screen_finewebedu_seq635_24steps_20260602/partial_untied,0.0,10.823067784309387,,0.0,19949523.0,json_history,E:\CODEXRESEARCH\RESEARCH-1\artifacts\benchmark_runs\language\language_longseq_conv_mixer_sampled_vocab_full2_screen_finewebedu_seq635_24steps_20260602.json
language_longseq_conv_mixer_sampled_vocab_full2_screen_finewebedu_seq635_24steps_20260602/partial_untied,60960.0,9.149724006652832,9.24747085571289,12.0,19949523.0,json_history,E:\CODEXRESEARCH\RESEARCH-1\artifacts\benchmark_runs\language\language_longseq_conv_mixer_sampled_vocab_full2_screen_finewebedu_seq635_24steps_20260602.json
language_longseq_conv_mixer_sampled_vocab_full2_screen_finewebedu_seq635_24steps_20260602/partial_untied,121920.0,8.420199155807495,8.248948097229004,24.0,19949523.0,json_history,E:\CODEXRESEARCH\RESEARCH-1\artifacts\benchmark_runs\language\language_longseq_conv_mixer_sampled_vocab_full2_screen_finewebedu_seq635_24steps_20260602.json
language_longseq_conv_mixer_sampled_vocab_full4_confirm_finewebedu_seq635_96steps_20260602/causal_conv_mixer_20m,0.0,10.843203663825989,,0.0,20034967.0,json_history,E:\CODEXRESEARCH\RESEARCH-1\artifacts\benchmark_runs\language\language_longseq_conv_mixer_sampled_vocab_full4_confirm_finewebedu_seq635_96steps_20260602.json
language_longseq_conv_mixer_sampled_vocab_full4_confirm_finewebedu_seq635_96steps_20260602/causal_conv_mixer_20m,121920.0,7.673999011516571,7.358700752258301,24.0,20034967.0,json_history,E:\CODEXRESEARCH\RESEARCH-1\artifacts\benchmark_runs\language\language_longseq_conv_mixer_sampled_vocab_full4_confirm_finewebedu_seq635_96steps_20260602.json
language_longseq_conv_mixer_sampled_vocab_full4_confirm_finewebedu_seq635_96steps_20260602/causal_conv_mixer_20m,243840.0,7.422070145606995,7.080315113067627,48.0,20034967.0,json_history,E:\CODEXRESEARCH\RESEARCH-1\artifacts\benchmark_runs\language\language_longseq_conv_mixer_sampled_vocab_full4_confirm_finewebedu_seq635_96steps_20260602.json
language_longseq_conv_mixer_sampled_vocab_full4_confirm_finewebedu_seq635_96steps_20260602/causal_conv_mixer_20m,365760.0,7.321571946144104,6.472303867340088,72.0,20034967.0,json_history,E:\CODEXRESEARCH\RESEARCH-1\artifacts\benchmark_runs\language\language_longseq_conv_mixer_sampled_vocab_full4_confirm_finewebedu_seq635_96steps_20260602.json
language_longseq_conv_mixer_sampled_vocab_full4_confirm_finewebedu_seq635_96steps_20260602/causal_conv_mixer_20m,487680.0,7.204640448093414,6.662915229797363,96.0,20034967.0,json_history,E:\CODEXRESEARCH\RESEARCH-1\artifacts\benchmark_runs\language\language_longseq_conv_mixer_sampled_vocab_full4_confirm_finewebedu_seq635_96steps_20260602.json
language_longseq_conv_mixer_sampled_vocab_full4_confirm_finewebedu_seq635_96steps_20260602/causal_conv_mixer_sampled_vocab_full4,0.0,10.843203663825989,,0.0,20034967.0,json_history,E:\CODEXRESEARCH\RESEARCH-1\artifacts\benchmark_runs\language\language_longseq_conv_mixer_sampled_vocab_full4_confirm_finewebedu_seq635_96steps_20260602.json
language_longseq_conv_mixer_sampled_vocab_full4_confirm_finewebedu_seq635_96steps_20260602/causal_conv_mixer_sampled_vocab_full4,121920.0,8.410483002662659,8.390755653381348,24.0,20034967.0,json_history,E:\CODEXRESEARCH\RESEARCH-1\artifacts\benchmark_runs\language\language_longseq_conv_mixer_sampled_vocab_full4_confirm_finewebedu_seq635_96steps_20260602.json
language_longseq_conv_mixer_sampled_vocab_full4_confirm_finewebedu_seq635_96steps_20260602/causal_conv_mixer_sampled_vocab_full4,243840.0,8.050197839736938,7.875626087188721,48.0,20034967.0,json_history,E:\CODEXRESEARCH\RESEARCH-1\artifacts\benchmark_runs\language\language_longseq_conv_mixer_sampled_vocab_full4_confirm_finewebedu_seq635_96steps_20260602.json
language_longseq_conv_mixer_sampled_vocab_full4_confirm_finewebedu_seq635_96steps_20260602/causal_conv_mixer_sampled_vocab_full4,365760.0,7.769849181175232,7.223847389221191,72.0,20034967.0,json_history,E:\CODEXRESEARCH\RESEARCH-1\artifacts\benchmark_runs\language\language_longseq_conv_mixer_sampled_vocab_full4_confirm_finewebedu_seq635_96steps_20260602.json
language_longseq_conv_mixer_sampled_vocab_full4_confirm_finewebedu_seq635_96steps_20260602/causal_conv_mixer_sampled_vocab_full4,487680.0,7.663969993591309,7.292619705200195,96.0,20034967.0,json_history,E:\CODEXRESEARCH\RESEARCH-1\artifacts\benchmark_runs\language\language_longseq_conv_mixer_sampled_vocab_full4_confirm_finewebedu_seq635_96steps_20260602.json
language_longseq_conv_mixer_sampled_vocab_full4_confirm_finewebedu_seq635_96steps_20260602/partial_untied,0.0,10.823067903518677,,0.0,19949523.0,json_history,E:\CODEXRESEARCH\RESEARCH-1\artifacts\benchmark_runs\language\language_longseq_conv_mixer_sampled_vocab_full4_confirm_finewebedu_seq635_96steps_20260602.json
language_longseq_conv_mixer_sampled_vocab_full4_confirm_finewebedu_seq635_96steps_20260602/partial_untied,121920.0,8.420223116874695,8.248952865600586,24.0,19949523.0,json_history,E:\CODEXRESEARCH\RESEARCH-1\artifacts\benchmark_runs\language\language_longseq_conv_mixer_sampled_vocab_full4_confirm_finewebedu_seq635_96steps_20260602.json
language_longseq_conv_mixer_sampled_vocab_full4_confirm_finewebedu_seq635_96steps_20260602/partial_untied,243840.0,7.684828996658325,7.3867692947387695,48.0,19949523.0,json_history,E:\CODEXRESEARCH\RESEARCH-1\artifacts\benchmark_runs\language\language_longseq_conv_mixer_sampled_vocab_full4_confirm_finewebedu_seq635_96steps_20260602.json
language_longseq_conv_mixer_sampled_vocab_full4_confirm_finewebedu_seq635_96steps_20260602/partial_untied,365760.0,7.436105012893677,6.539219379425049,72.0,19949523.0,json_history,E:\CODEXRESEARCH\RESEARCH-1\artifacts\benchmark_runs\language\language_longseq_conv_mixer_sampled_vocab_full4_confirm_finewebedu_seq635_96steps_20260602.json
language_longseq_conv_mixer_sampled_vocab_full4_confirm_finewebedu_seq635_96steps_20260602/partial_untied,487680.0,7.368734896183014,6.732410430908203,96.0,19949523.0,json_history,E:\CODEXRESEARCH\RESEARCH-1\artifacts\benchmark_runs\language\language_longseq_conv_mixer_sampled_vocab_full4_confirm_finewebedu_seq635_96steps_20260602.json
language_longseq_conv_mixer_sampled_vocab_screen_finewebedu_seq635_24steps_20260602/causal_conv_mixer_20m,0.0,10.843203663825989,,0.0,20034967.0,json_history,E:\CODEXRESEARCH\RESEARCH-1\artifacts\benchmark_runs\language\language_longseq_conv_mixer_sampled_vocab_screen_finewebedu_seq635_24steps_20260602.json
language_longseq_conv_mixer_sampled_vocab_screen_finewebedu_seq635_24steps_20260602/causal_conv_mixer_20m,60960.0,7.936190843582153,7.885039329528809,12.0,20034967.0,json_history,E:\CODEXRESEARCH\RESEARCH-1\artifacts\benchmark_runs\language\language_longseq_conv_mixer_sampled_vocab_screen_finewebedu_seq635_24steps_20260602.json
language_longseq_conv_mixer_sampled_vocab_screen_finewebedu_seq635_24steps_20260602/causal_conv_mixer_20m,121920.0,7.673999011516571,7.358700752258301,24.0,20034967.0,json_history,E:\CODEXRESEARCH\RESEARCH-1\artifacts\benchmark_runs\language\language_longseq_conv_mixer_sampled_vocab_screen_finewebedu_seq635_24steps_20260602.json
language_longseq_conv_mixer_sampled_vocab_screen_finewebedu_seq635_24steps_20260602/causal_conv_mixer_sampled_vocab,0.0,10.843203663825989,,0.0,20034967.0,json_history,E:\CODEXRESEARCH\RESEARCH-1\artifacts\benchmark_runs\language\language_longseq_conv_mixer_sampled_vocab_screen_finewebedu_seq635_24steps_20260602.json
language_longseq_conv_mixer_sampled_vocab_screen_finewebedu_seq635_24steps_20260602/causal_conv_mixer_sampled_vocab,60960.0,9.558963537216187,6.927454471588135,12.0,20034967.0,json_history,E:\CODEXRESEARCH\RESEARCH-1\artifacts\benchmark_runs\language\language_longseq_conv_mixer_sampled_vocab_screen_finewebedu_seq635_24steps_20260602.json
language_longseq_conv_mixer_sampled_vocab_screen_finewebedu_seq635_24steps_20260602/causal_conv_mixer_sampled_vocab,121920.0,9.140994906425476,6.58489465713501,24.0,20034967.0,json_history,E:\CODEXRESEARCH\RESEARCH-1\artifacts\benchmark_runs\language\language_longseq_conv_mixer_sampled_vocab_screen_finewebedu_seq635_24steps_20260602.json
language_longseq_conv_mixer_sampled_vocab_screen_finewebedu_seq635_24steps_20260602/causal_conv_mixer_sampled_vocab_full4,0.0,10.843203663825989,,0.0,20034967.0,json_history,E:\CODEXRESEARCH\RESEARCH-1\artifacts\benchmark_runs\language\language_longseq_conv_mixer_sampled_vocab_screen_finewebedu_seq635_24steps_20260602.json
language_longseq_conv_mixer_sampled_vocab_screen_finewebedu_seq635_24steps_20260602/causal_conv_mixer_sampled_vocab_full4,60960.0,8.640763282775879,8.76207447052002,12.0,20034967.0,json_history,E:\CODEXRESEARCH\RESEARCH-1\artifacts\benchmark_runs\language\language_longseq_conv_mixer_sampled_vocab_screen_finewebedu_seq635_24steps_20260602.json
language_longseq_conv_mixer_sampled_vocab_screen_finewebedu_seq635_24steps_20260602/causal_conv_mixer_sampled_vocab_full4,121920.0,8.410483002662659,8.390755653381348,24.0,20034967.0,json_history,E:\CODEXRESEARCH\RESEARCH-1\artifacts\benchmark_runs\language\language_longseq_conv_mixer_sampled_vocab_screen_finewebedu_seq635_24steps_20260602.json
language_longseq_conv_mixer_sampled_vocab_screen_finewebedu_seq635_24steps_20260602/partial_untied,0.0,10.823065996170044,,0.0,19949523.0,json_history,E:\CODEXRESEARCH\RESEARCH-1\artifacts\benchmark_runs\language\language_longseq_conv_mixer_sampled_vocab_screen_finewebedu_seq635_24steps_20260602.json
language_longseq_conv_mixer_sampled_vocab_screen_finewebedu_seq635_24steps_20260602/partial_untied,60960.0,9.149935722351074,9.247639656066895,12.0,19949523.0,json_history,E:\CODEXRESEARCH\RESEARCH-1\artifacts\benchmark_runs\language\language_longseq_conv_mixer_sampled_vocab_screen_finewebedu_seq635_24steps_20260602.json
language_longseq_conv_mixer_sampled_vocab_screen_finewebedu_seq635_24steps_20260602/partial_untied,121920.0,8.420552015304565,8.24889850616455,24.0,19949523.0,json_history,E:\CODEXRESEARCH\RESEARCH-1\artifacts\benchmark_runs\language\language_longseq_conv_mixer_sampled_vocab_screen_finewebedu_seq635_24steps_20260602.json
language_longseq_detached_replay_probe_finewebedu_seq635_20m_20260602/detached_replay,0.0,10.823066234588623,,0.0,19949523.0,json_history,E:\CODEXRESEARCH\RESEARCH-1\artifacts\benchmark_runs\language\language_longseq_detached_replay_probe_finewebedu_seq635_20m_20260602.json
language_longseq_detached_replay_probe_finewebedu_seq635_20m_20260602/detached_replay,60960.0,9.154463171958923,9.248773574829102,12.0,19949523.0,json_history,E:\CODEXRESEARCH\RESEARCH-1\artifacts\benchmark_runs\language\language_longseq_detached_replay_probe_finewebedu_seq635_20m_20260602.json
language_longseq_detached_replay_probe_finewebedu_seq635_20m_20260602/detached_replay,121920.0,8.42268192768097,8.251644134521484,24.0,19949523.0,json_history,E:\CODEXRESEARCH\RESEARCH-1\artifacts\benchmark_runs\language\language_longseq_detached_replay_probe_finewebedu_seq635_20m_20260602.json
language_longseq_detached_replay_probe_finewebedu_seq635_20m_20260602/partial_untied,0.0,10.823066592216492,,0.0,19949523.0,json_history,E:\CODEXRESEARCH\RESEARCH-1\artifacts\benchmark_runs\language\language_longseq_detached_replay_probe_finewebedu_seq635_20m_20260602.json
language_longseq_detached_replay_probe_finewebedu_seq635_20m_20260602/partial_untied,60960.0,9.14979338645935,9.2476167678833,12.0,19949523.0,json_history,E:\CODEXRESEARCH\RESEARCH-1\artifacts\benchmark_runs\language\language_longseq_detached_replay_probe_finewebedu_seq635_20m_20260602.json
language_longseq_detached_replay_probe_finewebedu_seq635_20m_20260602/partial_untied,121920.0,8.420204401016235,8.248995780944824,24.0,19949523.0,json_history,E:\CODEXRESEARCH\RESEARCH-1\artifacts\benchmark_runs\language\language_longseq_detached_replay_probe_finewebedu_seq635_20m_20260602.json
language_longseq_factorized_20m_probe_finewebedu_seq635_96steps_20260602/factorized_untied_20m,0.0,10.78755795955658,,0.0,20028067.0,json_history,E:\CODEXRESEARCH\RESEARCH-1\artifacts\benchmark_runs\language\language_longseq_factorized_20m_probe_finewebedu_seq635_96steps_20260602.json
language_longseq_factorized_20m_probe_finewebedu_seq635_96steps_20260602/factorized_untied_20m,121920.0,8.036785662174225,7.750924110412598,24.0,20028067.0,json_history,E:\CODEXRESEARCH\RESEARCH-1\artifacts\benchmark_runs\language\language_longseq_factorized_20m_probe_finewebedu_seq635_96steps_20260602.json
language_longseq_factorized_20m_probe_finewebedu_seq635_96steps_20260602/factorized_untied_20m,243840.0,7.701530575752258,7.422945499420166,48.0,20028067.0,json_history,E:\CODEXRESEARCH\RESEARCH-1\artifacts\benchmark_runs\language\language_longseq_factorized_20m_probe_finewebedu_seq635_96steps_20260602.json
language_longseq_factorized_20m_probe_finewebedu_seq635_96steps_20260602/factorized_untied_20m,365760.0,7.513529002666473,6.976366996765137,72.0,20028067.0,json_history,E:\CODEXRESEARCH\RESEARCH-1\artifacts\benchmark_runs\language\language_longseq_factorized_20m_probe_finewebedu_seq635_96steps_20260602.json
language_longseq_factorized_20m_probe_finewebedu_seq635_96steps_20260602/factorized_untied_20m,487680.0,7.40567147731781,7.01715612411499,96.0,20028067.0,json_history,E:\CODEXRESEARCH\RESEARCH-1\artifacts\benchmark_runs\language\language_longseq_factorized_20m_probe_finewebedu_seq635_96steps_20260602.json
language_longseq_factorized_20m_probe_finewebedu_seq635_96steps_20260602/partial_untied,0.0,10.823066353797913,,0.0,19949523.0,json_history,E:\CODEXRESEARCH\RESEARCH-1\artifacts\benchmark_runs\language\language_longseq_factorized_20m_probe_finewebedu_seq635_96steps_20260602.json
language_longseq_factorized_20m_probe_finewebedu_seq635_96steps_20260602/partial_untied,121920.0,8.42027461528778,8.248924255371094,24.0,19949523.0,json_history,E:\CODEXRESEARCH\RESEARCH-1\artifacts\benchmark_runs\language\language_longseq_factorized_20m_probe_finewebedu_seq635_96steps_20260602.json
language_longseq_factorized_20m_probe_finewebedu_seq635_96steps_20260602/partial_untied,243840.0,7.684711992740631,7.3868327140808105,48.0,19949523.0,json_history,E:\CODEXRESEARCH\RESEARCH-1\artifacts\benchmark_runs\language\language_longseq_factorized_20m_probe_finewebedu_seq635_96steps_20260602.json
language_longseq_factorized_20m_probe_finewebedu_seq635_96steps_20260602/partial_untied,365760.0,7.436025500297546,6.538941860198975,72.0,19949523.0,json_history,E:\CODEXRESEARCH\RESEARCH-1\artifacts\benchmark_runs\language\language_longseq_factorized_20m_probe_finewebedu_seq635_96steps_20260602.json
language_longseq_factorized_20m_probe_finewebedu_seq635_96steps_20260602/partial_untied,487680.0,7.368678569793701,6.732065677642822,96.0,19949523.0,json_history,E:\CODEXRESEARCH\RESEARCH-1\artifacts\benchmark_runs\language\language_longseq_factorized_20m_probe_finewebedu_seq635_96steps_20260602.json
language_longseq_factorized_20m_rank96_probe_finewebedu_seq635_96steps_20260602/factorized_untied_20m,0.0,10.806043267250061,,0.0,19998899.0,json_history,E:\CODEXRESEARCH\RESEARCH-1\artifacts\benchmark_runs\language\language_longseq_factorized_20m_rank96_probe_finewebedu_seq635_96steps_20260602.json
language_longseq_factorized_20m_rank96_probe_finewebedu_seq635_96steps_20260602/factorized_untied_20m,121920.0,7.995267033576965,7.985272407531738,24.0,19998899.0,json_history,E:\CODEXRESEARCH\RESEARCH-1\artifacts\benchmark_runs\language\language_longseq_factorized_20m_rank96_probe_finewebedu_seq635_96steps_20260602.json
language_longseq_factorized_20m_rank96_probe_finewebedu_seq635_96steps_20260602/factorized_untied_20m,243840.0,7.667721331119537,7.3614912033081055,48.0,19998899.0,json_history,E:\CODEXRESEARCH\RESEARCH-1\artifacts\benchmark_runs\language\language_longseq_factorized_20m_rank96_probe_finewebedu_seq635_96steps_20260602.json
language_longseq_factorized_20m_rank96_probe_finewebedu_seq635_96steps_20260602/factorized_untied_20m,365760.0,7.510486483573914,6.90604829788208,72.0,19998899.0,json_history,E:\CODEXRESEARCH\RESEARCH-1\artifacts\benchmark_runs\language\language_longseq_factorized_20m_rank96_probe_finewebedu_seq635_96steps_20260602.json
language_longseq_factorized_20m_rank96_probe_finewebedu_seq635_96steps_20260602/factorized_untied_20m,487680.0,7.340918064117432,6.939499378204346,96.0,19998899.0,json_history,E:\CODEXRESEARCH\RESEARCH-1\artifacts\benchmark_runs\language\language_longseq_factorized_20m_rank96_probe_finewebedu_seq635_96steps_20260602.json
language_longseq_factorized_20m_rank96_probe_finewebedu_seq635_96steps_20260602/partial_untied,0.0,10.823067426681519,,0.0,19949523.0,json_history,E:\CODEXRESEARCH\RESEARCH-1\artifacts\benchmark_runs\language\language_longseq_factorized_20m_rank96_probe_finewebedu_seq635_96steps_20260602.json
language_longseq_factorized_20m_rank96_probe_finewebedu_seq635_96steps_20260602/partial_untied,121920.0,8.420385003089905,8.249005317687988,24.0,19949523.0,json_history,E:\CODEXRESEARCH\RESEARCH-1\artifacts\benchmark_runs\language\language_longseq_factorized_20m_rank96_probe_finewebedu_seq635_96steps_20260602.json
language_longseq_factorized_20m_rank96_probe_finewebedu_seq635_96steps_20260602/partial_untied,243840.0,7.684739470481873,7.386877059936523,48.0,19949523.0,json_history,E:\CODEXRESEARCH\RESEARCH-1\artifacts\benchmark_runs\language\language_longseq_factorized_20m_rank96_probe_finewebedu_seq635_96steps_20260602.json
language_longseq_factorized_20m_rank96_probe_finewebedu_seq635_96steps_20260602/partial_untied,365760.0,7.435950934886932,6.539760112762451,72.0,19949523.0,json_history,E:\CODEXRESEARCH\RESEARCH-1\artifacts\benchmark_runs\language\language_longseq_factorized_20m_rank96_probe_finewebedu_seq635_96steps_20260602.json
language_longseq_factorized_20m_rank96_probe_finewebedu_seq635_96steps_20260602/partial_untied,487680.0,7.368533551692963,6.731505393981934,96.0,19949523.0,json_history,E:\CODEXRESEARCH\RESEARCH-1\artifacts\benchmark_runs\language\language_longseq_factorized_20m_rank96_probe_finewebedu_seq635_96steps_20260602.json
language_longseq_factorized_heads_20m_probe_finewebedu_seq635_20260602/factorized_untied_20m,0.0,10.787557482719421,,0.0,20028067.0,json_history,E:\CODEXRESEARCH\RESEARCH-1\artifacts\benchmark_runs\language\language_longseq_factorized_heads_20m_probe_finewebedu_seq635_20260602.json
language_longseq_factorized_heads_20m_probe_finewebedu_seq635_20260602/factorized_untied_20m,60960.0,10.265788555145264,9.191831588745117,12.0,20028067.0,json_history,E:\CODEXRESEARCH\RESEARCH-1\artifacts\benchmark_runs\language\language_longseq_factorized_heads_20m_probe_finewebedu_seq635_20260602.json
language_longseq_factorized_heads_20m_probe_finewebedu_seq635_20260602/factorized_untied_20m,121920.0,8.03904414176941,7.75115442276001,24.0,20028067.0,json_history,E:\CODEXRESEARCH\RESEARCH-1\artifacts\benchmark_runs\language\language_longseq_factorized_heads_20m_probe_finewebedu_seq635_20260602.json
language_longseq_factorized_heads_20m_probe_finewebedu_seq635_20260602/low_rank_untied_20m,0.0,10.824903011322021,,0.0,20028067.0,json_history,E:\CODEXRESEARCH\RESEARCH-1\artifacts\benchmark_runs\language\language_longseq_factorized_heads_20m_probe_finewebedu_seq635_20260602.json
language_longseq_factorized_heads_20m_probe_finewebedu_seq635_20260602/low_rank_untied_20m,60960.0,9.02525019645691,9.077057838439941,12.0,20028067.0,json_history,E:\CODEXRESEARCH\RESEARCH-1\artifacts\benchmark_runs\language\language_longseq_factorized_heads_20m_probe_finewebedu_seq635_20260602.json
language_longseq_factorized_heads_20m_probe_finewebedu_seq635_20260602/low_rank_untied_20m,121920.0,7.833203315734863,7.622077465057373,24.0,20028067.0,json_history,E:\CODEXRESEARCH\RESEARCH-1\artifacts\benchmark_runs\language\language_longseq_factorized_heads_20m_probe_finewebedu_seq635_20260602.json
language_longseq_factorized_heads_20m_probe_finewebedu_seq635_20260602/partial_untied,0.0,10.823066353797913,,0.0,19949523.0,json_history,E:\CODEXRESEARCH\RESEARCH-1\artifacts\benchmark_runs\language\language_longseq_factorized_heads_20m_probe_finewebedu_seq635_20260602.json
language_longseq_factorized_heads_20m_probe_finewebedu_seq635_20260602/partial_untied,60960.0,9.149806261062622,9.247614860534668,12.0,19949523.0,json_history,E:\CODEXRESEARCH\RESEARCH-1\artifacts\benchmark_runs\language\language_longseq_factorized_heads_20m_probe_finewebedu_seq635_20260602.json
language_longseq_factorized_heads_20m_probe_finewebedu_seq635_20260602/partial_untied,121920.0,8.420221090316772,8.248865127563477,24.0,19949523.0,json_history,E:\CODEXRESEARCH\RESEARCH-1\artifacts\benchmark_runs\language\language_longseq_factorized_heads_20m_probe_finewebedu_seq635_20260602.json
language_longseq_factorized_heads_probe_finewebedu_seq635_20m_20260602/factorized_untied,0.0,10.78718388080597,,0.0,22857747.0,json_history,E:\CODEXRESEARCH\RESEARCH-1\artifacts\benchmark_runs\language\language_longseq_factorized_heads_probe_finewebedu_seq635_20m_20260602.json
language_longseq_factorized_heads_probe_finewebedu_seq635_20m_20260602/factorized_untied,60960.0,9.740548014640808,10.536065101623535,12.0,22857747.0,json_history,E:\CODEXRESEARCH\RESEARCH-1\artifacts\benchmark_runs\language\language_longseq_factorized_heads_probe_finewebedu_seq635_20m_20260602.json
language_longseq_factorized_heads_probe_finewebedu_seq635_20m_20260602/factorized_untied,121920.0,8.097404658794403,7.992464542388916,24.0,22857747.0,json_history,E:\CODEXRESEARCH\RESEARCH-1\artifacts\benchmark_runs\language\language_longseq_factorized_heads_probe_finewebedu_seq635_20m_20260602.json
language_longseq_factorized_heads_probe_finewebedu_seq635_20m_20260602/low_rank_untied,0.0,10.824860692024231,,0.0,22857747.0,json_history,E:\CODEXRESEARCH\RESEARCH-1\artifacts\benchmark_runs\language\language_longseq_factorized_heads_probe_finewebedu_seq635_20m_20260602.json
language_longseq_factorized_heads_probe_finewebedu_seq635_20m_20260602/low_rank_untied,60960.0,9.074408650398254,9.199911117553711,12.0,22857747.0,json_history,E:\CODEXRESEARCH\RESEARCH-1\artifacts\benchmark_runs\language\language_longseq_factorized_heads_probe_finewebedu_seq635_20m_20260602.json
language_longseq_factorized_heads_probe_finewebedu_seq635_20m_20260602/low_rank_untied,121920.0,7.857298254966736,7.662229537963867,24.0,22857747.0,json_history,E:\CODEXRESEARCH\RESEARCH-1\artifacts\benchmark_runs\language\language_longseq_factorized_heads_probe_finewebedu_seq635_20m_20260602.json
language_longseq_factorized_heads_probe_finewebedu_seq635_20m_20260602/partial_untied,0.0,10.823067903518677,,0.0,19949523.0,json_history,E:\CODEXRESEARCH\RESEARCH-1\artifacts\benchmark_runs\language\language_longseq_factorized_heads_probe_finewebedu_seq635_20m_20260602.json
language_longseq_factorized_heads_probe_finewebedu_seq635_20m_20260602/partial_untied,60960.0,9.149731159210205,9.247565269470215,12.0,19949523.0,json_history,E:\CODEXRESEARCH\RESEARCH-1\artifacts\benchmark_runs\language\language_longseq_factorized_heads_probe_finewebedu_seq635_20m_20260602.json
language_longseq_factorized_heads_probe_finewebedu_seq635_20m_20260602/partial_untied,121920.0,8.420079350471497,8.248932838439941,24.0,19949523.0,json_history,E:\CODEXRESEARCH\RESEARCH-1\artifacts\benchmark_runs\language\language_longseq_factorized_heads_probe_finewebedu_seq635_20m_20260602.json
language_longseq_hierarchical_softmax256_probe_finewebedu_seq635_20m_20260602/hierarchical_softmax256,0.0,10.907081842422485,,0.0,19292113.0,json_history,E:\CODEXRESEARCH\RESEARCH-1\artifacts\benchmark_runs\language\language_longseq_hierarchical_softmax256_probe_finewebedu_seq635_20m_20260602.json
language_longseq_hierarchical_softmax256_probe_finewebedu_seq635_20m_20260602/hierarchical_softmax256,60960.0,9.5120849609375,9.54235553741455,12.0,19292113.0,json_history,E:\CODEXRESEARCH\RESEARCH-1\artifacts\benchmark_runs\language\language_longseq_hierarchical_softmax256_probe_finewebedu_seq635_20m_20260602.json
language_longseq_hierarchical_softmax256_probe_finewebedu_seq635_20m_20260602/hierarchical_softmax256,121920.0,8.65064561367035,8.437355041503906,24.0,19292113.0,json_history,E:\CODEXRESEARCH\RESEARCH-1\artifacts\benchmark_runs\language\language_longseq_hierarchical_softmax256_probe_finewebedu_seq635_20m_20260602.json
language_longseq_hierarchical_softmax256_probe_finewebedu_seq635_20m_20260602/partial_untied,0.0,10.823066115379333,,0.0,19949523.0,json_history,E:\CODEXRESEARCH\RESEARCH-1\artifacts\benchmark_runs\language\language_longseq_hierarchical_softmax256_probe_finewebedu_seq635_20m_20260602.json
language_longseq_hierarchical_softmax256_probe_finewebedu_seq635_20m_20260602/partial_untied,60960.0,9.149760961532593,9.247533798217773,12.0,19949523.0,json_history,E:\CODEXRESEARCH\RESEARCH-1\artifacts\benchmark_runs\language\language_longseq_hierarchical_softmax256_probe_finewebedu_seq635_20m_20260602.json
language_longseq_hierarchical_softmax256_probe_finewebedu_seq635_20m_20260602/partial_untied,121920.0,8.420204997062683,8.248947143554688,24.0,19949523.0,json_history,E:\CODEXRESEARCH\RESEARCH-1\artifacts\benchmark_runs\language\language_longseq_hierarchical_softmax256_probe_finewebedu_seq635_20m_20260602.json
language_longseq_no_replay_20m_confirm_finewebedu_seq635_96steps_20260602/factorized_no_replay_20m,0.0,10.82966423034668,,0.0,19999129.0,json_history,E:\CODEXRESEARCH\RESEARCH-1\artifacts\benchmark_runs\language\language_longseq_no_replay_20m_confirm_finewebedu_seq635_96steps_20260602.json
language_longseq_no_replay_20m_confirm_finewebedu_seq635_96steps_20260602/factorized_no_replay_20m,121920.0,8.257652878761292,7.797962188720703,24.0,19999129.0,json_history,E:\CODEXRESEARCH\RESEARCH-1\artifacts\benchmark_runs\language\language_longseq_no_replay_20m_confirm_finewebedu_seq635_96steps_20260602.json
language_longseq_no_replay_20m_confirm_finewebedu_seq635_96steps_20260602/factorized_no_replay_20m,243840.0,7.623372852802277,7.348865985870361,48.0,19999129.0,json_history,E:\CODEXRESEARCH\RESEARCH-1\artifacts\benchmark_runs\language\language_longseq_no_replay_20m_confirm_finewebedu_seq635_96steps_20260602.json
language_longseq_no_replay_20m_confirm_finewebedu_seq635_96steps_20260602/factorized_no_replay_20m,365760.0,7.439850270748138,6.848104476928711,72.0,19999129.0,json_history,E:\CODEXRESEARCH\RESEARCH-1\artifacts\benchmark_runs\language\language_longseq_no_replay_20m_confirm_finewebedu_seq635_96steps_20260602.json
language_longseq_no_replay_20m_confirm_finewebedu_seq635_96steps_20260602/factorized_no_replay_20m,487680.0,7.328208386898041,6.894738674163818,96.0,19999129.0,json_history,E:\CODEXRESEARCH\RESEARCH-1\artifacts\benchmark_runs\language\language_longseq_no_replay_20m_confirm_finewebedu_seq635_96steps_20260602.json
language_longseq_no_replay_20m_confirm_finewebedu_seq635_96steps_20260602/factorized_untied_20m,0.0,10.806041598320007,,0.0,19998899.0,json_history,E:\CODEXRESEARCH\RESEARCH-1\artifacts\benchmark_runs\language\language_longseq_no_replay_20m_confirm_finewebedu_seq635_96steps_20260602.json
language_longseq_no_replay_20m_confirm_finewebedu_seq635_96steps_20260602/factorized_untied_20m,121920.0,7.994814455509186,7.987501621246338,24.0,19998899.0,json_history,E:\CODEXRESEARCH\RESEARCH-1\artifacts\benchmark_runs\language\language_longseq_no_replay_20m_confirm_finewebedu_seq635_96steps_20260602.json
language_longseq_no_replay_20m_confirm_finewebedu_seq635_96steps_20260602/factorized_untied_20m,243840.0,7.665134251117706,7.361572742462158,48.0,19998899.0,json_history,E:\CODEXRESEARCH\RESEARCH-1\artifacts\benchmark_runs\language\language_longseq_no_replay_20m_confirm_finewebedu_seq635_96steps_20260602.json
language_longseq_no_replay_20m_confirm_finewebedu_seq635_96steps_20260602/factorized_untied_20m,365760.0,7.491584241390228,6.892746448516846,72.0,19998899.0,json_history,E:\CODEXRESEARCH\RESEARCH-1\artifacts\benchmark_runs\language\language_longseq_no_replay_20m_confirm_finewebedu_seq635_96steps_20260602.json
language_longseq_no_replay_20m_confirm_finewebedu_seq635_96steps_20260602/factorized_untied_20m,487680.0,7.3342002630233765,6.939670085906982,96.0,19998899.0,json_history,E:\CODEXRESEARCH\RESEARCH-1\artifacts\benchmark_runs\language\language_longseq_no_replay_20m_confirm_finewebedu_seq635_96steps_20260602.json
language_longseq_no_replay_20m_confirm_finewebedu_seq635_96steps_20260602/partial_untied,0.0,10.82306718826294,,0.0,19949523.0,json_history,E:\CODEXRESEARCH\RESEARCH-1\artifacts\benchmark_runs\language\language_longseq_no_replay_20m_confirm_finewebedu_seq635_96steps_20260602.json
language_longseq_no_replay_20m_confirm_finewebedu_seq635_96steps_20260602/partial_untied,121920.0,8.420276403427124,8.248961448669434,24.0,19949523.0,json_history,E:\CODEXRESEARCH\RESEARCH-1\artifacts\benchmark_runs\language\language_longseq_no_replay_20m_confirm_finewebedu_seq635_96steps_20260602.json
language_longseq_no_replay_20m_confirm_finewebedu_seq635_96steps_20260602/partial_untied,243840.0,7.684738278388977,7.386871814727783,48.0,19949523.0,json_history,E:\CODEXRESEARCH\RESEARCH-1\artifacts\benchmark_runs\language\language_longseq_no_replay_20m_confirm_finewebedu_seq635_96steps_20260602.json
language_longseq_no_replay_20m_confirm_finewebedu_seq635_96steps_20260602/partial_untied,365760.0,7.436068534851074,6.539368629455566,72.0,19949523.0,json_history,E:\CODEXRESEARCH\RESEARCH-1\artifacts\benchmark_runs\language\language_longseq_no_replay_20m_confirm_finewebedu_seq635_96steps_20260602.json
language_longseq_no_replay_20m_confirm_finewebedu_seq635_96steps_20260602/partial_untied,487680.0,7.368659973144531,6.732062816619873,96.0,19949523.0,json_history,E:\CODEXRESEARCH\RESEARCH-1\artifacts\benchmark_runs\language\language_longseq_no_replay_20m_confirm_finewebedu_seq635_96steps_20260602.json
language_longseq_no_replay_20m_screen_finewebedu_seq635_24steps_20260602/factorized_no_replay_20m,0.0,10.82966423034668,,0.0,19999129.0,json_history,E:\CODEXRESEARCH\RESEARCH-1\artifacts\benchmark_runs\language\language_longseq_no_replay_20m_screen_finewebedu_seq635_24steps_20260602.json
language_longseq_no_replay_20m_screen_finewebedu_seq635_24steps_20260602/factorized_no_replay_20m,60960.0,10.042760610580444,10.665833473205566,12.0,19999129.0,json_history,E:\CODEXRESEARCH\RESEARCH-1\artifacts\benchmark_runs\language\language_longseq_no_replay_20m_screen_finewebedu_seq635_24steps_20260602.json
language_longseq_no_replay_20m_screen_finewebedu_seq635_24steps_20260602/factorized_no_replay_20m,121920.0,8.257652878761292,7.797962188720703,24.0,19999129.0,json_history,E:\CODEXRESEARCH\RESEARCH-1\artifacts\benchmark_runs\language\language_longseq_no_replay_20m_screen_finewebedu_seq635_24steps_20260602.json
language_longseq_no_replay_20m_screen_finewebedu_seq635_24steps_20260602/factorized_untied_20m,0.0,10.806041598320007,,0.0,19998899.0,json_history,E:\CODEXRESEARCH\RESEARCH-1\artifacts\benchmark_runs\language\language_longseq_no_replay_20m_screen_finewebedu_seq635_24steps_20260602.json
language_longseq_no_replay_20m_screen_finewebedu_seq635_24steps_20260602/factorized_untied_20m,60960.0,8.684609532356262,8.957903861999512,12.0,19998899.0,json_history,E:\CODEXRESEARCH\RESEARCH-1\artifacts\benchmark_runs\language\language_longseq_no_replay_20m_screen_finewebedu_seq635_24steps_20260602.json
language_longseq_no_replay_20m_screen_finewebedu_seq635_24steps_20260602/factorized_untied_20m,121920.0,7.9951324462890625,7.986538887023926,24.0,19998899.0,json_history,E:\CODEXRESEARCH\RESEARCH-1\artifacts\benchmark_runs\language\language_longseq_no_replay_20m_screen_finewebedu_seq635_24steps_20260602.json
language_longseq_no_replay_20m_screen_finewebedu_seq635_24steps_20260602/partial_untied,0.0,10.823066711425781,,0.0,19949523.0,json_history,E:\CODEXRESEARCH\RESEARCH-1\artifacts\benchmark_runs\language\language_longseq_no_replay_20m_screen_finewebedu_seq635_24steps_20260602.json
language_longseq_no_replay_20m_screen_finewebedu_seq635_24steps_20260602/partial_untied,60960.0,9.149922966957092,9.247596740722656,12.0,19949523.0,json_history,E:\CODEXRESEARCH\RESEARCH-1\artifacts\benchmark_runs\language\language_longseq_no_replay_20m_screen_finewebedu_seq635_24steps_20260602.json
language_longseq_no_replay_20m_screen_finewebedu_seq635_24steps_20260602/partial_untied,121920.0,8.420429229736328,8.24894905090332,24.0,19949523.0,json_history,E:\CODEXRESEARCH\RESEARCH-1\artifacts\benchmark_runs\language\language_longseq_no_replay_20m_screen_finewebedu_seq635_24steps_20260602.json
language_longseq_replay_probe_finewebedu_seq635_20m_20260602/fast_partial_untied,0.0,10.82306706905365,,0.0,19949523.0,json_history,E:\CODEXRESEARCH\RESEARCH-1\artifacts\benchmark_runs\language\language_longseq_replay_probe_finewebedu_seq635_20m_20260602.json
language_longseq_replay_probe_finewebedu_seq635_20m_20260602/fast_partial_untied,60960.0,9.149853825569153,9.247624397277832,12.0,19949523.0,json_history,E:\CODEXRESEARCH\RESEARCH-1\artifacts\benchmark_runs\language\language_longseq_replay_probe_finewebedu_seq635_20m_20260602.json
language_longseq_replay_probe_finewebedu_seq635_20m_20260602/fast_partial_untied,121920.0,8.420313477516174,8.248970031738281,24.0,19949523.0,json_history,E:\CODEXRESEARCH\RESEARCH-1\artifacts\benchmark_runs\language\language_longseq_replay_probe_finewebedu_seq635_20m_20260602.json
language_longseq_replay_probe_finewebedu_seq635_20m_20260602/partial_untied,0.0,10.82306706905365,,0.0,19949523.0,json_history,E:\CODEXRESEARCH\RESEARCH-1\artifacts\benchmark_runs\language\language_longseq_replay_probe_finewebedu_seq635_20m_20260602.json
language_longseq_replay_probe_finewebedu_seq635_20m_20260602/partial_untied,60960.0,9.149810671806335,9.247544288635254,12.0,19949523.0,json_history,E:\CODEXRESEARCH\RESEARCH-1\artifacts\benchmark_runs\language\language_longseq_replay_probe_finewebedu_seq635_20m_20260602.json
language_longseq_replay_probe_finewebedu_seq635_20m_20260602/partial_untied,121920.0,8.420268416404724,8.248919486999512,24.0,19949523.0,json_history,E:\CODEXRESEARCH\RESEARCH-1\artifacts\benchmark_runs\language\language_longseq_replay_probe_finewebedu_seq635_20m_20260602.json
language_longseq_replay_probe_finewebedu_seq635_20m_20260602/windowed_replay128,0.0,10.821386575698853,,0.0,19949523.0,json_history,E:\CODEXRESEARCH\RESEARCH-1\artifacts\benchmark_runs\language\language_longseq_replay_probe_finewebedu_seq635_20m_20260602.json
language_longseq_replay_probe_finewebedu_seq635_20m_20260602/windowed_replay128,60960.0,9.15189778804779,9.248327255249023,12.0,19949523.0,json_history,E:\CODEXRESEARCH\RESEARCH-1\artifacts\benchmark_runs\language\language_longseq_replay_probe_finewebedu_seq635_20m_20260602.json
language_longseq_replay_probe_finewebedu_seq635_20m_20260602/windowed_replay128,121920.0,8.413643598556519,8.253005981445312,24.0,19949523.0,json_history,E:\CODEXRESEARCH\RESEARCH-1\artifacts\benchmark_runs\language\language_longseq_replay_probe_finewebedu_seq635_20m_20260602.json
language_longseq_sampled_vocab16384_probe_finewebedu_seq635_20m_20260602/partial_untied,0.0,10.82306694984436,,0.0,19949523.0,json_history,E:\CODEXRESEARCH\RESEARCH-1\artifacts\benchmark_runs\language\language_longseq_sampled_vocab16384_probe_finewebedu_seq635_20m_20260602.json
language_longseq_sampled_vocab16384_probe_finewebedu_seq635_20m_20260602/partial_untied,60960.0,9.149829745292664,9.247594833374023,12.0,19949523.0,json_history,E:\CODEXRESEARCH\RESEARCH-1\artifacts\benchmark_runs\language\language_longseq_sampled_vocab16384_probe_finewebedu_seq635_20m_20260602.json
language_longseq_sampled_vocab16384_probe_finewebedu_seq635_20m_20260602/partial_untied,121920.0,8.420294284820557,8.248903274536133,24.0,19949523.0,json_history,E:\CODEXRESEARCH\RESEARCH-1\artifacts\benchmark_runs\language\language_longseq_sampled_vocab16384_probe_finewebedu_seq635_20m_20260602.json
language_longseq_sampled_vocab16384_probe_finewebedu_seq635_20m_20260602/sampled_vocab4096,0.0,10.823065519332886,,0.0,19949523.0,json_history,E:\CODEXRESEARCH\RESEARCH-1\artifacts\benchmark_runs\language\language_longseq_sampled_vocab16384_probe_finewebedu_seq635_20m_20260602.json
language_longseq_sampled_vocab16384_probe_finewebedu_seq635_20m_20260602/sampled_vocab4096,60960.0,9.363572001457214,8.327513694763184,12.0,19949523.0,json_history,E:\CODEXRESEARCH\RESEARCH-1\artifacts\benchmark_runs\language\language_longseq_sampled_vocab16384_probe_finewebedu_seq635_20m_20260602.json
language_longseq_sampled_vocab16384_probe_finewebedu_seq635_20m_20260602/sampled_vocab4096,121920.0,8.986605882644653,7.604760646820068,24.0,19949523.0,json_history,E:\CODEXRESEARCH\RESEARCH-1\artifacts\benchmark_runs\language\language_longseq_sampled_vocab16384_probe_finewebedu_seq635_20m_20260602.json
language_longseq_sampled_vocab4096_full4_probe_finewebedu_seq635_20m_20260602/partial_untied,0.0,10.823067426681519,,0.0,19949523.0,json_history,E:\CODEXRESEARCH\RESEARCH-1\artifacts\benchmark_runs\language\language_longseq_sampled_vocab4096_full4_probe_finewebedu_seq635_20m_20260602.json
language_longseq_sampled_vocab4096_full4_probe_finewebedu_seq635_20m_20260602/partial_untied,60960.0,9.14972174167633,9.247492790222168,12.0,19949523.0,json_history,E:\CODEXRESEARCH\RESEARCH-1\artifacts\benchmark_runs\language\language_longseq_sampled_vocab4096_full4_probe_finewebedu_seq635_20m_20260602.json
language_longseq_sampled_vocab4096_full4_probe_finewebedu_seq635_20m_20260602/partial_untied,121920.0,8.420186161994934,8.248909950256348,24.0,19949523.0,json_history,E:\CODEXRESEARCH\RESEARCH-1\artifacts\benchmark_runs\language\language_longseq_sampled_vocab4096_full4_probe_finewebedu_seq635_20m_20260602.json
language_longseq_sampled_vocab4096_full4_probe_finewebedu_seq635_20m_20260602/sampled_vocab4096_full4,0.0,10.823068022727966,,0.0,19949523.0,json_history,E:\CODEXRESEARCH\RESEARCH-1\artifacts\benchmark_runs\language\language_longseq_sampled_vocab4096_full4_probe_finewebedu_seq635_20m_20260602.json
language_longseq_sampled_vocab4096_full4_probe_finewebedu_seq635_20m_20260602/sampled_vocab4096_full4,60960.0,9.360098361968994,9.442157745361328,12.0,19949523.0,json_history,E:\CODEXRESEARCH\RESEARCH-1\artifacts\benchmark_runs\language\language_longseq_sampled_vocab4096_full4_probe_finewebedu_seq635_20m_20260602.json
language_longseq_sampled_vocab4096_full4_probe_finewebedu_seq635_20m_20260602/sampled_vocab4096_full4,121920.0,9.03073799610138,8.898089408874512,24.0,19949523.0,json_history,E:\CODEXRESEARCH\RESEARCH-1\artifacts\benchmark_runs\language\language_longseq_sampled_vocab4096_full4_probe_finewebedu_seq635_20m_20260602.json
language_longseq_sampled_vocab_probe_finewebedu_seq635_20m_20260602/partial_untied,0.0,10.823068618774414,,0.0,19949523.0,json_history,E:\CODEXRESEARCH\RESEARCH-1\artifacts\benchmark_runs\language\language_longseq_sampled_vocab_probe_finewebedu_seq635_20m_20260602.json
language_longseq_sampled_vocab_probe_finewebedu_seq635_20m_20260602/partial_untied,60960.0,9.149864077568054,9.247590065002441,12.0,19949523.0,json_history,E:\CODEXRESEARCH\RESEARCH-1\artifacts\benchmark_runs\language\language_longseq_sampled_vocab_probe_finewebedu_seq635_20m_20260602.json
language_longseq_sampled_vocab_probe_finewebedu_seq635_20m_20260602/partial_untied,121920.0,8.4202960729599,8.248956680297852,24.0,19949523.0,json_history,E:\CODEXRESEARCH\RESEARCH-1\artifacts\benchmark_runs\language\language_longseq_sampled_vocab_probe_finewebedu_seq635_20m_20260602.json
language_longseq_sampled_vocab_probe_finewebedu_seq635_20m_20260602/sampled_vocab4096,0.0,10.823068499565125,,0.0,19949523.0,json_history,E:\CODEXRESEARCH\RESEARCH-1\artifacts\benchmark_runs\language\language_longseq_sampled_vocab_probe_finewebedu_seq635_20m_20260602.json
language_longseq_sampled_vocab_probe_finewebedu_seq635_20m_20260602/sampled_vocab4096,60960.0,9.495047330856323,7.201282024383545,12.0,19949523.0,json_history,E:\CODEXRESEARCH\RESEARCH-1\artifacts\benchmark_runs\language\language_longseq_sampled_vocab_probe_finewebedu_seq635_20m_20260602.json
language_longseq_sampled_vocab_probe_finewebedu_seq635_20m_20260602/sampled_vocab4096,121920.0,9.18231213092804,6.739284515380859,24.0,19949523.0,json_history,E:\CODEXRESEARCH\RESEARCH-1\artifacts\benchmark_runs\language\language_longseq_sampled_vocab_probe_finewebedu_seq635_20m_20260602.json
language_longseq_seq10160_conv_sampled16384_full4_micro_finewebedu_12steps_val8_20260602/causal_conv_mixer_20m,0.0,10.84254503250122,,0.0,20034967.0,json_history,E:\CODEXRESEARCH\RESEARCH-1\artifacts\benchmark_runs\language\language_longseq_seq10160_conv_sampled16384_full4_micro_finewebedu_12steps_val8_20260602.json
language_longseq_seq10160_conv_sampled16384_full4_micro_finewebedu_12steps_val8_20260602/causal_conv_mixer_20m,60960.0,8.799938678741455,9.222433090209961,6.0,20034967.0,json_history,E:\CODEXRESEARCH\RESEARCH-1\artifacts\benchmark_runs\language\language_longseq_seq10160_conv_sampled16384_full4_micro_finewebedu_12steps_val8_20260602.json
language_longseq_seq10160_conv_sampled16384_full4_micro_finewebedu_12steps_val8_20260602/causal_conv_mixer_20m,121920.0,7.853116452693939,8.30627727508545,12.0,20034967.0,json_history,E:\CODEXRESEARCH\RESEARCH-1\artifacts\benchmark_runs\language\language_longseq_seq10160_conv_sampled16384_full4_micro_finewebedu_12steps_val8_20260602.json
language_longseq_seq10160_conv_sampled16384_full4_micro_finewebedu_12steps_val8_20260602/causal_conv_mixer_sampled_vocab_full4,0.0,10.84254503250122,,0.0,20034967.0,json_history,E:\CODEXRESEARCH\RESEARCH-1\artifacts\benchmark_runs\language\language_longseq_seq10160_conv_sampled16384_full4_micro_finewebedu_12steps_val8_20260602.json
language_longseq_seq10160_conv_sampled16384_full4_micro_finewebedu_12steps_val8_20260602/causal_conv_mixer_sampled_vocab_full4,60960.0,9.335801482200623,8.462729454040527,6.0,20034967.0,json_history,E:\CODEXRESEARCH\RESEARCH-1\artifacts\benchmark_runs\language\language_longseq_seq10160_conv_sampled16384_full4_micro_finewebedu_12steps_val8_20260602.json
language_longseq_seq10160_conv_sampled16384_full4_micro_finewebedu_12steps_val8_20260602/causal_conv_mixer_sampled_vocab_full4,121920.0,8.468590259552002,8.860901832580566,12.0,20034967.0,json_history,E:\CODEXRESEARCH\RESEARCH-1\artifacts\benchmark_runs\language\language_longseq_seq10160_conv_sampled16384_full4_micro_finewebedu_12steps_val8_20260602.json
language_longseq_seq10160_conv_sampled16384_full4_micro_finewebedu_12steps_val8_20260602/partial_untied,0.0,10.830704927444458,,0.0,19949523.0,json_history,E:\CODEXRESEARCH\RESEARCH-1\artifacts\benchmark_runs\language\language_longseq_seq10160_conv_sampled16384_full4_micro_finewebedu_12steps_val8_20260602.json
language_longseq_seq10160_conv_sampled16384_full4_micro_finewebedu_12steps_val8_20260602/partial_untied,60960.0,9.392029643058777,9.705034255981445,6.0,19949523.0,json_history,E:\CODEXRESEARCH\RESEARCH-1\artifacts\benchmark_runs\language\language_longseq_seq10160_conv_sampled16384_full4_micro_finewebedu_12steps_val8_20260602.json
language_longseq_seq10160_conv_sampled16384_full4_micro_finewebedu_12steps_val8_20260602/partial_untied,121920.0,8.94547164440155,9.252979278564453,12.0,19949523.0,json_history,E:\CODEXRESEARCH\RESEARCH-1\artifacts\benchmark_runs\language\language_longseq_seq10160_conv_sampled16384_full4_micro_finewebedu_12steps_val8_20260602.json
language_longseq_seq10160_sampled16384_anchor16_clean_seed13_val32_20260602/causal_conv_mixer_sampled_vocab_anchor16,182880.0,7.837439447641373,7.601381778717041,18.0,20034967.0,json_history,E:\CODEXRESEARCH\RESEARCH-1\artifacts\benchmark_runs\language\language_longseq_seq10160_sampled16384_anchor16_clean_seed13_val32_20260602.json
language_longseq_seq10160_sampled16384_anchor16_clean_seed13_val32_20260602/partial_untied,182880.0,8.662082731723785,8.585541725158691,18.0,19949523.0,json_history,E:\CODEXRESEARCH\RESEARCH-1\artifacts\benchmark_runs\language\language_longseq_seq10160_sampled16384_anchor16_clean_seed13_val32_20260602.json
language_longseq_seq10160_sampled16384_anchor16_clean_seed13_val8_20260602/causal_conv_mixer_sampled_vocab_anchor16,182880.0,7.706308126449585,7.512157440185547,18.0,20034967.0,json_history,E:\CODEXRESEARCH\RESEARCH-1\artifacts\benchmark_runs\language\language_longseq_seq10160_sampled16384_anchor16_clean_seed13_val8_20260602.json
language_longseq_seq10160_sampled16384_anchor16_clean_seed13_val8_20260602/partial_untied,182880.0,8.565110445022583,8.552155494689941,18.0,19949523.0,json_history,E:\CODEXRESEARCH\RESEARCH-1\artifacts\benchmark_runs\language\language_longseq_seq10160_sampled16384_anchor16_clean_seed13_val8_20260602.json
language_longseq_seq10160_sampled16384_full4_confirm_finewebedu_18steps_val8_20260602/causal_conv_mixer_sampled_vocab_full4,0.0,10.84254503250122,,0.0,20034967.0,json_history,E:\CODEXRESEARCH\RESEARCH-1\artifacts\benchmark_runs\language\language_longseq_seq10160_sampled16384_full4_confirm_finewebedu_18steps_val8_20260602.json
language_longseq_seq10160_sampled16384_full4_confirm_finewebedu_18steps_val8_20260602/causal_conv_mixer_sampled_vocab_full4,91440.0,8.59668481349945,8.150524139404297,9.0,20034967.0,json_history,E:\CODEXRESEARCH\RESEARCH-1\artifacts\benchmark_runs\language\language_longseq_seq10160_sampled16384_full4_confirm_finewebedu_18steps_val8_20260602.json
language_longseq_seq10160_sampled16384_full4_confirm_finewebedu_18steps_val8_20260602/causal_conv_mixer_sampled_vocab_full4,182880.0,7.899404883384705,7.278829574584961,18.0,20034967.0,json_history,E:\CODEXRESEARCH\RESEARCH-1\artifacts\benchmark_runs\language\language_longseq_seq10160_sampled16384_full4_confirm_finewebedu_18steps_val8_20260602.json
language_longseq_seq10160_sampled16384_full4_confirm_finewebedu_18steps_val8_20260602/partial_untied,0.0,10.830704927444458,,0.0,19949523.0,json_history,E:\CODEXRESEARCH\RESEARCH-1\artifacts\benchmark_runs\language\language_longseq_seq10160_sampled16384_full4_confirm_finewebedu_18steps_val8_20260602.json
language_longseq_seq10160_sampled16384_full4_confirm_finewebedu_18steps_val8_20260602/partial_untied,91440.0,9.19216775894165,9.201070785522461,9.0,19949523.0,json_history,E:\CODEXRESEARCH\RESEARCH-1\artifacts\benchmark_runs\language\language_longseq_seq10160_sampled16384_full4_confirm_finewebedu_18steps_val8_20260602.json
language_longseq_seq10160_sampled16384_full4_confirm_finewebedu_18steps_val8_20260602/partial_untied,182880.0,8.564867377281189,8.55207347869873,18.0,19949523.0,json_history,E:\CODEXRESEARCH\RESEARCH-1\artifacts\benchmark_runs\language\language_longseq_seq10160_sampled16384_full4_confirm_finewebedu_18steps_val8_20260602.json
language_longseq_seq10160_sampled_validation_seed17_20260602/causal_conv_mixer_sampled_vocab,182880.0,7.314442336559296,7.355447292327881,18.0,20034967.0,json_history,E:\CODEXRESEARCH\RESEARCH-1\artifacts\benchmark_runs\language\language_longseq_seq10160_sampled_validation_seed17_20260602.json
language_longseq_seq10160_sampled_validation_seed17_20260602/partial_untied,182880.0,7.964192152023315,8.81398868560791,18.0,19949523.0,json_history,E:\CODEXRESEARCH\RESEARCH-1\artifacts\benchmark_runs\language\language_longseq_seq10160_sampled_validation_seed17_20260602.json
language_longseq_seq1270_conv_sampled16384_full2_confirm_finewebedu_96steps_20260602/causal_conv_mixer_20m,0.0,10.842490375041962,,0.0,20034967.0,json_history,E:\CODEXRESEARCH\RESEARCH-1\artifacts\benchmark_runs\language\language_longseq_seq1270_conv_sampled16384_full2_confirm_finewebedu_96steps_20260602.json
language_longseq_seq1270_conv_sampled16384_full2_confirm_finewebedu_96steps_20260602/causal_conv_mixer_20m,121920.0,7.773373574018478,7.828617095947266,24.0,20034967.0,json_history,E:\CODEXRESEARCH\RESEARCH-1\artifacts\benchmark_runs\language\language_longseq_seq1270_conv_sampled16384_full2_confirm_finewebedu_96steps_20260602.json
language_longseq_seq1270_conv_sampled16384_full2_confirm_finewebedu_96steps_20260602/causal_conv_mixer_20m,243840.0,7.527689725160599,7.2514777183532715,48.0,20034967.0,json_history,E:\CODEXRESEARCH\RESEARCH-1\artifacts\benchmark_runs\language\language_longseq_seq1270_conv_sampled16384_full2_confirm_finewebedu_96steps_20260602.json
language_longseq_seq1270_conv_sampled16384_full2_confirm_finewebedu_96steps_20260602/causal_conv_mixer_20m,365760.0,7.306732922792435,6.776883125305176,72.0,20034967.0,json_history,E:\CODEXRESEARCH\RESEARCH-1\artifacts\benchmark_runs\language\language_longseq_seq1270_conv_sampled16384_full2_confirm_finewebedu_96steps_20260602.json
language_longseq_seq1270_conv_sampled16384_full2_confirm_finewebedu_96steps_20260602/causal_conv_mixer_20m,487680.0,7.2155227065086365,7.3913655281066895,96.0,20034967.0,json_history,E:\CODEXRESEARCH\RESEARCH-1\artifacts\benchmark_runs\language\language_longseq_seq1270_conv_sampled16384_full2_confirm_finewebedu_96steps_20260602.json
language_longseq_seq1270_conv_sampled16384_full2_confirm_finewebedu_96steps_20260602/causal_conv_mixer_sampled_vocab_full4,0.0,10.842490375041962,,0.0,20034967.0,json_history,E:\CODEXRESEARCH\RESEARCH-1\artifacts\benchmark_runs\language\language_longseq_seq1270_conv_sampled16384_full2_confirm_finewebedu_96steps_20260602.json
language_longseq_seq1270_conv_sampled16384_full2_confirm_finewebedu_96steps_20260602/causal_conv_mixer_sampled_vocab_full4,121920.0,7.852821379899979,7.905713081359863,24.0,20034967.0,json_history,E:\CODEXRESEARCH\RESEARCH-1\artifacts\benchmark_runs\language\language_longseq_seq1270_conv_sampled16384_full2_confirm_finewebedu_96steps_20260602.json
language_longseq_seq1270_conv_sampled16384_full2_confirm_finewebedu_96steps_20260602/causal_conv_mixer_sampled_vocab_full4,243840.0,7.532396763563156,7.283119201660156,48.0,20034967.0,json_history,E:\CODEXRESEARCH\RESEARCH-1\artifacts\benchmark_runs\language\language_longseq_seq1270_conv_sampled16384_full2_confirm_finewebedu_96steps_20260602.json
language_longseq_seq1270_conv_sampled16384_full2_confirm_finewebedu_96steps_20260602/causal_conv_mixer_sampled_vocab_full4,365760.0,7.358405590057373,6.778122901916504,72.0,20034967.0,json_history,E:\CODEXRESEARCH\RESEARCH-1\artifacts\benchmark_runs\language\language_longseq_seq1270_conv_sampled16384_full2_confirm_finewebedu_96steps_20260602.json
language_longseq_seq1270_conv_sampled16384_full2_confirm_finewebedu_96steps_20260602/causal_conv_mixer_sampled_vocab_full4,487680.0,7.26610541343689,7.395139694213867,96.0,20034967.0,json_history,E:\CODEXRESEARCH\RESEARCH-1\artifacts\benchmark_runs\language\language_longseq_seq1270_conv_sampled16384_full2_confirm_finewebedu_96steps_20260602.json
language_longseq_seq1270_conv_sampled16384_full2_confirm_finewebedu_96steps_20260602/partial_untied,0.0,10.833835542201996,,0.0,19949523.0,json_history,E:\CODEXRESEARCH\RESEARCH-1\artifacts\benchmark_runs\language\language_longseq_seq1270_conv_sampled16384_full2_confirm_finewebedu_96steps_20260602.json
language_longseq_seq1270_conv_sampled16384_full2_confirm_finewebedu_96steps_20260602/partial_untied,121920.0,8.566400051116943,8.604331016540527,24.0,19949523.0,json_history,E:\CODEXRESEARCH\RESEARCH-1\artifacts\benchmark_runs\language\language_longseq_seq1270_conv_sampled16384_full2_confirm_finewebedu_96steps_20260602.json
language_longseq_seq1270_conv_sampled16384_full2_confirm_finewebedu_96steps_20260602/partial_untied,243840.0,7.828152447938919,7.526501178741455,48.0,19949523.0,json_history,E:\CODEXRESEARCH\RESEARCH-1\artifacts\benchmark_runs\language\language_longseq_seq1270_conv_sampled16384_full2_confirm_finewebedu_96steps_20260602.json
language_longseq_seq1270_conv_sampled16384_full2_confirm_finewebedu_96steps_20260602/partial_untied,365760.0,7.548197448253632,6.876067161560059,72.0,19949523.0,json_history,E:\CODEXRESEARCH\RESEARCH-1\artifacts\benchmark_runs\language\language_longseq_seq1270_conv_sampled16384_full2_confirm_finewebedu_96steps_20260602.json
language_longseq_seq1270_conv_sampled16384_full2_confirm_finewebedu_96steps_20260602/partial_untied,487680.0,7.396372735500336,7.5848164558410645,96.0,19949523.0,json_history,E:\CODEXRESEARCH\RESEARCH-1\artifacts\benchmark_runs\language\language_longseq_seq1270_conv_sampled16384_full2_confirm_finewebedu_96steps_20260602.json
language_longseq_seq1270_conv_sampled16384_full4_confirm_finewebedu_96steps_20260602/causal_conv_mixer_20m,0.0,10.842490375041962,,0.0,20034967.0,json_history,E:\CODEXRESEARCH\RESEARCH-1\artifacts\benchmark_runs\language\language_longseq_seq1270_conv_sampled16384_full4_confirm_finewebedu_96steps_20260602.json
language_longseq_seq1270_conv_sampled16384_full4_confirm_finewebedu_96steps_20260602/causal_conv_mixer_20m,121920.0,7.773373574018478,7.828617095947266,24.0,20034967.0,json_history,E:\CODEXRESEARCH\RESEARCH-1\artifacts\benchmark_runs\language\language_longseq_seq1270_conv_sampled16384_full4_confirm_finewebedu_96steps_20260602.json
language_longseq_seq1270_conv_sampled16384_full4_confirm_finewebedu_96steps_20260602/causal_conv_mixer_20m,243840.0,7.527689725160599,7.2514777183532715,48.0,20034967.0,json_history,E:\CODEXRESEARCH\RESEARCH-1\artifacts\benchmark_runs\language\language_longseq_seq1270_conv_sampled16384_full4_confirm_finewebedu_96steps_20260602.json
language_longseq_seq1270_conv_sampled16384_full4_confirm_finewebedu_96steps_20260602/causal_conv_mixer_20m,365760.0,7.306732922792435,6.776883125305176,72.0,20034967.0,json_history,E:\CODEXRESEARCH\RESEARCH-1\artifacts\benchmark_runs\language\language_longseq_seq1270_conv_sampled16384_full4_confirm_finewebedu_96steps_20260602.json
language_longseq_seq1270_conv_sampled16384_full4_confirm_finewebedu_96steps_20260602/causal_conv_mixer_20m,487680.0,7.2155227065086365,7.3913655281066895,96.0,20034967.0,json_history,E:\CODEXRESEARCH\RESEARCH-1\artifacts\benchmark_runs\language\language_longseq_seq1270_conv_sampled16384_full4_confirm_finewebedu_96steps_20260602.json
language_longseq_seq1270_conv_sampled16384_full4_confirm_finewebedu_96steps_20260602/causal_conv_mixer_sampled_vocab_full4,0.0,10.842490375041962,,0.0,20034967.0,json_history,E:\CODEXRESEARCH\RESEARCH-1\artifacts\benchmark_runs\language\language_longseq_seq1270_conv_sampled16384_full4_confirm_finewebedu_96steps_20260602.json
language_longseq_seq1270_conv_sampled16384_full4_confirm_finewebedu_96steps_20260602/causal_conv_mixer_sampled_vocab_full4,121920.0,7.930311501026154,8.021282196044922,24.0,20034967.0,json_history,E:\CODEXRESEARCH\RESEARCH-1\artifacts\benchmark_runs\language\language_longseq_seq1270_conv_sampled16384_full4_confirm_finewebedu_96steps_20260602.json
language_longseq_seq1270_conv_sampled16384_full4_confirm_finewebedu_96steps_20260602/causal_conv_mixer_sampled_vocab_full4,243840.0,7.825242578983307,7.581643581390381,48.0,20034967.0,json_history,E:\CODEXRESEARCH\RESEARCH-1\artifacts\benchmark_runs\language\language_longseq_seq1270_conv_sampled16384_full4_confirm_finewebedu_96steps_20260602.json
language_longseq_seq1270_conv_sampled16384_full4_confirm_finewebedu_96steps_20260602/causal_conv_mixer_sampled_vocab_full4,365760.0,7.409529536962509,6.863572597503662,72.0,20034967.0,json_history,E:\CODEXRESEARCH\RESEARCH-1\artifacts\benchmark_runs\language\language_longseq_seq1270_conv_sampled16384_full4_confirm_finewebedu_96steps_20260602.json
language_longseq_seq1270_conv_sampled16384_full4_confirm_finewebedu_96steps_20260602/causal_conv_mixer_sampled_vocab_full4,487680.0,7.338704317808151,7.511860370635986,96.0,20034967.0,json_history,E:\CODEXRESEARCH\RESEARCH-1\artifacts\benchmark_runs\language\language_longseq_seq1270_conv_sampled16384_full4_confirm_finewebedu_96steps_20260602.json
language_longseq_seq1270_conv_sampled16384_full4_confirm_finewebedu_96steps_20260602/partial_untied,0.0,10.833836376667023,,0.0,19949523.0,json_history,E:\CODEXRESEARCH\RESEARCH-1\artifacts\benchmark_runs\language\language_longseq_seq1270_conv_sampled16384_full4_confirm_finewebedu_96steps_20260602.json
language_longseq_seq1270_conv_sampled16384_full4_confirm_finewebedu_96steps_20260602/partial_untied,121920.0,8.566365659236908,8.604387283325195,24.0,19949523.0,json_history,E:\CODEXRESEARCH\RESEARCH-1\artifacts\benchmark_runs\language\language_longseq_seq1270_conv_sampled16384_full4_confirm_finewebedu_96steps_20260602.json
language_longseq_seq1270_conv_sampled16384_full4_confirm_finewebedu_96steps_20260602/partial_untied,243840.0,7.828200697898865,7.526482582092285,48.0,19949523.0,json_history,E:\CODEXRESEARCH\RESEARCH-1\artifacts\benchmark_runs\language\language_longseq_seq1270_conv_sampled16384_full4_confirm_finewebedu_96steps_20260602.json
language_longseq_seq1270_conv_sampled16384_full4_confirm_finewebedu_96steps_20260602/partial_untied,365760.0,7.548291772603989,6.876150131225586,72.0,19949523.0,json_history,E:\CODEXRESEARCH\RESEARCH-1\artifacts\benchmark_runs\language\language_longseq_seq1270_conv_sampled16384_full4_confirm_finewebedu_96steps_20260602.json
language_longseq_seq1270_conv_sampled16384_full4_confirm_finewebedu_96steps_20260602/partial_untied,487680.0,7.395723283290863,7.584046840667725,96.0,19949523.0,json_history,E:\CODEXRESEARCH\RESEARCH-1\artifacts\benchmark_runs\language\language_longseq_seq1270_conv_sampled16384_full4_confirm_finewebedu_96steps_20260602.json
language_longseq_seq1270_conv_sampled16384_full4_screen_finewebedu_24steps_20260602/causal_conv_mixer_20m,0.0,10.842490375041962,,0.0,20034967.0,json_history,E:\CODEXRESEARCH\RESEARCH-1\artifacts\benchmark_runs\language\language_longseq_seq1270_conv_sampled16384_full4_screen_finewebedu_24steps_20260602.json
language_longseq_seq1270_conv_sampled16384_full4_screen_finewebedu_24steps_20260602/causal_conv_mixer_20m,60960.0,8.11328473687172,8.32421875,12.0,20034967.0,json_history,E:\CODEXRESEARCH\RESEARCH-1\artifacts\benchmark_runs\language\language_longseq_seq1270_conv_sampled16384_full4_screen_finewebedu_24steps_20260602.json
language_longseq_seq1270_conv_sampled16384_full4_screen_finewebedu_24steps_20260602/causal_conv_mixer_20m,121920.0,7.773373574018478,7.828617095947266,24.0,20034967.0,json_history,E:\CODEXRESEARCH\RESEARCH-1\artifacts\benchmark_runs\language\language_longseq_seq1270_conv_sampled16384_full4_screen_finewebedu_24steps_20260602.json
language_longseq_seq1270_conv_sampled16384_full4_screen_finewebedu_24steps_20260602/causal_conv_mixer_sampled_vocab_full4,0.0,10.842490375041962,,0.0,20034967.0,json_history,E:\CODEXRESEARCH\RESEARCH-1\artifacts\benchmark_runs\language\language_longseq_seq1270_conv_sampled16384_full4_screen_finewebedu_24steps_20260602.json
language_longseq_seq1270_conv_sampled16384_full4_screen_finewebedu_24steps_20260602/causal_conv_mixer_sampled_vocab_full4,60960.0,8.630774557590485,8.915925979614258,12.0,20034967.0,json_history,E:\CODEXRESEARCH\RESEARCH-1\artifacts\benchmark_runs\language\language_longseq_seq1270_conv_sampled16384_full4_screen_finewebedu_24steps_20260602.json
language_longseq_seq1270_conv_sampled16384_full4_screen_finewebedu_24steps_20260602/causal_conv_mixer_sampled_vocab_full4,121920.0,7.930311501026154,8.021282196044922,24.0,20034967.0,json_history,E:\CODEXRESEARCH\RESEARCH-1\artifacts\benchmark_runs\language\language_longseq_seq1270_conv_sampled16384_full4_screen_finewebedu_24steps_20260602.json
language_longseq_seq1270_conv_sampled16384_full4_screen_finewebedu_24steps_20260602/partial_untied,0.0,10.833836138248444,,0.0,19949523.0,json_history,E:\CODEXRESEARCH\RESEARCH-1\artifacts\benchmark_runs\language\language_longseq_seq1270_conv_sampled16384_full4_screen_finewebedu_24steps_20260602.json
language_longseq_seq1270_conv_sampled16384_full4_screen_finewebedu_24steps_20260602/partial_untied,60960.0,9.265006124973297,9.321372032165527,12.0,19949523.0,json_history,E:\CODEXRESEARCH\RESEARCH-1\artifacts\benchmark_runs\language\language_longseq_seq1270_conv_sampled16384_full4_screen_finewebedu_24steps_20260602.json
language_longseq_seq1270_conv_sampled16384_full4_screen_finewebedu_24steps_20260602/partial_untied,121920.0,8.566155970096588,8.604327201843262,24.0,19949523.0,json_history,E:\CODEXRESEARCH\RESEARCH-1\artifacts\benchmark_runs\language\language_longseq_seq1270_conv_sampled16384_full4_screen_finewebedu_24steps_20260602.json
language_longseq_seq2540_conv_sampled16384_full4_confirm_finewebedu_96steps_20260602/causal_conv_mixer_20m,0.0,10.842406153678894,,0.0,20034967.0,json_history,E:\CODEXRESEARCH\RESEARCH-1\artifacts\benchmark_runs\language\language_longseq_seq2540_conv_sampled16384_full4_confirm_finewebedu_96steps_20260602.json
language_longseq_seq2540_conv_sampled16384_full4_confirm_finewebedu_96steps_20260602/causal_conv_mixer_20m,121920.0,7.804454430937767,7.585355281829834,24.0,20034967.0,json_history,E:\CODEXRESEARCH\RESEARCH-1\artifacts\benchmark_runs\language\language_longseq_seq2540_conv_sampled16384_full4_confirm_finewebedu_96steps_20260602.json
language_longseq_seq2540_conv_sampled16384_full4_confirm_finewebedu_96steps_20260602/causal_conv_mixer_20m,243840.0,7.476079419255257,7.413866996765137,48.0,20034967.0,json_history,E:\CODEXRESEARCH\RESEARCH-1\artifacts\benchmark_runs\language\language_longseq_seq2540_conv_sampled16384_full4_confirm_finewebedu_96steps_20260602.json
language_longseq_seq2540_conv_sampled16384_full4_confirm_finewebedu_96steps_20260602/causal_conv_mixer_20m,365760.0,7.294628009200096,6.912866115570068,72.0,20034967.0,json_history,E:\CODEXRESEARCH\RESEARCH-1\artifacts\benchmark_runs\language\language_longseq_seq2540_conv_sampled16384_full4_confirm_finewebedu_96steps_20260602.json
language_longseq_seq2540_conv_sampled16384_full4_confirm_finewebedu_96steps_20260602/causal_conv_mixer_20m,487680.0,7.171029031276703,7.49181604385376,96.0,20034967.0,json_history,E:\CODEXRESEARCH\RESEARCH-1\artifacts\benchmark_runs\language\language_longseq_seq2540_conv_sampled16384_full4_confirm_finewebedu_96steps_20260602.json
language_longseq_seq2540_conv_sampled16384_full4_confirm_finewebedu_96steps_20260602/causal_conv_mixer_sampled_vocab_full4,0.0,10.842406153678894,,0.0,20034967.0,json_history,E:\CODEXRESEARCH\RESEARCH-1\artifacts\benchmark_runs\language\language_longseq_seq2540_conv_sampled16384_full4_confirm_finewebedu_96steps_20260602.json
language_longseq_seq2540_conv_sampled16384_full4_confirm_finewebedu_96steps_20260602/causal_conv_mixer_sampled_vocab_full4,121920.0,7.970113351941109,7.834027290344238,24.0,20034967.0,json_history,E:\CODEXRESEARCH\RESEARCH-1\artifacts\benchmark_runs\language\language_longseq_seq2540_conv_sampled16384_full4_confirm_finewebedu_96steps_20260602.json
language_longseq_seq2540_conv_sampled16384_full4_confirm_finewebedu_96steps_20260602/causal_conv_mixer_sampled_vocab_full4,243840.0,7.774329528212547,7.733510494232178,48.0,20034967.0,json_history,E:\CODEXRESEARCH\RESEARCH-1\artifacts\benchmark_runs\language\language_longseq_seq2540_conv_sampled16384_full4_confirm_finewebedu_96steps_20260602.json
language_longseq_seq2540_conv_sampled16384_full4_confirm_finewebedu_96steps_20260602/causal_conv_mixer_sampled_vocab_full4,365760.0,7.431221589446068,7.173938274383545,72.0,20034967.0,json_history,E:\CODEXRESEARCH\RESEARCH-1\artifacts\benchmark_runs\language\language_longseq_seq2540_conv_sampled16384_full4_confirm_finewebedu_96steps_20260602.json
language_longseq_seq2540_conv_sampled16384_full4_confirm_finewebedu_96steps_20260602/causal_conv_mixer_sampled_vocab_full4,487680.0,7.250458717346191,7.597631454467773,96.0,20034967.0,json_history,E:\CODEXRESEARCH\RESEARCH-1\artifacts\benchmark_runs\language\language_longseq_seq2540_conv_sampled16384_full4_confirm_finewebedu_96steps_20260602.json
language_longseq_seq2540_conv_sampled16384_full4_confirm_finewebedu_96steps_20260602/partial_untied,0.0,10.831677973270416,,0.0,19949523.0,json_history,E:\CODEXRESEARCH\RESEARCH-1\artifacts\benchmark_runs\language\language_longseq_seq2540_conv_sampled16384_full4_confirm_finewebedu_96steps_20260602.json
language_longseq_seq2540_conv_sampled16384_full4_confirm_finewebedu_96steps_20260602/partial_untied,121920.0,8.508434295654297,8.439652442932129,24.0,19949523.0,json_history,E:\CODEXRESEARCH\RESEARCH-1\artifacts\benchmark_runs\language\language_longseq_seq2540_conv_sampled16384_full4_confirm_finewebedu_96steps_20260602.json
language_longseq_seq2540_conv_sampled16384_full4_confirm_finewebedu_96steps_20260602/partial_untied,243840.0,7.786592826247215,7.720684051513672,48.0,19949523.0,json_history,E:\CODEXRESEARCH\RESEARCH-1\artifacts\benchmark_runs\language\language_longseq_seq2540_conv_sampled16384_full4_confirm_finewebedu_96steps_20260602.json
language_longseq_seq2540_conv_sampled16384_full4_confirm_finewebedu_96steps_20260602/partial_untied,365760.0,7.50104795396328,7.168320178985596,72.0,19949523.0,json_history,E:\CODEXRESEARCH\RESEARCH-1\artifacts\benchmark_runs\language\language_longseq_seq2540_conv_sampled16384_full4_confirm_finewebedu_96steps_20260602.json
language_longseq_seq2540_conv_sampled16384_full4_confirm_finewebedu_96steps_20260602/partial_untied,487680.0,7.367370665073395,7.669485092163086,96.0,19949523.0,json_history,E:\CODEXRESEARCH\RESEARCH-1\artifacts\benchmark_runs\language\language_longseq_seq2540_conv_sampled16384_full4_confirm_finewebedu_96steps_20260602.json
language_longseq_seq2540_conv_sampled16384_full4_screen_finewebedu_24steps_20260602/causal_conv_mixer_20m,0.0,10.842406153678894,,0.0,20034967.0,json_history,E:\CODEXRESEARCH\RESEARCH-1\artifacts\benchmark_runs\language\language_longseq_seq2540_conv_sampled16384_full4_screen_finewebedu_24steps_20260602.json
language_longseq_seq2540_conv_sampled16384_full4_screen_finewebedu_24steps_20260602/causal_conv_mixer_20m,60960.0,8.154074475169182,8.330408096313477,12.0,20034967.0,json_history,E:\CODEXRESEARCH\RESEARCH-1\artifacts\benchmark_runs\language\language_longseq_seq2540_conv_sampled16384_full4_screen_finewebedu_24steps_20260602.json
language_longseq_seq2540_conv_sampled16384_full4_screen_finewebedu_24steps_20260602/causal_conv_mixer_20m,121920.0,7.804454430937767,7.585355281829834,24.0,20034967.0,json_history,E:\CODEXRESEARCH\RESEARCH-1\artifacts\benchmark_runs\language\language_longseq_seq2540_conv_sampled16384_full4_screen_finewebedu_24steps_20260602.json
language_longseq_seq2540_conv_sampled16384_full4_screen_finewebedu_24steps_20260602/causal_conv_mixer_sampled_vocab_full4,0.0,10.842406153678894,,0.0,20034967.0,json_history,E:\CODEXRESEARCH\RESEARCH-1\artifacts\benchmark_runs\language\language_longseq_seq2540_conv_sampled16384_full4_screen_finewebedu_24steps_20260602.json
language_longseq_seq2540_conv_sampled16384_full4_screen_finewebedu_24steps_20260602/causal_conv_mixer_sampled_vocab_full4,60960.0,8.706533282995224,9.03291130065918,12.0,20034967.0,json_history,E:\CODEXRESEARCH\RESEARCH-1\artifacts\benchmark_runs\language\language_longseq_seq2540_conv_sampled16384_full4_screen_finewebedu_24steps_20260602.json
language_longseq_seq2540_conv_sampled16384_full4_screen_finewebedu_24steps_20260602/causal_conv_mixer_sampled_vocab_full4,121920.0,7.970113351941109,7.834027290344238,24.0,20034967.0,json_history,E:\CODEXRESEARCH\RESEARCH-1\artifacts\benchmark_runs\language\language_longseq_seq2540_conv_sampled16384_full4_screen_finewebedu_24steps_20260602.json
language_longseq_seq2540_conv_sampled16384_full4_screen_finewebedu_24steps_20260602/partial_untied,0.0,10.831678330898285,,0.0,19949523.0,json_history,E:\CODEXRESEARCH\RESEARCH-1\artifacts\benchmark_runs\language\language_longseq_seq2540_conv_sampled16384_full4_screen_finewebedu_24steps_20260602.json
language_longseq_seq2540_conv_sampled16384_full4_screen_finewebedu_24steps_20260602/partial_untied,60960.0,9.248932808637619,9.293363571166992,12.0,19949523.0,json_history,E:\CODEXRESEARCH\RESEARCH-1\artifacts\benchmark_runs\language\language_longseq_seq2540_conv_sampled16384_full4_screen_finewebedu_24steps_20260602.json
language_longseq_seq2540_conv_sampled16384_full4_screen_finewebedu_24steps_20260602/partial_untied,121920.0,8.508121311664581,8.43947982788086,24.0,19949523.0,json_history,E:\CODEXRESEARCH\RESEARCH-1\artifacts\benchmark_runs\language\language_longseq_seq2540_conv_sampled16384_full4_screen_finewebedu_24steps_20260602.json
language_longseq_seq2540_sampled16384_anchor16_clean_seed13_val64_20260602/causal_conv_mixer_sampled_vocab_anchor16,60960.0,8.01464407891035,7.916226387023926,24.0,20034967.0,json_history,E:\CODEXRESEARCH\RESEARCH-1\artifacts\benchmark_runs\language\language_longseq_seq2540_sampled16384_anchor16_clean_seed13_val64_20260602.json
language_longseq_seq2540_sampled16384_anchor16_clean_seed13_val64_20260602/partial_untied,60960.0,8.705521777272224,8.899553298950195,24.0,19949523.0,json_history,E:\CODEXRESEARCH\RESEARCH-1\artifacts\benchmark_runs\language\language_longseq_seq2540_sampled16384_anchor16_clean_seed13_val64_20260602.json
language_longseq_seq5080_conv_sampled16384_full4_screen_finewebedu_24steps_20260602/causal_conv_mixer_20m,0.0,10.843064069747925,,0.0,20034967.0,json_history,E:\CODEXRESEARCH\RESEARCH-1\artifacts\benchmark_runs\language\language_longseq_seq5080_conv_sampled16384_full4_screen_finewebedu_24steps_20260602.json
language_longseq_seq5080_conv_sampled16384_full4_screen_finewebedu_24steps_20260602/causal_conv_mixer_20m,60960.0,8.090983599424362,7.974977493286133,12.0,20034967.0,json_history,E:\CODEXRESEARCH\RESEARCH-1\artifacts\benchmark_runs\language\language_longseq_seq5080_conv_sampled16384_full4_screen_finewebedu_24steps_20260602.json
language_longseq_seq5080_conv_sampled16384_full4_screen_finewebedu_24steps_20260602/causal_conv_mixer_20m,121920.0,7.756969474256039,7.8439621925354,24.0,20034967.0,json_history,E:\CODEXRESEARCH\RESEARCH-1\artifacts\benchmark_runs\language\language_longseq_seq5080_conv_sampled16384_full4_screen_finewebedu_24steps_20260602.json
language_longseq_seq5080_conv_sampled16384_full4_screen_finewebedu_24steps_20260602/causal_conv_mixer_sampled_vocab_full4,0.0,10.843064069747925,,0.0,20034967.0,json_history,E:\CODEXRESEARCH\RESEARCH-1\artifacts\benchmark_runs\language\language_longseq_seq5080_conv_sampled16384_full4_screen_finewebedu_24steps_20260602.json
language_longseq_seq5080_conv_sampled16384_full4_screen_finewebedu_24steps_20260602/causal_conv_mixer_sampled_vocab_full4,60960.0,8.52165824174881,8.649589538574219,12.0,20034967.0,json_history,E:\CODEXRESEARCH\RESEARCH-1\artifacts\benchmark_runs\language\language_longseq_seq5080_conv_sampled16384_full4_screen_finewebedu_24steps_20260602.json
language_longseq_seq5080_conv_sampled16384_full4_screen_finewebedu_24steps_20260602/causal_conv_mixer_sampled_vocab_full4,121920.0,7.9750737100839615,8.222271919250488,24.0,20034967.0,json_history,E:\CODEXRESEARCH\RESEARCH-1\artifacts\benchmark_runs\language\language_longseq_seq5080_conv_sampled16384_full4_screen_finewebedu_24steps_20260602.json
language_longseq_seq5080_conv_sampled16384_full4_screen_finewebedu_24steps_20260602/partial_untied,0.0,10.829429805278778,,0.0,19949523.0,json_history,E:\CODEXRESEARCH\RESEARCH-1\artifacts\benchmark_runs\language\language_longseq_seq5080_conv_sampled16384_full4_screen_finewebedu_24steps_20260602.json
language_longseq_seq5080_conv_sampled16384_full4_screen_finewebedu_24steps_20260602/partial_untied,60960.0,9.221712306141853,9.271503448486328,12.0,19949523.0,json_history,E:\CODEXRESEARCH\RESEARCH-1\artifacts\benchmark_runs\language\language_longseq_seq5080_conv_sampled16384_full4_screen_finewebedu_24steps_20260602.json
language_longseq_seq5080_conv_sampled16384_full4_screen_finewebedu_24steps_20260602/partial_untied,121920.0,8.576678112149239,8.752006530761719,24.0,19949523.0,json_history,E:\CODEXRESEARCH\RESEARCH-1\artifacts\benchmark_runs\language\language_longseq_seq5080_conv_sampled16384_full4_screen_finewebedu_24steps_20260602.json
language_longseq_seq5080_sampled16384_anchor_stride16_clean_seed17_20260602/causal_conv_mixer_sampled_vocab_anchor16,121920.0,7.836754076182842,7.835994720458984,24.0,20034967.0,json_history,E:\CODEXRESEARCH\RESEARCH-1\artifacts\benchmark_runs\language\language_longseq_seq5080_sampled16384_anchor_stride16_clean_seed17_20260602.json
language_longseq_seq5080_sampled16384_anchor_stride16_clean_seed17_20260602/partial_untied,121920.0,8.593205630779266,8.49289608001709,24.0,19949523.0,json_history,E:\CODEXRESEARCH\RESEARCH-1\artifacts\benchmark_runs\language\language_longseq_seq5080_sampled16384_anchor_stride16_clean_seed17_20260602.json
language_longseq_seq5080_sampled16384_anchor_stride16_losscheck_polluted_seed17_20260602/causal_conv_mixer_sampled_vocab_anchor16,121920.0,7.836754076182842,7.835994720458984,24.0,20034967.0,json_history,E:\CODEXRESEARCH\RESEARCH-1\artifacts\benchmark_runs\language\language_longseq_seq5080_sampled16384_anchor_stride16_losscheck_polluted_seed17_20260602.json
language_longseq_seq5080_sampled16384_anchor_stride16_losscheck_polluted_seed17_20260602/partial_untied,121920.0,8.593221932649612,8.492935180664062,24.0,19949523.0,json_history,E:\CODEXRESEARCH\RESEARCH-1\artifacts\benchmark_runs\language\language_longseq_seq5080_sampled16384_anchor_stride16_losscheck_polluted_seed17_20260602.json
language_longseq_seq5080_sampled16384_anchor_stride8_losscheck_polluted_seed17_20260602/causal_conv_mixer_sampled_vocab_anchor,121920.0,7.8641122207045555,7.751293182373047,24.0,20034967.0,json_history,E:\CODEXRESEARCH\RESEARCH-1\artifacts\benchmark_runs\language\language_longseq_seq5080_sampled16384_anchor_stride8_losscheck_polluted_seed17_20260602.json
language_longseq_seq5080_sampled16384_anchor_stride8_losscheck_polluted_seed17_20260602/partial_untied,121920.0,8.593221932649612,8.492935180664062,24.0,19949523.0,json_history,E:\CODEXRESEARCH\RESEARCH-1\artifacts\benchmark_runs\language\language_longseq_seq5080_sampled16384_anchor_stride8_losscheck_polluted_seed17_20260602.json
language_longseq_seq5080_sampled16384_every_step_fullval_seed17_20260602/causal_conv_mixer_sampled_vocab,121920.0,9.240559041500092,7.33883810043335,24.0,20034967.0,json_history,E:\CODEXRESEARCH\RESEARCH-1\artifacts\benchmark_runs\language\language_longseq_seq5080_sampled16384_every_step_fullval_seed17_20260602.json
language_longseq_seq5080_sampled16384_every_step_fullval_seed17_20260602/partial_untied,121920.0,8.593221932649612,8.492935180664062,24.0,19949523.0,json_history,E:\CODEXRESEARCH\RESEARCH-1\artifacts\benchmark_runs\language\language_longseq_seq5080_sampled16384_every_step_fullval_seed17_20260602.json
language_longseq_seq5080_sampled16384_full4_finalonly_finewebedu_24steps_val64_seed17_20260602/causal_conv_mixer_sampled_vocab_full4,121920.0,7.963529825210571,7.95603084564209,24.0,20034967.0,json_history,E:\CODEXRESEARCH\RESEARCH-1\artifacts\benchmark_runs\language\language_longseq_seq5080_sampled16384_full4_finalonly_finewebedu_24steps_val64_seed17_20260602.json
language_longseq_seq5080_sampled16384_full4_finalonly_finewebedu_24steps_val64_seed17_20260602/partial_untied,121920.0,8.593221932649612,8.492935180664062,24.0,19949523.0,json_history,E:\CODEXRESEARCH\RESEARCH-1\artifacts\benchmark_runs\language\language_longseq_seq5080_sampled16384_full4_finalonly_finewebedu_24steps_val64_seed17_20260602.json
language_partial_untied_50m_20260328,0.0,10.830882012844086,,0.0,8069555.0,json_report_history,E:\CODEXRESEARCH\RESEARCH-1\artifacts\benchmark_runs\language\language_partial_untied_50m_20260328.json
language_partial_untied_50m_20260328,4161536.0,6.33231195807457,6.600344657897949,2048.0,8069555.0,json_report_history,E:\CODEXRESEARCH\RESEARCH-1\artifacts\benchmark_runs\language\language_partial_untied_50m_20260328.json
language_partial_untied_50m_20260328,8323072.0,6.022112965583801,6.214065074920654,4096.0,8069555.0,json_report_history,E:\CODEXRESEARCH\RESEARCH-1\artifacts\benchmark_runs\language\language_partial_untied_50m_20260328.json
language_partial_untied_50m_20260328,12484608.0,5.844762682914734,5.910484313964844,6144.0,8069555.0,json_report_history,E:\CODEXRESEARCH\RESEARCH-1\artifacts\benchmark_runs\language\language_partial_untied_50m_20260328.json
language_partial_untied_50m_20260328,16646144.0,5.732421904802322,5.842016220092773,8192.0,8069555.0,json_report_history,E:\CODEXRESEARCH\RESEARCH-1\artifacts\benchmark_runs\language\language_partial_untied_50m_20260328.json
language_partial_untied_50m_20260328,20807680.0,5.6522015035152435,5.4976806640625,10240.0,8069555.0,json_report_history,E:\CODEXRESEARCH\RESEARCH-1\artifacts\benchmark_runs\language\language_partial_untied_50m_20260328.json
language_partial_untied_50m_20260328,24969216.0,5.582661926746368,5.465935707092285,12288.0,8069555.0,json_report_history,E:\CODEXRESEARCH\RESEARCH-1\artifacts\benchmark_runs\language\language_partial_untied_50m_20260328.json
language_partial_untied_50m_20260328,29130752.0,5.527015864849091,5.685982704162598,14336.0,8069555.0,json_report_history,E:\CODEXRESEARCH\RESEARCH-1\artifacts\benchmark_runs\language\language_partial_untied_50m_20260328.json
language_partial_untied_50m_20260328,33292288.0,5.47997772693634,5.484079837799072,16384.0,8069555.0,json_report_history,E:\CODEXRESEARCH\RESEARCH-1\artifacts\benchmark_runs\language\language_partial_untied_50m_20260328.json
language_partial_untied_50m_20260328,37453824.0,5.437106430530548,5.1641130447387695,18432.0,8069555.0,json_report_history,E:\CODEXRESEARCH\RESEARCH-1\artifacts\benchmark_runs\language\language_partial_untied_50m_20260328.json
language_partial_untied_50m_20260328,41615360.0,5.40782618522644,5.31450080871582,20480.0,8069555.0,json_report_history,E:\CODEXRESEARCH\RESEARCH-1\artifacts\benchmark_runs\language\language_partial_untied_50m_20260328.json
language_partial_untied_50m_20260328,45776896.0,5.371145099401474,5.289793014526367,22528.0,8069555.0,json_report_history,E:\CODEXRESEARCH\RESEARCH-1\artifacts\benchmark_runs\language\language_partial_untied_50m_20260328.json
language_partial_untied_50m_20260328,49938432.0,5.337762176990509,5.266506195068359,24576.0,8069555.0,json_report_history,E:\CODEXRESEARCH\RESEARCH-1\artifacts\benchmark_runs\language\language_partial_untied_50m_20260328.json
language_partial_untied_50m_20260328,50001424.0,5.332345515489578,5.296790599822998,24607.0,8069555.0,json_report_history,E:\CODEXRESEARCH\RESEARCH-1\artifacts\benchmark_runs\language\language_partial_untied_50m_20260328.json
language_partial_untied_muon_probe_synthetic_20260602/adamw,0.0,7.680569648742676,,0.0,1079250.0,json_history,E:\CODEXRESEARCH\RESEARCH-1\artifacts\benchmark_runs\language\language_partial_untied_muon_probe_synthetic_20260602.json
language_partial_untied_muon_probe_synthetic_20260602/adamw,16128.0,7.631952881813049,7.641423225402832,16.0,1079250.0,json_history,E:\CODEXRESEARCH\RESEARCH-1\artifacts\benchmark_runs\language\language_partial_untied_muon_probe_synthetic_20260602.json
language_partial_untied_muon_probe_synthetic_20260602/adamw,32256.0,7.621336340904236,7.628359794616699,32.0,1079250.0,json_history,E:\CODEXRESEARCH\RESEARCH-1\artifacts\benchmark_runs\language\language_partial_untied_muon_probe_synthetic_20260602.json
language_partial_untied_muon_probe_synthetic_20260602/adamw,48384.0,7.607982397079468,7.616869926452637,48.0,1079250.0,json_history,E:\CODEXRESEARCH\RESEARCH-1\artifacts\benchmark_runs\language\language_partial_untied_muon_probe_synthetic_20260602.json
language_partial_untied_muon_probe_synthetic_20260602/adamw,64512.0,7.591075658798218,7.582704067230225,64.0,1079250.0,json_history,E:\CODEXRESEARCH\RESEARCH-1\artifacts\benchmark_runs\language\language_partial_untied_muon_probe_synthetic_20260602.json
language_partial_untied_muon_probe_synthetic_20260602/muon_adamw,0.0,7.680569648742676,,0.0,1079250.0,json_history,E:\CODEXRESEARCH\RESEARCH-1\artifacts\benchmark_runs\language\language_partial_untied_muon_probe_synthetic_20260602.json
language_partial_untied_muon_probe_synthetic_20260602/muon_adamw,16128.0,7.637717962265015,7.639739036560059,16.0,1079250.0,json_history,E:\CODEXRESEARCH\RESEARCH-1\artifacts\benchmark_runs\language\language_partial_untied_muon_probe_synthetic_20260602.json
language_partial_untied_muon_probe_synthetic_20260602/muon_adamw,32256.0,7.629552602767944,7.635689735412598,32.0,1079250.0,json_history,E:\CODEXRESEARCH\RESEARCH-1\artifacts\benchmark_runs\language\language_partial_untied_muon_probe_synthetic_20260602.json
language_partial_untied_muon_probe_synthetic_20260602/muon_adamw,48384.0,7.625637054443359,7.629490852355957,48.0,1079250.0,json_history,E:\CODEXRESEARCH\RESEARCH-1\artifacts\benchmark_runs\language\language_partial_untied_muon_probe_synthetic_20260602.json
language_partial_untied_muon_probe_synthetic_20260602/muon_adamw,64512.0,7.620979070663452,7.626046180725098,64.0,1079250.0,json_history,E:\CODEXRESEARCH\RESEARCH-1\artifacts\benchmark_runs\language\language_partial_untied_muon_probe_synthetic_20260602.json
language_partial_untied_muon_probe_synthetic_lr0.5_20260602/adamw,0.0,7.680569648742676,,0.0,1079250.0,json_history,E:\CODEXRESEARCH\RESEARCH-1\artifacts\benchmark_runs\language\language_partial_untied_muon_probe_synthetic_lr0.5_20260602.json
language_partial_untied_muon_probe_synthetic_lr0.5_20260602/adamw,16128.0,7.631952881813049,7.641423225402832,16.0,1079250.0,json_history,E:\CODEXRESEARCH\RESEARCH-1\artifacts\benchmark_runs\language\language_partial_untied_muon_probe_synthetic_lr0.5_20260602.json
language_partial_untied_muon_probe_synthetic_lr0.5_20260602/adamw,32256.0,7.621336460113525,7.628359794616699,32.0,1079250.0,json_history,E:\CODEXRESEARCH\RESEARCH-1\artifacts\benchmark_runs\language\language_partial_untied_muon_probe_synthetic_lr0.5_20260602.json
language_partial_untied_muon_probe_synthetic_lr0.5_20260602/adamw,48384.0,7.607982516288757,7.616869926452637,48.0,1079250.0,json_history,E:\CODEXRESEARCH\RESEARCH-1\artifacts\benchmark_runs\language\language_partial_untied_muon_probe_synthetic_lr0.5_20260602.json
language_partial_untied_muon_probe_synthetic_lr0.5_20260602/adamw,64512.0,7.591075658798218,7.582704067230225,64.0,1079250.0,json_history,E:\CODEXRESEARCH\RESEARCH-1\artifacts\benchmark_runs\language\language_partial_untied_muon_probe_synthetic_lr0.5_20260602.json
language_partial_untied_muon_probe_synthetic_lr0.5_20260602/muon_adamw,0.0,7.680569648742676,,0.0,1079250.0,json_history,E:\CODEXRESEARCH\RESEARCH-1\artifacts\benchmark_runs\language\language_partial_untied_muon_probe_synthetic_lr0.5_20260602.json
language_partial_untied_muon_probe_synthetic_lr0.5_20260602/muon_adamw,16128.0,7.638806581497192,7.640512943267822,16.0,1079250.0,json_history,E:\CODEXRESEARCH\RESEARCH-1\artifacts\benchmark_runs\language\language_partial_untied_muon_probe_synthetic_lr0.5_20260602.json
language_partial_untied_muon_probe_synthetic_lr0.5_20260602/muon_adamw,32256.0,7.631377935409546,7.636707782745361,32.0,1079250.0,json_history,E:\CODEXRESEARCH\RESEARCH-1\artifacts\benchmark_runs\language\language_partial_untied_muon_probe_synthetic_lr0.5_20260602.json
language_partial_untied_muon_probe_synthetic_lr0.5_20260602/muon_adamw,48384.0,7.628549814224243,7.632813930511475,48.0,1079250.0,json_history,E:\CODEXRESEARCH\RESEARCH-1\artifacts\benchmark_runs\language\language_partial_untied_muon_probe_synthetic_lr0.5_20260602.json
language_partial_untied_muon_probe_synthetic_lr0.5_20260602/muon_adamw,64512.0,7.6251208782196045,7.632124423980713,64.0,1079250.0,json_history,E:\CODEXRESEARCH\RESEARCH-1\artifacts\benchmark_runs\language\language_partial_untied_muon_probe_synthetic_lr0.5_20260602.json
language_partial_untied_muon_probe_synthetic_lr2.0_20260602/adamw,0.0,7.680569648742676,,0.0,1079250.0,json_history,E:\CODEXRESEARCH\RESEARCH-1\artifacts\benchmark_runs\language\language_partial_untied_muon_probe_synthetic_lr2.0_20260602.json
language_partial_untied_muon_probe_synthetic_lr2.0_20260602/adamw,16128.0,7.631952881813049,7.641423225402832,16.0,1079250.0,json_history,E:\CODEXRESEARCH\RESEARCH-1\artifacts\benchmark_runs\language\language_partial_untied_muon_probe_synthetic_lr2.0_20260602.json
language_partial_untied_muon_probe_synthetic_lr2.0_20260602/adamw,32256.0,7.621336460113525,7.628359794616699,32.0,1079250.0,json_history,E:\CODEXRESEARCH\RESEARCH-1\artifacts\benchmark_runs\language\language_partial_untied_muon_probe_synthetic_lr2.0_20260602.json
language_partial_untied_muon_probe_synthetic_lr2.0_20260602/adamw,48384.0,7.607982397079468,7.616869926452637,48.0,1079250.0,json_history,E:\CODEXRESEARCH\RESEARCH-1\artifacts\benchmark_runs\language\language_partial_untied_muon_probe_synthetic_lr2.0_20260602.json
language_partial_untied_muon_probe_synthetic_lr2.0_20260602/adamw,64512.0,7.591075778007507,7.582704067230225,64.0,1079250.0,json_history,E:\CODEXRESEARCH\RESEARCH-1\artifacts\benchmark_runs\language\language_partial_untied_muon_probe_synthetic_lr2.0_20260602.json
language_partial_untied_muon_probe_synthetic_lr2.0_20260602/muon_adamw,0.0,7.680569648742676,,0.0,1079250.0,json_history,E:\CODEXRESEARCH\RESEARCH-1\artifacts\benchmark_runs\language\language_partial_untied_muon_probe_synthetic_lr2.0_20260602.json
language_partial_untied_muon_probe_synthetic_lr2.0_20260602/muon_adamw,16128.0,7.635977864265442,7.638617992401123,16.0,1079250.0,json_history,E:\CODEXRESEARCH\RESEARCH-1\artifacts\benchmark_runs\language\language_partial_untied_muon_probe_synthetic_lr2.0_20260602.json
language_partial_untied_muon_probe_synthetic_lr2.0_20260602/muon_adamw,32256.0,7.62692654132843,7.634493350982666,32.0,1079250.0,json_history,E:\CODEXRESEARCH\RESEARCH-1\artifacts\benchmark_runs\language\language_partial_untied_muon_probe_synthetic_lr2.0_20260602.json
language_partial_untied_muon_probe_synthetic_lr2.0_20260602/muon_adamw,48384.0,7.621316909790039,7.625117778778076,48.0,1079250.0,json_history,E:\CODEXRESEARCH\RESEARCH-1\artifacts\benchmark_runs\language\language_partial_untied_muon_probe_synthetic_lr2.0_20260602.json
language_partial_untied_muon_probe_synthetic_lr2.0_20260602/muon_adamw,64512.0,7.614015340805054,7.615527629852295,64.0,1079250.0,json_history,E:\CODEXRESEARCH\RESEARCH-1\artifacts\benchmark_runs\language\language_partial_untied_muon_probe_synthetic_lr2.0_20260602.json
language_realtext_microbench_assoc_doubledata_20260327,0.0,11.373090624809265,,0.0,3366099.0,json_report_history,E:\CODEXRESEARCH\RESEARCH-1\artifacts\benchmark_runs\language\language_realtext_microbench_assoc_doubledata_20260327.json
language_realtext_microbench_assoc_doubledata_20260327,32768.0,9.454426407814026,9.365392684936523,32.0,3366099.0,json_report_history,E:\CODEXRESEARCH\RESEARCH-1\artifacts\benchmark_runs\language\language_realtext_microbench_assoc_doubledata_20260327.json
language_realtext_microbench_assoc_doubledata_20260327,65536.0,8.645097136497498,8.575662612915039,64.0,3366099.0,json_report_history,E:\CODEXRESEARCH\RESEARCH-1\artifacts\benchmark_runs\language\language_realtext_microbench_assoc_doubledata_20260327.json
language_realtext_microbench_assoc_doubledata_20260327,98304.0,8.016303658485413,8.021081924438477,96.0,3366099.0,json_report_history,E:\CODEXRESEARCH\RESEARCH-1\artifacts\benchmark_runs\language\language_realtext_microbench_assoc_doubledata_20260327.json
language_realtext_microbench_assoc_doubledata_20260327,131072.0,7.633615076541901,7.3761444091796875,128.0,3366099.0,json_report_history,E:\CODEXRESEARCH\RESEARCH-1\artifacts\benchmark_runs\language\language_realtext_microbench_assoc_doubledata_20260327.json
language_recurrent_ab_factorized_cheap_20260328/factorized_untied,0.0,10.794003963470459,,0.0,11220979.0,json_history,E:\CODEXRESEARCH\RESEARCH-1\artifacts\benchmark_runs\language\language_recurrent_ab_factorized_cheap_20260328.json
language_recurrent_ab_factorized_cheap_20260328/factorized_untied,8128.0,10.62226390838623,10.743002891540527,4.0,11220979.0,json_history,E:\CODEXRESEARCH\RESEARCH-1\artifacts\benchmark_runs\language\language_recurrent_ab_factorized_cheap_20260328.json
language_recurrent_ab_factorized_cheap_20260328/factorized_untied,16256.0,13.157759666442871,13.408308982849121,8.0,11220979.0,json_history,E:\CODEXRESEARCH\RESEARCH-1\artifacts\benchmark_runs\language\language_recurrent_ab_factorized_cheap_20260328.json
language_recurrent_ab_factorized_cheap_20260328/recurrent_champion,0.0,10.831310749053955,,0.0,7995315.0,json_history,E:\CODEXRESEARCH\RESEARCH-1\artifacts\benchmark_runs\language\language_recurrent_ab_factorized_cheap_20260328.json
language_recurrent_ab_factorized_cheap_20260328/recurrent_champion,8128.0,10.25997018814087,10.394020080566406,4.0,7995315.0,json_history,E:\CODEXRESEARCH\RESEARCH-1\artifacts\benchmark_runs\language\language_recurrent_ab_factorized_cheap_20260328.json
language_recurrent_ab_factorized_cheap_20260328/recurrent_champion,16256.0,10.007821083068848,9.889333724975586,8.0,7995315.0,json_history,E:\CODEXRESEARCH\RESEARCH-1\artifacts\benchmark_runs\language\language_recurrent_ab_factorized_cheap_20260328.json
language_recurrent_ab_gated_cheap_20260328/gated_residual_head,0.0,10.871888637542725,,0.0,8016195.0,json_history,E:\CODEXRESEARCH\RESEARCH-1\artifacts\benchmark_runs\language\language_recurrent_ab_gated_cheap_20260328.json
language_recurrent_ab_gated_cheap_20260328/gated_residual_head,8128.0,10.367462158203125,10.353196144104004,4.0,8016195.0,json_history,E:\CODEXRESEARCH\RESEARCH-1\artifacts\benchmark_runs\language\language_recurrent_ab_gated_cheap_20260328.json
language_recurrent_ab_gated_cheap_20260328/gated_residual_head,16256.0,10.05528211593628,9.934002876281738,8.0,8016195.0,json_history,E:\CODEXRESEARCH\RESEARCH-1\artifacts\benchmark_runs\language\language_recurrent_ab_gated_cheap_20260328.json
language_recurrent_ab_gated_cheap_20260328/recurrent_champion,0.0,10.831307411193848,,0.0,7995315.0,json_history,E:\CODEXRESEARCH\RESEARCH-1\artifacts\benchmark_runs\language\language_recurrent_ab_gated_cheap_20260328.json
language_recurrent_ab_gated_cheap_20260328/recurrent_champion,8128.0,10.259929180145264,10.394026756286621,4.0,7995315.0,json_history,E:\CODEXRESEARCH\RESEARCH-1\artifacts\benchmark_runs\language\language_recurrent_ab_gated_cheap_20260328.json
language_recurrent_ab_gated_cheap_20260328/recurrent_champion,16256.0,10.007778644561768,9.889359474182129,8.0,7995315.0,json_history,E:\CODEXRESEARCH\RESEARCH-1\artifacts\benchmark_runs\language\language_recurrent_ab_gated_cheap_20260328.json
language_recurrent_ab_partial_cheap_20260328/partial_untied,0.0,10.849464416503906,,0.0,8143795.0,json_history,E:\CODEXRESEARCH\RESEARCH-1\artifacts\benchmark_runs\language\language_recurrent_ab_partial_cheap_20260328.json
language_recurrent_ab_partial_cheap_20260328/partial_untied,8128.0,10.39033317565918,10.316219329833984,4.0,8143795.0,json_history,E:\CODEXRESEARCH\RESEARCH-1\artifacts\benchmark_runs\language\language_recurrent_ab_partial_cheap_20260328.json
language_recurrent_ab_partial_cheap_20260328/partial_untied,16256.0,10.00638484954834,9.89136791229248,8.0,8143795.0,json_history,E:\CODEXRESEARCH\RESEARCH-1\artifacts\benchmark_runs\language\language_recurrent_ab_partial_cheap_20260328.json
language_recurrent_ab_partial_cheap_20260328/recurrent_champion,0.0,10.831308364868164,,0.0,7995315.0,json_history,E:\CODEXRESEARCH\RESEARCH-1\artifacts\benchmark_runs\language\language_recurrent_ab_partial_cheap_20260328.json
language_recurrent_ab_partial_cheap_20260328/recurrent_champion,8128.0,10.25995683670044,10.394039154052734,4.0,7995315.0,json_history,E:\CODEXRESEARCH\RESEARCH-1\artifacts\benchmark_runs\language\language_recurrent_ab_partial_cheap_20260328.json
language_recurrent_ab_partial_cheap_20260328/recurrent_champion,16256.0,10.007794380187988,9.889345169067383,8.0,7995315.0,json_history,E:\CODEXRESEARCH\RESEARCH-1\artifacts\benchmark_runs\language\language_recurrent_ab_partial_cheap_20260328.json
language_recurrent_ab_refined_cheap_20260328/recurrent_champion,0.0,10.831309795379639,,0.0,7995315.0,json_history,E:\CODEXRESEARCH\RESEARCH-1\artifacts\benchmark_runs\language\language_recurrent_ab_refined_cheap_20260328.json
language_recurrent_ab_refined_cheap_20260328/recurrent_champion,8128.0,10.259938716888428,10.394041061401367,4.0,7995315.0,json_history,E:\CODEXRESEARCH\RESEARCH-1\artifacts\benchmark_runs\language\language_recurrent_ab_refined_cheap_20260328.json
language_recurrent_ab_refined_cheap_20260328/recurrent_champion,16256.0,10.007781982421875,9.889339447021484,8.0,7995315.0,json_history,E:\CODEXRESEARCH\RESEARCH-1\artifacts\benchmark_runs\language\language_recurrent_ab_refined_cheap_20260328.json
language_recurrent_ab_refined_cheap_20260328/refined_head,0.0,10.82653522491455,,0.0,8016340.0,json_history,E:\CODEXRESEARCH\RESEARCH-1\artifacts\benchmark_runs\language\language_recurrent_ab_refined_cheap_20260328.json
language_recurrent_ab_refined_cheap_20260328/refined_head,8128.0,10.436260223388672,10.462772369384766,4.0,8016340.0,json_history,E:\CODEXRESEARCH\RESEARCH-1\artifacts\benchmark_runs\language\language_recurrent_ab_refined_cheap_20260328.json
language_recurrent_ab_refined_cheap_20260328/refined_head,16256.0,10.148411750793457,10.046050071716309,8.0,8016340.0,json_history,E:\CODEXRESEARCH\RESEARCH-1\artifacts\benchmark_runs\language\language_recurrent_ab_refined_cheap_20260328.json
language_recurrent_memory_rewrites_cheap_20260328/feature_retrieval_chunk8,0.0,11.1119966506958,,0.0,8057377.0,json_history,E:\CODEXRESEARCH\RESEARCH-1\artifacts\benchmark_runs\language\language_recurrent_memory_rewrites_cheap_20260328.json
language_recurrent_memory_rewrites_cheap_20260328/feature_retrieval_chunk8,16256.0,10.104990482330322,10.03066349029541,8.0,8057377.0,json_history,E:\CODEXRESEARCH\RESEARCH-1\artifacts\benchmark_runs\language\language_recurrent_memory_rewrites_cheap_20260328.json
language_recurrent_memory_rewrites_cheap_20260328/feature_retrieval_chunk8,32512.0,9.731006622314453,9.646814346313477,16.0,8057377.0,json_history,E:\CODEXRESEARCH\RESEARCH-1\artifacts\benchmark_runs\language\language_recurrent_memory_rewrites_cheap_20260328.json
language_recurrent_memory_rewrites_cheap_20260328/feature_retrieval_full,0.0,11.163529396057129,,0.0,8057377.0,json_history,E:\CODEXRESEARCH\RESEARCH-1\artifacts\benchmark_runs\language\language_recurrent_memory_rewrites_cheap_20260328.json
language_recurrent_memory_rewrites_cheap_20260328/feature_retrieval_full,16256.0,10.227990627288818,10.115824699401855,8.0,8057377.0,json_history,E:\CODEXRESEARCH\RESEARCH-1\artifacts\benchmark_runs\language\language_recurrent_memory_rewrites_cheap_20260328.json
language_recurrent_memory_rewrites_cheap_20260328/feature_retrieval_full,32512.0,9.844201564788818,9.69151496887207,16.0,8057377.0,json_history,E:\CODEXRESEARCH\RESEARCH-1\artifacts\benchmark_runs\language\language_recurrent_memory_rewrites_cheap_20260328.json
language_recurrent_memory_rewrites_cheap_20260328/feature_retrieval_stride4,0.0,11.70029592514038,,0.0,8057377.0,json_history,E:\CODEXRESEARCH\RESEARCH-1\artifacts\benchmark_runs\language\language_recurrent_memory_rewrites_cheap_20260328.json
language_recurrent_memory_rewrites_cheap_20260328/feature_retrieval_stride4,16256.0,10.468932151794434,10.469871520996094,8.0,8057377.0,json_history,E:\CODEXRESEARCH\RESEARCH-1\artifacts\benchmark_runs\language\language_recurrent_memory_rewrites_cheap_20260328.json
language_recurrent_memory_rewrites_cheap_20260328/feature_retrieval_stride4,32512.0,9.845234870910645,9.770881652832031,16.0,8057377.0,json_history,E:\CODEXRESEARCH\RESEARCH-1\artifacts\benchmark_runs\language\language_recurrent_memory_rewrites_cheap_20260328.json
language_recurrent_memory_rewrites_cheap_20260328/partial_untied,0.0,10.849464416503906,,0.0,8143795.0,json_history,E:\CODEXRESEARCH\RESEARCH-1\artifacts\benchmark_runs\language\language_recurrent_memory_rewrites_cheap_20260328.json
language_recurrent_memory_rewrites_cheap_20260328/partial_untied,16256.0,10.006338596343994,9.891364097595215,8.0,8143795.0,json_history,E:\CODEXRESEARCH\RESEARCH-1\artifacts\benchmark_runs\language\language_recurrent_memory_rewrites_cheap_20260328.json
language_recurrent_memory_rewrites_cheap_20260328/partial_untied,32512.0,9.537844181060791,9.383954048156738,16.0,8143795.0,json_history,E:\CODEXRESEARCH\RESEARCH-1\artifacts\benchmark_runs\language\language_recurrent_memory_rewrites_cheap_20260328.json
language_recurrent_memory_rewrites_cheap_20260328/recurrent_champion,0.0,10.831310749053955,,0.0,7995315.0,json_history,E:\CODEXRESEARCH\RESEARCH-1\artifacts\benchmark_runs\language\language_recurrent_memory_rewrites_cheap_20260328.json
language_recurrent_memory_rewrites_cheap_20260328/recurrent_champion,16256.0,10.007779121398926,9.88935661315918,8.0,7995315.0,json_history,E:\CODEXRESEARCH\RESEARCH-1\artifacts\benchmark_runs\language\language_recurrent_memory_rewrites_cheap_20260328.json
language_recurrent_memory_rewrites_cheap_20260328/recurrent_champion,32512.0,9.664766788482666,9.563490867614746,16.0,7995315.0,json_history,E:\CODEXRESEARCH\RESEARCH-1\artifacts\benchmark_runs\language\language_recurrent_memory_rewrites_cheap_20260328.json
language_recurrent_memory_rewrites_hybrid_cheap_20260328/chunk8_partial_hybrid,0.0,11.142905235290527,,0.0,8205857.0,json_history,E:\CODEXRESEARCH\RESEARCH-1\artifacts\benchmark_runs\language\language_recurrent_memory_rewrites_hybrid_cheap_20260328.json
language_recurrent_memory_rewrites_hybrid_cheap_20260328/chunk8_partial_hybrid,16256.0,10.161593437194824,10.041077613830566,8.0,8205857.0,json_history,E:\CODEXRESEARCH\RESEARCH-1\artifacts\benchmark_runs\language\language_recurrent_memory_rewrites_hybrid_cheap_20260328.json
language_recurrent_memory_rewrites_hybrid_cheap_20260328/chunk8_partial_hybrid,32512.0,9.697798728942871,9.573932647705078,16.0,8205857.0,json_history,E:\CODEXRESEARCH\RESEARCH-1\artifacts\benchmark_runs\language\language_recurrent_memory_rewrites_hybrid_cheap_20260328.json
language_recurrent_memory_rewrites_hybrid_cheap_20260328/feature_retrieval_chunk8,0.0,11.1119966506958,,0.0,8057377.0,json_history,E:\CODEXRESEARCH\RESEARCH-1\artifacts\benchmark_runs\language\language_recurrent_memory_rewrites_hybrid_cheap_20260328.json
language_recurrent_memory_rewrites_hybrid_cheap_20260328/feature_retrieval_chunk8,16256.0,10.104990482330322,10.03066349029541,8.0,8057377.0,json_history,E:\CODEXRESEARCH\RESEARCH-1\artifacts\benchmark_runs\language\language_recurrent_memory_rewrites_hybrid_cheap_20260328.json
language_recurrent_memory_rewrites_hybrid_cheap_20260328/feature_retrieval_chunk8,32512.0,9.731006622314453,9.646814346313477,16.0,8057377.0,json_history,E:\CODEXRESEARCH\RESEARCH-1\artifacts\benchmark_runs\language\language_recurrent_memory_rewrites_hybrid_cheap_20260328.json
language_recurrent_memory_rewrites_hybrid_cheap_20260328/feature_retrieval_full,0.0,11.163529396057129,,0.0,8057377.0,json_history,E:\CODEXRESEARCH\RESEARCH-1\artifacts\benchmark_runs\language\language_recurrent_memory_rewrites_hybrid_cheap_20260328.json
language_recurrent_memory_rewrites_hybrid_cheap_20260328/feature_retrieval_full,16256.0,10.227990627288818,10.115824699401855,8.0,8057377.0,json_history,E:\CODEXRESEARCH\RESEARCH-1\artifacts\benchmark_runs\language\language_recurrent_memory_rewrites_hybrid_cheap_20260328.json
language_recurrent_memory_rewrites_hybrid_cheap_20260328/feature_retrieval_full,32512.0,9.844201564788818,9.69151496887207,16.0,8057377.0,json_history,E:\CODEXRESEARCH\RESEARCH-1\artifacts\benchmark_runs\language\language_recurrent_memory_rewrites_hybrid_cheap_20260328.json
language_recurrent_memory_rewrites_hybrid_cheap_20260328/feature_retrieval_stride4,0.0,11.70029592514038,,0.0,8057377.0,json_history,E:\CODEXRESEARCH\RESEARCH-1\artifacts\benchmark_runs\language\language_recurrent_memory_rewrites_hybrid_cheap_20260328.json
language_recurrent_memory_rewrites_hybrid_cheap_20260328/feature_retrieval_stride4,16256.0,10.468932151794434,10.469871520996094,8.0,8057377.0,json_history,E:\CODEXRESEARCH\RESEARCH-1\artifacts\benchmark_runs\language\language_recurrent_memory_rewrites_hybrid_cheap_20260328.json
language_recurrent_memory_rewrites_hybrid_cheap_20260328/feature_retrieval_stride4,32512.0,9.845234870910645,9.770881652832031,16.0,8057377.0,json_history,E:\CODEXRESEARCH\RESEARCH-1\artifacts\benchmark_runs\language\language_recurrent_memory_rewrites_hybrid_cheap_20260328.json
language_recurrent_memory_rewrites_hybrid_cheap_20260328/partial_untied,0.0,10.849462509155273,,0.0,8143795.0,json_history,E:\CODEXRESEARCH\RESEARCH-1\artifacts\benchmark_runs\language\language_recurrent_memory_rewrites_hybrid_cheap_20260328.json
language_recurrent_memory_rewrites_hybrid_cheap_20260328/partial_untied,16256.0,10.006383419036865,9.891364097595215,8.0,8143795.0,json_history,E:\CODEXRESEARCH\RESEARCH-1\artifacts\benchmark_runs\language\language_recurrent_memory_rewrites_hybrid_cheap_20260328.json
language_recurrent_memory_rewrites_hybrid_cheap_20260328/partial_untied,32512.0,9.537841796875,9.383919715881348,16.0,8143795.0,json_history,E:\CODEXRESEARCH\RESEARCH-1\artifacts\benchmark_runs\language\language_recurrent_memory_rewrites_hybrid_cheap_20260328.json
language_recurrent_memory_rewrites_hybrid_cheap_20260328/recurrent_champion,0.0,10.831308364868164,,0.0,7995315.0,json_history,E:\CODEXRESEARCH\RESEARCH-1\artifacts\benchmark_runs\language\language_recurrent_memory_rewrites_hybrid_cheap_20260328.json
language_recurrent_memory_rewrites_hybrid_cheap_20260328/recurrent_champion,16256.0,10.007771968841553,9.88935661315918,8.0,7995315.0,json_history,E:\CODEXRESEARCH\RESEARCH-1\artifacts\benchmark_runs\language\language_recurrent_memory_rewrites_hybrid_cheap_20260328.json
language_recurrent_memory_rewrites_hybrid_cheap_20260328/recurrent_champion,32512.0,9.66482925415039,9.563499450683594,16.0,7995315.0,json_history,E:\CODEXRESEARCH\RESEARCH-1\artifacts\benchmark_runs\language\language_recurrent_memory_rewrites_hybrid_cheap_20260328.json
language_recurrent_memory_rewrites_tokenmemory_cheap_20260328/chunk8_partial_hybrid,0.0,11.142905235290527,,0.0,8205857.0,json_history,E:\CODEXRESEARCH\RESEARCH-1\artifacts\benchmark_runs\language\language_recurrent_memory_rewrites_tokenmemory_cheap_20260328.json
language_recurrent_memory_rewrites_tokenmemory_cheap_20260328/chunk8_partial_hybrid,16256.0,10.161593437194824,10.041077613830566,8.0,8205857.0,json_history,E:\CODEXRESEARCH\RESEARCH-1\artifacts\benchmark_runs\language\language_recurrent_memory_rewrites_tokenmemory_cheap_20260328.json
language_recurrent_memory_rewrites_tokenmemory_cheap_20260328/chunk8_partial_hybrid,32512.0,9.697798728942871,9.573932647705078,16.0,8205857.0,json_history,E:\CODEXRESEARCH\RESEARCH-1\artifacts\benchmark_runs\language\language_recurrent_memory_rewrites_tokenmemory_cheap_20260328.json
language_recurrent_memory_rewrites_tokenmemory_cheap_20260328/chunk8_token_partial_memory,0.0,10.911335468292236,,0.0,8185121.0,json_history,E:\CODEXRESEARCH\RESEARCH-1\artifacts\benchmark_runs\language\language_recurrent_memory_rewrites_tokenmemory_cheap_20260328.json
language_recurrent_memory_rewrites_tokenmemory_cheap_20260328/chunk8_token_partial_memory,16256.0,9.61923360824585,9.639409065246582,8.0,8185121.0,json_history,E:\CODEXRESEARCH\RESEARCH-1\artifacts\benchmark_runs\language\language_recurrent_memory_rewrites_tokenmemory_cheap_20260328.json
language_recurrent_memory_rewrites_tokenmemory_cheap_20260328/chunk8_token_partial_memory,32512.0,8.301597595214844,8.483075141906738,16.0,8185121.0,json_history,E:\CODEXRESEARCH\RESEARCH-1\artifacts\benchmark_runs\language\language_recurrent_memory_rewrites_tokenmemory_cheap_20260328.json
language_recurrent_memory_rewrites_tokenmemory_cheap_20260328/feature_retrieval_chunk8,0.0,11.1119966506958,,0.0,8057377.0,json_history,E:\CODEXRESEARCH\RESEARCH-1\artifacts\benchmark_runs\language\language_recurrent_memory_rewrites_tokenmemory_cheap_20260328.json
language_recurrent_memory_rewrites_tokenmemory_cheap_20260328/feature_retrieval_chunk8,16256.0,10.104990482330322,10.03066349029541,8.0,8057377.0,json_history,E:\CODEXRESEARCH\RESEARCH-1\artifacts\benchmark_runs\language\language_recurrent_memory_rewrites_tokenmemory_cheap_20260328.json
language_recurrent_memory_rewrites_tokenmemory_cheap_20260328/feature_retrieval_chunk8,32512.0,9.731006622314453,9.646814346313477,16.0,8057377.0,json_history,E:\CODEXRESEARCH\RESEARCH-1\artifacts\benchmark_runs\language\language_recurrent_memory_rewrites_tokenmemory_cheap_20260328.json
language_recurrent_memory_rewrites_tokenmemory_cheap_20260328/feature_retrieval_full,0.0,11.163529396057129,,0.0,8057377.0,json_history,E:\CODEXRESEARCH\RESEARCH-1\artifacts\benchmark_runs\language\language_recurrent_memory_rewrites_tokenmemory_cheap_20260328.json
language_recurrent_memory_rewrites_tokenmemory_cheap_20260328/feature_retrieval_full,16256.0,10.227990627288818,10.115824699401855,8.0,8057377.0,json_history,E:\CODEXRESEARCH\RESEARCH-1\artifacts\benchmark_runs\language\language_recurrent_memory_rewrites_tokenmemory_cheap_20260328.json
language_recurrent_memory_rewrites_tokenmemory_cheap_20260328/feature_retrieval_full,32512.0,9.844201564788818,9.69151496887207,16.0,8057377.0,json_history,E:\CODEXRESEARCH\RESEARCH-1\artifacts\benchmark_runs\language\language_recurrent_memory_rewrites_tokenmemory_cheap_20260328.json
language_recurrent_memory_rewrites_tokenmemory_cheap_20260328/feature_retrieval_stride4,0.0,11.70029592514038,,0.0,8057377.0,json_history,E:\CODEXRESEARCH\RESEARCH-1\artifacts\benchmark_runs\language\language_recurrent_memory_rewrites_tokenmemory_cheap_20260328.json
language_recurrent_memory_rewrites_tokenmemory_cheap_20260328/feature_retrieval_stride4,16256.0,10.468932151794434,10.469871520996094,8.0,8057377.0,json_history,E:\CODEXRESEARCH\RESEARCH-1\artifacts\benchmark_runs\language\language_recurrent_memory_rewrites_tokenmemory_cheap_20260328.json
language_recurrent_memory_rewrites_tokenmemory_cheap_20260328/feature_retrieval_stride4,32512.0,9.845234870910645,9.770881652832031,16.0,8057377.0,json_history,E:\CODEXRESEARCH\RESEARCH-1\artifacts\benchmark_runs\language\language_recurrent_memory_rewrites_tokenmemory_cheap_20260328.json
language_recurrent_memory_rewrites_tokenmemory_cheap_20260328/partial_untied,0.0,10.84946346282959,,0.0,8143795.0,json_history,E:\CODEXRESEARCH\RESEARCH-1\artifacts\benchmark_runs\language\language_recurrent_memory_rewrites_tokenmemory_cheap_20260328.json
language_recurrent_memory_rewrites_tokenmemory_cheap_20260328/partial_untied,16256.0,10.006329536437988,9.891375541687012,8.0,8143795.0,json_history,E:\CODEXRESEARCH\RESEARCH-1\artifacts\benchmark_runs\language\language_recurrent_memory_rewrites_tokenmemory_cheap_20260328.json
language_recurrent_memory_rewrites_tokenmemory_cheap_20260328/partial_untied,32512.0,9.537849426269531,9.383959770202637,16.0,8143795.0,json_history,E:\CODEXRESEARCH\RESEARCH-1\artifacts\benchmark_runs\language\language_recurrent_memory_rewrites_tokenmemory_cheap_20260328.json
language_recurrent_memory_rewrites_tokenmemory_cheap_20260328/recurrent_champion,0.0,10.831306457519531,,0.0,7995315.0,json_history,E:\CODEXRESEARCH\RESEARCH-1\artifacts\benchmark_runs\language\language_recurrent_memory_rewrites_tokenmemory_cheap_20260328.json
language_recurrent_memory_rewrites_tokenmemory_cheap_20260328/recurrent_champion,16256.0,10.007816314697266,9.889336585998535,8.0,7995315.0,json_history,E:\CODEXRESEARCH\RESEARCH-1\artifacts\benchmark_runs\language\language_recurrent_memory_rewrites_tokenmemory_cheap_20260328.json
language_recurrent_memory_rewrites_tokenmemory_cheap_20260328/recurrent_champion,32512.0,9.664742946624756,9.563450813293457,16.0,7995315.0,json_history,E:\CODEXRESEARCH\RESEARCH-1\artifacts\benchmark_runs\language\language_recurrent_memory_rewrites_tokenmemory_cheap_20260328.json
language_recurrent_nano_tricks_combo_probe_20260327/baseline,0.0,11.94242012500763,,0.0,7787379.0,json_history,E:\CODEXRESEARCH\RESEARCH-1\artifacts\benchmark_runs\language\language_recurrent_nano_tricks_combo_probe_20260327.json
language_recurrent_nano_tricks_combo_probe_20260327/baseline,130048.0,8.463436722755432,8.380653381347656,64.0,7787379.0,json_history,E:\CODEXRESEARCH\RESEARCH-1\artifacts\benchmark_runs\language\language_recurrent_nano_tricks_combo_probe_20260327.json
language_recurrent_nano_tricks_combo_probe_20260327/baseline,260096.0,7.7267554104328156,7.671785354614258,128.0,7787379.0,json_history,E:\CODEXRESEARCH\RESEARCH-1\artifacts\benchmark_runs\language\language_recurrent_nano_tricks_combo_probe_20260327.json
language_recurrent_nano_tricks_combo_probe_20260327/baseline,390144.0,7.494395226240158,7.288569927215576,192.0,7787379.0,json_history,E:\CODEXRESEARCH\RESEARCH-1\artifacts\benchmark_runs\language\language_recurrent_nano_tricks_combo_probe_20260327.json
language_recurrent_nano_tricks_combo_probe_20260327/nanochat_small,0.0,10.824967682361603,,0.0,8125570.0,json_history,E:\CODEXRESEARCH\RESEARCH-1\artifacts\benchmark_runs\language\language_recurrent_nano_tricks_combo_probe_20260327.json
language_recurrent_nano_tricks_combo_probe_20260327/nanochat_small,130048.0,7.928616046905518,7.79050874710083,64.0,8125570.0,json_history,E:\CODEXRESEARCH\RESEARCH-1\artifacts\benchmark_runs\language\language_recurrent_nano_tricks_combo_probe_20260327.json
language_recurrent_nano_tricks_combo_probe_20260327/nanochat_small,260096.0,7.7975795567035675,7.815957546234131,128.0,8125570.0,json_history,E:\CODEXRESEARCH\RESEARCH-1\artifacts\benchmark_runs\language\language_recurrent_nano_tricks_combo_probe_20260327.json
language_recurrent_nano_tricks_combo_probe_20260327/nanochat_small,390144.0,7.656438082456589,7.671127796173096,192.0,8125570.0,json_history,E:\CODEXRESEARCH\RESEARCH-1\artifacts\benchmark_runs\language\language_recurrent_nano_tricks_combo_probe_20260327.json
language_recurrent_nano_tricks_combo_probe_20260327/relu2_head,0.0,10.832811176776886,,0.0,7995315.0,json_history,E:\CODEXRESEARCH\RESEARCH-1\artifacts\benchmark_runs\language\language_recurrent_nano_tricks_combo_probe_20260327.json
language_recurrent_nano_tricks_combo_probe_20260327/relu2_head,130048.0,8.23602494597435,8.194748878479004,64.0,7995315.0,json_history,E:\CODEXRESEARCH\RESEARCH-1\artifacts\benchmark_runs\language\language_recurrent_nano_tricks_combo_probe_20260327.json
language_recurrent_nano_tricks_combo_probe_20260327/relu2_head,260096.0,7.58098441362381,7.357454776763916,128.0,7995315.0,json_history,E:\CODEXRESEARCH\RESEARCH-1\artifacts\benchmark_runs\language\language_recurrent_nano_tricks_combo_probe_20260327.json
language_recurrent_nano_tricks_combo_probe_20260327/relu2_head,390144.0,7.38946658372879,7.52650785446167,192.0,7995315.0,json_history,E:\CODEXRESEARCH\RESEARCH-1\artifacts\benchmark_runs\language\language_recurrent_nano_tricks_combo_probe_20260327.json
language_recurrent_nano_tricks_combo_probe_20260327/relu2_smear,0.0,10.857033491134644,,0.0,7995340.0,json_history,E:\CODEXRESEARCH\RESEARCH-1\artifacts\benchmark_runs\language\language_recurrent_nano_tricks_combo_probe_20260327.json
language_recurrent_nano_tricks_combo_probe_20260327/relu2_smear,130048.0,8.26545962691307,8.28663158416748,64.0,7995340.0,json_history,E:\CODEXRESEARCH\RESEARCH-1\artifacts\benchmark_runs\language\language_recurrent_nano_tricks_combo_probe_20260327.json
language_recurrent_nano_tricks_combo_probe_20260327/relu2_smear,260096.0,7.585360556840897,7.537664890289307,128.0,7995340.0,json_history,E:\CODEXRESEARCH\RESEARCH-1\artifacts\benchmark_runs\language\language_recurrent_nano_tricks_combo_probe_20260327.json
language_recurrent_nano_tricks_combo_probe_20260327/relu2_smear,390144.0,7.393828332424164,7.188545227050781,192.0,7995340.0,json_history,E:\CODEXRESEARCH\RESEARCH-1\artifacts\benchmark_runs\language\language_recurrent_nano_tricks_combo_probe_20260327.json
language_recurrent_nano_tricks_combo_probe_20260327/relu2_untied,0.0,10.788178980350494,,0.0,15232323.0,json_history,E:\CODEXRESEARCH\RESEARCH-1\artifacts\benchmark_runs\language\language_recurrent_nano_tricks_combo_probe_20260327.json
language_recurrent_nano_tricks_combo_probe_20260327/relu2_untied,130048.0,7.641855239868164,7.512293338775635,64.0,15232323.0,json_history,E:\CODEXRESEARCH\RESEARCH-1\artifacts\benchmark_runs\language\language_recurrent_nano_tricks_combo_probe_20260327.json
language_recurrent_nano_tricks_combo_probe_20260327/relu2_untied,260096.0,7.333222150802612,7.051135540008545,128.0,15232323.0,json_history,E:\CODEXRESEARCH\RESEARCH-1\artifacts\benchmark_runs\language\language_recurrent_nano_tricks_combo_probe_20260327.json
language_recurrent_nano_tricks_combo_probe_20260327/relu2_untied,390144.0,7.123299300670624,7.143491744995117,192.0,15232323.0,json_history,E:\CODEXRESEARCH\RESEARCH-1\artifacts\benchmark_runs\language\language_recurrent_nano_tricks_combo_probe_20260327.json
language_recurrent_nano_tricks_combo_probe_20260327/relu2_windowed,0.0,10.797331094741821,,0.0,7995315.0,json_history,E:\CODEXRESEARCH\RESEARCH-1\artifacts\benchmark_runs\language\language_recurrent_nano_tricks_combo_probe_20260327.json
language_recurrent_nano_tricks_combo_probe_20260327/relu2_windowed,130048.0,8.267854690551758,8.280290603637695,64.0,7995315.0,json_history,E:\CODEXRESEARCH\RESEARCH-1\artifacts\benchmark_runs\language\language_recurrent_nano_tricks_combo_probe_20260327.json
language_recurrent_nano_tricks_combo_probe_20260327/relu2_windowed,260096.0,7.5891434252262115,7.303773403167725,128.0,7995315.0,json_history,E:\CODEXRESEARCH\RESEARCH-1\artifacts\benchmark_runs\language\language_recurrent_nano_tricks_combo_probe_20260327.json
language_recurrent_nano_tricks_combo_probe_20260327/relu2_windowed,390144.0,7.392325520515442,7.154473781585693,192.0,7995315.0,json_history,E:\CODEXRESEARCH\RESEARCH-1\artifacts\benchmark_runs\language\language_recurrent_nano_tricks_combo_probe_20260327.json
language_recurrent_nano_tricks_combo_probe_20260327/residual_gating,0.0,30.033092379570007,,0.0,7828853.0,json_history,E:\CODEXRESEARCH\RESEARCH-1\artifacts\benchmark_runs\language\language_recurrent_nano_tricks_combo_probe_20260327.json
language_recurrent_nano_tricks_combo_probe_20260327/residual_gating,130048.0,9.877745807170868,10.581804275512695,64.0,7828853.0,json_history,E:\CODEXRESEARCH\RESEARCH-1\artifacts\benchmark_runs\language\language_recurrent_nano_tricks_combo_probe_20260327.json
language_recurrent_nano_tricks_combo_probe_20260327/residual_gating,260096.0,9.435630857944489,9.38792610168457,128.0,7828853.0,json_history,E:\CODEXRESEARCH\RESEARCH-1\artifacts\benchmark_runs\language\language_recurrent_nano_tricks_combo_probe_20260327.json
language_recurrent_nano_tricks_combo_probe_20260327/residual_gating,390144.0,8.496460914611816,8.54523754119873,192.0,7828853.0,json_history,E:\CODEXRESEARCH\RESEARCH-1\artifacts\benchmark_runs\language\language_recurrent_nano_tricks_combo_probe_20260327.json
language_recurrent_nano_tricks_combo_probe_20260327/rmsnorm_path,130048.0,15.775273323059082,16.45327377319336,64.0,7787379.0,json_history,E:\CODEXRESEARCH\RESEARCH-1\artifacts\benchmark_runs\language\language_recurrent_nano_tricks_combo_probe_20260327.json
language_recurrent_nano_tricks_combo_probe_20260327/rmsnorm_path,260096.0,10.25810432434082,9.911834716796875,128.0,7787379.0,json_history,E:\CODEXRESEARCH\RESEARCH-1\artifacts\benchmark_runs\language\language_recurrent_nano_tricks_combo_probe_20260327.json
language_recurrent_nano_tricks_combo_probe_20260327/rmsnorm_path,390144.0,8.961800932884216,8.652620315551758,192.0,7787379.0,json_history,E:\CODEXRESEARCH\RESEARCH-1\artifacts\benchmark_runs\language\language_recurrent_nano_tricks_combo_probe_20260327.json
language_recurrent_nano_tricks_combo_probe_20260327/smear_input,0.0,12.012499392032623,,0.0,7787404.0,json_history,E:\CODEXRESEARCH\RESEARCH-1\artifacts\benchmark_runs\language\language_recurrent_nano_tricks_combo_probe_20260327.json
language_recurrent_nano_tricks_combo_probe_20260327/smear_input,130048.0,8.437895834445953,8.454025268554688,64.0,7787404.0,json_history,E:\CODEXRESEARCH\RESEARCH-1\artifacts\benchmark_runs\language\language_recurrent_nano_tricks_combo_probe_20260327.json
language_recurrent_nano_tricks_combo_probe_20260327/smear_input,260096.0,7.732663631439209,7.603993892669678,128.0,7787404.0,json_history,E:\CODEXRESEARCH\RESEARCH-1\artifacts\benchmark_runs\language\language_recurrent_nano_tricks_combo_probe_20260327.json
language_recurrent_nano_tricks_combo_probe_20260327/smear_input,390144.0,7.518873065710068,7.453246116638184,192.0,7787404.0,json_history,E:\CODEXRESEARCH\RESEARCH-1\artifacts\benchmark_runs\language\language_recurrent_nano_tricks_combo_probe_20260327.json
language_recurrent_nano_tricks_combo_probe_20260327/untied_head,0.0,10.785231709480286,,0.0,15024387.0,json_history,E:\CODEXRESEARCH\RESEARCH-1\artifacts\benchmark_runs\language\language_recurrent_nano_tricks_combo_probe_20260327.json
language_recurrent_nano_tricks_combo_probe_20260327/untied_head,130048.0,7.6524339616298676,7.338219165802002,64.0,15024387.0,json_history,E:\CODEXRESEARCH\RESEARCH-1\artifacts\benchmark_runs\language\language_recurrent_nano_tricks_combo_probe_20260327.json
language_recurrent_nano_tricks_combo_probe_20260327/untied_head,260096.0,7.304608523845673,7.162929058074951,128.0,15024387.0,json_history,E:\CODEXRESEARCH\RESEARCH-1\artifacts\benchmark_runs\language\language_recurrent_nano_tricks_combo_probe_20260327.json
language_recurrent_nano_tricks_combo_probe_20260327/untied_head,390144.0,7.115192294120789,7.090371131896973,192.0,15024387.0,json_history,E:\CODEXRESEARCH\RESEARCH-1\artifacts\benchmark_runs\language\language_recurrent_nano_tricks_combo_probe_20260327.json
language_recurrent_nano_tricks_combo_probe_20260327/windowed_32,0.0,12.041654884815216,,0.0,7787379.0,json_history,E:\CODEXRESEARCH\RESEARCH-1\artifacts\benchmark_runs\language\language_recurrent_nano_tricks_combo_probe_20260327.json
language_recurrent_nano_tricks_combo_probe_20260327/windowed_32,130048.0,8.51197212934494,8.409286499023438,64.0,7787379.0,json_history,E:\CODEXRESEARCH\RESEARCH-1\artifacts\benchmark_runs\language\language_recurrent_nano_tricks_combo_probe_20260327.json
language_recurrent_nano_tricks_combo_probe_20260327/windowed_32,260096.0,7.774125427007675,7.48118782043457,128.0,7787379.0,json_history,E:\CODEXRESEARCH\RESEARCH-1\artifacts\benchmark_runs\language\language_recurrent_nano_tricks_combo_probe_20260327.json
language_recurrent_nano_tricks_combo_probe_20260327/windowed_32,390144.0,7.522875756025314,7.406844139099121,192.0,7787379.0,json_history,E:\CODEXRESEARCH\RESEARCH-1\artifacts\benchmark_runs\language\language_recurrent_nano_tricks_combo_probe_20260327.json
language_throughput_candidates_seed13_20260327/baseline,0.0,11.708659887313843,,0.0,5097747.0,json_history,E:\CODEXRESEARCH\RESEARCH-1\artifacts\benchmark_runs\language\language_throughput_candidates_seed13_20260327.json
language_throughput_candidates_seed13_20260327/baseline,16256.0,10.538684844970703,10.695083618164062,8.0,5097747.0,json_history,E:\CODEXRESEARCH\RESEARCH-1\artifacts\benchmark_runs\language\language_throughput_candidates_seed13_20260327.json
language_throughput_candidates_seed13_20260327/baseline,32512.0,10.15521240234375,10.356422424316406,16.0,5097747.0,json_history,E:\CODEXRESEARCH\RESEARCH-1\artifacts\benchmark_runs\language\language_throughput_candidates_seed13_20260327.json
language_throughput_candidates_seed13_20260327/decayed_vote,0.0,11.69873309135437,,0.0,5061077.0,json_history,E:\CODEXRESEARCH\RESEARCH-1\artifacts\benchmark_runs\language\language_throughput_candidates_seed13_20260327.json
language_throughput_candidates_seed13_20260327/decayed_vote,16256.0,10.418288707733154,10.417088508605957,8.0,5061077.0,json_history,E:\CODEXRESEARCH\RESEARCH-1\artifacts\benchmark_runs\language\language_throughput_candidates_seed13_20260327.json
language_throughput_candidates_seed13_20260327/decayed_vote,32512.0,10.023171663284302,10.182191848754883,16.0,5061077.0,json_history,E:\CODEXRESEARCH\RESEARCH-1\artifacts\benchmark_runs\language\language_throughput_candidates_seed13_20260327.json
language_throughput_candidates_seed13_20260327/gru_only,0.0,11.709663391113281,,0.0,5060497.0,json_history,E:\CODEXRESEARCH\RESEARCH-1\artifacts\benchmark_runs\language\language_throughput_candidates_seed13_20260327.json
language_throughput_candidates_seed13_20260327/gru_only,16256.0,10.488300085067749,10.700963973999023,8.0,5060497.0,json_history,E:\CODEXRESEARCH\RESEARCH-1\artifacts\benchmark_runs\language\language_throughput_candidates_seed13_20260327.json
language_throughput_candidates_seed13_20260327/gru_only,32512.0,10.16209626197815,10.094901084899902,16.0,5060497.0,json_history,E:\CODEXRESEARCH\RESEARCH-1\artifacts\benchmark_runs\language\language_throughput_candidates_seed13_20260327.json
language_throughput_candidates_seed13_20260327/shared_projection,0.0,11.652392148971558,,0.0,5079219.0,json_history,E:\CODEXRESEARCH\RESEARCH-1\artifacts\benchmark_runs\language\language_throughput_candidates_seed13_20260327.json
language_throughput_candidates_seed13_20260327/shared_projection,16256.0,10.407681465148926,10.47520923614502,8.0,5079219.0,json_history,E:\CODEXRESEARCH\RESEARCH-1\artifacts\benchmark_runs\language\language_throughput_candidates_seed13_20260327.json
language_throughput_candidates_seed13_20260327/shared_projection,32512.0,10.059134244918823,10.110143661499023,16.0,5079219.0,json_history,E:\CODEXRESEARCH\RESEARCH-1\artifacts\benchmark_runs\language\language_throughput_candidates_seed13_20260327.json
language_throughput_candidates_seed13_20260327/windowed_32,0.0,11.585309028625488,,0.0,5097747.0,json_history,E:\CODEXRESEARCH\RESEARCH-1\artifacts\benchmark_runs\language\language_throughput_candidates_seed13_20260327.json
language_throughput_candidates_seed13_20260327/windowed_32,16256.0,10.470824480056763,10.523884773254395,8.0,5097747.0,json_history,E:\CODEXRESEARCH\RESEARCH-1\artifacts\benchmark_runs\language\language_throughput_candidates_seed13_20260327.json
language_throughput_candidates_seed13_20260327/windowed_32,32512.0,10.079393148422241,10.15827751159668,16.0,5097747.0,json_history,E:\CODEXRESEARCH\RESEARCH-1\artifacts\benchmark_runs\language\language_throughput_candidates_seed13_20260327.json
language_throughput_candidates_seed29_20260327/baseline,0.0,11.587791204452515,,0.0,5097747.0,json_history,E:\CODEXRESEARCH\RESEARCH-1\artifacts\benchmark_runs\language\language_throughput_candidates_seed29_20260327.json
language_throughput_candidates_seed29_20260327/baseline,16256.0,10.512746334075928,10.68197250366211,8.0,5097747.0,json_history,E:\CODEXRESEARCH\RESEARCH-1\artifacts\benchmark_runs\language\language_throughput_candidates_seed29_20260327.json
language_throughput_candidates_seed29_20260327/baseline,32512.0,10.14165472984314,10.115403175354004,16.0,5097747.0,json_history,E:\CODEXRESEARCH\RESEARCH-1\artifacts\benchmark_runs\language\language_throughput_candidates_seed29_20260327.json
language_throughput_candidates_seed29_20260327/decayed_vote,0.0,11.666143655776978,,0.0,5061077.0,json_history,E:\CODEXRESEARCH\RESEARCH-1\artifacts\benchmark_runs\language\language_throughput_candidates_seed29_20260327.json
language_throughput_candidates_seed29_20260327/decayed_vote,16256.0,10.517444849014282,10.618988037109375,8.0,5061077.0,json_history,E:\CODEXRESEARCH\RESEARCH-1\artifacts\benchmark_runs\language\language_throughput_candidates_seed29_20260327.json
language_throughput_candidates_seed29_20260327/decayed_vote,32512.0,10.152973175048828,10.259631156921387,16.0,5061077.0,json_history,E:\CODEXRESEARCH\RESEARCH-1\artifacts\benchmark_runs\language\language_throughput_candidates_seed29_20260327.json
language_throughput_candidates_seed29_20260327/gru_only,0.0,11.687086343765259,,0.0,5060497.0,json_history,E:\CODEXRESEARCH\RESEARCH-1\artifacts\benchmark_runs\language\language_throughput_candidates_seed29_20260327.json
language_throughput_candidates_seed29_20260327/gru_only,16256.0,10.587422847747803,10.724552154541016,8.0,5060497.0,json_history,E:\CODEXRESEARCH\RESEARCH-1\artifacts\benchmark_runs\language\language_throughput_candidates_seed29_20260327.json
language_throughput_candidates_seed29_20260327/gru_only,32512.0,10.188509464263916,10.293292999267578,16.0,5060497.0,json_history,E:\CODEXRESEARCH\RESEARCH-1\artifacts\benchmark_runs\language\language_throughput_candidates_seed29_20260327.json
language_throughput_candidates_seed29_20260327/shared_projection,0.0,11.641451120376587,,0.0,5079219.0,json_history,E:\CODEXRESEARCH\RESEARCH-1\artifacts\benchmark_runs\language\language_throughput_candidates_seed29_20260327.json
language_throughput_candidates_seed29_20260327/shared_projection,16256.0,10.380935668945312,10.387557029724121,8.0,5079219.0,json_history,E:\CODEXRESEARCH\RESEARCH-1\artifacts\benchmark_runs\language\language_throughput_candidates_seed29_20260327.json
language_throughput_candidates_seed29_20260327/shared_projection,32512.0,10.004333734512329,10.175071716308594,16.0,5079219.0,json_history,E:\CODEXRESEARCH\RESEARCH-1\artifacts\benchmark_runs\language\language_throughput_candidates_seed29_20260327.json
language_throughput_candidates_seed29_20260327/windowed_32,0.0,11.635420322418213,,0.0,5097747.0,json_history,E:\CODEXRESEARCH\RESEARCH-1\artifacts\benchmark_runs\language\language_throughput_candidates_seed29_20260327.json
language_throughput_candidates_seed29_20260327/windowed_32,16256.0,10.474853277206421,10.616488456726074,8.0,5097747.0,json_history,E:\CODEXRESEARCH\RESEARCH-1\artifacts\benchmark_runs\language\language_throughput_candidates_seed29_20260327.json
language_throughput_candidates_seed29_20260327/windowed_32,32512.0,10.064784288406372,10.193145751953125,16.0,5097747.0,json_history,E:\CODEXRESEARCH\RESEARCH-1\artifacts\benchmark_runs\language\language_throughput_candidates_seed29_20260327.json
local_anchor16_conv2/causal_conv_mixer_sampled_vocab_anchor16,0.0,10.840248107910156,,0.0,20357293.0,json_history,E:\CODEXRESEARCH\RESEARCH-1\artifacts\benchmark_runs\language\local_arch_split_20260603_conv2\local_anchor16_conv2.json
local_anchor16_conv2/causal_conv_mixer_sampled_vocab_anchor16,121920.0,7.888970375061035,7.639763832092285,24.0,20357293.0,json_history,E:\CODEXRESEARCH\RESEARCH-1\artifacts\benchmark_runs\language\local_arch_split_20260603_conv2\local_anchor16_conv2.json
local_anchor16_conv2/causal_conv_mixer_sampled_vocab_anchor16,243840.0,7.7252562046051025,6.858344078063965,48.0,20357293.0,json_history,E:\CODEXRESEARCH\RESEARCH-1\artifacts\benchmark_runs\language\local_arch_split_20260603_conv2\local_anchor16_conv2.json
local_anchor8_anchor16/causal_conv_mixer_sampled_vocab_anchor16,0.0,10.843704223632812,,0.0,20034967.0,json_history,E:\CODEXRESEARCH\RESEARCH-1\artifacts\benchmark_runs\language\local_arch_split_20260603_convonly\local_anchor8_anchor16.json
local_anchor8_anchor16/causal_conv_mixer_sampled_vocab_anchor16,121920.0,7.8895556926727295,7.643250465393066,24.0,20034967.0,json_history,E:\CODEXRESEARCH\RESEARCH-1\artifacts\benchmark_runs\language\local_arch_split_20260603_convonly\local_anchor8_anchor16.json
local_anchor8_anchor16/causal_conv_mixer_sampled_vocab_anchor16,243840.0,7.733556509017944,6.878839492797852,48.0,20034967.0,json_history,E:\CODEXRESEARCH\RESEARCH-1\artifacts\benchmark_runs\language\local_arch_split_20260603_convonly\local_anchor8_anchor16.json
local_anchor8_anchor16/causal_conv_mixer_sampled_vocab_anchor8,0.0,10.843704223632812,,0.0,20034967.0,json_history,E:\CODEXRESEARCH\RESEARCH-1\artifacts\benchmark_runs\language\local_arch_split_20260603_convonly\local_anchor8_anchor16.json
local_anchor8_anchor16/causal_conv_mixer_sampled_vocab_anchor8,121920.0,7.8314385414123535,7.4913129806518555,24.0,20034967.0,json_history,E:\CODEXRESEARCH\RESEARCH-1\artifacts\benchmark_runs\language\local_arch_split_20260603_convonly\local_anchor8_anchor16.json
local_anchor8_anchor16/causal_conv_mixer_sampled_vocab_anchor8,243840.0,7.609143972396851,6.7920732498168945,48.0,20034967.0,json_history,E:\CODEXRESEARCH\RESEARCH-1\artifacts\benchmark_runs\language\local_arch_split_20260603_convonly\local_anchor8_anchor16.json
local_arch_split_20260603_conv2/causal_conv_mixer_sampled_vocab_anchor16/causal_conv_mixer_sampled_vocab_anchor16,0.0,10.840248107910156,,0.0,20357293.0,json_report_history,E:\CODEXRESEARCH\RESEARCH-1\artifacts\benchmark_runs\language\local_arch_split_20260603_conv2\variant_results\seq635_steps48_val16_batch8_eval24_init1_seed13\causal_conv_mixer_sampled_vocab_anchor16.json
local_arch_split_20260603_conv2/causal_conv_mixer_sampled_vocab_anchor16/causal_conv_mixer_sampled_vocab_anchor16,121920.0,7.888970375061035,7.639763832092285,24.0,20357293.0,json_report_history,E:\CODEXRESEARCH\RESEARCH-1\artifacts\benchmark_runs\language\local_arch_split_20260603_conv2\variant_results\seq635_steps48_val16_batch8_eval24_init1_seed13\causal_conv_mixer_sampled_vocab_anchor16.json
local_arch_split_20260603_conv2/causal_conv_mixer_sampled_vocab_anchor16/causal_conv_mixer_sampled_vocab_anchor16,243840.0,7.7252562046051025,6.858344078063965,48.0,20357293.0,json_report_history,E:\CODEXRESEARCH\RESEARCH-1\artifacts\benchmark_runs\language\local_arch_split_20260603_conv2\variant_results\seq635_steps48_val16_batch8_eval24_init1_seed13\causal_conv_mixer_sampled_vocab_anchor16.json
local_arch_split_20260603_convonly/causal_conv_mixer_sampled_vocab_anchor16/causal_conv_mixer_sampled_vocab_anchor16,0.0,10.843704223632812,,0.0,20034967.0,json_report_history,E:\CODEXRESEARCH\RESEARCH-1\artifacts\benchmark_runs\language\local_arch_split_20260603_convonly\variant_results\seq635_steps48_val16_batch8_eval24_init1_seed13\causal_conv_mixer_sampled_vocab_anchor16.json
local_arch_split_20260603_convonly/causal_conv_mixer_sampled_vocab_anchor16/causal_conv_mixer_sampled_vocab_anchor16,121920.0,7.8895556926727295,7.643250465393066,24.0,20034967.0,json_report_history,E:\CODEXRESEARCH\RESEARCH-1\artifacts\benchmark_runs\language\local_arch_split_20260603_convonly\variant_results\seq635_steps48_val16_batch8_eval24_init1_seed13\causal_conv_mixer_sampled_vocab_anchor16.json
local_arch_split_20260603_convonly/causal_conv_mixer_sampled_vocab_anchor16/causal_conv_mixer_sampled_vocab_anchor16,243840.0,7.733556509017944,6.878839492797852,48.0,20034967.0,json_report_history,E:\CODEXRESEARCH\RESEARCH-1\artifacts\benchmark_runs\language\local_arch_split_20260603_convonly\variant_results\seq635_steps48_val16_batch8_eval24_init1_seed13\causal_conv_mixer_sampled_vocab_anchor16.json
local_arch_split_20260603_convonly/causal_conv_mixer_sampled_vocab_anchor8/causal_conv_mixer_sampled_vocab_anchor8,0.0,10.843704223632812,,0.0,20034967.0,json_report_history,E:\CODEXRESEARCH\RESEARCH-1\artifacts\benchmark_runs\language\local_arch_split_20260603_convonly\variant_results\seq635_steps48_val16_batch8_eval24_init1_seed13\causal_conv_mixer_sampled_vocab_anchor8.json
local_arch_split_20260603_convonly/causal_conv_mixer_sampled_vocab_anchor8/causal_conv_mixer_sampled_vocab_anchor8,121920.0,7.8314385414123535,7.4913129806518555,24.0,20034967.0,json_report_history,E:\CODEXRESEARCH\RESEARCH-1\artifacts\benchmark_runs\language\local_arch_split_20260603_convonly\variant_results\seq635_steps48_val16_batch8_eval24_init1_seed13\causal_conv_mixer_sampled_vocab_anchor8.json
local_arch_split_20260603_convonly/causal_conv_mixer_sampled_vocab_anchor8/causal_conv_mixer_sampled_vocab_anchor8,243840.0,7.609143972396851,6.7920732498168945,48.0,20034967.0,json_report_history,E:\CODEXRESEARCH\RESEARCH-1\artifacts\benchmark_runs\language\local_arch_split_20260603_convonly\variant_results\seq635_steps48_val16_batch8_eval24_init1_seed13\causal_conv_mixer_sampled_vocab_anchor8.json
longseq_anchor16_100m_20260602/causal_conv_mixer_sampled_vocab_anchor16/causal_conv_mixer_sampled_vocab_anchor16,100004880.0,5.727572545409203,5.940791130065918,9843.0,20034967.0,json_report_history,E:\CODEXRESEARCH\RESEARCH-1\artifacts\benchmark_runs\language\longseq_anchor16_100m_20260602\variant_results\seq10160_steps9843_val32_batch1_eval999999_init0_seed13\causal_conv_mixer_sampled_vocab_anchor16.json
longseq_anchor16_160m_2b_cosine_20260603_restart2,100004880.0,5.6011,5.4832,9843.0,,log_eval,E:\CODEXRESEARCH\house_compute_hub\runs\20260603-134457-2c1802\mwstroud-mwstr-6aea1cf3.log
longseq_anchor16_160m_2b_cosine_20260603_restart2,200009760.0,5.3055,5.5174,19686.0,,log_eval,E:\CODEXRESEARCH\house_compute_hub\runs\20260603-134457-2c1802\mwstroud-mwstr-6aea1cf3.log
longseq_anchor16_160m_2b_cosine_20260603_restart2,300014640.0,5.1578,4.9749,29529.0,,log_eval,E:\CODEXRESEARCH\house_compute_hub\runs\20260603-181136-f3f589\mwstroud-mwstr-6aea1cf3.log
longseq_anchor16_160m_2b_cosine_20260603_restart2,400019520.0,5.0655,4.9269,39372.0,,log_eval,E:\CODEXRESEARCH\house_compute_hub\runs\20260603-181136-f3f589\mwstroud-mwstr-6aea1cf3.log
longseq_anchor16_160m_2b_cosine_20260603_restart2,500024400.0,5.0048,4.9888,49215.0,,log_eval,E:\CODEXRESEARCH\house_compute_hub\runs\20260603-181136-f3f589\mwstroud-mwstr-6aea1cf3.log
longseq_anchor16_160m_2b_cosine_20260603_restart2,600029280.0,4.9497,4.6838,59058.0,,log_eval,E:\CODEXRESEARCH\house_compute_hub\runs\20260603-181136-f3f589\mwstroud-mwstr-6aea1cf3.log
longseq_anchor16_160m_2b_cosine_20260603_restart2,700034160.0,4.912,4.6324,68901.0,,log_eval,E:\CODEXRESEARCH\house_compute_hub\runs\20260603-181136-f3f589\mwstroud-mwstr-6aea1cf3.log
longseq_anchor16_160m_2b_cosine_20260603_restart2,800039040.0,4.8836,4.5004,78744.0,,log_eval,E:\CODEXRESEARCH\house_compute_hub\runs\20260603-181136-f3f589\mwstroud-mwstr-6aea1cf3.log
longseq_anchor16_160m_2b_cosine_20260603_restart2,900043920.0,4.8352,4.7392,88587.0,,log_eval,E:\CODEXRESEARCH\house_compute_hub\runs\20260603-181136-f3f589\mwstroud-mwstr-6aea1cf3.log
longseq_anchor16_160m_2b_cosine_20260603_restart2,1000048800.0,4.8109,4.5181,98430.0,,log_eval,E:\CODEXRESEARCH\house_compute_hub\runs\20260603-181136-f3f589\mwstroud-mwstr-6aea1cf3.log
longseq_anchor16_160m_2b_cosine_20260603_restart2,1100053680.0,4.7793,5.0713,108273.0,,log_eval,E:\CODEXRESEARCH\house_compute_hub\runs\20260603-181136-f3f589\mwstroud-mwstr-6aea1cf3.log
longseq_anchor16_160m_2b_cosine_20260603_restart2,1200058560.0,4.7519,4.8486,118116.0,,log_eval,E:\CODEXRESEARCH\house_compute_hub\runs\20260603-181136-f3f589\mwstroud-mwstr-6aea1cf3.log
longseq_anchor16_160m_2b_cosine_20260603_restart2,1300063440.0,4.7331,4.3487,127959.0,,log_eval,E:\CODEXRESEARCH\house_compute_hub\runs\20260603-181136-f3f589\mwstroud-mwstr-6aea1cf3.log
longseq_anchor16_160m_2b_cosine_20260603_restart2,1400068320.0,4.7113,4.4674,137802.0,,log_eval,E:\CODEXRESEARCH\house_compute_hub\runs\20260603-181136-f3f589\mwstroud-mwstr-6aea1cf3.log
longseq_anchor16_160m_2b_cosine_20260603_restart2,1500073200.0,4.6998,4.7158,147645.0,,log_eval,E:\CODEXRESEARCH\house_compute_hub\runs\20260603-181136-f3f589\mwstroud-mwstr-6aea1cf3.log
longseq_anchor16_160m_2b_cosine_20260603_restart2,1600078080.0,4.6911,4.7769,157488.0,,log_eval,E:\CODEXRESEARCH\house_compute_hub\runs\20260603-181136-f3f589\mwstroud-mwstr-6aea1cf3.log
longseq_anchor16_160m_2b_cosine_20260603_restart2,1700082960.0,4.6685,4.5903,167331.0,,log_eval,E:\CODEXRESEARCH\house_compute_hub\runs\20260603-181136-f3f589\mwstroud-mwstr-6aea1cf3.log
longseq_anchor16_160m_2b_cosine_20260603_restart2,1800087840.0,4.6606,4.9366,177174.0,,log_eval,E:\CODEXRESEARCH\house_compute_hub\runs\20260603-181136-f3f589\mwstroud-mwstr-6aea1cf3.log
longseq_anchor16_160m_2b_cosine_20260603_restart2,1900092720.0,4.6549,4.9525,187017.0,,log_eval,E:\CODEXRESEARCH\house_compute_hub\runs\20260603-181136-f3f589\mwstroud-mwstr-6aea1cf3.log
longseq_anchor16_160m_2b_cosine_20260603_restart2,2000006160.0,4.6422,4.7088,196851.0,,log_eval,E:\CODEXRESEARCH\house_compute_hub\runs\20260603-181136-f3f589\mwstroud-mwstr-6aea1cf3.log
longseq_anchor16_160m_5b_fresh_after2b_20260604,2000097600.0,4.6433,4.6198,196860.0,,log_eval,E:\CODEXRESEARCH\house_compute_hub\runs\20260604-022628-5c855b\mwstroud-mwstr-6aea1cf3.log
longseq_anchor16_160m_5b_fresh_after2b_20260604,2100102480.0,4.6462,4.3862,206703.0,,log_eval,E:\CODEXRESEARCH\house_compute_hub\runs\20260604-022628-5c855b\mwstroud-mwstr-6aea1cf3.log
longseq_anchor16_160m_5b_fresh_after2b_20260604,2200107360.0,4.6404,4.3718,216546.0,,log_eval,E:\CODEXRESEARCH\house_compute_hub\runs\20260604-022628-5c855b\mwstroud-mwstr-6aea1cf3.log
longseq_anchor16_160m_5b_fresh_after2b_20260604,2300112240.0,4.6357,4.7917,226389.0,,log_eval,E:\CODEXRESEARCH\house_compute_hub\runs\20260604-022628-5c855b\mwstroud-mwstr-6aea1cf3.log
longseq_anchor16_160m_5b_fresh_after2b_20260604,2400117120.0,4.6363,4.557,236232.0,,log_eval,E:\CODEXRESEARCH\house_compute_hub\runs\20260604-022628-5c855b\mwstroud-mwstr-6aea1cf3.log
longseq_anchor16_160m_5b_fresh_after2b_20260604,2500122000.0,4.6298,4.4678,246075.0,,log_eval,E:\CODEXRESEARCH\house_compute_hub\runs\20260604-022628-5c855b\mwstroud-mwstr-6aea1cf3.log
longseq_anchor16_160m_5b_fresh_after2b_20260604,2600126880.0,4.6312,4.3756,255918.0,,log_eval,E:\CODEXRESEARCH\house_compute_hub\runs\20260604-022628-5c855b\mwstroud-mwstr-6aea1cf3.log
longseq_anchor16_160m_5b_fresh_after2b_20260604,2700131760.0,4.63,4.4136,265761.0,,log_eval,E:\CODEXRESEARCH\house_compute_hub\runs\20260604-022628-5c855b\mwstroud-mwstr-6aea1cf3.log
longseq_anchor16_160m_5b_fresh_after2b_20260604,2800136640.0,4.624,4.6049,275604.0,,log_eval,E:\CODEXRESEARCH\house_compute_hub\runs\20260604-022628-5c855b\mwstroud-mwstr-6aea1cf3.log
longseq_anchor16_160m_5b_fresh_after2b_20260604,2900141520.0,4.6244,4.2035,285447.0,,log_eval,E:\CODEXRESEARCH\house_compute_hub\runs\20260604-022628-5c855b\mwstroud-mwstr-6aea1cf3.log
longseq_anchor16_160m_5b_fresh_after2b_20260604,3000146400.0,4.617,4.1168,295290.0,,log_eval,E:\CODEXRESEARCH\house_compute_hub\runs\20260604-022628-5c855b\mwstroud-mwstr-6aea1cf3.log
longseq_anchor16_160m_5b_fresh_after2b_20260604,3100151280.0,4.6174,4.3675,305133.0,,log_eval,E:\CODEXRESEARCH\house_compute_hub\runs\20260604-022628-5c855b\mwstroud-mwstr-6aea1cf3.log
longseq_anchor16_160m_5b_fresh_after2b_20260604,3200156160.0,4.6138,4.5182,314976.0,,log_eval,E:\CODEXRESEARCH\house_compute_hub\runs\20260604-022628-5c855b\mwstroud-mwstr-6aea1cf3.log
longseq_anchor16_160m_5b_fresh_after2b_20260604,3300161040.0,4.6122,4.8029,324819.0,,log_eval,E:\CODEXRESEARCH\house_compute_hub\runs\20260604-022628-5c855b\mwstroud-mwstr-6aea1cf3.log
longseq_anchor16_160m_5b_fresh_after2b_20260604,3400165920.0,4.6077,4.7827,334662.0,,log_eval,E:\CODEXRESEARCH\house_compute_hub\runs\20260604-022628-5c855b\mwstroud-mwstr-6aea1cf3.log
longseq_anchor16_160m_5b_fresh_after2b_20260604,3500170800.0,4.6102,4.3367,344505.0,,log_eval,E:\CODEXRESEARCH\house_compute_hub\runs\20260604-022628-5c855b\mwstroud-mwstr-6aea1cf3.log
longseq_anchor16_160m_5b_fresh_after2b_20260604,3600175680.0,4.6039,4.7072,354348.0,,log_eval,E:\CODEXRESEARCH\house_compute_hub\runs\20260604-022628-5c855b\mwstroud-mwstr-6aea1cf3.log
longseq_anchor16_160m_5b_fresh_after2b_20260604,3700180560.0,4.6025,4.4836,364191.0,,log_eval,E:\CODEXRESEARCH\house_compute_hub\runs\20260604-022628-5c855b\mwstroud-mwstr-6aea1cf3.log
longseq_anchor16_160m_5b_fresh_after2b_20260604,3800185440.0,4.5984,4.783,374034.0,,log_eval,E:\CODEXRESEARCH\house_compute_hub\runs\20260604-022628-5c855b\mwstroud-mwstr-6aea1cf3.log
longseq_anchor16_160m_5b_fresh_after2b_20260604,3900190320.0,4.5969,4.4563,383877.0,,log_eval,E:\CODEXRESEARCH\house_compute_hub\runs\20260604-022628-5c855b\mwstroud-mwstr-6aea1cf3.log
longseq_anchor16_160m_5b_fresh_after2b_20260604,4000195200.0,4.5951,4.592,393720.0,,log_eval,E:\CODEXRESEARCH\house_compute_hub\runs\20260604-022628-5c855b\mwstroud-mwstr-6aea1cf3.log
longseq_anchor16_160m_5b_fresh_after2b_20260604,4100200080.0,4.5923,4.2731,403563.0,,log_eval,E:\CODEXRESEARCH\house_compute_hub\runs\20260604-022628-5c855b\mwstroud-mwstr-6aea1cf3.log
longseq_anchor16_160m_5b_fresh_after2b_20260604,4200204960.0,4.5923,4.3418,413406.0,,log_eval,E:\CODEXRESEARCH\house_compute_hub\runs\20260604-022628-5c855b\mwstroud-mwstr-6aea1cf3.log
longseq_anchor16_160m_5b_fresh_after2b_20260604,4300209840.0,4.5883,4.4231,423249.0,,log_eval,E:\CODEXRESEARCH\house_compute_hub\runs\20260604-022628-5c855b\mwstroud-mwstr-6aea1cf3.log
longseq_anchor16_160m_5b_fresh_after2b_20260604,4400214720.0,4.5894,4.6785,433092.0,,log_eval,E:\CODEXRESEARCH\house_compute_hub\runs\20260604-022628-5c855b\mwstroud-mwstr-6aea1cf3.log
longseq_anchor16_160m_5b_fresh_after2b_20260604,4500219600.0,4.5891,4.7644,442935.0,,log_eval,E:\CODEXRESEARCH\house_compute_hub\runs\20260604-022628-5c855b\mwstroud-mwstr-6aea1cf3.log
longseq_anchor16_160m_5b_fresh_after2b_20260604,4600224480.0,4.5882,4.8755,452778.0,,log_eval,E:\CODEXRESEARCH\house_compute_hub\runs\20260604-022628-5c855b\mwstroud-mwstr-6aea1cf3.log
longseq_anchor16_160m_5b_fresh_after2b_20260604,4700229360.0,4.5866,4.312,462621.0,,log_eval,E:\CODEXRESEARCH\house_compute_hub\runs\20260604-022628-5c855b\mwstroud-mwstr-6aea1cf3.log
longseq_anchor16_160m_5b_fresh_after2b_20260604,4800234240.0,4.5868,4.2808,472464.0,,log_eval,E:\CODEXRESEARCH\house_compute_hub\runs\20260604-022628-5c855b\mwstroud-mwstr-6aea1cf3.log
longseq_anchor16_160m_5b_fresh_after2b_20260604,4900239120.0,4.5855,4.2216,482307.0,,log_eval,E:\CODEXRESEARCH\house_compute_hub\runs\20260604-022628-5c855b\mwstroud-mwstr-6aea1cf3.log
longseq_anchor16_160m_5b_fresh_after2b_20260604,5000000160.0,4.5841,4.671,492126.0,,log_eval,E:\CODEXRESEARCH\house_compute_hub\runs\20260604-022628-5c855b\mwstroud-mwstr-6aea1cf3.log
longseq_anchor16_160m_cosine_speed_probe_20260603/causal_conv_mixer_sampled_vocab_anchor16/causal_conv_mixer_sampled_vocab_anchor16,1219200.0,7.336325645446777,6.999418258666992,120.0,160000566.0,json_report_history,E:\CODEXRESEARCH\RESEARCH-1\artifacts\benchmark_runs\language\longseq_anchor16_160m_cosine_speed_probe_20260603\variant_results\seq10160_steps120_val1_batch1_eval999999_init0_seed13\causal_conv_mixer_sampled_vocab_anchor16.json
longseq_anchor16_40m_100m_20260602/causal_conv_mixer_sampled_vocab_anchor16/causal_conv_mixer_sampled_vocab_anchor16,100004880.0,5.607791304588318,5.8219499588012695,9843.0,40100417.0,json_report_history,E:\CODEXRESEARCH\RESEARCH-1\artifacts\benchmark_runs\language\longseq_anchor16_40m_100m_20260602\variant_results\seq10160_steps9843_val32_batch1_eval999999_init0_seed13\causal_conv_mixer_sampled_vocab_anchor16.json
longseq_anchor16_40m_300m_20260602/causal_conv_mixer_sampled_vocab_anchor16/causal_conv_mixer_sampled_vocab_anchor16,100004880.0,5.607791304588318,5.8219499588012695,9843.0,40100417.0,json_report_history,E:\CODEXRESEARCH\RESEARCH-1\artifacts\benchmark_runs\language\longseq_anchor16_40m_300m_20260602\variant_results\seq10160_steps29529_val32_batch1_eval999999_init0_seed13\causal_conv_mixer_sampled_vocab_anchor16.json
longseq_anchor16_40m_300m_20260602/causal_conv_mixer_sampled_vocab_anchor16/causal_conv_mixer_sampled_vocab_anchor16,300014640.0,5.357350170612335,5.063565254211426,29529.0,40100417.0,json_report_history,E:\CODEXRESEARCH\RESEARCH-1\artifacts\benchmark_runs\language\longseq_anchor16_40m_300m_20260602\variant_results\seq10160_steps29529_val32_batch1_eval999999_init0_seed13\causal_conv_mixer_sampled_vocab_anchor16.json
longseq_anchor16_40m_600m_20260602/causal_conv_mixer_sampled_vocab_anchor16/causal_conv_mixer_sampled_vocab_anchor16,100004880.0,5.607791304588318,5.8219499588012695,9843.0,40100417.0,json_report_history,E:\CODEXRESEARCH\RESEARCH-1\artifacts\benchmark_runs\language\longseq_anchor16_40m_600m_20260602\variant_results\seq10160_steps59058_val32_batch1_eval999999_init0_seed13\causal_conv_mixer_sampled_vocab_anchor16.json
longseq_anchor16_40m_600m_20260602/causal_conv_mixer_sampled_vocab_anchor16/causal_conv_mixer_sampled_vocab_anchor16,300014640.0,5.357350170612335,5.063565254211426,29529.0,40100417.0,json_report_history,E:\CODEXRESEARCH\RESEARCH-1\artifacts\benchmark_runs\language\longseq_anchor16_40m_600m_20260602\variant_results\seq10160_steps59058_val32_batch1_eval999999_init0_seed13\causal_conv_mixer_sampled_vocab_anchor16.json
longseq_anchor16_40m_600m_20260602/causal_conv_mixer_sampled_vocab_anchor16/causal_conv_mixer_sampled_vocab_anchor16,600029280.0,5.094722971320152,4.984676361083984,59058.0,40100417.0,json_report_history,E:\CODEXRESEARCH\RESEARCH-1\artifacts\benchmark_runs\language\longseq_anchor16_40m_600m_20260602\variant_results\seq10160_steps59058_val32_batch1_eval999999_init0_seed13\causal_conv_mixer_sampled_vocab_anchor16.json
longseq_anchor16_40m_600m_4060ti_20260603_1812,100004880.0,5.581,5.7527,9843.0,,log_eval,E:\CODEXRESEARCH\house_compute_hub\runs\20260603-181305-c1d854\t-mwstr-07260bd4.log
longseq_anchor16_40m_600m_4060ti_20260603_1812,200009760.0,5.3081,5.432,19686.0,,log_eval,E:\CODEXRESEARCH\house_compute_hub\runs\20260603-181305-c1d854\t-mwstr-07260bd4.log
longseq_anchor16_40m_600m_4060ti_20260603_1812,300014640.0,5.1726,5.243,29529.0,,log_eval,E:\CODEXRESEARCH\house_compute_hub\runs\20260603-181305-c1d854\t-mwstr-07260bd4.log
longseq_anchor16_40m_600m_4060ti_20260603_1812,400019520.0,5.0582,5.1929,39372.0,,log_eval,E:\CODEXRESEARCH\house_compute_hub\runs\20260603-181305-c1d854\t-mwstr-07260bd4.log
longseq_anchor16_40m_600m_4060ti_20260603_1812,500024400.0,4.9836,4.2898,49215.0,,log_eval,E:\CODEXRESEARCH\house_compute_hub\runs\20260603-181305-c1d854\t-mwstr-07260bd4.log
longseq_anchor16_40m_600m_4060ti_20260603_1812,600029280.0,4.9599,4.8906,59058.0,,log_eval,E:\CODEXRESEARCH\house_compute_hub\runs\20260603-181305-c1d854\t-mwstr-07260bd4.log
longseq_anchor16_80m_2b_lr1e3_20260603/causal_conv_mixer_sampled_vocab_anchor16/causal_conv_mixer_sampled_vocab_anchor16,0.0,10.829497367143631,,0.0,79999460.0,json_report_history,E:\CODEXRESEARCH\RESEARCH-1\artifacts\benchmark_runs\language\longseq_anchor16_80m_2b_lr1e3_20260603\variant_results\seq10160_steps196851_val32_batch1_eval9843_init1_seed13\causal_conv_mixer_sampled_vocab_anchor16.json
longseq_anchor16_80m_2b_lr1e3_20260603/causal_conv_mixer_sampled_vocab_anchor16/causal_conv_mixer_sampled_vocab_anchor16,100004880.0,5.611664071679115,5.470432281494141,9843.0,79999460.0,json_report_history,E:\CODEXRESEARCH\RESEARCH-1\artifacts\benchmark_runs\language\longseq_anchor16_80m_2b_lr1e3_20260603\variant_results\seq10160_steps196851_val32_batch1_eval9843_init1_seed13\causal_conv_mixer_sampled_vocab_anchor16.json
longseq_anchor16_80m_2b_lr1e3_20260603/causal_conv_mixer_sampled_vocab_anchor16/causal_conv_mixer_sampled_vocab_anchor16,200009760.0,5.350542351603508,5.535058498382568,19686.0,79999460.0,json_report_history,E:\CODEXRESEARCH\RESEARCH-1\artifacts\benchmark_runs\language\longseq_anchor16_80m_2b_lr1e3_20260603\variant_results\seq10160_steps196851_val32_batch1_eval9843_init1_seed13\causal_conv_mixer_sampled_vocab_anchor16.json
longseq_anchor16_80m_2b_lr1e3_20260603/causal_conv_mixer_sampled_vocab_anchor16/causal_conv_mixer_sampled_vocab_anchor16,300014640.0,5.211947754025459,5.016024589538574,29529.0,79999460.0,json_report_history,E:\CODEXRESEARCH\RESEARCH-1\artifacts\benchmark_runs\language\longseq_anchor16_80m_2b_lr1e3_20260603\variant_results\seq10160_steps196851_val32_batch1_eval9843_init1_seed13\causal_conv_mixer_sampled_vocab_anchor16.json
longseq_anchor16_80m_2b_lr1e3_20260603/causal_conv_mixer_sampled_vocab_anchor16/causal_conv_mixer_sampled_vocab_anchor16,400019520.0,5.135958731174469,4.990780830383301,39372.0,79999460.0,json_report_history,E:\CODEXRESEARCH\RESEARCH-1\artifacts\benchmark_runs\language\longseq_anchor16_80m_2b_lr1e3_20260603\variant_results\seq10160_steps196851_val32_batch1_eval9843_init1_seed13\causal_conv_mixer_sampled_vocab_anchor16.json
longseq_anchor16_80m_2b_lr1e3_20260603/causal_conv_mixer_sampled_vocab_anchor16/causal_conv_mixer_sampled_vocab_anchor16,500024400.0,5.071734294295311,5.04383659362793,49215.0,79999460.0,json_report_history,E:\CODEXRESEARCH\RESEARCH-1\artifacts\benchmark_runs\language\longseq_anchor16_80m_2b_lr1e3_20260603\variant_results\seq10160_steps196851_val32_batch1_eval9843_init1_seed13\causal_conv_mixer_sampled_vocab_anchor16.json
longseq_anchor16_80m_2b_lr1e3_20260603/causal_conv_mixer_sampled_vocab_anchor16/causal_conv_mixer_sampled_vocab_anchor16,600029280.0,5.036295384168625,4.775114059448242,59058.0,79999460.0,json_report_history,E:\CODEXRESEARCH\RESEARCH-1\artifacts\benchmark_runs\language\longseq_anchor16_80m_2b_lr1e3_20260603\variant_results\seq10160_steps196851_val32_batch1_eval9843_init1_seed13\causal_conv_mixer_sampled_vocab_anchor16.json
longseq_anchor16_80m_2b_lr1e3_20260603/causal_conv_mixer_sampled_vocab_anchor16/causal_conv_mixer_sampled_vocab_anchor16,700034160.0,5.001431107521057,4.728560447692871,68901.0,79999460.0,json_report_history,E:\CODEXRESEARCH\RESEARCH-1\artifacts\benchmark_runs\language\longseq_anchor16_80m_2b_lr1e3_20260603\variant_results\seq10160_steps196851_val32_batch1_eval9843_init1_seed13\causal_conv_mixer_sampled_vocab_anchor16.json
longseq_anchor16_80m_2b_lr1e3_20260603/causal_conv_mixer_sampled_vocab_anchor16/causal_conv_mixer_sampled_vocab_anchor16,800039040.0,4.978268176317215,4.549887657165527,78744.0,79999460.0,json_report_history,E:\CODEXRESEARCH\RESEARCH-1\artifacts\benchmark_runs\language\longseq_anchor16_80m_2b_lr1e3_20260603\variant_results\seq10160_steps196851_val32_batch1_eval9843_init1_seed13\causal_conv_mixer_sampled_vocab_anchor16.json
longseq_anchor16_80m_2b_lr1e3_20260603/causal_conv_mixer_sampled_vocab_anchor16/causal_conv_mixer_sampled_vocab_anchor16,900043920.0,4.965719997882843,4.8510332107543945,88587.0,79999460.0,json_report_history,E:\CODEXRESEARCH\RESEARCH-1\artifacts\benchmark_runs\language\longseq_anchor16_80m_2b_lr1e3_20260603\variant_results\seq10160_steps196851_val32_batch1_eval9843_init1_seed13\causal_conv_mixer_sampled_vocab_anchor16.json
longseq_anchor16_80m_2b_lr1e3_20260603/causal_conv_mixer_sampled_vocab_anchor16/causal_conv_mixer_sampled_vocab_anchor16,1000048800.0,4.930744215846062,4.643503189086914,98430.0,79999460.0,json_report_history,E:\CODEXRESEARCH\RESEARCH-1\artifacts\benchmark_runs\language\longseq_anchor16_80m_2b_lr1e3_20260603\variant_results\seq10160_steps196851_val32_batch1_eval9843_init1_seed13\causal_conv_mixer_sampled_vocab_anchor16.json
longseq_anchor16_80m_2b_lr1e3_20260603/causal_conv_mixer_sampled_vocab_anchor16/causal_conv_mixer_sampled_vocab_anchor16,1100053680.0,4.923869073390961,5.225663185119629,108273.0,79999460.0,json_report_history,E:\CODEXRESEARCH\RESEARCH-1\artifacts\benchmark_runs\language\longseq_anchor16_80m_2b_lr1e3_20260603\variant_results\seq10160_steps196851_val32_batch1_eval9843_init1_seed13\causal_conv_mixer_sampled_vocab_anchor16.json
longseq_anchor16_80m_2b_lr1e3_20260603/causal_conv_mixer_sampled_vocab_anchor16/causal_conv_mixer_sampled_vocab_anchor16,1200058560.0,4.914090633392334,4.945501327514648,118116.0,79999460.0,json_report_history,E:\CODEXRESEARCH\RESEARCH-1\artifacts\benchmark_runs\language\longseq_anchor16_80m_2b_lr1e3_20260603\variant_results\seq10160_steps196851_val32_batch1_eval9843_init1_seed13\causal_conv_mixer_sampled_vocab_anchor16.json
longseq_anchor16_80m_2b_lr1e3_20260603/causal_conv_mixer_sampled_vocab_anchor16/causal_conv_mixer_sampled_vocab_anchor16,1300063440.0,4.888244584202766,4.4933061599731445,127959.0,79999460.0,json_report_history,E:\CODEXRESEARCH\RESEARCH-1\artifacts\benchmark_runs\language\longseq_anchor16_80m_2b_lr1e3_20260603\variant_results\seq10160_steps196851_val32_batch1_eval9843_init1_seed13\causal_conv_mixer_sampled_vocab_anchor16.json
longseq_anchor16_80m_2b_lr1e3_20260603/causal_conv_mixer_sampled_vocab_anchor16/causal_conv_mixer_sampled_vocab_anchor16,1400068320.0,4.872741833329201,4.618273735046387,137802.0,79999460.0,json_report_history,E:\CODEXRESEARCH\RESEARCH-1\artifacts\benchmark_runs\language\longseq_anchor16_80m_2b_lr1e3_20260603\variant_results\seq10160_steps196851_val32_batch1_eval9843_init1_seed13\causal_conv_mixer_sampled_vocab_anchor16.json
longseq_anchor16_80m_2b_lr1e3_20260603/causal_conv_mixer_sampled_vocab_anchor16/causal_conv_mixer_sampled_vocab_anchor16,1500073200.0,4.868787184357643,4.9318389892578125,147645.0,79999460.0,json_report_history,E:\CODEXRESEARCH\RESEARCH-1\artifacts\benchmark_runs\language\longseq_anchor16_80m_2b_lr1e3_20260603\variant_results\seq10160_steps196851_val32_batch1_eval9843_init1_seed13\causal_conv_mixer_sampled_vocab_anchor16.json
longseq_anchor16_80m_2b_lr1e3_20260603/causal_conv_mixer_sampled_vocab_anchor16/causal_conv_mixer_sampled_vocab_anchor16,1600078080.0,4.8796427100896835,4.927633285522461,157488.0,79999460.0,json_report_history,E:\CODEXRESEARCH\RESEARCH-1\artifacts\benchmark_runs\language\longseq_anchor16_80m_2b_lr1e3_20260603\variant_results\seq10160_steps196851_val32_batch1_eval9843_init1_seed13\causal_conv_mixer_sampled_vocab_anchor16.json
longseq_anchor16_80m_2b_lr1e3_20260603/causal_conv_mixer_sampled_vocab_anchor16/causal_conv_mixer_sampled_vocab_anchor16,1700082960.0,4.842793866991997,4.7128586769104,167331.0,79999460.0,json_report_history,E:\CODEXRESEARCH\RESEARCH-1\artifacts\benchmark_runs\language\longseq_anchor16_80m_2b_lr1e3_20260603\variant_results\seq10160_steps196851_val32_batch1_eval9843_init1_seed13\causal_conv_mixer_sampled_vocab_anchor16.json
longseq_anchor16_80m_2b_lr1e3_20260603/causal_conv_mixer_sampled_vocab_anchor16/causal_conv_mixer_sampled_vocab_anchor16,1800087840.0,4.816918730735779,5.080331325531006,177174.0,79999460.0,json_report_history,E:\CODEXRESEARCH\RESEARCH-1\artifacts\benchmark_runs\language\longseq_anchor16_80m_2b_lr1e3_20260603\variant_results\seq10160_steps196851_val32_batch1_eval9843_init1_seed13\causal_conv_mixer_sampled_vocab_anchor16.json
longseq_anchor16_80m_2b_lr1e3_20260603/causal_conv_mixer_sampled_vocab_anchor16/causal_conv_mixer_sampled_vocab_anchor16,1900092720.0,4.831647455692291,5.069347381591797,187017.0,79999460.0,json_report_history,E:\CODEXRESEARCH\RESEARCH-1\artifacts\benchmark_runs\language\longseq_anchor16_80m_2b_lr1e3_20260603\variant_results\seq10160_steps196851_val32_batch1_eval9843_init1_seed13\causal_conv_mixer_sampled_vocab_anchor16.json
longseq_anchor16_80m_2b_lr1e3_20260603/causal_conv_mixer_sampled_vocab_anchor16/causal_conv_mixer_sampled_vocab_anchor16,2000006160.0,4.826209872961044,4.8441314697265625,196851.0,79999460.0,json_report_history,E:\CODEXRESEARCH\RESEARCH-1\artifacts\benchmark_runs\language\longseq_anchor16_80m_2b_lr1e3_20260603\variant_results\seq10160_steps196851_val32_batch1_eval9843_init1_seed13\causal_conv_mixer_sampled_vocab_anchor16.json
longseq_anchor16_80m_600m_2060_20260603_1845,100004880.0,5.5633,5.708,9843.0,,log_eval,E:\CODEXRESEARCH\house_compute_hub\runs\20260603-184409-9ceb40\Chichen-JoshS-10a81805.log
longseq_anchor16_80m_600m_2060_20260603_1845,200009760.0,5.2648,5.4263,19686.0,,log_eval,E:\CODEXRESEARCH\house_compute_hub\runs\20260603-184409-9ceb40\Chichen-JoshS-10a81805.log
longseq_anchor16_80m_600m_2060_20260603_1845,300014640.0,5.1292,5.2335,29529.0,,log_eval,E:\CODEXRESEARCH\house_compute_hub\runs\20260603-184409-9ceb40\Chichen-JoshS-10a81805.log
longseq_anchor16_80m_600m_2060_20260603_1845,400019520.0,5.0104,5.1552,39372.0,,log_eval,E:\CODEXRESEARCH\house_compute_hub\runs\20260603-184409-9ceb40\Chichen-JoshS-10a81805.log
longseq_anchor16_80m_600m_2060_20260603_1845,500024400.0,4.942,4.224,49215.0,,log_eval,E:\CODEXRESEARCH\house_compute_hub\runs\20260603-184409-9ceb40\Chichen-JoshS-10a81805.log
longseq_anchor16_80m_600m_2060_20260603_1845,600029280.0,4.9125,4.8422,59058.0,,log_eval,E:\CODEXRESEARCH\house_compute_hub\runs\20260603-184409-9ceb40\Chichen-JoshS-10a81805.log
longseq_anchor16_80m_fresh1b_after2b_20260603/causal_conv_mixer_sampled_vocab_anchor16/causal_conv_mixer_sampled_vocab_anchor16,0.0,10.829497367143631,,0.0,79999460.0,json_report_history,E:\CODEXRESEARCH\RESEARCH-1\artifacts\benchmark_runs\language\longseq_anchor16_80m_fresh1b_after2b_20260603\variant_results\seq10160_steps315426_val32_batch1_eval9843_init1_seed13\causal_conv_mixer_sampled_vocab_anchor16.json
longseq_anchor16_80m_fresh1b_after2b_20260603/causal_conv_mixer_sampled_vocab_anchor16/causal_conv_mixer_sampled_vocab_anchor16,100004880.0,5.611664071679115,5.470432281494141,9843.0,79999460.0,json_report_history,E:\CODEXRESEARCH\RESEARCH-1\artifacts\benchmark_runs\language\longseq_anchor16_80m_fresh1b_after2b_20260603\variant_results\seq10160_steps315426_val32_batch1_eval9843_init1_seed13\causal_conv_mixer_sampled_vocab_anchor16.json
longseq_anchor16_80m_fresh1b_after2b_20260603/causal_conv_mixer_sampled_vocab_anchor16/causal_conv_mixer_sampled_vocab_anchor16,200009760.0,5.350542351603508,5.535058498382568,19686.0,79999460.0,json_report_history,E:\CODEXRESEARCH\RESEARCH-1\artifacts\benchmark_runs\language\longseq_anchor16_80m_fresh1b_after2b_20260603\variant_results\seq10160_steps315426_val32_batch1_eval9843_init1_seed13\causal_conv_mixer_sampled_vocab_anchor16.json
longseq_anchor16_80m_fresh1b_after2b_20260603/causal_conv_mixer_sampled_vocab_anchor16/causal_conv_mixer_sampled_vocab_anchor16,300014640.0,5.211947754025459,5.016024589538574,29529.0,79999460.0,json_report_history,E:\CODEXRESEARCH\RESEARCH-1\artifacts\benchmark_runs\language\longseq_anchor16_80m_fresh1b_after2b_20260603\variant_results\seq10160_steps315426_val32_batch1_eval9843_init1_seed13\causal_conv_mixer_sampled_vocab_anchor16.json
longseq_anchor16_80m_fresh1b_after2b_20260603/causal_conv_mixer_sampled_vocab_anchor16/causal_conv_mixer_sampled_vocab_anchor16,400019520.0,5.135958731174469,4.990780830383301,39372.0,79999460.0,json_report_history,E:\CODEXRESEARCH\RESEARCH-1\artifacts\benchmark_runs\language\longseq_anchor16_80m_fresh1b_after2b_20260603\variant_results\seq10160_steps315426_val32_batch1_eval9843_init1_seed13\causal_conv_mixer_sampled_vocab_anchor16.json
longseq_anchor16_80m_fresh1b_after2b_20260603/causal_conv_mixer_sampled_vocab_anchor16/causal_conv_mixer_sampled_vocab_anchor16,500024400.0,5.071734294295311,5.04383659362793,49215.0,79999460.0,json_report_history,E:\CODEXRESEARCH\RESEARCH-1\artifacts\benchmark_runs\language\longseq_anchor16_80m_fresh1b_after2b_20260603\variant_results\seq10160_steps315426_val32_batch1_eval9843_init1_seed13\causal_conv_mixer_sampled_vocab_anchor16.json
longseq_anchor16_80m_fresh1b_after2b_20260603/causal_conv_mixer_sampled_vocab_anchor16/causal_conv_mixer_sampled_vocab_anchor16,600029280.0,5.036295384168625,4.775114059448242,59058.0,79999460.0,json_report_history,E:\CODEXRESEARCH\RESEARCH-1\artifacts\benchmark_runs\language\longseq_anchor16_80m_fresh1b_after2b_20260603\variant_results\seq10160_steps315426_val32_batch1_eval9843_init1_seed13\causal_conv_mixer_sampled_vocab_anchor16.json
longseq_anchor16_80m_fresh1b_after2b_20260603/causal_conv_mixer_sampled_vocab_anchor16/causal_conv_mixer_sampled_vocab_anchor16,700034160.0,5.001431107521057,4.728560447692871,68901.0,79999460.0,json_report_history,E:\CODEXRESEARCH\RESEARCH-1\artifacts\benchmark_runs\language\longseq_anchor16_80m_fresh1b_after2b_20260603\variant_results\seq10160_steps315426_val32_batch1_eval9843_init1_seed13\causal_conv_mixer_sampled_vocab_anchor16.json
longseq_anchor16_80m_fresh1b_after2b_20260603/causal_conv_mixer_sampled_vocab_anchor16/causal_conv_mixer_sampled_vocab_anchor16,800039040.0,4.978268176317215,4.549887657165527,78744.0,79999460.0,json_report_history,E:\CODEXRESEARCH\RESEARCH-1\artifacts\benchmark_runs\language\longseq_anchor16_80m_fresh1b_after2b_20260603\variant_results\seq10160_steps315426_val32_batch1_eval9843_init1_seed13\causal_conv_mixer_sampled_vocab_anchor16.json
longseq_anchor16_80m_fresh1b_after2b_20260603/causal_conv_mixer_sampled_vocab_anchor16/causal_conv_mixer_sampled_vocab_anchor16,900043920.0,4.965719997882843,4.8510332107543945,88587.0,79999460.0,json_report_history,E:\CODEXRESEARCH\RESEARCH-1\artifacts\benchmark_runs\language\longseq_anchor16_80m_fresh1b_after2b_20260603\variant_results\seq10160_steps315426_val32_batch1_eval9843_init1_seed13\causal_conv_mixer_sampled_vocab_anchor16.json
longseq_anchor16_80m_fresh1b_after2b_20260603/causal_conv_mixer_sampled_vocab_anchor16/causal_conv_mixer_sampled_vocab_anchor16,1000048800.0,4.930744215846062,4.643503189086914,98430.0,79999460.0,json_report_history,E:\CODEXRESEARCH\RESEARCH-1\artifacts\benchmark_runs\language\longseq_anchor16_80m_fresh1b_after2b_20260603\variant_results\seq10160_steps315426_val32_batch1_eval9843_init1_seed13\causal_conv_mixer_sampled_vocab_anchor16.json
longseq_anchor16_80m_fresh1b_after2b_20260603/causal_conv_mixer_sampled_vocab_anchor16/causal_conv_mixer_sampled_vocab_anchor16,1100053680.0,4.923869073390961,5.225663185119629,108273.0,79999460.0,json_report_history,E:\CODEXRESEARCH\RESEARCH-1\artifacts\benchmark_runs\language\longseq_anchor16_80m_fresh1b_after2b_20260603\variant_results\seq10160_steps315426_val32_batch1_eval9843_init1_seed13\causal_conv_mixer_sampled_vocab_anchor16.json
longseq_anchor16_80m_fresh1b_after2b_20260603/causal_conv_mixer_sampled_vocab_anchor16/causal_conv_mixer_sampled_vocab_anchor16,1200058560.0,4.914090633392334,4.945501327514648,118116.0,79999460.0,json_report_history,E:\CODEXRESEARCH\RESEARCH-1\artifacts\benchmark_runs\language\longseq_anchor16_80m_fresh1b_after2b_20260603\variant_results\seq10160_steps315426_val32_batch1_eval9843_init1_seed13\causal_conv_mixer_sampled_vocab_anchor16.json
longseq_anchor16_80m_fresh1b_after2b_20260603/causal_conv_mixer_sampled_vocab_anchor16/causal_conv_mixer_sampled_vocab_anchor16,1300063440.0,4.888244584202766,4.4933061599731445,127959.0,79999460.0,json_report_history,E:\CODEXRESEARCH\RESEARCH-1\artifacts\benchmark_runs\language\longseq_anchor16_80m_fresh1b_after2b_20260603\variant_results\seq10160_steps315426_val32_batch1_eval9843_init1_seed13\causal_conv_mixer_sampled_vocab_anchor16.json
longseq_anchor16_80m_fresh1b_after2b_20260603/causal_conv_mixer_sampled_vocab_anchor16/causal_conv_mixer_sampled_vocab_anchor16,1400068320.0,4.872741833329201,4.618273735046387,137802.0,79999460.0,json_report_history,E:\CODEXRESEARCH\RESEARCH-1\artifacts\benchmark_runs\language\longseq_anchor16_80m_fresh1b_after2b_20260603\variant_results\seq10160_steps315426_val32_batch1_eval9843_init1_seed13\causal_conv_mixer_sampled_vocab_anchor16.json
longseq_anchor16_80m_fresh1b_after2b_20260603/causal_conv_mixer_sampled_vocab_anchor16/causal_conv_mixer_sampled_vocab_anchor16,1500073200.0,4.868787184357643,4.9318389892578125,147645.0,79999460.0,json_report_history,E:\CODEXRESEARCH\RESEARCH-1\artifacts\benchmark_runs\language\longseq_anchor16_80m_fresh1b_after2b_20260603\variant_results\seq10160_steps315426_val32_batch1_eval9843_init1_seed13\causal_conv_mixer_sampled_vocab_anchor16.json
longseq_anchor16_80m_fresh1b_after2b_20260603/causal_conv_mixer_sampled_vocab_anchor16/causal_conv_mixer_sampled_vocab_anchor16,1600078080.0,4.8796427100896835,4.927633285522461,157488.0,79999460.0,json_report_history,E:\CODEXRESEARCH\RESEARCH-1\artifacts\benchmark_runs\language\longseq_anchor16_80m_fresh1b_after2b_20260603\variant_results\seq10160_steps315426_val32_batch1_eval9843_init1_seed13\causal_conv_mixer_sampled_vocab_anchor16.json
longseq_anchor16_80m_fresh1b_after2b_20260603/causal_conv_mixer_sampled_vocab_anchor16/causal_conv_mixer_sampled_vocab_anchor16,1700082960.0,4.842793866991997,4.7128586769104,167331.0,79999460.0,json_report_history,E:\CODEXRESEARCH\RESEARCH-1\artifacts\benchmark_runs\language\longseq_anchor16_80m_fresh1b_after2b_20260603\variant_results\seq10160_steps315426_val32_batch1_eval9843_init1_seed13\causal_conv_mixer_sampled_vocab_anchor16.json
longseq_anchor16_80m_fresh1b_after2b_20260603/causal_conv_mixer_sampled_vocab_anchor16/causal_conv_mixer_sampled_vocab_anchor16,1800087840.0,4.816918730735779,5.080331325531006,177174.0,79999460.0,json_report_history,E:\CODEXRESEARCH\RESEARCH-1\artifacts\benchmark_runs\language\longseq_anchor16_80m_fresh1b_after2b_20260603\variant_results\seq10160_steps315426_val32_batch1_eval9843_init1_seed13\causal_conv_mixer_sampled_vocab_anchor16.json
longseq_anchor16_80m_fresh1b_after2b_20260603/causal_conv_mixer_sampled_vocab_anchor16/causal_conv_mixer_sampled_vocab_anchor16,1900092720.0,4.831647455692291,5.069347381591797,187017.0,79999460.0,json_report_history,E:\CODEXRESEARCH\RESEARCH-1\artifacts\benchmark_runs\language\longseq_anchor16_80m_fresh1b_after2b_20260603\variant_results\seq10160_steps315426_val32_batch1_eval9843_init1_seed13\causal_conv_mixer_sampled_vocab_anchor16.json
longseq_anchor16_80m_fresh1b_after2b_20260603/causal_conv_mixer_sampled_vocab_anchor16/causal_conv_mixer_sampled_vocab_anchor16,2000006160.0,4.826209872961044,4.8441314697265625,196851.0,79999460.0,json_report_history,E:\CODEXRESEARCH\RESEARCH-1\artifacts\benchmark_runs\language\longseq_anchor16_80m_fresh1b_after2b_20260603\variant_results\seq10160_steps315426_val32_batch1_eval9843_init1_seed13\causal_conv_mixer_sampled_vocab_anchor16.json
longseq_anchor16_80m_fresh1b_after2b_20260603/causal_conv_mixer_sampled_vocab_anchor16/causal_conv_mixer_sampled_vocab_anchor16,2000097600.0,4.81629253923893,4.754749298095703,196860.0,79999460.0,json_report_history,E:\CODEXRESEARCH\RESEARCH-1\artifacts\benchmark_runs\language\longseq_anchor16_80m_fresh1b_after2b_20260603\variant_results\seq10160_steps315426_val32_batch1_eval9843_init1_seed13\causal_conv_mixer_sampled_vocab_anchor16.json
longseq_anchor16_80m_fresh1b_after2b_20260603/causal_conv_mixer_sampled_vocab_anchor16/causal_conv_mixer_sampled_vocab_anchor16,2100102480.0,4.8105785846710205,4.7299675941467285,206703.0,79999460.0,json_report_history,E:\CODEXRESEARCH\RESEARCH-1\artifacts\benchmark_runs\language\longseq_anchor16_80m_fresh1b_after2b_20260603\variant_results\seq10160_steps315426_val32_batch1_eval9843_init1_seed13\causal_conv_mixer_sampled_vocab_anchor16.json
longseq_anchor16_80m_fresh1b_after2b_20260603/causal_conv_mixer_sampled_vocab_anchor16/causal_conv_mixer_sampled_vocab_anchor16,2200107360.0,4.79719540476799,4.718724250793457,216546.0,79999460.0,json_report_history,E:\CODEXRESEARCH\RESEARCH-1\artifacts\benchmark_runs\language\longseq_anchor16_80m_fresh1b_after2b_20260603\variant_results\seq10160_steps315426_val32_batch1_eval9843_init1_seed13\causal_conv_mixer_sampled_vocab_anchor16.json
longseq_anchor16_80m_fresh1b_after2b_20260603/causal_conv_mixer_sampled_vocab_anchor16/causal_conv_mixer_sampled_vocab_anchor16,2300112240.0,4.824430882930756,4.566047668457031,226389.0,79999460.0,json_report_history,E:\CODEXRESEARCH\RESEARCH-1\artifacts\benchmark_runs\language\longseq_anchor16_80m_fresh1b_after2b_20260603\variant_results\seq10160_steps315426_val32_batch1_eval9843_init1_seed13\causal_conv_mixer_sampled_vocab_anchor16.json
longseq_anchor16_80m_fresh1b_after2b_20260603/causal_conv_mixer_sampled_vocab_anchor16/causal_conv_mixer_sampled_vocab_anchor16,2400117120.0,4.790934607386589,4.495057106018066,236232.0,79999460.0,json_report_history,E:\CODEXRESEARCH\RESEARCH-1\artifacts\benchmark_runs\language\longseq_anchor16_80m_fresh1b_after2b_20260603\variant_results\seq10160_steps315426_val32_batch1_eval9843_init1_seed13\causal_conv_mixer_sampled_vocab_anchor16.json
longseq_anchor16_80m_fresh1b_after2b_20260603/causal_conv_mixer_sampled_vocab_anchor16/causal_conv_mixer_sampled_vocab_anchor16,2500122000.0,4.771521881222725,4.87692928314209,246075.0,79999460.0,json_report_history,E:\CODEXRESEARCH\RESEARCH-1\artifacts\benchmark_runs\language\longseq_anchor16_80m_fresh1b_after2b_20260603\variant_results\seq10160_steps315426_val32_batch1_eval9843_init1_seed13\causal_conv_mixer_sampled_vocab_anchor16.json
longseq_anchor16_80m_fresh1b_after2b_20260603/causal_conv_mixer_sampled_vocab_anchor16/causal_conv_mixer_sampled_vocab_anchor16,2600126880.0,4.79176364839077,5.006653785705566,255918.0,79999460.0,json_report_history,E:\CODEXRESEARCH\RESEARCH-1\artifacts\benchmark_runs\language\longseq_anchor16_80m_fresh1b_after2b_20260603\variant_results\seq10160_steps315426_val32_batch1_eval9843_init1_seed13\causal_conv_mixer_sampled_vocab_anchor16.json
longseq_anchor16_80m_fresh1b_after2b_20260603/causal_conv_mixer_sampled_vocab_anchor16/causal_conv_mixer_sampled_vocab_anchor16,2700131760.0,4.795862823724747,4.617829322814941,265761.0,79999460.0,json_report_history,E:\CODEXRESEARCH\RESEARCH-1\artifacts\benchmark_runs\language\longseq_anchor16_80m_fresh1b_after2b_20260603\variant_results\seq10160_steps315426_val32_batch1_eval9843_init1_seed13\causal_conv_mixer_sampled_vocab_anchor16.json
longseq_anchor16_80m_fresh1b_after2b_20260603/causal_conv_mixer_sampled_vocab_anchor16/causal_conv_mixer_sampled_vocab_anchor16,2800136640.0,4.789976581931114,4.470257759094238,275604.0,79999460.0,json_report_history,E:\CODEXRESEARCH\RESEARCH-1\artifacts\benchmark_runs\language\longseq_anchor16_80m_fresh1b_after2b_20260603\variant_results\seq10160_steps315426_val32_batch1_eval9843_init1_seed13\causal_conv_mixer_sampled_vocab_anchor16.json
longseq_anchor16_80m_fresh1b_after2b_20260603/causal_conv_mixer_sampled_vocab_anchor16/causal_conv_mixer_sampled_vocab_anchor16,2900141520.0,4.777305409312248,4.4336748123168945,285447.0,79999460.0,json_report_history,E:\CODEXRESEARCH\RESEARCH-1\artifacts\benchmark_runs\language\longseq_anchor16_80m_fresh1b_after2b_20260603\variant_results\seq10160_steps315426_val32_batch1_eval9843_init1_seed13\causal_conv_mixer_sampled_vocab_anchor16.json
longseq_anchor16_80m_fresh1b_after2b_20260603/causal_conv_mixer_sampled_vocab_anchor16/causal_conv_mixer_sampled_vocab_anchor16,3000146400.0,4.774225860834122,4.89273738861084,295290.0,79999460.0,json_report_history,E:\CODEXRESEARCH\RESEARCH-1\artifacts\benchmark_runs\language\longseq_anchor16_80m_fresh1b_after2b_20260603\variant_results\seq10160_steps315426_val32_batch1_eval9843_init1_seed13\causal_conv_mixer_sampled_vocab_anchor16.json
longseq_anchor16_80m_fresh1b_after2b_20260603/causal_conv_mixer_sampled_vocab_anchor16/causal_conv_mixer_sampled_vocab_anchor16,3100151280.0,4.775435820221901,4.433996677398682,305133.0,79999460.0,json_report_history,E:\CODEXRESEARCH\RESEARCH-1\artifacts\benchmark_runs\language\longseq_anchor16_80m_fresh1b_after2b_20260603\variant_results\seq10160_steps315426_val32_batch1_eval9843_init1_seed13\causal_conv_mixer_sampled_vocab_anchor16.json
longseq_anchor16_80m_fresh1b_after2b_20260603/causal_conv_mixer_sampled_vocab_anchor16/causal_conv_mixer_sampled_vocab_anchor16,3200156160.0,4.793305978178978,4.7891459465026855,314976.0,79999460.0,json_report_history,E:\CODEXRESEARCH\RESEARCH-1\artifacts\benchmark_runs\language\longseq_anchor16_80m_fresh1b_after2b_20260603\variant_results\seq10160_steps315426_val32_batch1_eval9843_init1_seed13\causal_conv_mixer_sampled_vocab_anchor16.json
longseq_anchor16_80m_fresh1b_after2b_20260603/causal_conv_mixer_sampled_vocab_anchor16/causal_conv_mixer_sampled_vocab_anchor16,3204728160.0,4.805925071239471,4.606050491333008,315426.0,79999460.0,json_report_history,E:\CODEXRESEARCH\RESEARCH-1\artifacts\benchmark_runs\language\longseq_anchor16_80m_fresh1b_after2b_20260603\variant_results\seq10160_steps315426_val32_batch1_eval9843_init1_seed13\causal_conv_mixer_sampled_vocab_anchor16.json
longseq_replay_probe_20260602/causal_conv_mixer_sampled_vocab/causal_conv_mixer_sampled_vocab,121920.0,9.240559041500092,7.33883810043335,24.0,20034967.0,json_report_history,E:\CODEXRESEARCH\RESEARCH-1\artifacts\benchmark_runs\language\longseq_replay_probe_20260602\variant_results\seq5080_steps24_val64_batch1_eval999_init0_seed17\causal_conv_mixer_sampled_vocab.json
longseq_replay_probe_20260602/causal_conv_mixer_sampled_vocab/causal_conv_mixer_sampled_vocab,182880.0,7.314442336559296,7.355447292327881,18.0,20034967.0,json_report_history,E:\CODEXRESEARCH\RESEARCH-1\artifacts\benchmark_runs\language\longseq_replay_probe_20260602\variant_results\seq10160_steps18_val8_batch1_eval999_init0_evalsampled_vocab_seed17\causal_conv_mixer_sampled_vocab.json
longseq_replay_probe_20260602/causal_conv_mixer_sampled_vocab_anchor/causal_conv_mixer_sampled_vocab_anchor,121920.0,7.8641122207045555,7.751293182373047,24.0,20034967.0,json_report_history,E:\CODEXRESEARCH\RESEARCH-1\artifacts\benchmark_runs\language\longseq_replay_probe_20260602\variant_results\seq5080_steps24_val64_batch1_eval999_init0_seed17\causal_conv_mixer_sampled_vocab_anchor.json
longseq_replay_probe_20260602/causal_conv_mixer_sampled_vocab_anchor16/causal_conv_mixer_sampled_vocab_anchor16,121920.0,7.836754076182842,7.835994720458984,24.0,20034967.0,json_report_history,E:\CODEXRESEARCH\RESEARCH-1\artifacts\benchmark_runs\language\longseq_replay_probe_20260602\variant_results\seq5080_steps24_val64_batch1_eval999_init0_seed17\causal_conv_mixer_sampled_vocab_anchor16.json
longseq_replay_probe_20260602/causal_conv_mixer_sampled_vocab_full4/causal_conv_mixer_sampled_vocab_full4,121920.0,7.963529825210571,7.95603084564209,24.0,20034967.0,json_report_history,E:\CODEXRESEARCH\RESEARCH-1\artifacts\benchmark_runs\language\longseq_replay_probe_20260602\variant_results\seq5080_steps24_val64_batch1_eval999_init0_seed17\causal_conv_mixer_sampled_vocab_full4.json
longseq_replay_probe_20260602/partial_untied/partial_untied,121920.0,8.593221932649612,8.492935180664062,24.0,19949523.0,json_report_history,E:\CODEXRESEARCH\RESEARCH-1\artifacts\benchmark_runs\language\longseq_replay_probe_20260602\variant_results\seq5080_steps24_val64_batch1_eval999_init0_seed17\partial_untied.json
longseq_replay_probe_20260602/partial_untied/partial_untied,182880.0,7.964192152023315,8.81398868560791,18.0,19949523.0,json_report_history,E:\CODEXRESEARCH\RESEARCH-1\artifacts\benchmark_runs\language\longseq_replay_probe_20260602\variant_results\seq10160_steps18_val8_batch1_eval999_init0_evalsampled_vocab_seed17\partial_untied.json
longseq_replay_probe_20260602_anchor16_clean/causal_conv_mixer_sampled_vocab_anchor16/causal_conv_mixer_sampled_vocab_anchor16,121920.0,7.836754076182842,7.835994720458984,24.0,20034967.0,json_report_history,E:\CODEXRESEARCH\RESEARCH-1\artifacts\benchmark_runs\language\longseq_replay_probe_20260602_anchor16_clean\variant_results\seq5080_steps24_val64_batch1_eval999_init0_seed17\causal_conv_mixer_sampled_vocab_anchor16.json
longseq_replay_probe_20260602_anchor16_clean/partial_untied/partial_untied,121920.0,8.593205630779266,8.49289608001709,24.0,19949523.0,json_report_history,E:\CODEXRESEARCH\RESEARCH-1\artifacts\benchmark_runs\language\longseq_replay_probe_20260602_anchor16_clean\variant_results\seq5080_steps24_val64_batch1_eval999_init0_seed17\partial_untied.json
longseq_replay_probe_20260602_anchor16_seq10160_clean/causal_conv_mixer_sampled_vocab_anchor16/causal_conv_mixer_sampled_vocab_anchor16,182880.0,7.706308126449585,7.512157440185547,18.0,20034967.0,json_report_history,E:\CODEXRESEARCH\RESEARCH-1\artifacts\benchmark_runs\language\longseq_replay_probe_20260602_anchor16_seq10160_clean\variant_results\seq10160_steps18_val8_batch1_eval999_init0_seed13\causal_conv_mixer_sampled_vocab_anchor16.json
longseq_replay_probe_20260602_anchor16_seq10160_clean/partial_untied/partial_untied,182880.0,8.565110445022583,8.552155494689941,18.0,19949523.0,json_report_history,E:\CODEXRESEARCH\RESEARCH-1\artifacts\benchmark_runs\language\longseq_replay_probe_20260602_anchor16_seq10160_clean\variant_results\seq10160_steps18_val8_batch1_eval999_init0_seed13\partial_untied.json
longseq_replay_probe_20260602_anchor16_seq10160_val32_clean/causal_conv_mixer_sampled_vocab_anchor16/causal_conv_mixer_sampled_vocab_anchor16,182880.0,7.837439447641373,7.601381778717041,18.0,20034967.0,json_report_history,E:\CODEXRESEARCH\RESEARCH-1\artifacts\benchmark_runs\language\longseq_replay_probe_20260602_anchor16_seq10160_val32_clean\variant_results\seq10160_steps18_val32_batch1_eval999_init0_seed13\causal_conv_mixer_sampled_vocab_anchor16.json
longseq_replay_probe_20260602_anchor16_seq10160_val32_clean/partial_untied/partial_untied,182880.0,8.662082731723785,8.585541725158691,18.0,19949523.0,json_report_history,E:\CODEXRESEARCH\RESEARCH-1\artifacts\benchmark_runs\language\longseq_replay_probe_20260602_anchor16_seq10160_val32_clean\variant_results\seq10160_steps18_val32_batch1_eval999_init0_seed13\partial_untied.json
longseq_replay_probe_20260602_anchor16_seq2540_clean/causal_conv_mixer_sampled_vocab_anchor16/causal_conv_mixer_sampled_vocab_anchor16,60960.0,8.01464407891035,7.916226387023926,24.0,20034967.0,json_report_history,E:\CODEXRESEARCH\RESEARCH-1\artifacts\benchmark_runs\language\longseq_replay_probe_20260602_anchor16_seq2540_clean\variant_results\seq2540_steps24_val64_batch1_eval999_init0_seed13\causal_conv_mixer_sampled_vocab_anchor16.json
longseq_replay_probe_20260602_anchor16_seq2540_clean/partial_untied/partial_untied,60960.0,8.705521777272224,8.899553298950195,24.0,19949523.0,json_report_history,E:\CODEXRESEARCH\RESEARCH-1\artifacts\benchmark_runs\language\longseq_replay_probe_20260602_anchor16_seq2540_clean\variant_results\seq2540_steps24_val64_batch1_eval999_init0_seed13\partial_untied.json
neuron_search/screen_1024_seed13_real_blend1024_baseline/result/standalone_longseq_anchor_train,261120.0,7.7630088464886535,6.363431930541992,1024.0,4934961.0,json_report_history,E:\CODEXRESEARCH\RESEARCH-1\artifacts\benchmark_runs\language\neuron_search_20260605\manual_self\screen_1024_seed13_real_blend1024_baseline\result.json
neuron_search/screen_1024_seed13_real_blend1024_phase_residual_blend_neuron/result/standalone_longseq_anchor_train,261120.0,7.761695057504317,6.363167762756348,1024.0,4935089.0,json_report_history,E:\CODEXRESEARCH\RESEARCH-1\artifacts\benchmark_runs\language\neuron_search_20260605\manual_self\screen_1024_seed13_real_blend1024_phase_residual_blend_neuron\result.json
neuron_search/screen_1024_seed13_real_half1024_baseline/result/standalone_longseq_anchor_train,261120.0,7.7630088464886535,6.363431930541992,1024.0,4934961.0,json_report_history,E:\CODEXRESEARCH\RESEARCH-1\artifacts\benchmark_runs\language\neuron_search_20260605\manual_self\screen_1024_seed13_real_half1024_baseline\result.json
neuron_search/screen_1024_seed13_real_half1024_phase_residual_blend_half_neuron/result/standalone_longseq_anchor_train,261120.0,7.757878532129175,6.363649368286133,1024.0,4935089.0,json_report_history,E:\CODEXRESEARCH\RESEARCH-1\artifacts\benchmark_runs\language\neuron_search_20260605\manual_self\screen_1024_seed13_real_half1024_phase_residual_blend_half_neuron\result.json
neuron_search/screen_1024_seed13_real_seq10160_40m_1024_baseline/result/standalone_longseq_anchor_train,10403840.0,6.490743960639623,5.45195198059082,1024.0,40437009.0,json_report_history,E:\CODEXRESEARCH\RESEARCH-1\artifacts\benchmark_runs\language\neuron_search_20260605\manual_self\screen_1024_seed13_real_seq10160_40m_1024_baseline\result.json
neuron_search/screen_1024_seed13_real_seq10160_40m_1024_memory_square_scalar_gain_neuron/result/standalone_longseq_anchor_train,10403840.0,6.4948093449036906,5.429124355316162,1024.0,40437139.0,json_report_history,E:\CODEXRESEARCH\RESEARCH-1\artifacts\benchmark_runs\language\neuron_search_20260605\manual_self\screen_1024_seed13_real_seq10160_40m_1024_memory_square_scalar_gain_neuron\result.json
neuron_search/screen_1024_seed13_real_seq10160_40m_1024_phase_residual_blend_centered_neuron/result/standalone_longseq_anchor_train,10403840.0,6.491135826636487,5.4428229331970215,1024.0,40439057.0,json_report_history,E:\CODEXRESEARCH\RESEARCH-1\artifacts\benchmark_runs\language\neuron_search_20260605\manual_self\screen_1024_seed13_real_seq10160_40m_1024_phase_residual_blend_centered_neuron\result.json
neuron_search/screen_1024_seed13_real_seq10160_40m_1024_phase_residual_blend_half_neuron/result/standalone_longseq_anchor_train,10403840.0,6.491696851929341,5.446325302124023,1024.0,40439057.0,json_report_history,E:\CODEXRESEARCH\RESEARCH-1\artifacts\benchmark_runs\language\neuron_search_20260605\manual_self\screen_1024_seed13_real_seq10160_40m_1024_phase_residual_blend_half_neuron\result.json
neuron_search/screen_1024_seed13_real_seq10160_40m_1024_phase_residual_blend_normed_neuron/result/standalone_longseq_anchor_train,10403840.0,6.491492923976868,5.447239875793457,1024.0,40439057.0,json_report_history,E:\CODEXRESEARCH\RESEARCH-1\artifacts\benchmark_runs\language\neuron_search_20260605\manual_self\screen_1024_seed13_real_seq10160_40m_1024_phase_residual_blend_normed_neuron\result.json
neuron_search/screen_1024_seed13_real_seq10160_40m_1024_phase_residual_conv_energy_gate_neuron/result/standalone_longseq_anchor_train,10403840.0,6.491700165008935,5.446425437927246,1024.0,40439059.0,json_report_history,E:\CODEXRESEARCH\RESEARCH-1\artifacts\benchmark_runs\language\neuron_search_20260605\manual_self\screen_1024_seed13_real_seq10160_40m_1024_phase_residual_conv_energy_gate_neuron\result.json
neuron_search/screen_1024_seed13_real_seq10160_40m_1024_phase_residual_memory_bounded_gate_neuron/result/standalone_longseq_anchor_train,10403840.0,6.386042435150447,5.418135643005371,1024.0,40572177.0,json_report_history,E:\CODEXRESEARCH\RESEARCH-1\artifacts\benchmark_runs\language\neuron_search_20260605\manual_self\screen_1024_seed13_real_seq10160_40m_1024_phase_residual_memory_bounded_gate_neuron\result.json
neuron_search/screen_1024_seed13_real_seq10160_40m_1024_phase_residual_memory_centered_gate_neuron/result/standalone_longseq_anchor_train,10403840.0,6.491577075691674,5.416988372802734,1024.0,40572177.0,json_report_history,E:\CODEXRESEARCH\RESEARCH-1\artifacts\benchmark_runs\language\neuron_search_20260605\manual_self\screen_1024_seed13_real_seq10160_40m_1024_phase_residual_memory_centered_gate_neuron\result.json
neuron_search/screen_1024_seed13_real_seq10160_40m_1024_phase_residual_memory_delta_gate_neuron/result/standalone_longseq_anchor_train,10403840.0,6.386283665942395,5.417048931121826,1024.0,40572177.0,json_report_history,E:\CODEXRESEARCH\RESEARCH-1\artifacts\benchmark_runs\language\neuron_search_20260605\manual_self\screen_1024_seed13_real_seq10160_40m_1024_phase_residual_memory_delta_gate_neuron\result.json
neuron_search/screen_1024_seed13_real_seq10160_40m_1024_phase_residual_memory_gate_neuron/result/standalone_longseq_anchor_train,10403840.0,6.491958728925449,5.417598724365234,1024.0,40572177.0,json_report_history,E:\CODEXRESEARCH\RESEARCH-1\artifacts\benchmark_runs\language\neuron_search_20260605\manual_self\screen_1024_seed13_real_seq10160_40m_1024_phase_residual_memory_gate_neuron\result.json
neuron_search/screen_1024_seed13_real_seq10160_40m_1024_phase_residual_memory_rms_gate_neuron/result/standalone_longseq_anchor_train,10403840.0,6.386190266496553,5.41774845123291,1024.0,40572177.0,json_report_history,E:\CODEXRESEARCH\RESEARCH-1\artifacts\benchmark_runs\language\neuron_search_20260605\manual_self\screen_1024_seed13_real_seq10160_40m_1024_phase_residual_memory_rms_gate_neuron\result.json
neuron_search/screen_1024_seed13_real_seq10160_40m_1024_phase_residual_memory_scalar_centered_gate_neuron/result/standalone_longseq_anchor_train,10403840.0,6.4948057833619,5.421931266784668,1024.0,40439187.0,json_report_history,E:\CODEXRESEARCH\RESEARCH-1\artifacts\benchmark_runs\language\neuron_search_20260605\manual_self\screen_1024_seed13_real_seq10160_40m_1024_phase_residual_memory_scalar_centered_gate_neuron\result.json
neuron_search/screen_1024_seed13_real_seq10160_40m_1024_phase_residual_memory_scalar_gate_neuron/result/standalone_longseq_anchor_train,10403840.0,6.495215996043888,5.431331634521484,1024.0,40439187.0,json_report_history,E:\CODEXRESEARCH\RESEARCH-1\artifacts\benchmark_runs\language\neuron_search_20260605\manual_self\screen_1024_seed13_real_seq10160_40m_1024_phase_residual_memory_scalar_gate_neuron\result.json
neuron_search/screen_1024_seed13_real_seq10160_40m_1024_phase_residual_memory_small_gate_neuron/result/standalone_longseq_anchor_train,10403840.0,6.491292481628928,5.418215751647949,1024.0,40572177.0,json_report_history,E:\CODEXRESEARCH\RESEARCH-1\artifacts\benchmark_runs\language\neuron_search_20260605\manual_self\screen_1024_seed13_real_seq10160_40m_1024_phase_residual_memory_small_gate_neuron\result.json
neuron_search/screen_1024_seed13_real_seq10160_40m_1024_phase_residual_memory_tiny_gate_neuron/result/standalone_longseq_anchor_train,10403840.0,6.490360572112827,5.419029235839844,1024.0,40572177.0,json_report_history,E:\CODEXRESEARCH\RESEARCH-1\artifacts\benchmark_runs\language\neuron_search_20260605\manual_self\screen_1024_seed13_real_seq10160_40m_1024_phase_residual_memory_tiny_gate_neuron\result.json
neuron_search/screen_1024_seed13_real_seq10160_40m_1024_phase_residual_memory_zero_mean_gate_neuron/result/standalone_longseq_anchor_train,10403840.0,6.491961954522321,5.417588233947754,1024.0,40572177.0,json_report_history,E:\CODEXRESEARCH\RESEARCH-1\artifacts\benchmark_runs\language\neuron_search_20260605\manual_self\screen_1024_seed13_real_seq10160_40m_1024_phase_residual_memory_zero_mean_gate_neuron\result.json
neuron_search/screen_1024_seed13_real_seq10160_40m_1024_rank_competition_memory_centered_gate_neuron/result/standalone_longseq_anchor_train,10403840.0,6.488335163386788,5.406091690063477,1024.0,40572179.0,json_report_history,E:\CODEXRESEARCH\RESEARCH-1\artifacts\benchmark_runs\language\neuron_search_20260605\manual_self\screen_1024_seed13_real_seq10160_40m_1024_rank_competition_memory_centered_gate_neuron\result.json
neuron_search/screen_1024_seed13_real_seq10160_40m_1024_rank_competition_memory_suppressed_centered_gate_neuron/result/standalone_longseq_anchor_train,10403840.0,6.482527013651029,5.420195579528809,1024.0,40572179.0,json_report_history,E:\CODEXRESEARCH\RESEARCH-1\artifacts\benchmark_runs\language\neuron_search_20260605\manual_self\screen_1024_seed13_real_seq10160_40m_1024_rank_competition_memory_suppressed_centered_gate_neuron\result.json
neuron_search/screen_1024_seed13_real_seq10160_40m_1024_rank_competition_neuron/result/standalone_longseq_anchor_train,10403840.0,6.486382225930221,5.442748546600342,1024.0,40437011.0,json_report_history,E:\CODEXRESEARCH\RESEARCH-1\artifacts\benchmark_runs\language\neuron_search_20260605\manual_self\screen_1024_seed13_real_seq10160_40m_1024_rank_competition_neuron\result.json
neuron_search/screen_1024_seed13_real_seq10160_40m_1024_verify_val8_v4_baseline/result/standalone_longseq_anchor_train,10403840.0,6.490743960639623,5.45195198059082,1024.0,40437009.0,json_report_history,E:\CODEXRESEARCH\RESEARCH-1\artifacts\benchmark_runs\language\neuron_search_20260605\manual_self\screen_1024_seed13_real_seq10160_40m_1024_verify_val8_v4_baseline\result.json
neuron_search/screen_1024_seed13_real_seq10160_40m_1024_verify_val8_v4_phase_residual_memory_bounded_gate_neuron/result/standalone_longseq_anchor_train,10403840.0,6.491803382982419,5.418135643005371,1024.0,40572177.0,json_report_history,E:\CODEXRESEARCH\RESEARCH-1\artifacts\benchmark_runs\language\neuron_search_20260605\manual_self\screen_1024_seed13_real_seq10160_40m_1024_verify_val8_v4_phase_residual_memory_bounded_gate_neuron\result.json
neuron_search/screen_1024_seed13_real_seq10160_40m_1024_verify_val8_v4_phase_residual_memory_gate_neuron/result/standalone_longseq_anchor_train,10403840.0,6.491958728925449,5.417598724365234,1024.0,40572177.0,json_report_history,E:\CODEXRESEARCH\RESEARCH-1\artifacts\benchmark_runs\language\neuron_search_20260605\manual_self\screen_1024_seed13_real_seq10160_40m_1024_verify_val8_v4_phase_residual_memory_gate_neuron\result.json
neuron_search/screen_1024_seed13_real_seq10160_40m_1024_verify_val8_v4_phase_residual_memory_rms_gate_neuron/result/standalone_longseq_anchor_train,10403840.0,6.491938723260024,5.41774845123291,1024.0,40572177.0,json_report_history,E:\CODEXRESEARCH\RESEARCH-1\artifacts\benchmark_runs\language\neuron_search_20260605\manual_self\screen_1024_seed13_real_seq10160_40m_1024_verify_val8_v4_phase_residual_memory_rms_gate_neuron\result.json
neuron_search/screen_1024_seed13_real_seq10160_val8_rankcost_1024_v1_baseline/result/standalone_longseq_anchor_train,10403840.0,6.490743960639623,5.45195198059082,1024.0,40437009.0,json_report_history,E:\CODEXRESEARCH\RESEARCH-1\artifacts\benchmark_runs\language\neuron_search_20260605\manual_self\screen_1024_seed13_real_seq10160_val8_rankcost_1024_v1_baseline\result.json
neuron_search/screen_1024_seed13_real_seq10160_val8_rankcost_1024_v1_rank_competition_centered_residual_neuron/result/standalone_longseq_anchor_train,10403840.0,6.486663895235287,5.432966232299805,1024.0,40439059.0,json_report_history,E:\CODEXRESEARCH\RESEARCH-1\artifacts\benchmark_runs\language\neuron_search_20260605\manual_self\screen_1024_seed13_real_seq10160_val8_rankcost_1024_v1_rank_competition_centered_residual_neuron\result.json
neuron_search/screen_1024_seed13_real_seq10160_val8_rankcost_1024_v1_rank_competition_memory_scalar_centered_gate_neuron/result/standalone_longseq_anchor_train,10403840.0,6.492792820930481,5.416390419006348,1024.0,40439189.0,json_report_history,E:\CODEXRESEARCH\RESEARCH-1\artifacts\benchmark_runs\language\neuron_search_20260605\manual_self\screen_1024_seed13_real_seq10160_val8_rankcost_1024_v1_rank_competition_memory_scalar_centered_gate_neuron\result.json
neuron_search/screen_1024_seed17_real_blend1024_baseline/result/standalone_longseq_anchor_train,261120.0,7.788764259511349,6.2498393058776855,1024.0,4934961.0,json_report_history,E:\CODEXRESEARCH\RESEARCH-1\artifacts\benchmark_runs\language\neuron_search_20260605\manual_self\screen_1024_seed17_real_blend1024_baseline\result.json
neuron_search/screen_1024_seed17_real_blend1024_phase_residual_blend_neuron/result/standalone_longseq_anchor_train,261120.0,7.788272892844443,6.249393463134766,1024.0,4935089.0,json_report_history,E:\CODEXRESEARCH\RESEARCH-1\artifacts\benchmark_runs\language\neuron_search_20260605\manual_self\screen_1024_seed17_real_blend1024_phase_residual_blend_neuron\result.json
neuron_search/screen_1024_seed17_real_half1024_baseline/result/standalone_longseq_anchor_train,261120.0,7.788764259511349,6.2498393058776855,1024.0,4934961.0,json_report_history,E:\CODEXRESEARCH\RESEARCH-1\artifacts\benchmark_runs\language\neuron_search_20260605\manual_self\screen_1024_seed17_real_half1024_baseline\result.json
neuron_search/screen_1024_seed17_real_half1024_phase_residual_blend_half_neuron/result/standalone_longseq_anchor_train,261120.0,7.7870986378660385,6.251238822937012,1024.0,4935089.0,json_report_history,E:\CODEXRESEARCH\RESEARCH-1\artifacts\benchmark_runs\language\neuron_search_20260605\manual_self\screen_1024_seed17_real_half1024_phase_residual_blend_half_neuron\result.json
neuron_search/screen_1024_seed17_real_seq10160_40m_1024_baseline/result/standalone_longseq_anchor_train,10403840.0,6.493108171553124,5.595936298370361,1024.0,40437009.0,json_report_history,E:\CODEXRESEARCH\RESEARCH-1\artifacts\benchmark_runs\language\neuron_search_20260605\manual_self\screen_1024_seed17_real_seq10160_40m_1024_baseline\result.json
neuron_search/screen_1024_seed17_real_seq10160_40m_1024_phase_residual_blend_centered_neuron/result/standalone_longseq_anchor_train,10403840.0,6.491495132540154,5.599761962890625,1024.0,40439057.0,json_report_history,E:\CODEXRESEARCH\RESEARCH-1\artifacts\benchmark_runs\language\neuron_search_20260605\manual_self\screen_1024_seed17_real_seq10160_40m_1024_phase_residual_blend_centered_neuron\result.json
neuron_search/screen_1024_seed17_real_seq10160_40m_1024_phase_residual_blend_half_neuron/result/standalone_longseq_anchor_train,10403840.0,6.492086674003151,5.596941947937012,1024.0,40439057.0,json_report_history,E:\CODEXRESEARCH\RESEARCH-1\artifacts\benchmark_runs\language\neuron_search_20260605\manual_self\screen_1024_seed17_real_seq10160_40m_1024_phase_residual_blend_half_neuron\result.json
neuron_search/screen_1024_seed17_real_seq10160_40m_1024_phase_residual_blend_normed_neuron/result/standalone_longseq_anchor_train,10403840.0,6.492040767068938,5.596244812011719,1024.0,40439057.0,json_report_history,E:\CODEXRESEARCH\RESEARCH-1\artifacts\benchmark_runs\language\neuron_search_20260605\manual_self\screen_1024_seed17_real_seq10160_40m_1024_phase_residual_blend_normed_neuron\result.json
neuron_search/screen_1024_seed17_real_seq10160_40m_1024_phase_residual_conv_energy_gate_neuron/result/standalone_longseq_anchor_train,10403840.0,6.49214927342933,5.596623420715332,1024.0,40439059.0,json_report_history,E:\CODEXRESEARCH\RESEARCH-1\artifacts\benchmark_runs\language\neuron_search_20260605\manual_self\screen_1024_seed17_real_seq10160_40m_1024_phase_residual_conv_energy_gate_neuron\result.json
neuron_search/screen_1024_seed17_real_seq10160_40m_1024_phase_residual_memory_centered_gate_neuron/result/standalone_longseq_anchor_train,10403840.0,6.4810182582675,5.59157133102417,1024.0,40572177.0,json_report_history,E:\CODEXRESEARCH\RESEARCH-1\artifacts\benchmark_runs\language\neuron_search_20260605\manual_self\screen_1024_seed17_real_seq10160_40m_1024_phase_residual_memory_centered_gate_neuron\result.json
neuron_search/screen_1024_seed17_real_seq10160_40m_1024_phase_residual_memory_gate_neuron/result/standalone_longseq_anchor_train,10403840.0,6.478981038529104,5.587127208709717,1024.0,40572177.0,json_report_history,E:\CODEXRESEARCH\RESEARCH-1\artifacts\benchmark_runs\language\neuron_search_20260605\manual_self\screen_1024_seed17_real_seq10160_40m_1024_phase_residual_memory_gate_neuron\result.json
neuron_search/screen_1024_seed17_real_seq10160_40m_1024_phase_residual_memory_scalar_centered_gate_neuron/result/standalone_longseq_anchor_train,10403840.0,6.4939430381369405,5.548460960388184,1024.0,40439187.0,json_report_history,E:\CODEXRESEARCH\RESEARCH-1\artifacts\benchmark_runs\language\neuron_search_20260605\manual_self\screen_1024_seed17_real_seq10160_40m_1024_phase_residual_memory_scalar_centered_gate_neuron\result.json
neuron_search/screen_1024_seed17_real_seq10160_40m_1024_phase_residual_memory_scalar_gate_neuron/result/standalone_longseq_anchor_train,10403840.0,6.493775763567977,5.548541069030762,1024.0,40439187.0,json_report_history,E:\CODEXRESEARCH\RESEARCH-1\artifacts\benchmark_runs\language\neuron_search_20260605\manual_self\screen_1024_seed17_real_seq10160_40m_1024_phase_residual_memory_scalar_gate_neuron\result.json
neuron_search/screen_1024_seed17_real_seq10160_40m_1024_rank_competition_memory_centered_gate_neuron/result/standalone_longseq_anchor_train,10403840.0,6.478446355391675,5.581412315368652,1024.0,40572179.0,json_report_history,E:\CODEXRESEARCH\RESEARCH-1\artifacts\benchmark_runs\language\neuron_search_20260605\manual_self\screen_1024_seed17_real_seq10160_40m_1024_rank_competition_memory_centered_gate_neuron\result.json
neuron_search/screen_1024_seed17_real_seq10160_40m_1024_rank_competition_memory_suppressed_centered_gate_neuron/result/standalone_longseq_anchor_train,10403840.0,6.474003679921308,5.569856643676758,1024.0,40572179.0,json_report_history,E:\CODEXRESEARCH\RESEARCH-1\artifacts\benchmark_runs\language\neuron_search_20260605\manual_self\screen_1024_seed17_real_seq10160_40m_1024_rank_competition_memory_suppressed_centered_gate_neuron\result.json
neuron_search/screen_1024_seed17_real_seq10160_40m_1024_rank_competition_neuron/result/standalone_longseq_anchor_train,10403840.0,6.4899042676752945,5.583463668823242,1024.0,40437011.0,json_report_history,E:\CODEXRESEARCH\RESEARCH-1\artifacts\benchmark_runs\language\neuron_search_20260605\manual_self\screen_1024_seed17_real_seq10160_40m_1024_rank_competition_neuron\result.json
neuron_search/screen_1024_seed17_real_seq10160_val8_rankcost_1024_v1_baseline/result/standalone_longseq_anchor_train,10403840.0,6.493108171553124,5.595936298370361,1024.0,40437009.0,json_report_history,E:\CODEXRESEARCH\RESEARCH-1\artifacts\benchmark_runs\language\neuron_search_20260605\manual_self\screen_1024_seed17_real_seq10160_val8_rankcost_1024_v1_baseline\result.json
neuron_search/screen_1024_seed17_real_seq10160_val8_rankcost_1024_v1_rank_competition_centered_residual_neuron/result/standalone_longseq_anchor_train,10403840.0,6.488046152103604,5.590003967285156,1024.0,40439059.0,json_report_history,E:\CODEXRESEARCH\RESEARCH-1\artifacts\benchmark_runs\language\neuron_search_20260605\manual_self\screen_1024_seed17_real_seq10160_val8_rankcost_1024_v1_rank_competition_centered_residual_neuron\result.json
neuron_search/screen_1024_seed17_real_seq10160_val8_rankcost_1024_v1_rank_competition_memory_scalar_centered_gate_neuron/result/standalone_longseq_anchor_train,10403840.0,6.490093801434584,5.537289619445801,1024.0,40439189.0,json_report_history,E:\CODEXRESEARCH\RESEARCH-1\artifacts\benchmark_runs\language\neuron_search_20260605\manual_self\screen_1024_seed17_real_seq10160_val8_rankcost_1024_v1_rank_competition_memory_scalar_centered_gate_neuron\result.json
neuron_search/screen_1024_seed29_real_blend1024_baseline/result/standalone_longseq_anchor_train,261120.0,7.764974658746345,6.359777450561523,1024.0,4934961.0,json_report_history,E:\CODEXRESEARCH\RESEARCH-1\artifacts\benchmark_runs\language\neuron_search_20260605\manual_self\screen_1024_seed29_real_blend1024_baseline\result.json
neuron_search/screen_1024_seed29_real_blend1024_phase_residual_blend_neuron/result/standalone_longseq_anchor_train,261120.0,7.764639321962992,6.359659194946289,1024.0,4935089.0,json_report_history,E:\CODEXRESEARCH\RESEARCH-1\artifacts\benchmark_runs\language\neuron_search_20260605\manual_self\screen_1024_seed29_real_blend1024_phase_residual_blend_neuron\result.json
neuron_search/screen_1024_seed29_real_half1024_baseline/result/standalone_longseq_anchor_train,261120.0,7.764974658746345,6.359777450561523,1024.0,4934961.0,json_report_history,E:\CODEXRESEARCH\RESEARCH-1\artifacts\benchmark_runs\language\neuron_search_20260605\manual_self\screen_1024_seed29_real_half1024_baseline\result.json
neuron_search/screen_1024_seed29_real_half1024_phase_residual_blend_half_neuron/result/standalone_longseq_anchor_train,261120.0,7.762950226956723,6.360987663269043,1024.0,4935089.0,json_report_history,E:\CODEXRESEARCH\RESEARCH-1\artifacts\benchmark_runs\language\neuron_search_20260605\manual_self\screen_1024_seed29_real_half1024_phase_residual_blend_half_neuron\result.json
neuron_search/screen_1024_seed29_real_seq10160_40m_1024_baseline/result/standalone_longseq_anchor_train,10403840.0,6.498115837198543,5.432253837585449,1024.0,40437009.0,json_report_history,E:\CODEXRESEARCH\RESEARCH-1\artifacts\benchmark_runs\language\neuron_search_20260605\manual_self\screen_1024_seed29_real_seq10160_40m_1024_baseline\result.json
neuron_search/screen_1024_seed29_real_seq10160_40m_1024_memory_square_scalar_gain_neuron/result/standalone_longseq_anchor_train,10403840.0,6.497931173748857,5.426319122314453,1024.0,40437139.0,json_report_history,E:\CODEXRESEARCH\RESEARCH-1\artifacts\benchmark_runs\language\neuron_search_20260605\manual_self\screen_1024_seed29_real_seq10160_40m_1024_memory_square_scalar_gain_neuron\result.json
neuron_search/screen_1024_seed29_real_seq10160_40m_1024_phase_residual_blend_centered_neuron/result/standalone_longseq_anchor_train,10403840.0,6.498497071697956,5.423210144042969,1024.0,40439057.0,json_report_history,E:\CODEXRESEARCH\RESEARCH-1\artifacts\benchmark_runs\language\neuron_search_20260605\manual_self\screen_1024_seed29_real_seq10160_40m_1024_phase_residual_blend_centered_neuron\result.json
neuron_search/screen_1024_seed29_real_seq10160_40m_1024_phase_residual_blend_half_neuron/result/standalone_longseq_anchor_train,10403840.0,6.497892729691633,5.429808616638184,1024.0,40439057.0,json_report_history,E:\CODEXRESEARCH\RESEARCH-1\artifacts\benchmark_runs\language\neuron_search_20260605\manual_self\screen_1024_seed29_real_seq10160_40m_1024_phase_residual_blend_half_neuron\result.json
neuron_search/screen_1024_seed29_real_seq10160_40m_1024_phase_residual_blend_normed_neuron/result/standalone_longseq_anchor_train,10403840.0,6.497902897493107,5.4298224449157715,1024.0,40439057.0,json_report_history,E:\CODEXRESEARCH\RESEARCH-1\artifacts\benchmark_runs\language\neuron_search_20260605\manual_self\screen_1024_seed29_real_seq10160_40m_1024_phase_residual_blend_normed_neuron\result.json
neuron_search/screen_1024_seed29_real_seq10160_40m_1024_phase_residual_conv_energy_gate_neuron/result/standalone_longseq_anchor_train,10403840.0,6.497923070990194,5.429642677307129,1024.0,40439059.0,json_report_history,E:\CODEXRESEARCH\RESEARCH-1\artifacts\benchmark_runs\language\neuron_search_20260605\manual_self\screen_1024_seed29_real_seq10160_40m_1024_phase_residual_conv_energy_gate_neuron\result.json
neuron_search/screen_1024_seed29_real_seq10160_40m_1024_phase_residual_memory_centered_gate_neuron/result/standalone_longseq_anchor_train,10403840.0,6.489002096183657,5.41074275970459,1024.0,40572177.0,json_report_history,E:\CODEXRESEARCH\RESEARCH-1\artifacts\benchmark_runs\language\neuron_search_20260605\manual_self\screen_1024_seed29_real_seq10160_40m_1024_phase_residual_memory_centered_gate_neuron\result.json
neuron_search/screen_1024_seed29_real_seq10160_40m_1024_phase_residual_memory_gate_neuron/result/standalone_longseq_anchor_train,10403840.0,6.489210685876411,5.417881011962891,1024.0,40572177.0,json_report_history,E:\CODEXRESEARCH\RESEARCH-1\artifacts\benchmark_runs\language\neuron_search_20260605\manual_self\screen_1024_seed29_real_seq10160_40m_1024_phase_residual_memory_gate_neuron\result.json
neuron_search/screen_1024_seed29_real_seq10160_40m_1024_phase_residual_memory_scalar_centered_gate_neuron/result/standalone_longseq_anchor_train,10403840.0,6.496689305343027,5.429726600646973,1024.0,40439187.0,json_report_history,E:\CODEXRESEARCH\RESEARCH-1\artifacts\benchmark_runs\language\neuron_search_20260605\manual_self\screen_1024_seed29_real_seq10160_40m_1024_phase_residual_memory_scalar_centered_gate_neuron\result.json
neuron_search/screen_1024_seed29_real_seq10160_40m_1024_phase_residual_memory_scalar_gate_neuron/result/standalone_longseq_anchor_train,10403840.0,6.496270082785388,5.428041458129883,1024.0,40439187.0,json_report_history,E:\CODEXRESEARCH\RESEARCH-1\artifacts\benchmark_runs\language\neuron_search_20260605\manual_self\screen_1024_seed29_real_seq10160_40m_1024_phase_residual_memory_scalar_gate_neuron\result.json
neuron_search/screen_1024_seed29_real_seq10160_40m_1024_rank_competition_memory_centered_gate_neuron/result/standalone_longseq_anchor_train,10403840.0,6.486530396882005,5.4098734855651855,1024.0,40572179.0,json_report_history,E:\CODEXRESEARCH\RESEARCH-1\artifacts\benchmark_runs\language\neuron_search_20260605\manual_self\screen_1024_seed29_real_seq10160_40m_1024_rank_competition_memory_centered_gate_neuron\result.json
neuron_search/screen_1024_seed29_real_seq10160_40m_1024_rank_competition_memory_suppressed_centered_gate_neuron/result/standalone_longseq_anchor_train,10403840.0,6.48196838286918,5.430658340454102,1024.0,40572179.0,json_report_history,E:\CODEXRESEARCH\RESEARCH-1\artifacts\benchmark_runs\language\neuron_search_20260605\manual_self\screen_1024_seed29_real_seq10160_40m_1024_rank_competition_memory_suppressed_centered_gate_neuron\result.json
neuron_search/screen_1024_seed29_real_seq10160_40m_1024_rank_competition_neuron/result/standalone_longseq_anchor_train,10403840.0,6.493997481207209,5.431251525878906,1024.0,40437011.0,json_report_history,E:\CODEXRESEARCH\RESEARCH-1\artifacts\benchmark_runs\language\neuron_search_20260605\manual_self\screen_1024_seed29_real_seq10160_40m_1024_rank_competition_neuron\result.json
neuron_search/screen_1024_seed29_real_seq10160_val8_rankcost_1024_v1_baseline/result/standalone_longseq_anchor_train,10403840.0,6.498115837198543,5.432253837585449,1024.0,40437009.0,json_report_history,E:\CODEXRESEARCH\RESEARCH-1\artifacts\benchmark_runs\language\neuron_search_20260605\manual_self\screen_1024_seed29_real_seq10160_val8_rankcost_1024_v1_baseline\result.json
neuron_search/screen_1024_seed29_real_seq10160_val8_rankcost_1024_v1_rank_competition_centered_residual_neuron/result/standalone_longseq_anchor_train,10403840.0,6.495301617881444,5.410987854003906,1024.0,40439059.0,json_report_history,E:\CODEXRESEARCH\RESEARCH-1\artifacts\benchmark_runs\language\neuron_search_20260605\manual_self\screen_1024_seed29_real_seq10160_val8_rankcost_1024_v1_rank_competition_centered_residual_neuron\result.json
neuron_search/screen_1024_seed29_real_seq10160_val8_rankcost_1024_v1_rank_competition_memory_scalar_centered_gate_neuron/result/standalone_longseq_anchor_train,10403840.0,6.4965037546758575,5.418164253234863,1024.0,40439189.0,json_report_history,E:\CODEXRESEARCH\RESEARCH-1\artifacts\benchmark_runs\language\neuron_search_20260605\manual_self\screen_1024_seed29_real_seq10160_val8_rankcost_1024_v1_rank_competition_memory_scalar_centered_gate_neuron\result.json
neuron_search/screen_1024_seed31_real_seq10160_40m_1024_extra_baseline/result/standalone_longseq_anchor_train,10403840.0,6.490791113921038,5.562407493591309,1024.0,40437009.0,json_report_history,E:\CODEXRESEARCH\RESEARCH-1\artifacts\benchmark_runs\language\neuron_search_20260605\manual_self\screen_1024_seed31_real_seq10160_40m_1024_extra_baseline\result.json
neuron_search/screen_1024_seed31_real_seq10160_40m_1024_extra_phase_residual_memory_centered_gate_neuron/result/standalone_longseq_anchor_train,10403840.0,6.495628151180237,5.5345354080200195,1024.0,40572177.0,json_report_history,E:\CODEXRESEARCH\RESEARCH-1\artifacts\benchmark_runs\language\neuron_search_20260605\manual_self\screen_1024_seed31_real_seq10160_40m_1024_extra_phase_residual_memory_centered_gate_neuron\result.json
neuron_search/screen_1024_seed31_real_seq10160_40m_1024_extra_phase_residual_memory_gate_neuron/result/standalone_longseq_anchor_train,10403840.0,6.493193677185088,5.539336204528809,1024.0,40572177.0,json_report_history,E:\CODEXRESEARCH\RESEARCH-1\artifacts\benchmark_runs\language\neuron_search_20260605\manual_self\screen_1024_seed31_real_seq10160_40m_1024_extra_phase_residual_memory_gate_neuron\result.json
neuron_search/screen_1024_seed31_real_seq10160_40m_1024_extra_phase_residual_memory_small_gate_neuron/result/standalone_longseq_anchor_train,10403840.0,6.493580949400354,5.542759895324707,1024.0,40572177.0,json_report_history,E:\CODEXRESEARCH\RESEARCH-1\artifacts\benchmark_runs\language\neuron_search_20260605\manual_self\screen_1024_seed31_real_seq10160_40m_1024_extra_phase_residual_memory_small_gate_neuron\result.json
neuron_search/screen_1024_seed31_real_seq10160_40m_1024_extra_phase_residual_memory_tiny_gate_neuron/result/standalone_longseq_anchor_train,10403840.0,6.493510592453123,5.544368743896484,1024.0,40572177.0,json_report_history,E:\CODEXRESEARCH\RESEARCH-1\artifacts\benchmark_runs\language\neuron_search_20260605\manual_self\screen_1024_seed31_real_seq10160_40m_1024_extra_phase_residual_memory_tiny_gate_neuron\result.json
neuron_search/screen_1024_seed31_real_seq10160_40m_1024_extra_phase_residual_memory_zero_mean_gate_neuron/result/standalone_longseq_anchor_train,10403840.0,6.493214203147438,5.539278984069824,1024.0,40572177.0,json_report_history,E:\CODEXRESEARCH\RESEARCH-1\artifacts\benchmark_runs\language\neuron_search_20260605\manual_self\screen_1024_seed31_real_seq10160_40m_1024_extra_phase_residual_memory_zero_mean_gate_neuron\result.json
neuron_search/screen_1024_seed31_real_seq10160_val8_fullhybrid_extra_1024_v1_baseline/result/standalone_longseq_anchor_train,10403840.0,6.490791113921038,5.562407493591309,1024.0,40437009.0,json_report_history,E:\CODEXRESEARCH\RESEARCH-1\artifacts\benchmark_runs\language\neuron_search_20260605\manual_self\screen_1024_seed31_real_seq10160_val8_fullhybrid_extra_1024_v1_baseline\result.json
neuron_search/screen_1024_seed31_real_seq10160_val8_fullhybrid_extra_1024_v1_rank_competition_memory_centered_gate_neuron/result/standalone_longseq_anchor_train,10403840.0,6.494787213182825,5.530543327331543,1024.0,40572179.0,json_report_history,E:\CODEXRESEARCH\RESEARCH-1\artifacts\benchmark_runs\language\neuron_search_20260605\manual_self\screen_1024_seed31_real_seq10160_val8_fullhybrid_extra_1024_v1_rank_competition_memory_centered_gate_neuron\result.json
neuron_search/screen_1024_seed31_real_seq10160_val8_seed31_competition_masks_1024_v1_baseline/result/standalone_longseq_anchor_train,10403840.0,6.490791113921038,5.562407493591309,1024.0,40437009.0,json_report_history,E:\CODEXRESEARCH\RESEARCH-1\artifacts\benchmark_runs\language\neuron_search_20260605\manual_self\screen_1024_seed31_real_seq10160_val8_seed31_competition_masks_1024_v1_baseline\result.json
neuron_search/screen_1024_seed31_real_seq10160_val8_seed31_competition_masks_1024_v1_rank_competition_memory_suppressed_centered_gate_neuron/result/standalone_longseq_anchor_train,10403840.0,6.490653623746136,5.544279098510742,1024.0,40572179.0,json_report_history,E:\CODEXRESEARCH\RESEARCH-1\artifacts\benchmark_runs\language\neuron_search_20260605\manual_self\screen_1024_seed31_real_seq10160_val8_seed31_competition_masks_1024_v1_rank_competition_memory_suppressed_centered_gate_neuron\result.json
neuron_search/screen_1024_seed31_real_seq10160_val8_seed31_competition_masks_1024_v1_rank_competition_memory_uncertainty_centered_gate_neuron/result/standalone_longseq_anchor_train,10403840.0,6.491906745227303,5.539462089538574,1024.0,40572179.0,json_report_history,E:\CODEXRESEARCH\RESEARCH-1\artifacts\benchmark_runs\language\neuron_search_20260605\manual_self\screen_1024_seed31_real_seq10160_val8_seed31_competition_masks_1024_v1_rank_competition_memory_uncertainty_centered_gate_neuron\result.json
neuron_search/screen_1024_seed31_real_seq10160_val8_seed31_competition_masks_1024_v1_rank_competition_memory_within_group_centered_gate_neuron/result/standalone_longseq_anchor_train,10403840.0,6.494897322485766,5.530057430267334,1024.0,40572179.0,json_report_history,E:\CODEXRESEARCH\RESEARCH-1\artifacts\benchmark_runs\language\neuron_search_20260605\manual_self\screen_1024_seed31_real_seq10160_val8_seed31_competition_masks_1024_v1_rank_competition_memory_within_group_centered_gate_neuron\result.json
neuron_search/screen_1024_seed31_real_seq10160_val8_seed31_hidden_drop_endpoint_1024_v1_baseline/result/standalone_longseq_anchor_train,10403840.0,6.490791113921038,5.562407493591309,1024.0,40437009.0,json_report_history,E:\CODEXRESEARCH\RESEARCH-1\artifacts\benchmark_runs\language\neuron_search_20260605\manual_self\screen_1024_seed31_real_seq10160_val8_seed31_hidden_drop_endpoint_1024_v1_baseline\result.json
neuron_search/screen_1024_seed31_real_seq10160_val8_seed31_hidden_drop_endpoint_1024_v1_hidden_drop_extreme_square_neuron/result/standalone_longseq_anchor_train,10403840.0,6.486462109201536,5.659146308898926,1024.0,40437009.0,json_report_history,E:\CODEXRESEARCH\RESEARCH-1\artifacts\benchmark_runs\language\neuron_search_20260605\manual_self\screen_1024_seed31_real_seq10160_val8_seed31_hidden_drop_endpoint_1024_v1_hidden_drop_extreme_square_neuron\result.json
neuron_search/screen_1024_seed31_real_seq10160_val8_seed31_hidden_drop_endpoint_1024_v1_hidden_drop_ultra_square_neuron/result/standalone_longseq_anchor_train,10403840.0,6.485865390863944,5.637836456298828,1024.0,40437009.0,json_report_history,E:\CODEXRESEARCH\RESEARCH-1\artifacts\benchmark_runs\language\neuron_search_20260605\manual_self\screen_1024_seed31_real_seq10160_val8_seed31_hidden_drop_endpoint_1024_v1_hidden_drop_ultra_square_neuron\result.json
neuron_search/screen_1024_seed31_real_seq10160_val8_seed31_hidden_drop_p25_p30_1024_v1_baseline/result/standalone_longseq_anchor_train,10403840.0,6.490791113921038,5.562407493591309,1024.0,40437009.0,json_report_history,E:\CODEXRESEARCH\RESEARCH-1\artifacts\benchmark_runs\language\neuron_search_20260605\manual_self\screen_1024_seed31_real_seq10160_val8_seed31_hidden_drop_p25_p30_1024_v1_baseline\result.json
neuron_search/screen_1024_seed31_real_seq10160_val8_seed31_hidden_drop_p25_p30_1024_v1_hidden_drop_p25_square_neuron/result/standalone_longseq_anchor_train,10403840.0,6.486498386277927,5.673813819885254,1024.0,40437009.0,json_report_history,E:\CODEXRESEARCH\RESEARCH-1\artifacts\benchmark_runs\language\neuron_search_20260605\manual_self\screen_1024_seed31_real_seq10160_val8_seed31_hidden_drop_p25_p30_1024_v1_hidden_drop_p25_square_neuron\result.json
neuron_search/screen_1024_seed31_real_seq10160_val8_seed31_hidden_drop_p25_p30_1024_v1_hidden_drop_p30_square_neuron/result/standalone_longseq_anchor_train,10403840.0,6.487752128586056,5.69210147857666,1024.0,40437009.0,json_report_history,E:\CODEXRESEARCH\RESEARCH-1\artifacts\benchmark_runs\language\neuron_search_20260605\manual_self\screen_1024_seed31_real_seq10160_val8_seed31_hidden_drop_p25_p30_1024_v1_hidden_drop_p30_square_neuron\result.json
neuron_search/screen_1024_seed31_real_seq10160_val8_seed31_hidden_drop_p35_p40_1024_v1_baseline/result/standalone_longseq_anchor_train,10403840.0,6.490791113921038,5.562407493591309,1024.0,40437009.0,json_report_history,E:\CODEXRESEARCH\RESEARCH-1\artifacts\benchmark_runs\language\neuron_search_20260605\manual_self\screen_1024_seed31_real_seq10160_val8_seed31_hidden_drop_p35_p40_1024_v1_baseline\result.json
neuron_search/screen_1024_seed31_real_seq10160_val8_seed31_hidden_drop_p35_p40_1024_v1_hidden_drop_p35_square_neuron/result/standalone_longseq_anchor_train,10403840.0,6.488544294026893,5.706451892852783,1024.0,40437009.0,json_report_history,E:\CODEXRESEARCH\RESEARCH-1\artifacts\benchmark_runs\language\neuron_search_20260605\manual_self\screen_1024_seed31_real_seq10160_val8_seed31_hidden_drop_p35_p40_1024_v1_hidden_drop_p35_square_neuron\result.json
neuron_search/screen_1024_seed31_real_seq10160_val8_seed31_hidden_drop_p35_p40_1024_v1_hidden_drop_p40_square_neuron/result/standalone_longseq_anchor_train,10403840.0,6.490488214286294,5.721555709838867,1024.0,40437009.0,json_report_history,E:\CODEXRESEARCH\RESEARCH-1\artifacts\benchmark_runs\language\neuron_search_20260605\manual_self\screen_1024_seed31_real_seq10160_val8_seed31_hidden_drop_p35_p40_1024_v1_hidden_drop_p40_square_neuron\result.json
neuron_search/screen_1024_seed31_real_seq10160_val8_seed31_hidden_drop_strength_1024_v1_baseline/result/standalone_longseq_anchor_train,10403840.0,6.490791113921038,5.562407493591309,1024.0,40437009.0,json_report_history,E:\CODEXRESEARCH\RESEARCH-1\artifacts\benchmark_runs\language\neuron_search_20260605\manual_self\screen_1024_seed31_real_seq10160_val8_seed31_hidden_drop_strength_1024_v1_baseline\result.json
neuron_search/screen_1024_seed31_real_seq10160_val8_seed31_hidden_drop_strength_1024_v1_hidden_drop_high_square_neuron/result/standalone_longseq_anchor_train,10403840.0,6.4869172229541565,5.613320350646973,1024.0,40437009.0,json_report_history,E:\CODEXRESEARCH\RESEARCH-1\artifacts\benchmark_runs\language\neuron_search_20260605\manual_self\screen_1024_seed31_real_seq10160_val8_seed31_hidden_drop_strength_1024_v1_hidden_drop_high_square_neuron\result.json
neuron_search/screen_1024_seed31_real_seq10160_val8_seed31_hidden_drop_strength_1024_v1_hidden_drop_mid_square_neuron/result/standalone_longseq_anchor_train,10403840.0,6.487987487053308,5.602258205413818,1024.0,40437009.0,json_report_history,E:\CODEXRESEARCH\RESEARCH-1\artifacts\benchmark_runs\language\neuron_search_20260605\manual_self\screen_1024_seed31_real_seq10160_val8_seed31_hidden_drop_strength_1024_v1_hidden_drop_mid_square_neuron\result.json
neuron_search/screen_1024_seed31_real_seq10160_val8_seed31_hidden_drop_strength_1024_v1_memory_energy_drop_square_neuron/result/standalone_longseq_anchor_train,10403840.0,6.490110675650318,5.593563079833984,1024.0,40437009.0,json_report_history,E:\CODEXRESEARCH\RESEARCH-1\artifacts\benchmark_runs\language\neuron_search_20260605\manual_self\screen_1024_seed31_real_seq10160_val8_seed31_hidden_drop_strength_1024_v1_memory_energy_drop_square_neuron\result.json
neuron_search/screen_1024_seed31_real_seq10160_val8_seed31_hidden_regularizer_1024_v1_baseline/result/standalone_longseq_anchor_train,10403840.0,6.490791113921038,5.562407493591309,1024.0,40437009.0,json_report_history,E:\CODEXRESEARCH\RESEARCH-1\artifacts\benchmark_runs\language\neuron_search_20260605\manual_self\screen_1024_seed31_real_seq10160_val8_seed31_hidden_regularizer_1024_v1_baseline\result.json
neuron_search/screen_1024_seed31_real_seq10160_val8_seed31_hidden_regularizer_1024_v1_channel_drop_square_neuron/result/standalone_longseq_anchor_train,10403840.0,6.491031453083819,5.609025955200195,1024.0,40437009.0,json_report_history,E:\CODEXRESEARCH\RESEARCH-1\artifacts\benchmark_runs\language\neuron_search_20260605\manual_self\screen_1024_seed31_real_seq10160_val8_seed31_hidden_regularizer_1024_v1_channel_drop_square_neuron\result.json
neuron_search/screen_1024_seed31_real_seq10160_val8_seed31_hidden_regularizer_1024_v1_hidden_drop_low_square_neuron/result/standalone_longseq_anchor_train,10403840.0,6.4907588776641,5.573938369750977,1024.0,40437009.0,json_report_history,E:\CODEXRESEARCH\RESEARCH-1\artifacts\benchmark_runs\language\neuron_search_20260605\manual_self\screen_1024_seed31_real_seq10160_val8_seed31_hidden_regularizer_1024_v1_hidden_drop_low_square_neuron\result.json
neuron_search/screen_1024_seed31_real_seq10160_val8_seed31_hidden_regularizer_1024_v1_hidden_drop_square_neuron/result/standalone_longseq_anchor_train,10403840.0,6.488811957085226,5.591764450073242,1024.0,40437009.0,json_report_history,E:\CODEXRESEARCH\RESEARCH-1\artifacts\benchmark_runs\language\neuron_search_20260605\manual_self\screen_1024_seed31_real_seq10160_val8_seed31_hidden_regularizer_1024_v1_hidden_drop_square_neuron\result.json
neuron_search/screen_1024_seed31_real_seq10160_val8_seed31_hidden_regularizer_1024_v1_rank_competition_fixed_feather_channel_drop_neuron/result/standalone_longseq_anchor_train,10403840.0,6.490867328456067,5.608437538146973,1024.0,40437009.0,json_report_history,E:\CODEXRESEARCH\RESEARCH-1\artifacts\benchmark_runs\language\neuron_search_20260605\manual_self\screen_1024_seed31_real_seq10160_val8_seed31_hidden_regularizer_1024_v1_rank_competition_fixed_feather_channel_drop_neuron\result.json
neuron_search/screen_1024_seed31_real_seq10160_val8_seed31_hidden_regularizer_1024_v1_rank_competition_fixed_feather_hidden_drop_neuron/result/standalone_longseq_anchor_train,10403840.0,6.488661163247476,5.591558456420898,1024.0,40437009.0,json_report_history,E:\CODEXRESEARCH\RESEARCH-1\artifacts\benchmark_runs\language\neuron_search_20260605\manual_self\screen_1024_seed31_real_seq10160_val8_seed31_hidden_regularizer_1024_v1_rank_competition_fixed_feather_hidden_drop_neuron\result.json
neuron_search/screen_1024_seed31_real_seq10160_val8_seed31_rank_pressure_1024_v1_baseline/result/standalone_longseq_anchor_train,10403840.0,6.490791113921038,5.562407493591309,1024.0,40437009.0,json_report_history,E:\CODEXRESEARCH\RESEARCH-1\artifacts\benchmark_runs\language\neuron_search_20260605\manual_self\screen_1024_seed31_real_seq10160_val8_seed31_rank_pressure_1024_v1_baseline\result.json
neuron_search/screen_1024_seed31_real_seq10160_val8_seed31_rank_pressure_1024_v1_rank_competition_mild_centered_residual_neuron/result/standalone_longseq_anchor_train,10403840.0,6.490098289805134,5.552660942077637,1024.0,40439059.0,json_report_history,E:\CODEXRESEARCH\RESEARCH-1\artifacts\benchmark_runs\language\neuron_search_20260605\manual_self\screen_1024_seed31_real_seq10160_val8_seed31_rank_pressure_1024_v1_rank_competition_mild_centered_residual_neuron\result.json
neuron_search/screen_1024_seed31_real_seq10160_val8_seed31_rank_pressure_1024_v1_rank_competition_mild_neuron/result/standalone_longseq_anchor_train,10403840.0,6.488402558874896,5.559819221496582,1024.0,40437011.0,json_report_history,E:\CODEXRESEARCH\RESEARCH-1\artifacts\benchmark_runs\language\neuron_search_20260605\manual_self\screen_1024_seed31_real_seq10160_val8_seed31_rank_pressure_1024_v1_rank_competition_mild_neuron\result.json
neuron_search/screen_1024_seed31_real_seq10160_val8_seed31_rank_pressure_1024_v1_rank_competition_soft_centered_residual_neuron/result/standalone_longseq_anchor_train,10403840.0,6.492003682091481,5.553045749664307,1024.0,40439059.0,json_report_history,E:\CODEXRESEARCH\RESEARCH-1\artifacts\benchmark_runs\language\neuron_search_20260605\manual_self\screen_1024_seed31_real_seq10160_val8_seed31_rank_pressure_1024_v1_rank_competition_soft_centered_residual_neuron\result.json
neuron_search/screen_1024_seed31_real_seq10160_val8_seed31_rank_pressure_1024_v1_rank_competition_soft_neuron/result/standalone_longseq_anchor_train,10403840.0,6.489584335098116,5.561157703399658,1024.0,40437011.0,json_report_history,E:\CODEXRESEARCH\RESEARCH-1\artifacts\benchmark_runs\language\neuron_search_20260605\manual_self\screen_1024_seed31_real_seq10160_val8_seed31_rank_pressure_1024_v1_rank_competition_soft_neuron\result.json
neuron_search/screen_1024_seed31_real_seq10160_val8_seed31_rank_pressure_fixed_1024_v1_baseline/result/standalone_longseq_anchor_train,10403840.0,6.490791113921038,5.562407493591309,1024.0,40437009.0,json_report_history,E:\CODEXRESEARCH\RESEARCH-1\artifacts\benchmark_runs\language\neuron_search_20260605\manual_self\screen_1024_seed31_real_seq10160_val8_seed31_rank_pressure_fixed_1024_v1_baseline\result.json
neuron_search/screen_1024_seed31_real_seq10160_val8_seed31_rank_pressure_fixed_1024_v1_rank_competition_fixed_dust_neuron/result/standalone_longseq_anchor_train,10403840.0,6.490779493831274,5.562474250793457,1024.0,40437009.0,json_report_history,E:\CODEXRESEARCH\RESEARCH-1\artifacts\benchmark_runs\language\neuron_search_20260605\manual_self\screen_1024_seed31_real_seq10160_val8_seed31_rank_pressure_fixed_1024_v1_rank_competition_fixed_dust_neuron\result.json
neuron_search/screen_1024_seed31_real_seq10160_val8_seed31_rank_pressure_fixed_1024_v1_rank_competition_fixed_feather_neuron/result/standalone_longseq_anchor_train,10403840.0,6.490631772401764,5.562231540679932,1024.0,40437009.0,json_report_history,E:\CODEXRESEARCH\RESEARCH-1\artifacts\benchmark_runs\language\neuron_search_20260605\manual_self\screen_1024_seed31_real_seq10160_val8_seed31_rank_pressure_fixed_1024_v1_rank_competition_fixed_feather_neuron\result.json
neuron_search/screen_1024_seed31_real_seq10160_val8_seed31_rank_pressure_fixed_1024_v1_rank_competition_fixed_trace_neuron/result/standalone_longseq_anchor_train,10403840.0,6.490721572853449,5.562416076660156,1024.0,40437009.0,json_report_history,E:\CODEXRESEARCH\RESEARCH-1\artifacts\benchmark_runs\language\neuron_search_20260605\manual_self\screen_1024_seed31_real_seq10160_val8_seed31_rank_pressure_fixed_1024_v1_rank_competition_fixed_trace_neuron\result.json
neuron_search/screen_1024_seed31_real_seq10160_val8_seed31_rank_pressure_ultrasoft_1024_v1_baseline/result/standalone_longseq_anchor_train,10403840.0,6.490791113921038,5.562407493591309,1024.0,40437009.0,json_report_history,E:\CODEXRESEARCH\RESEARCH-1\artifacts\benchmark_runs\language\neuron_search_20260605\manual_self\screen_1024_seed31_real_seq10160_val8_seed31_rank_pressure_ultrasoft_1024_v1_baseline\result.json
neuron_search/screen_1024_seed31_real_seq10160_val8_seed31_rank_pressure_ultrasoft_1024_v1_rank_competition_feather_neuron/result/standalone_longseq_anchor_train,10403840.0,6.490636066752156,5.562232494354248,1024.0,40437011.0,json_report_history,E:\CODEXRESEARCH\RESEARCH-1\artifacts\benchmark_runs\language\neuron_search_20260605\manual_self\screen_1024_seed31_real_seq10160_val8_seed31_rank_pressure_ultrasoft_1024_v1_rank_competition_feather_neuron\result.json
neuron_search/screen_1024_seed31_real_seq10160_val8_seed31_rank_pressure_ultrasoft_1024_v1_rank_competition_ultrasoft_neuron/result/standalone_longseq_anchor_train,10403840.0,6.490355917975658,5.5624237060546875,1024.0,40437011.0,json_report_history,E:\CODEXRESEARCH\RESEARCH-1\artifacts\benchmark_runs\language\neuron_search_20260605\manual_self\screen_1024_seed31_real_seq10160_val8_seed31_rank_pressure_ultrasoft_1024_v1_rank_competition_ultrasoft_neuron\result.json
neuron_search/screen_1024_seed31_real_seq10160_val8_seed31_regularized_1024_v1_baseline/result/standalone_longseq_anchor_train,10403840.0,6.490791113921038,5.562407493591309,1024.0,40437009.0,json_report_history,E:\CODEXRESEARCH\RESEARCH-1\artifacts\benchmark_runs\language\neuron_search_20260605\manual_self\screen_1024_seed31_real_seq10160_val8_seed31_regularized_1024_v1_baseline\result.json
neuron_search/screen_1024_seed31_real_seq10160_val8_seed31_regularized_1024_v1_rank_competition_memory_normed_centered_gate_neuron/result/standalone_longseq_anchor_train,10403840.0,6.494292539780534,5.533045768737793,1024.0,40572179.0,json_report_history,E:\CODEXRESEARCH\RESEARCH-1\artifacts\benchmark_runs\language\neuron_search_20260605\manual_self\screen_1024_seed31_real_seq10160_val8_seed31_regularized_1024_v1_rank_competition_memory_normed_centered_gate_neuron\result.json
neuron_search/screen_1024_seed31_real_seq10160_val8_seed31_regularized_1024_v1_rank_competition_memory_small_centered_gate_neuron/result/standalone_longseq_anchor_train,10403840.0,6.493618178743077,5.534441947937012,1024.0,40572179.0,json_report_history,E:\CODEXRESEARCH\RESEARCH-1\artifacts\benchmark_runs\language\neuron_search_20260605\manual_self\screen_1024_seed31_real_seq10160_val8_seed31_regularized_1024_v1_rank_competition_memory_small_centered_gate_neuron\result.json
neuron_search/screen_1024_seed31_real_seq10160_val8_seed31_suppressed_guarded_1024_v1_baseline/result/standalone_longseq_anchor_train,10403840.0,6.490791113921038,5.562407493591309,1024.0,40437009.0,json_report_history,E:\CODEXRESEARCH\RESEARCH-1\artifacts\benchmark_runs\language\neuron_search_20260605\manual_self\screen_1024_seed31_real_seq10160_val8_seed31_suppressed_guarded_1024_v1_baseline\result.json
neuron_search/screen_1024_seed31_real_seq10160_val8_seed31_suppressed_guarded_1024_v1_rank_competition_memory_suppressed_aux_head_centered_gate_neuron/result/standalone_longseq_anchor_train,10403840.0,31.40754250241077,22.293445587158203,1024.0,41620757.0,json_report_history,E:\CODEXRESEARCH\RESEARCH-1\artifacts\benchmark_runs\language\neuron_search_20260605\manual_self\screen_1024_seed31_real_seq10160_val8_seed31_suppressed_guarded_1024_v1_rank_competition_memory_suppressed_aux_head_centered_gate_neuron\result.json
neuron_search/screen_1024_seed31_real_seq10160_val8_seed31_suppressed_guarded_1024_v1_rank_competition_memory_suppressed_energy_matched_centered_gate_neuron/result/standalone_longseq_anchor_train,10403840.0,6.490949440377904,5.542890548706055,1024.0,40572179.0,json_report_history,E:\CODEXRESEARCH\RESEARCH-1\artifacts\benchmark_runs\language\neuron_search_20260605\manual_self\screen_1024_seed31_real_seq10160_val8_seed31_suppressed_guarded_1024_v1_rank_competition_memory_suppressed_energy_matched_centered_gate_neuron\result.json
neuron_search/screen_1024_seed31_real_seq10160_val8_seed31_suppressed_guarded_1024_v1_rank_competition_memory_suppressed_stopgrad_mask_centered_gate_neuron/result/standalone_longseq_anchor_train,10403840.0,6.490351336959779,5.541642189025879,1024.0,40572179.0,json_report_history,E:\CODEXRESEARCH\RESEARCH-1\artifacts\benchmark_runs\language\neuron_search_20260605\manual_self\screen_1024_seed31_real_seq10160_val8_seed31_suppressed_guarded_1024_v1_rank_competition_memory_suppressed_stopgrad_mask_centered_gate_neuron\result.json
neuron_search/screen_1024_seed31_real_seq10160_val8_seed31_suppressed_stable_1024_v1_baseline/result/standalone_longseq_anchor_train,10403840.0,6.490791113921038,5.562407493591309,1024.0,40437009.0,json_report_history,E:\CODEXRESEARCH\RESEARCH-1\artifacts\benchmark_runs\language\neuron_search_20260605\manual_self\screen_1024_seed31_real_seq10160_val8_seed31_suppressed_stable_1024_v1_baseline\result.json
neuron_search/screen_1024_seed31_real_seq10160_val8_seed31_suppressed_stable_1024_v1_rank_competition_memory_suppressed_bounded_centered_gate_neuron/result/standalone_longseq_anchor_train,10403840.0,6.490695723398464,5.54398250579834,1024.0,40572179.0,json_report_history,E:\CODEXRESEARCH\RESEARCH-1\artifacts\benchmark_runs\language\neuron_search_20260605\manual_self\screen_1024_seed31_real_seq10160_val8_seed31_suppressed_stable_1024_v1_rank_competition_memory_suppressed_bounded_centered_gate_neuron\result.json
neuron_search/screen_1024_seed31_real_seq10160_val8_seed31_suppressed_stable_1024_v1_rank_competition_memory_suppressed_bounded_small_centered_gate_neuron/result/standalone_longseq_anchor_train,10403840.0,6.491415230026395,5.541728496551514,1024.0,40572179.0,json_report_history,E:\CODEXRESEARCH\RESEARCH-1\artifacts\benchmark_runs\language\neuron_search_20260605\manual_self\screen_1024_seed31_real_seq10160_val8_seed31_suppressed_stable_1024_v1_rank_competition_memory_suppressed_bounded_small_centered_gate_neuron\result.json
neuron_search/screen_1024_seed31_real_seq10160_val8_seed31_suppressed_stable_1024_v1_rank_competition_memory_suppressed_normed_centered_gate_neuron/result/standalone_longseq_anchor_train,10403840.0,6.4914293403700585,5.54306697845459,1024.0,40572179.0,json_report_history,E:\CODEXRESEARCH\RESEARCH-1\artifacts\benchmark_runs\language\neuron_search_20260605\manual_self\screen_1024_seed31_real_seq10160_val8_seed31_suppressed_stable_1024_v1_rank_competition_memory_suppressed_normed_centered_gate_neuron\result.json
neuron_search/screen_1024_seed31_real_seq10160_val8_seed31_suppressed_stable_1024_v1_rank_competition_memory_suppressed_small_centered_gate_neuron/result/standalone_longseq_anchor_train,10403840.0,6.49137834366851,5.541891098022461,1024.0,40572179.0,json_report_history,E:\CODEXRESEARCH\RESEARCH-1\artifacts\benchmark_runs\language\neuron_search_20260605\manual_self\screen_1024_seed31_real_seq10160_val8_seed31_suppressed_stable_1024_v1_rank_competition_memory_suppressed_small_centered_gate_neuron\result.json
neuron_search/screen_1024_seed43_real_seq10160_40m_1024_extra_baseline/result/standalone_longseq_anchor_train,10403840.0,6.487358072235828,5.350937843322754,1024.0,40437009.0,json_report_history,E:\CODEXRESEARCH\RESEARCH-1\artifacts\benchmark_runs\language\neuron_search_20260605\manual_self\screen_1024_seed43_real_seq10160_40m_1024_extra_baseline\result.json
neuron_search/screen_1024_seed43_real_seq10160_40m_1024_extra_phase_residual_memory_centered_gate_neuron/result/standalone_longseq_anchor_train,10403840.0,6.48502589924129,5.359033584594727,1024.0,40572177.0,json_report_history,E:\CODEXRESEARCH\RESEARCH-1\artifacts\benchmark_runs\language\neuron_search_20260605\manual_self\screen_1024_seed43_real_seq10160_40m_1024_extra_phase_residual_memory_centered_gate_neuron\result.json
neuron_search/screen_1024_seed43_real_seq10160_40m_1024_extra_phase_residual_memory_gate_neuron/result/standalone_longseq_anchor_train,10403840.0,6.486451147860429,5.362852096557617,1024.0,40572177.0,json_report_history,E:\CODEXRESEARCH\RESEARCH-1\artifacts\benchmark_runs\language\neuron_search_20260605\manual_self\screen_1024_seed43_real_seq10160_40m_1024_extra_phase_residual_memory_gate_neuron\result.json
neuron_search/screen_1024_seed43_real_seq10160_val8_fullhybrid_extra_1024_v1_baseline/result/standalone_longseq_anchor_train,10403840.0,6.487358072235828,5.350937843322754,1024.0,40437009.0,json_report_history,E:\CODEXRESEARCH\RESEARCH-1\artifacts\benchmark_runs\language\neuron_search_20260605\manual_self\screen_1024_seed43_real_seq10160_val8_fullhybrid_extra_1024_v1_baseline\result.json
neuron_search/screen_1024_seed43_real_seq10160_val8_fullhybrid_extra_1024_v1_rank_competition_memory_centered_gate_neuron/result/standalone_longseq_anchor_train,10403840.0,6.482294282199829,5.3498334884643555,1024.0,40572179.0,json_report_history,E:\CODEXRESEARCH\RESEARCH-1\artifacts\benchmark_runs\language\neuron_search_20260605\manual_self\screen_1024_seed43_real_seq10160_val8_fullhybrid_extra_1024_v1_rank_competition_memory_centered_gate_neuron\result.json
neuron_search/screen_1024_seed43_real_seq10160_val8_fullhybrid_extra_1024_v1_rank_competition_memory_suppressed_centered_gate_neuron/result/standalone_longseq_anchor_train,10403840.0,6.478143745895446,5.354279518127441,1024.0,40572179.0,json_report_history,E:\CODEXRESEARCH\RESEARCH-1\artifacts\benchmark_runs\language\neuron_search_20260605\manual_self\screen_1024_seed43_real_seq10160_val8_fullhybrid_extra_1024_v1_rank_competition_memory_suppressed_centered_gate_neuron\result.json
neuron_search/screen_128_seed13_real_seq10160_40m_adaptive_basis_neuron/result/standalone_longseq_anchor_train,1300480.0,7.078408324249147,6.999251365661621,128.0,40440087.0,json_report_history,E:\CODEXRESEARCH\RESEARCH-1\artifacts\benchmark_runs\language\neuron_search_20260605\manual_self\screen_128_seed13_real_seq10160_40m_adaptive_basis_neuron\result.json
neuron_search/screen_128_seed13_real_seq10160_40m_baseline/result/standalone_longseq_anchor_train,1300480.0,7.04758435384495,6.978597640991211,128.0,40437009.0,json_report_history,E:\CODEXRESEARCH\RESEARCH-1\artifacts\benchmark_runs\language\neuron_search_20260605\manual_self\screen_128_seed13_real_seq10160_40m_baseline\result.json
neuron_search/screen_128_seed13_real_seq10160_40m_bottleneck_aware_neuron/result/standalone_longseq_anchor_train,1300480.0,7.038247890547504,6.98004150390625,128.0,41684241.0,json_report_history,E:\CODEXRESEARCH\RESEARCH-1\artifacts\benchmark_runs\language\neuron_search_20260605\manual_self\screen_128_seed13_real_seq10160_40m_bottleneck_aware_neuron\result.json
neuron_search/screen_128_seed13_real_seq10160_40m_conv_disagreement_neuron/result/standalone_longseq_anchor_train,1300480.0,7.050714299434752,6.982368469238281,128.0,40437009.0,json_report_history,E:\CODEXRESEARCH\RESEARCH-1\artifacts\benchmark_runs\language\neuron_search_20260605\manual_self\screen_128_seed13_real_seq10160_40m_conv_disagreement_neuron\result.json
neuron_search/screen_128_seed13_real_seq10160_40m_mem_threshold_neuron/result/standalone_longseq_anchor_train,1300480.0,7.055655684058122,6.996837139129639,128.0,40703249.0,json_report_history,E:\CODEXRESEARCH\RESEARCH-1\artifacts\benchmark_runs\language\neuron_search_20260605\manual_self\screen_128_seed13_real_seq10160_40m_mem_threshold_neuron\result.json
neuron_search/screen_128_seed13_real_seq10160_40m_memory_square_centered_gain_neuron/result/standalone_longseq_anchor_train,1300480.0,7.050359352554862,6.969663619995117,128.0,40570129.0,json_report_history,E:\CODEXRESEARCH\RESEARCH-1\artifacts\benchmark_runs\language\neuron_search_20260605\manual_self\screen_128_seed13_real_seq10160_40m_memory_square_centered_gain_neuron\result.json
neuron_search/screen_128_seed13_real_seq10160_40m_memory_square_conv_agreement_gain_neuron/result/standalone_longseq_anchor_train,1300480.0,7.055593721134456,6.990781784057617,128.0,40437141.0,json_report_history,E:\CODEXRESEARCH\RESEARCH-1\artifacts\benchmark_runs\language\neuron_search_20260605\manual_self\screen_128_seed13_real_seq10160_40m_memory_square_conv_agreement_gain_neuron\result.json
neuron_search/screen_128_seed13_real_seq10160_40m_memory_square_gain_neuron/result/standalone_longseq_anchor_train,1300480.0,7.0503677704202845,6.969672679901123,128.0,40570129.0,json_report_history,E:\CODEXRESEARCH\RESEARCH-1\artifacts\benchmark_runs\language\neuron_search_20260605\manual_self\screen_128_seed13_real_seq10160_40m_memory_square_gain_neuron\result.json
neuron_search/screen_128_seed13_real_seq10160_40m_memory_square_novelty_gain_neuron/result/standalone_longseq_anchor_train,1300480.0,7.050522811018576,6.969664573669434,128.0,40570129.0,json_report_history,E:\CODEXRESEARCH\RESEARCH-1\artifacts\benchmark_runs\language\neuron_search_20260605\manual_self\screen_128_seed13_real_seq10160_40m_memory_square_novelty_gain_neuron\result.json
neuron_search/screen_128_seed13_real_seq10160_40m_memory_square_scalar_gain_neuron/result/standalone_longseq_anchor_train,1300480.0,7.055484792754406,6.990614891052246,128.0,40437139.0,json_report_history,E:\CODEXRESEARCH\RESEARCH-1\artifacts\benchmark_runs\language\neuron_search_20260605\manual_self\screen_128_seed13_real_seq10160_40m_memory_square_scalar_gain_neuron\result.json
neuron_search/screen_128_seed13_real_seq10160_40m_memory_square_small_gain_neuron/result/standalone_longseq_anchor_train,1300480.0,7.050469693424195,6.969684600830078,128.0,40570129.0,json_report_history,E:\CODEXRESEARCH\RESEARCH-1\artifacts\benchmark_runs\language\neuron_search_20260605\manual_self\screen_128_seed13_real_seq10160_40m_memory_square_small_gain_neuron\result.json
neuron_search/screen_128_seed13_real_seq10160_40m_phase_residual_blend_centered_neuron/result/standalone_longseq_anchor_train,1300480.0,7.026332554854746,6.966439723968506,128.0,40439057.0,json_report_history,E:\CODEXRESEARCH\RESEARCH-1\artifacts\benchmark_runs\language\neuron_search_20260605\manual_self\screen_128_seed13_real_seq10160_40m_phase_residual_blend_centered_neuron\result.json
neuron_search/screen_128_seed13_real_seq10160_40m_phase_residual_blend_half_neuron/result/standalone_longseq_anchor_train,1300480.0,7.038164809369666,6.970086097717285,128.0,40439057.0,json_report_history,E:\CODEXRESEARCH\RESEARCH-1\artifacts\benchmark_runs\language\neuron_search_20260605\manual_self\screen_128_seed13_real_seq10160_40m_phase_residual_blend_half_neuron\result.json
neuron_search/screen_128_seed13_real_seq10160_40m_phase_residual_blend_large_neuron/result/standalone_longseq_anchor_train,1300480.0,7.042631525692977,6.973706245422363,128.0,40439057.0,json_report_history,E:\CODEXRESEARCH\RESEARCH-1\artifacts\benchmark_runs\language\neuron_search_20260605\manual_self\screen_128_seed13_real_seq10160_40m_phase_residual_blend_large_neuron\result.json
neuron_search/screen_128_seed13_real_seq10160_40m_phase_residual_blend_neuron/result/standalone_longseq_anchor_train,1300480.0,7.045201171289278,6.976337909698486,128.0,40439057.0,json_report_history,E:\CODEXRESEARCH\RESEARCH-1\artifacts\benchmark_runs\language\neuron_search_20260605\manual_self\screen_128_seed13_real_seq10160_40m_phase_residual_blend_neuron\result.json
neuron_search/screen_128_seed13_real_seq10160_40m_phase_residual_blend_normed_neuron/result/standalone_longseq_anchor_train,1300480.0,7.040292317473043,6.9716291427612305,128.0,40439057.0,json_report_history,E:\CODEXRESEARCH\RESEARCH-1\artifacts\benchmark_runs\language\neuron_search_20260605\manual_self\screen_128_seed13_real_seq10160_40m_phase_residual_blend_normed_neuron\result.json
neuron_search/screen_128_seed13_real_seq10160_40m_phase_residual_blend_quarter_neuron/result/standalone_longseq_anchor_train,1300480.0,7.042939077963041,6.974052906036377,128.0,40439057.0,json_report_history,E:\CODEXRESEARCH\RESEARCH-1\artifacts\benchmark_runs\language\neuron_search_20260605\manual_self\screen_128_seed13_real_seq10160_40m_phase_residual_blend_quarter_neuron\result.json
neuron_search/screen_128_seed13_real_seq10160_40m_phase_residual_blend_tiny_neuron/result/standalone_longseq_anchor_train,1300480.0,7.0471584290031375,6.978186130523682,128.0,40439057.0,json_report_history,E:\CODEXRESEARCH\RESEARCH-1\artifacts\benchmark_runs\language\neuron_search_20260605\manual_self\screen_128_seed13_real_seq10160_40m_phase_residual_blend_tiny_neuron\result.json
neuron_search/screen_128_seed13_real_seq10160_40m_phase_residual_boundary_blend_neuron/result/standalone_longseq_anchor_train,1300480.0,7.045030746872969,6.975275039672852,128.0,40439057.0,json_report_history,E:\CODEXRESEARCH\RESEARCH-1\artifacts\benchmark_runs\language\neuron_search_20260605\manual_self\screen_128_seed13_real_seq10160_40m_phase_residual_boundary_blend_neuron\result.json
neuron_search/screen_128_seed13_real_seq10160_40m_phase_residual_boundary_centered_neuron/result/standalone_longseq_anchor_train,1300480.0,7.037923017449266,6.972344398498535,128.0,40439057.0,json_report_history,E:\CODEXRESEARCH\RESEARCH-1\artifacts\benchmark_runs\language\neuron_search_20260605\manual_self\screen_128_seed13_real_seq10160_40m_phase_residual_boundary_centered_neuron\result.json
neuron_search/screen_128_seed13_real_seq10160_40m_phase_residual_conv_energy_gate_neuron/result/standalone_longseq_anchor_train,1300480.0,7.03863980751338,6.970428466796875,128.0,40439059.0,json_report_history,E:\CODEXRESEARCH\RESEARCH-1\artifacts\benchmark_runs\language\neuron_search_20260605\manual_self\screen_128_seed13_real_seq10160_40m_phase_residual_conv_energy_gate_neuron\result.json
neuron_search/screen_128_seed13_real_seq10160_40m_phase_residual_memory_boundary_centered_gate_neuron/result/standalone_longseq_anchor_train,1300480.0,7.042244796865568,6.964666843414307,128.0,40572177.0,json_report_history,E:\CODEXRESEARCH\RESEARCH-1\artifacts\benchmark_runs\language\neuron_search_20260605\manual_self\screen_128_seed13_real_seq10160_40m_phase_residual_memory_boundary_centered_gate_neuron\result.json
neuron_search/screen_128_seed13_real_seq10160_40m_phase_residual_memory_boundary_gate_neuron/result/standalone_longseq_anchor_train,1300480.0,7.046788743349511,6.969216346740723,128.0,40572177.0,json_report_history,E:\CODEXRESEARCH\RESEARCH-1\artifacts\benchmark_runs\language\neuron_search_20260605\manual_self\screen_128_seed13_real_seq10160_40m_phase_residual_memory_boundary_gate_neuron\result.json
neuron_search/screen_128_seed13_real_seq10160_40m_phase_residual_memory_boundary_scalar_gate_neuron/result/standalone_longseq_anchor_train,1300480.0,7.052209139433433,6.988223552703857,128.0,40439187.0,json_report_history,E:\CODEXRESEARCH\RESEARCH-1\artifacts\benchmark_runs\language\neuron_search_20260605\manual_self\screen_128_seed13_real_seq10160_40m_phase_residual_memory_boundary_scalar_gate_neuron\result.json
neuron_search/screen_128_seed13_real_seq10160_40m_phase_residual_memory_bounded_centered_gate_neuron/result/standalone_longseq_anchor_train,1300480.0,7.031265383630287,6.959271430969238,128.0,40572177.0,json_report_history,E:\CODEXRESEARCH\RESEARCH-1\artifacts\benchmark_runs\language\neuron_search_20260605\manual_self\screen_128_seed13_real_seq10160_40m_phase_residual_memory_bounded_centered_gate_neuron\result.json
neuron_search/screen_128_seed13_real_seq10160_40m_phase_residual_memory_bounded_gate_neuron/result/standalone_longseq_anchor_train,1300480.0,7.040091356893224,6.965042591094971,128.0,40572177.0,json_report_history,E:\CODEXRESEARCH\RESEARCH-1\artifacts\benchmark_runs\language\neuron_search_20260605\manual_self\screen_128_seed13_real_seq10160_40m_phase_residual_memory_bounded_gate_neuron\result.json
neuron_search/screen_128_seed13_real_seq10160_40m_phase_residual_memory_centered_gate_neuron/result/standalone_longseq_anchor_train,1300480.0,7.031217403674689,6.959259033203125,128.0,40572177.0,json_report_history,E:\CODEXRESEARCH\RESEARCH-1\artifacts\benchmark_runs\language\neuron_search_20260605\manual_self\screen_128_seed13_real_seq10160_40m_phase_residual_memory_centered_gate_neuron\result.json
neuron_search/screen_128_seed13_real_seq10160_40m_phase_residual_memory_conv_agreement_neuron/result/standalone_longseq_anchor_train,1300480.0,7.038150843109672,6.970093727111816,128.0,40439059.0,json_report_history,E:\CODEXRESEARCH\RESEARCH-1\artifacts\benchmark_runs\language\neuron_search_20260605\manual_self\screen_128_seed13_real_seq10160_40m_phase_residual_memory_conv_agreement_neuron\result.json
neuron_search/screen_128_seed13_real_seq10160_40m_phase_residual_memory_conv_centered_agreement_neuron/result/standalone_longseq_anchor_train,1300480.0,7.026336921106173,6.966403007507324,128.0,40439059.0,json_report_history,E:\CODEXRESEARCH\RESEARCH-1\artifacts\benchmark_runs\language\neuron_search_20260605\manual_self\screen_128_seed13_real_seq10160_40m_phase_residual_memory_conv_centered_agreement_neuron\result.json
neuron_search/screen_128_seed13_real_seq10160_40m_phase_residual_memory_conv_disagreement_damp_neuron/result/standalone_longseq_anchor_train,1300480.0,7.038156107279259,6.970077991485596,128.0,40439059.0,json_report_history,E:\CODEXRESEARCH\RESEARCH-1\artifacts\benchmark_runs\language\neuron_search_20260605\manual_self\screen_128_seed13_real_seq10160_40m_phase_residual_memory_conv_disagreement_damp_neuron\result.json
neuron_search/screen_128_seed13_real_seq10160_40m_phase_residual_memory_delta_gate_neuron/result/standalone_longseq_anchor_train,1300480.0,7.040086772498183,6.9650115966796875,128.0,40572177.0,json_report_history,E:\CODEXRESEARCH\RESEARCH-1\artifacts\benchmark_runs\language\neuron_search_20260605\manual_self\screen_128_seed13_real_seq10160_40m_phase_residual_memory_delta_gate_neuron\result.json
neuron_search/screen_128_seed13_real_seq10160_40m_phase_residual_memory_gate_neuron/result/standalone_longseq_anchor_train,1300480.0,7.040080363168491,6.965015411376953,128.0,40572177.0,json_report_history,E:\CODEXRESEARCH\RESEARCH-1\artifacts\benchmark_runs\language\neuron_search_20260605\manual_self\screen_128_seed13_real_seq10160_40m_phase_residual_memory_gate_neuron\result.json
neuron_search/screen_128_seed13_real_seq10160_40m_phase_residual_memory_group_gate_neuron/result/standalone_longseq_anchor_train,1300480.0,7.05901257541236,6.998297691345215,128.0,40441137.0,json_report_history,E:\CODEXRESEARCH\RESEARCH-1\artifacts\benchmark_runs\language\neuron_search_20260605\manual_self\screen_128_seed13_real_seq10160_40m_phase_residual_memory_group_gate_neuron\result.json
neuron_search/screen_128_seed13_real_seq10160_40m_phase_residual_memory_normed_gate_neuron/result/standalone_longseq_anchor_train,1300480.0,7.0420074307073754,6.9664201736450195,128.0,40572177.0,json_report_history,E:\CODEXRESEARCH\RESEARCH-1\artifacts\benchmark_runs\language\neuron_search_20260605\manual_self\screen_128_seed13_real_seq10160_40m_phase_residual_memory_normed_gate_neuron\result.json
neuron_search/screen_128_seed13_real_seq10160_40m_phase_residual_memory_novelty_centered_gate_neuron/result/standalone_longseq_anchor_train,1300480.0,7.031236404884519,6.959270477294922,128.0,40572177.0,json_report_history,E:\CODEXRESEARCH\RESEARCH-1\artifacts\benchmark_runs\language\neuron_search_20260605\manual_self\screen_128_seed13_real_seq10160_40m_phase_residual_memory_novelty_centered_gate_neuron\result.json
neuron_search/screen_128_seed13_real_seq10160_40m_phase_residual_memory_novelty_gate_neuron/result/standalone_longseq_anchor_train,1300480.0,7.040097518980972,6.965029716491699,128.0,40572177.0,json_report_history,E:\CODEXRESEARCH\RESEARCH-1\artifacts\benchmark_runs\language\neuron_search_20260605\manual_self\screen_128_seed13_real_seq10160_40m_phase_residual_memory_novelty_gate_neuron\result.json
neuron_search/screen_128_seed13_real_seq10160_40m_phase_residual_memory_novelty_tiny_gate_neuron/result/standalone_longseq_anchor_train,1300480.0,7.044324226454487,6.967898368835449,128.0,40572177.0,json_report_history,E:\CODEXRESEARCH\RESEARCH-1\artifacts\benchmark_runs\language\neuron_search_20260605\manual_self\screen_128_seed13_real_seq10160_40m_phase_residual_memory_novelty_tiny_gate_neuron\result.json
neuron_search/screen_128_seed13_real_seq10160_40m_phase_residual_memory_rms_gate_neuron/result/standalone_longseq_anchor_train,1300480.0,7.040075049813338,6.965024948120117,128.0,40572177.0,json_report_history,E:\CODEXRESEARCH\RESEARCH-1\artifacts\benchmark_runs\language\neuron_search_20260605\manual_self\screen_128_seed13_real_seq10160_40m_phase_residual_memory_rms_gate_neuron\result.json
neuron_search/screen_128_seed13_real_seq10160_40m_phase_residual_memory_scalar_centered_gate_neuron/result/standalone_longseq_anchor_train,1300480.0,7.032526553146482,6.976589202880859,128.0,40439187.0,json_report_history,E:\CODEXRESEARCH\RESEARCH-1\artifacts\benchmark_runs\language\neuron_search_20260605\manual_self\screen_128_seed13_real_seq10160_40m_phase_residual_memory_scalar_centered_gate_neuron\result.json
neuron_search/screen_128_seed13_real_seq10160_40m_phase_residual_memory_scalar_gate_neuron/result/standalone_longseq_anchor_train,1300480.0,7.046850820413725,6.984123229980469,128.0,40439187.0,json_report_history,E:\CODEXRESEARCH\RESEARCH-1\artifacts\benchmark_runs\language\neuron_search_20260605\manual_self\screen_128_seed13_real_seq10160_40m_phase_residual_memory_scalar_gate_neuron\result.json
neuron_search/screen_128_seed13_real_seq10160_40m_phase_residual_memory_sparse_centered_gate_neuron/result/standalone_longseq_anchor_train,1300480.0,7.031266055520125,6.95927619934082,128.0,40572177.0,json_report_history,E:\CODEXRESEARCH\RESEARCH-1\artifacts\benchmark_runs\language\neuron_search_20260605\manual_self\screen_128_seed13_real_seq10160_40m_phase_residual_memory_sparse_centered_gate_neuron\result.json
neuron_search/screen_128_seed13_real_seq10160_40m_phase_residual_memory_sparse_gate_neuron/result/standalone_longseq_anchor_train,1300480.0,7.040096959542102,6.965032577514648,128.0,40572177.0,json_report_history,E:\CODEXRESEARCH\RESEARCH-1\artifacts\benchmark_runs\language\neuron_search_20260605\manual_self\screen_128_seed13_real_seq10160_40m_phase_residual_memory_sparse_gate_neuron\result.json
neuron_search/screen_128_seed13_real_seq10160_40m_rank_competition_memory_centered_gate_neuron/result/standalone_longseq_anchor_train,1300480.0,7.020336501617131,6.952147960662842,128.0,40572179.0,json_report_history,E:\CODEXRESEARCH\RESEARCH-1\artifacts\benchmark_runs\language\neuron_search_20260605\manual_self\screen_128_seed13_real_seq10160_40m_rank_competition_memory_centered_gate_neuron\result.json
neuron_search/screen_128_seed13_real_seq10160_40m_rank_competition_memory_gate_neuron/result/standalone_longseq_anchor_train,1300480.0,7.040089718187888,6.963685989379883,128.0,40572179.0,json_report_history,E:\CODEXRESEARCH\RESEARCH-1\artifacts\benchmark_runs\language\neuron_search_20260605\manual_self\screen_128_seed13_real_seq10160_40m_rank_competition_memory_gate_neuron\result.json
neuron_search/screen_128_seed13_real_seq10160_40m_rank_competition_neuron/result/standalone_longseq_anchor_train,1300480.0,7.043744628635917,6.980452537536621,128.0,40437011.0,json_report_history,E:\CODEXRESEARCH\RESEARCH-1\artifacts\benchmark_runs\language\neuron_search_20260605\manual_self\screen_128_seed13_real_seq10160_40m_rank_competition_neuron\result.json
neuron_search/screen_128_seed13_real_seq10160_40m_stable_competition_neuron/result/standalone_longseq_anchor_train,1300480.0,7.054999172218203,6.9903388023376465,128.0,40437013.0,json_report_history,E:\CODEXRESEARCH\RESEARCH-1\artifacts\benchmark_runs\language\neuron_search_20260605\manual_self\screen_128_seed13_real_seq10160_40m_stable_competition_neuron\result.json
neuron_search/screen_128_seed13_real_seq10160_40m_stable_square_neuron/result/standalone_longseq_anchor_train,1300480.0,7.059827147130891,6.992870330810547,128.0,40437011.0,json_report_history,E:\CODEXRESEARCH\RESEARCH-1\artifacts\benchmark_runs\language\neuron_search_20260605\manual_self\screen_128_seed13_real_seq10160_40m_stable_square_neuron\result.json
neuron_search/screen_128_seed13_real_seq10160_40m_stateful_threshold_neuron/result/standalone_longseq_anchor_train,1300480.0,7.046730247257263,6.978612422943115,128.0,40437011.0,json_report_history,E:\CODEXRESEARCH\RESEARCH-1\artifacts\benchmark_runs\language\neuron_search_20260605\manual_self\screen_128_seed13_real_seq10160_40m_stateful_threshold_neuron\result.json
neuron_search/screen_128_seed13_real_seq10160_val8_rank_hybrid_cost_v1_baseline/result/standalone_longseq_anchor_train,1300480.0,7.19901418751619,6.978597640991211,128.0,40437009.0,json_report_history,E:\CODEXRESEARCH\RESEARCH-1\artifacts\benchmark_runs\language\neuron_search_20260605\manual_self\screen_128_seed13_real_seq10160_val8_rank_hybrid_cost_v1_baseline\result.json
neuron_search/screen_128_seed13_real_seq10160_val8_rank_hybrid_cost_v1_rank_competition_centered_residual_neuron/result/standalone_longseq_anchor_train,1300480.0,7.17848646377954,6.969817638397217,128.0,40439059.0,json_report_history,E:\CODEXRESEARCH\RESEARCH-1\artifacts\benchmark_runs\language\neuron_search_20260605\manual_self\screen_128_seed13_real_seq10160_val8_rank_hybrid_cost_v1_rank_competition_centered_residual_neuron\result.json
neuron_search/screen_128_seed13_real_seq10160_val8_rank_hybrid_cost_v1_rank_competition_memory_factor_centered_gate_neuron/result/standalone_longseq_anchor_train,1300480.0,7.184303937652918,6.978433609008789,128.0,40473907.0,json_report_history,E:\CODEXRESEARCH\RESEARCH-1\artifacts\benchmark_runs\language\neuron_search_20260605\manual_self\screen_128_seed13_real_seq10160_val8_rank_hybrid_cost_v1_rank_competition_memory_factor_centered_gate_neuron\result.json
neuron_search/screen_128_seed13_real_seq10160_val8_rank_hybrid_cost_v1_rank_competition_memory_group_centered_gate_neuron/result/standalone_longseq_anchor_train,1300480.0,7.194880051124753,6.993017673492432,128.0,40441139.0,json_report_history,E:\CODEXRESEARCH\RESEARCH-1\artifacts\benchmark_runs\language\neuron_search_20260605\manual_self\screen_128_seed13_real_seq10160_val8_rank_hybrid_cost_v1_rank_competition_memory_group_centered_gate_neuron\result.json
neuron_search/screen_128_seed13_real_seq10160_val8_rank_hybrid_cost_v1_rank_competition_memory_scalar_centered_gate_neuron/result/standalone_longseq_anchor_train,1300480.0,7.178205793298136,6.969995498657227,128.0,40439189.0,json_report_history,E:\CODEXRESEARCH\RESEARCH-1\artifacts\benchmark_runs\language\neuron_search_20260605\manual_self\screen_128_seed13_real_seq10160_val8_rank_hybrid_cost_v1_rank_competition_memory_scalar_centered_gate_neuron\result.json
neuron_search/screen_128_seed17_real_seq10160_40m_adaptive_basis_neuron/result/standalone_longseq_anchor_train,1300480.0,7.0757170001352865,7.244438171386719,128.0,40440087.0,json_report_history,E:\CODEXRESEARCH\RESEARCH-1\artifacts\benchmark_runs\language\neuron_search_20260605\manual_self\screen_128_seed17_real_seq10160_40m_adaptive_basis_neuron\result.json
neuron_search/screen_128_seed17_real_seq10160_40m_baseline/result/standalone_longseq_anchor_train,1300480.0,7.075411135192931,7.25539493560791,128.0,40437009.0,json_report_history,E:\CODEXRESEARCH\RESEARCH-1\artifacts\benchmark_runs\language\neuron_search_20260605\manual_self\screen_128_seed17_real_seq10160_40m_baseline\result.json
neuron_search/screen_128_seed17_real_seq10160_40m_bottleneck_aware_neuron/result/standalone_longseq_anchor_train,1300480.0,7.066368136818953,7.237236022949219,128.0,41684241.0,json_report_history,E:\CODEXRESEARCH\RESEARCH-1\artifacts\benchmark_runs\language\neuron_search_20260605\manual_self\screen_128_seed17_real_seq10160_40m_bottleneck_aware_neuron\result.json
neuron_search/screen_128_seed17_real_seq10160_40m_conv_disagreement_neuron/result/standalone_longseq_anchor_train,1300480.0,7.076298114258473,7.255642414093018,128.0,40437009.0,json_report_history,E:\CODEXRESEARCH\RESEARCH-1\artifacts\benchmark_runs\language\neuron_search_20260605\manual_self\screen_128_seed17_real_seq10160_40m_conv_disagreement_neuron\result.json
neuron_search/screen_128_seed17_real_seq10160_40m_mem_threshold_neuron/result/standalone_longseq_anchor_train,1300480.0,7.046262966366265,7.214363098144531,128.0,40703249.0,json_report_history,E:\CODEXRESEARCH\RESEARCH-1\artifacts\benchmark_runs\language\neuron_search_20260605\manual_self\screen_128_seed17_real_seq10160_40m_mem_threshold_neuron\result.json
neuron_search/screen_128_seed17_real_seq10160_40m_memory_square_centered_gain_neuron/result/standalone_longseq_anchor_train,1300480.0,7.050852163382403,7.230928897857666,128.0,40570129.0,json_report_history,E:\CODEXRESEARCH\RESEARCH-1\artifacts\benchmark_runs\language\neuron_search_20260605\manual_self\screen_128_seed17_real_seq10160_40m_memory_square_centered_gain_neuron\result.json
neuron_search/screen_128_seed17_real_seq10160_40m_memory_square_conv_agreement_gain_neuron/result/standalone_longseq_anchor_train,1300480.0,7.05974468621682,7.226149559020996,128.0,40437141.0,json_report_history,E:\CODEXRESEARCH\RESEARCH-1\artifacts\benchmark_runs\language\neuron_search_20260605\manual_self\screen_128_seed17_real_seq10160_40m_memory_square_conv_agreement_gain_neuron\result.json
neuron_search/screen_128_seed17_real_seq10160_40m_memory_square_gain_neuron/result/standalone_longseq_anchor_train,1300480.0,7.05086139769066,7.230900764465332,128.0,40570129.0,json_report_history,E:\CODEXRESEARCH\RESEARCH-1\artifacts\benchmark_runs\language\neuron_search_20260605\manual_self\screen_128_seed17_real_seq10160_40m_memory_square_gain_neuron\result.json
neuron_search/screen_128_seed17_real_seq10160_40m_memory_square_novelty_gain_neuron/result/standalone_longseq_anchor_train,1300480.0,7.050877184567489,7.230892658233643,128.0,40570129.0,json_report_history,E:\CODEXRESEARCH\RESEARCH-1\artifacts\benchmark_runs\language\neuron_search_20260605\manual_self\screen_128_seed17_real_seq10160_40m_memory_square_novelty_gain_neuron\result.json
neuron_search/screen_128_seed17_real_seq10160_40m_memory_square_scalar_gain_neuron/result/standalone_longseq_anchor_train,1300480.0,7.059834404442254,7.226214408874512,128.0,40437139.0,json_report_history,E:\CODEXRESEARCH\RESEARCH-1\artifacts\benchmark_runs\language\neuron_search_20260605\manual_self\screen_128_seed17_real_seq10160_40m_memory_square_scalar_gain_neuron\result.json
neuron_search/screen_128_seed17_real_seq10160_40m_memory_square_small_gain_neuron/result/standalone_longseq_anchor_train,1300480.0,7.050904513719514,7.230954170227051,128.0,40570129.0,json_report_history,E:\CODEXRESEARCH\RESEARCH-1\artifacts\benchmark_runs\language\neuron_search_20260605\manual_self\screen_128_seed17_real_seq10160_40m_memory_square_small_gain_neuron\result.json
neuron_search/screen_128_seed17_real_seq10160_40m_phase_residual_blend_centered_neuron/result/standalone_longseq_anchor_train,1300480.0,7.05188516012327,7.231757164001465,128.0,40439057.0,json_report_history,E:\CODEXRESEARCH\RESEARCH-1\artifacts\benchmark_runs\language\neuron_search_20260605\manual_self\screen_128_seed17_real_seq10160_40m_phase_residual_blend_centered_neuron\result.json
neuron_search/screen_128_seed17_real_seq10160_40m_phase_residual_blend_half_neuron/result/standalone_longseq_anchor_train,1300480.0,7.065231561097573,7.245823860168457,128.0,40439057.0,json_report_history,E:\CODEXRESEARCH\RESEARCH-1\artifacts\benchmark_runs\language\neuron_search_20260605\manual_self\screen_128_seed17_real_seq10160_40m_phase_residual_blend_half_neuron\result.json
neuron_search/screen_128_seed17_real_seq10160_40m_phase_residual_blend_large_neuron/result/standalone_longseq_anchor_train,1300480.0,7.069295544136228,7.250613689422607,128.0,40439057.0,json_report_history,E:\CODEXRESEARCH\RESEARCH-1\artifacts\benchmark_runs\language\neuron_search_20260605\manual_self\screen_128_seed17_real_seq10160_40m_phase_residual_blend_large_neuron\result.json
neuron_search/screen_128_seed17_real_seq10160_40m_phase_residual_blend_neuron/result/standalone_longseq_anchor_train,1300480.0,7.073481033730695,7.25425910949707,128.0,40439057.0,json_report_history,E:\CODEXRESEARCH\RESEARCH-1\artifacts\benchmark_runs\language\neuron_search_20260605\manual_self\screen_128_seed17_real_seq10160_40m_phase_residual_blend_neuron\result.json
neuron_search/screen_128_seed17_real_seq10160_40m_phase_residual_blend_normed_neuron/result/standalone_longseq_anchor_train,1300480.0,7.066812666757839,7.247841835021973,128.0,40439057.0,json_report_history,E:\CODEXRESEARCH\RESEARCH-1\artifacts\benchmark_runs\language\neuron_search_20260605\manual_self\screen_128_seed17_real_seq10160_40m_phase_residual_blend_normed_neuron\result.json
neuron_search/screen_128_seed17_real_seq10160_40m_phase_residual_blend_quarter_neuron/result/standalone_longseq_anchor_train,1300480.0,7.069849496000395,7.251125335693359,128.0,40439057.0,json_report_history,E:\CODEXRESEARCH\RESEARCH-1\artifacts\benchmark_runs\language\neuron_search_20260605\manual_self\screen_128_seed17_real_seq10160_40m_phase_residual_blend_quarter_neuron\result.json
neuron_search/screen_128_seed17_real_seq10160_40m_phase_residual_blend_tiny_neuron/result/standalone_longseq_anchor_train,1300480.0,7.075178657929729,7.255329132080078,128.0,40439057.0,json_report_history,E:\CODEXRESEARCH\RESEARCH-1\artifacts\benchmark_runs\language\neuron_search_20260605\manual_self\screen_128_seed17_real_seq10160_40m_phase_residual_blend_tiny_neuron\result.json
neuron_search/screen_128_seed17_real_seq10160_40m_phase_residual_boundary_blend_neuron/result/standalone_longseq_anchor_train,1300480.0,7.071335069025595,7.252594947814941,128.0,40439057.0,json_report_history,E:\CODEXRESEARCH\RESEARCH-1\artifacts\benchmark_runs\language\neuron_search_20260605\manual_self\screen_128_seed17_real_seq10160_40m_phase_residual_boundary_blend_neuron\result.json
neuron_search/screen_128_seed17_real_seq10160_40m_phase_residual_boundary_centered_neuron/result/standalone_longseq_anchor_train,1300480.0,7.064391597988099,7.244970798492432,128.0,40439057.0,json_report_history,E:\CODEXRESEARCH\RESEARCH-1\artifacts\benchmark_runs\language\neuron_search_20260605\manual_self\screen_128_seed17_real_seq10160_40m_phase_residual_boundary_centered_neuron\result.json
neuron_search/screen_128_seed17_real_seq10160_40m_phase_residual_conv_energy_gate_neuron/result/standalone_longseq_anchor_train,1300480.0,7.06565147572615,7.246212005615234,128.0,40439059.0,json_report_history,E:\CODEXRESEARCH\RESEARCH-1\artifacts\benchmark_runs\language\neuron_search_20260605\manual_self\screen_128_seed17_real_seq10160_40m_phase_residual_conv_energy_gate_neuron\result.json
neuron_search/screen_128_seed17_real_seq10160_40m_phase_residual_memory_boundary_centered_gate_neuron/result/standalone_longseq_anchor_train,1300480.0,7.04339751615299,7.223682403564453,128.0,40572177.0,json_report_history,E:\CODEXRESEARCH\RESEARCH-1\artifacts\benchmark_runs\language\neuron_search_20260605\manual_self\screen_128_seed17_real_seq10160_40m_phase_residual_memory_boundary_centered_gate_neuron\result.json
neuron_search/screen_128_seed17_real_seq10160_40m_phase_residual_memory_boundary_gate_neuron/result/standalone_longseq_anchor_train,1300480.0,7.047752521357198,7.228818893432617,128.0,40572177.0,json_report_history,E:\CODEXRESEARCH\RESEARCH-1\artifacts\benchmark_runs\language\neuron_search_20260605\manual_self\screen_128_seed17_real_seq10160_40m_phase_residual_memory_boundary_gate_neuron\result.json
neuron_search/screen_128_seed17_real_seq10160_40m_phase_residual_memory_boundary_scalar_gate_neuron/result/standalone_longseq_anchor_train,1300480.0,7.057935113043297,7.224973678588867,128.0,40439187.0,json_report_history,E:\CODEXRESEARCH\RESEARCH-1\artifacts\benchmark_runs\language\neuron_search_20260605\manual_self\screen_128_seed17_real_seq10160_40m_phase_residual_memory_boundary_scalar_gate_neuron\result.json
neuron_search/screen_128_seed17_real_seq10160_40m_phase_residual_memory_bounded_centered_gate_neuron/result/standalone_longseq_anchor_train,1300480.0,7.032111849559573,7.212207317352295,128.0,40572177.0,json_report_history,E:\CODEXRESEARCH\RESEARCH-1\artifacts\benchmark_runs\language\neuron_search_20260605\manual_self\screen_128_seed17_real_seq10160_40m_phase_residual_memory_bounded_centered_gate_neuron\result.json
neuron_search/screen_128_seed17_real_seq10160_40m_phase_residual_memory_bounded_gate_neuron/result/standalone_longseq_anchor_train,1300480.0,7.042775789020569,7.224653244018555,128.0,40572177.0,json_report_history,E:\CODEXRESEARCH\RESEARCH-1\artifacts\benchmark_runs\language\neuron_search_20260605\manual_self\screen_128_seed17_real_seq10160_40m_phase_residual_memory_bounded_gate_neuron\result.json
neuron_search/screen_128_seed17_real_seq10160_40m_phase_residual_memory_centered_gate_neuron/result/standalone_longseq_anchor_train,1300480.0,7.032095221834859,7.212166786193848,128.0,40572177.0,json_report_history,E:\CODEXRESEARCH\RESEARCH-1\artifacts\benchmark_runs\language\neuron_search_20260605\manual_self\screen_128_seed17_real_seq10160_40m_phase_residual_memory_centered_gate_neuron\result.json
neuron_search/screen_128_seed17_real_seq10160_40m_phase_residual_memory_conv_agreement_neuron/result/standalone_longseq_anchor_train,1300480.0,7.065237092971802,7.245818138122559,128.0,40439059.0,json_report_history,E:\CODEXRESEARCH\RESEARCH-1\artifacts\benchmark_runs\language\neuron_search_20260605\manual_self\screen_128_seed17_real_seq10160_40m_phase_residual_memory_conv_agreement_neuron\result.json
neuron_search/screen_128_seed17_real_seq10160_40m_phase_residual_memory_conv_centered_agreement_neuron/result/standalone_longseq_anchor_train,1300480.0,7.05189493171812,7.231774806976318,128.0,40439059.0,json_report_history,E:\CODEXRESEARCH\RESEARCH-1\artifacts\benchmark_runs\language\neuron_search_20260605\manual_self\screen_128_seed17_real_seq10160_40m_phase_residual_memory_conv_centered_agreement_neuron\result.json
neuron_search/screen_128_seed17_real_seq10160_40m_phase_residual_memory_conv_disagreement_damp_neuron/result/standalone_longseq_anchor_train,1300480.0,7.065219109452616,7.24578857421875,128.0,40439059.0,json_report_history,E:\CODEXRESEARCH\RESEARCH-1\artifacts\benchmark_runs\language\neuron_search_20260605\manual_self\screen_128_seed17_real_seq10160_40m_phase_residual_memory_conv_disagreement_damp_neuron\result.json
neuron_search/screen_128_seed17_real_seq10160_40m_phase_residual_memory_delta_gate_neuron/result/standalone_longseq_anchor_train,1300480.0,7.042770294880304,7.224632263183594,128.0,40572177.0,json_report_history,E:\CODEXRESEARCH\RESEARCH-1\artifacts\benchmark_runs\language\neuron_search_20260605\manual_self\screen_128_seed17_real_seq10160_40m_phase_residual_memory_delta_gate_neuron\result.json
neuron_search/screen_128_seed17_real_seq10160_40m_phase_residual_memory_gate_neuron/result/standalone_longseq_anchor_train,1300480.0,7.042769932934618,7.224658966064453,128.0,40572177.0,json_report_history,E:\CODEXRESEARCH\RESEARCH-1\artifacts\benchmark_runs\language\neuron_search_20260605\manual_self\screen_128_seed17_real_seq10160_40m_phase_residual_memory_gate_neuron\result.json
neuron_search/screen_128_seed17_real_seq10160_40m_phase_residual_memory_group_gate_neuron/result/standalone_longseq_anchor_train,1300480.0,7.046197004768792,7.219886779785156,128.0,40441137.0,json_report_history,E:\CODEXRESEARCH\RESEARCH-1\artifacts\benchmark_runs\language\neuron_search_20260605\manual_self\screen_128_seed17_real_seq10160_40m_phase_residual_memory_group_gate_neuron\result.json
neuron_search/screen_128_seed17_real_seq10160_40m_phase_residual_memory_normed_gate_neuron/result/standalone_longseq_anchor_train,1300480.0,7.043527816224286,7.22494649887085,128.0,40572177.0,json_report_history,E:\CODEXRESEARCH\RESEARCH-1\artifacts\benchmark_runs\language\neuron_search_20260605\manual_self\screen_128_seed17_real_seq10160_40m_phase_residual_memory_normed_gate_neuron\result.json
neuron_search/screen_128_seed17_real_seq10160_40m_phase_residual_memory_novelty_centered_gate_neuron/result/standalone_longseq_anchor_train,1300480.0,7.0320876975697795,7.212175369262695,128.0,40572177.0,json_report_history,E:\CODEXRESEARCH\RESEARCH-1\artifacts\benchmark_runs\language\neuron_search_20260605\manual_self\screen_128_seed17_real_seq10160_40m_phase_residual_memory_novelty_centered_gate_neuron\result.json
neuron_search/screen_128_seed17_real_seq10160_40m_phase_residual_memory_novelty_gate_neuron/result/standalone_longseq_anchor_train,1300480.0,7.042762932251757,7.224603176116943,128.0,40572177.0,json_report_history,E:\CODEXRESEARCH\RESEARCH-1\artifacts\benchmark_runs\language\neuron_search_20260605\manual_self\screen_128_seed17_real_seq10160_40m_phase_residual_memory_novelty_gate_neuron\result.json
neuron_search/screen_128_seed17_real_seq10160_40m_phase_residual_memory_novelty_tiny_gate_neuron/result/standalone_longseq_anchor_train,1300480.0,7.045542271681658,7.22653865814209,128.0,40572177.0,json_report_history,E:\CODEXRESEARCH\RESEARCH-1\artifacts\benchmark_runs\language\neuron_search_20260605\manual_self\screen_128_seed17_real_seq10160_40m_phase_residual_memory_novelty_tiny_gate_neuron\result.json
neuron_search/screen_128_seed17_real_seq10160_40m_phase_residual_memory_rms_gate_neuron/result/standalone_longseq_anchor_train,1300480.0,7.0427771211609125,7.224628448486328,128.0,40572177.0,json_report_history,E:\CODEXRESEARCH\RESEARCH-1\artifacts\benchmark_runs\language\neuron_search_20260605\manual_self\screen_128_seed17_real_seq10160_40m_phase_residual_memory_rms_gate_neuron\result.json
neuron_search/screen_128_seed17_real_seq10160_40m_phase_residual_memory_scalar_centered_gate_neuron/result/standalone_longseq_anchor_train,1300480.0,7.033710099956182,7.199869155883789,128.0,40439187.0,json_report_history,E:\CODEXRESEARCH\RESEARCH-1\artifacts\benchmark_runs\language\neuron_search_20260605\manual_self\screen_128_seed17_real_seq10160_40m_phase_residual_memory_scalar_centered_gate_neuron\result.json
neuron_search/screen_128_seed17_real_seq10160_40m_phase_residual_memory_scalar_gate_neuron/result/standalone_longseq_anchor_train,1300480.0,7.0414857768636985,7.210134506225586,128.0,40439187.0,json_report_history,E:\CODEXRESEARCH\RESEARCH-1\artifacts\benchmark_runs\language\neuron_search_20260605\manual_self\screen_128_seed17_real_seq10160_40m_phase_residual_memory_scalar_gate_neuron\result.json
neuron_search/screen_128_seed17_real_seq10160_40m_phase_residual_memory_sparse_centered_gate_neuron/result/standalone_longseq_anchor_train,1300480.0,7.032097364786103,7.21220064163208,128.0,40572177.0,json_report_history,E:\CODEXRESEARCH\RESEARCH-1\artifacts\benchmark_runs\language\neuron_search_20260605\manual_self\screen_128_seed17_real_seq10160_40m_phase_residual_memory_sparse_centered_gate_neuron\result.json
neuron_search/screen_128_seed17_real_seq10160_40m_phase_residual_memory_sparse_gate_neuron/result/standalone_longseq_anchor_train,1300480.0,7.042771711875135,7.224642276763916,128.0,40572177.0,json_report_history,E:\CODEXRESEARCH\RESEARCH-1\artifacts\benchmark_runs\language\neuron_search_20260605\manual_self\screen_128_seed17_real_seq10160_40m_phase_residual_memory_sparse_gate_neuron\result.json
neuron_search/screen_128_seed17_real_seq10160_40m_rank_competition_memory_centered_gate_neuron/result/standalone_longseq_anchor_train,1300480.0,7.02715840715123,7.204602241516113,128.0,40572179.0,json_report_history,E:\CODEXRESEARCH\RESEARCH-1\artifacts\benchmark_runs\language\neuron_search_20260605\manual_self\screen_128_seed17_real_seq10160_40m_rank_competition_memory_centered_gate_neuron\result.json
neuron_search/screen_128_seed17_real_seq10160_40m_rank_competition_memory_gate_neuron/result/standalone_longseq_anchor_train,1300480.0,7.0393344113207235,7.219919681549072,128.0,40572179.0,json_report_history,E:\CODEXRESEARCH\RESEARCH-1\artifacts\benchmark_runs\language\neuron_search_20260605\manual_self\screen_128_seed17_real_seq10160_40m_rank_competition_memory_gate_neuron\result.json
neuron_search/screen_128_seed17_real_seq10160_40m_rank_competition_neuron/result/standalone_longseq_anchor_train,1300480.0,7.066062248597934,7.241849422454834,128.0,40437011.0,json_report_history,E:\CODEXRESEARCH\RESEARCH-1\artifacts\benchmark_runs\language\neuron_search_20260605\manual_self\screen_128_seed17_real_seq10160_40m_rank_competition_neuron\result.json
neuron_search/screen_128_seed17_real_seq10160_40m_stable_competition_neuron/result/standalone_longseq_anchor_train,1300480.0,7.074201697064197,7.24763822555542,128.0,40437013.0,json_report_history,E:\CODEXRESEARCH\RESEARCH-1\artifacts\benchmark_runs\language\neuron_search_20260605\manual_self\screen_128_seed17_real_seq10160_40m_stable_competition_neuron\result.json
neuron_search/screen_128_seed17_real_seq10160_40m_stable_square_neuron/result/standalone_longseq_anchor_train,1300480.0,7.076431944238858,7.253183364868164,128.0,40437011.0,json_report_history,E:\CODEXRESEARCH\RESEARCH-1\artifacts\benchmark_runs\language\neuron_search_20260605\manual_self\screen_128_seed17_real_seq10160_40m_stable_square_neuron\result.json
neuron_search/screen_128_seed17_real_seq10160_40m_stateful_threshold_neuron/result/standalone_longseq_anchor_train,1300480.0,7.072474304522117,7.252028465270996,128.0,40437011.0,json_report_history,E:\CODEXRESEARCH\RESEARCH-1\artifacts\benchmark_runs\language\neuron_search_20260605\manual_self\screen_128_seed17_real_seq10160_40m_stateful_threshold_neuron\result.json
neuron_search/screen_128_seed17_real_seq10160_val8_rank_hybrid_cost_v1_baseline/result/standalone_longseq_anchor_train,1300480.0,7.2147976362799096,7.25539493560791,128.0,40437009.0,json_report_history,E:\CODEXRESEARCH\RESEARCH-1\artifacts\benchmark_runs\language\neuron_search_20260605\manual_self\screen_128_seed17_real_seq10160_val8_rank_hybrid_cost_v1_baseline\result.json
neuron_search/screen_128_seed17_real_seq10160_val8_rank_hybrid_cost_v1_rank_competition_centered_residual_neuron/result/standalone_longseq_anchor_train,1300480.0,7.187743320427542,7.223517417907715,128.0,40439059.0,json_report_history,E:\CODEXRESEARCH\RESEARCH-1\artifacts\benchmark_runs\language\neuron_search_20260605\manual_self\screen_128_seed17_real_seq10160_val8_rank_hybrid_cost_v1_rank_competition_centered_residual_neuron\result.json
neuron_search/screen_128_seed17_real_seq10160_val8_rank_hybrid_cost_v1_rank_competition_memory_factor_centered_gate_neuron/result/standalone_longseq_anchor_train,1300480.0,7.180276581903143,7.208926677703857,128.0,40473907.0,json_report_history,E:\CODEXRESEARCH\RESEARCH-1\artifacts\benchmark_runs\language\neuron_search_20260605\manual_self\screen_128_seed17_real_seq10160_val8_rank_hybrid_cost_v1_rank_competition_memory_factor_centered_gate_neuron\result.json
neuron_search/screen_128_seed17_real_seq10160_val8_rank_hybrid_cost_v1_rank_competition_memory_group_centered_gate_neuron/result/standalone_longseq_anchor_train,1300480.0,7.166117027425391,7.195156097412109,128.0,40441139.0,json_report_history,E:\CODEXRESEARCH\RESEARCH-1\artifacts\benchmark_runs\language\neuron_search_20260605\manual_self\screen_128_seed17_real_seq10160_val8_rank_hybrid_cost_v1_rank_competition_memory_group_centered_gate_neuron\result.json
neuron_search/screen_128_seed17_real_seq10160_val8_rank_hybrid_cost_v1_rank_competition_memory_scalar_centered_gate_neuron/result/standalone_longseq_anchor_train,1300480.0,7.16716520072907,7.192249298095703,128.0,40439189.0,json_report_history,E:\CODEXRESEARCH\RESEARCH-1\artifacts\benchmark_runs\language\neuron_search_20260605\manual_self\screen_128_seed17_real_seq10160_val8_rank_hybrid_cost_v1_rank_competition_memory_scalar_centered_gate_neuron\result.json
neuron_search/screen_128_seed29_real_seq10160_40m_adaptive_basis_neuron/result/standalone_longseq_anchor_train,1300480.0,7.0810783504501105,7.133121013641357,128.0,40440087.0,json_report_history,E:\CODEXRESEARCH\RESEARCH-1\artifacts\benchmark_runs\language\neuron_search_20260605\manual_self\screen_128_seed29_real_seq10160_40m_adaptive_basis_neuron\result.json
neuron_search/screen_128_seed29_real_seq10160_40m_baseline/result/standalone_longseq_anchor_train,1300480.0,7.056069083852092,7.14030122756958,128.0,40437009.0,json_report_history,E:\CODEXRESEARCH\RESEARCH-1\artifacts\benchmark_runs\language\neuron_search_20260605\manual_self\screen_128_seed29_real_seq10160_40m_baseline\result.json
neuron_search/screen_128_seed29_real_seq10160_40m_bottleneck_aware_neuron/result/standalone_longseq_anchor_train,1300480.0,7.063988913889006,7.1249613761901855,128.0,41684241.0,json_report_history,E:\CODEXRESEARCH\RESEARCH-1\artifacts\benchmark_runs\language\neuron_search_20260605\manual_self\screen_128_seed29_real_seq10160_40m_bottleneck_aware_neuron\result.json
neuron_search/screen_128_seed29_real_seq10160_40m_conv_disagreement_neuron/result/standalone_longseq_anchor_train,1300480.0,7.056151428748303,7.141923904418945,128.0,40437009.0,json_report_history,E:\CODEXRESEARCH\RESEARCH-1\artifacts\benchmark_runs\language\neuron_search_20260605\manual_self\screen_128_seed29_real_seq10160_40m_conv_disagreement_neuron\result.json
neuron_search/screen_128_seed29_real_seq10160_40m_mem_threshold_neuron/result/standalone_longseq_anchor_train,1300480.0,7.060812765031349,7.121318817138672,128.0,40703249.0,json_report_history,E:\CODEXRESEARCH\RESEARCH-1\artifacts\benchmark_runs\language\neuron_search_20260605\manual_self\screen_128_seed29_real_seq10160_40m_mem_threshold_neuron\result.json
neuron_search/screen_128_seed29_real_seq10160_40m_memory_square_centered_gain_neuron/result/standalone_longseq_anchor_train,1300480.0,7.059699588873255,7.124048233032227,128.0,40570129.0,json_report_history,E:\CODEXRESEARCH\RESEARCH-1\artifacts\benchmark_runs\language\neuron_search_20260605\manual_self\screen_128_seed29_real_seq10160_40m_memory_square_centered_gain_neuron\result.json
neuron_search/screen_128_seed29_real_seq10160_40m_memory_square_conv_agreement_gain_neuron/result/standalone_longseq_anchor_train,1300480.0,7.043515626839765,7.119379997253418,128.0,40437141.0,json_report_history,E:\CODEXRESEARCH\RESEARCH-1\artifacts\benchmark_runs\language\neuron_search_20260605\manual_self\screen_128_seed29_real_seq10160_40m_memory_square_conv_agreement_gain_neuron\result.json
neuron_search/screen_128_seed29_real_seq10160_40m_memory_square_gain_neuron/result/standalone_longseq_anchor_train,1300480.0,7.059714368384654,7.124044895172119,128.0,40570129.0,json_report_history,E:\CODEXRESEARCH\RESEARCH-1\artifacts\benchmark_runs\language\neuron_search_20260605\manual_self\screen_128_seed29_real_seq10160_40m_memory_square_gain_neuron\result.json
neuron_search/screen_128_seed29_real_seq10160_40m_memory_square_novelty_gain_neuron/result/standalone_longseq_anchor_train,1300480.0,7.059706900063462,7.1240668296813965,128.0,40570129.0,json_report_history,E:\CODEXRESEARCH\RESEARCH-1\artifacts\benchmark_runs\language\neuron_search_20260605\manual_self\screen_128_seed29_real_seq10160_40m_memory_square_novelty_gain_neuron\result.json
neuron_search/screen_128_seed29_real_seq10160_40m_memory_square_scalar_gain_neuron/result/standalone_longseq_anchor_train,1300480.0,7.04353029915667,7.1193342208862305,128.0,40437139.0,json_report_history,E:\CODEXRESEARCH\RESEARCH-1\artifacts\benchmark_runs\language\neuron_search_20260605\manual_self\screen_128_seed29_real_seq10160_40m_memory_square_scalar_gain_neuron\result.json
neuron_search/screen_128_seed29_real_seq10160_40m_memory_square_small_gain_neuron/result/standalone_longseq_anchor_train,1300480.0,7.05972711307796,7.124077796936035,128.0,40570129.0,json_report_history,E:\CODEXRESEARCH\RESEARCH-1\artifacts\benchmark_runs\language\neuron_search_20260605\manual_self\screen_128_seed29_real_seq10160_40m_memory_square_small_gain_neuron\result.json
neuron_search/screen_128_seed29_real_seq10160_40m_phase_residual_blend_centered_neuron/result/standalone_longseq_anchor_train,1300480.0,7.037226036965378,7.133852958679199,128.0,40439057.0,json_report_history,E:\CODEXRESEARCH\RESEARCH-1\artifacts\benchmark_runs\language\neuron_search_20260605\manual_self\screen_128_seed29_real_seq10160_40m_phase_residual_blend_centered_neuron\result.json
neuron_search/screen_128_seed29_real_seq10160_40m_phase_residual_blend_half_neuron/result/standalone_longseq_anchor_train,1300480.0,7.04920916388354,7.133645057678223,128.0,40439057.0,json_report_history,E:\CODEXRESEARCH\RESEARCH-1\artifacts\benchmark_runs\language\neuron_search_20260605\manual_self\screen_128_seed29_real_seq10160_40m_phase_residual_blend_half_neuron\result.json
neuron_search/screen_128_seed29_real_seq10160_40m_phase_residual_blend_large_neuron/result/standalone_longseq_anchor_train,1300480.0,7.054160238814166,7.134554386138916,128.0,40439057.0,json_report_history,E:\CODEXRESEARCH\RESEARCH-1\artifacts\benchmark_runs\language\neuron_search_20260605\manual_self\screen_128_seed29_real_seq10160_40m_phase_residual_blend_large_neuron\result.json
neuron_search/screen_128_seed29_real_seq10160_40m_phase_residual_blend_neuron/result/standalone_longseq_anchor_train,1300480.0,7.056344968878378,7.1379852294921875,128.0,40439057.0,json_report_history,E:\CODEXRESEARCH\RESEARCH-1\artifacts\benchmark_runs\language\neuron_search_20260605\manual_self\screen_128_seed29_real_seq10160_40m_phase_residual_blend_neuron\result.json
neuron_search/screen_128_seed29_real_seq10160_40m_phase_residual_blend_normed_neuron/result/standalone_longseq_anchor_train,1300480.0,7.051510687700406,7.133681297302246,128.0,40439057.0,json_report_history,E:\CODEXRESEARCH\RESEARCH-1\artifacts\benchmark_runs\language\neuron_search_20260605\manual_self\screen_128_seed29_real_seq10160_40m_phase_residual_blend_normed_neuron\result.json
neuron_search/screen_128_seed29_real_seq10160_40m_phase_residual_blend_quarter_neuron/result/standalone_longseq_anchor_train,1300480.0,7.0544830699605265,7.134714126586914,128.0,40439057.0,json_report_history,E:\CODEXRESEARCH\RESEARCH-1\artifacts\benchmark_runs\language\neuron_search_20260605\manual_self\screen_128_seed29_real_seq10160_40m_phase_residual_blend_quarter_neuron\result.json
neuron_search/screen_128_seed29_real_seq10160_40m_phase_residual_blend_tiny_neuron/result/standalone_longseq_anchor_train,1300480.0,7.056257048366577,7.140494346618652,128.0,40439057.0,json_report_history,E:\CODEXRESEARCH\RESEARCH-1\artifacts\benchmark_runs\language\neuron_search_20260605\manual_self\screen_128_seed29_real_seq10160_40m_phase_residual_blend_tiny_neuron\result.json
neuron_search/screen_128_seed29_real_seq10160_40m_phase_residual_boundary_blend_neuron/result/standalone_longseq_anchor_train,1300480.0,7.055994313157449,7.1353960037231445,128.0,40439057.0,json_report_history,E:\CODEXRESEARCH\RESEARCH-1\artifacts\benchmark_runs\language\neuron_search_20260605\manual_self\screen_128_seed29_real_seq10160_40m_phase_residual_boundary_blend_neuron\result.json
neuron_search/screen_128_seed29_real_seq10160_40m_phase_residual_boundary_centered_neuron/result/standalone_longseq_anchor_train,1300480.0,7.048473999631686,7.138545989990234,128.0,40439057.0,json_report_history,E:\CODEXRESEARCH\RESEARCH-1\artifacts\benchmark_runs\language\neuron_search_20260605\manual_self\screen_128_seed29_real_seq10160_40m_phase_residual_boundary_centered_neuron\result.json
neuron_search/screen_128_seed29_real_seq10160_40m_phase_residual_conv_energy_gate_neuron/result/standalone_longseq_anchor_train,1300480.0,7.049791042448029,7.133786201477051,128.0,40439059.0,json_report_history,E:\CODEXRESEARCH\RESEARCH-1\artifacts\benchmark_runs\language\neuron_search_20260605\manual_self\screen_128_seed29_real_seq10160_40m_phase_residual_conv_energy_gate_neuron\result.json
neuron_search/screen_128_seed29_real_seq10160_40m_phase_residual_memory_boundary_centered_gate_neuron/result/standalone_longseq_anchor_train,1300480.0,7.051686743676193,7.120253562927246,128.0,40572177.0,json_report_history,E:\CODEXRESEARCH\RESEARCH-1\artifacts\benchmark_runs\language\neuron_search_20260605\manual_self\screen_128_seed29_real_seq10160_40m_phase_residual_memory_boundary_centered_gate_neuron\result.json
neuron_search/screen_128_seed29_real_seq10160_40m_phase_residual_memory_boundary_gate_neuron/result/standalone_longseq_anchor_train,1300480.0,7.0589506567932485,7.13275146484375,128.0,40572177.0,json_report_history,E:\CODEXRESEARCH\RESEARCH-1\artifacts\benchmark_runs\language\neuron_search_20260605\manual_self\screen_128_seed29_real_seq10160_40m_phase_residual_memory_boundary_gate_neuron\result.json
neuron_search/screen_128_seed29_real_seq10160_40m_phase_residual_memory_boundary_scalar_gate_neuron/result/standalone_longseq_anchor_train,1300480.0,7.042191000059834,7.116543769836426,128.0,40439187.0,json_report_history,E:\CODEXRESEARCH\RESEARCH-1\artifacts\benchmark_runs\language\neuron_search_20260605\manual_self\screen_128_seed29_real_seq10160_40m_phase_residual_memory_boundary_scalar_gate_neuron\result.json
neuron_search/screen_128_seed29_real_seq10160_40m_phase_residual_memory_bounded_centered_gate_neuron/result/standalone_longseq_anchor_train,1300480.0,7.040430846176748,7.113981246948242,128.0,40572177.0,json_report_history,E:\CODEXRESEARCH\RESEARCH-1\artifacts\benchmark_runs\language\neuron_search_20260605\manual_self\screen_128_seed29_real_seq10160_40m_phase_residual_memory_bounded_centered_gate_neuron\result.json
neuron_search/screen_128_seed29_real_seq10160_40m_phase_residual_memory_bounded_gate_neuron/result/standalone_longseq_anchor_train,1300480.0,7.053350302929014,7.13136100769043,128.0,40572177.0,json_report_history,E:\CODEXRESEARCH\RESEARCH-1\artifacts\benchmark_runs\language\neuron_search_20260605\manual_self\screen_128_seed29_real_seq10160_40m_phase_residual_memory_bounded_gate_neuron\result.json
neuron_search/screen_128_seed29_real_seq10160_40m_phase_residual_memory_centered_gate_neuron/result/standalone_longseq_anchor_train,1300480.0,7.040407583844943,7.113999843597412,128.0,40572177.0,json_report_history,E:\CODEXRESEARCH\RESEARCH-1\artifacts\benchmark_runs\language\neuron_search_20260605\manual_self\screen_128_seed29_real_seq10160_40m_phase_residual_memory_centered_gate_neuron\result.json
neuron_search/screen_128_seed29_real_seq10160_40m_phase_residual_memory_conv_agreement_neuron/result/standalone_longseq_anchor_train,1300480.0,7.049207873044051,7.133660316467285,128.0,40439059.0,json_report_history,E:\CODEXRESEARCH\RESEARCH-1\artifacts\benchmark_runs\language\neuron_search_20260605\manual_self\screen_128_seed29_real_seq10160_40m_phase_residual_memory_conv_agreement_neuron\result.json
neuron_search/screen_128_seed29_real_seq10160_40m_phase_residual_memory_conv_centered_agreement_neuron/result/standalone_longseq_anchor_train,1300480.0,7.037223885753962,7.133852958679199,128.0,40439059.0,json_report_history,E:\CODEXRESEARCH\RESEARCH-1\artifacts\benchmark_runs\language\neuron_search_20260605\manual_self\screen_128_seed29_real_seq10160_40m_phase_residual_memory_conv_centered_agreement_neuron\result.json
neuron_search/screen_128_seed29_real_seq10160_40m_phase_residual_memory_conv_disagreement_damp_neuron/result/standalone_longseq_anchor_train,1300480.0,7.049205162956959,7.133666038513184,128.0,40439059.0,json_report_history,E:\CODEXRESEARCH\RESEARCH-1\artifacts\benchmark_runs\language\neuron_search_20260605\manual_self\screen_128_seed29_real_seq10160_40m_phase_residual_memory_conv_disagreement_damp_neuron\result.json
neuron_search/screen_128_seed29_real_seq10160_40m_phase_residual_memory_delta_gate_neuron/result/standalone_longseq_anchor_train,1300480.0,7.053347130835526,7.131336212158203,128.0,40572177.0,json_report_history,E:\CODEXRESEARCH\RESEARCH-1\artifacts\benchmark_runs\language\neuron_search_20260605\manual_self\screen_128_seed29_real_seq10160_40m_phase_residual_memory_delta_gate_neuron\result.json
neuron_search/screen_128_seed29_real_seq10160_40m_phase_residual_memory_gate_neuron/result/standalone_longseq_anchor_train,1300480.0,7.053320954540583,7.131366729736328,128.0,40572177.0,json_report_history,E:\CODEXRESEARCH\RESEARCH-1\artifacts\benchmark_runs\language\neuron_search_20260605\manual_self\screen_128_seed29_real_seq10160_40m_phase_residual_memory_gate_neuron\result.json
neuron_search/screen_128_seed29_real_seq10160_40m_phase_residual_memory_group_gate_neuron/result/standalone_longseq_anchor_train,1300480.0,7.0401680968877836,7.099679946899414,128.0,40441137.0,json_report_history,E:\CODEXRESEARCH\RESEARCH-1\artifacts\benchmark_runs\language\neuron_search_20260605\manual_self\screen_128_seed29_real_seq10160_40m_phase_residual_memory_group_gate_neuron\result.json
neuron_search/screen_128_seed29_real_seq10160_40m_phase_residual_memory_normed_gate_neuron/result/standalone_longseq_anchor_train,1300480.0,7.054856070571058,7.1315460205078125,128.0,40572177.0,json_report_history,E:\CODEXRESEARCH\RESEARCH-1\artifacts\benchmark_runs\language\neuron_search_20260605\manual_self\screen_128_seed29_real_seq10160_40m_phase_residual_memory_normed_gate_neuron\result.json
neuron_search/screen_128_seed29_real_seq10160_40m_phase_residual_memory_novelty_centered_gate_neuron/result/standalone_longseq_anchor_train,1300480.0,7.040418833071791,7.114012718200684,128.0,40572177.0,json_report_history,E:\CODEXRESEARCH\RESEARCH-1\artifacts\benchmark_runs\language\neuron_search_20260605\manual_self\screen_128_seed29_real_seq10160_40m_phase_residual_memory_novelty_centered_gate_neuron\result.json
neuron_search/screen_128_seed29_real_seq10160_40m_phase_residual_memory_novelty_gate_neuron/result/standalone_longseq_anchor_train,1300480.0,7.053344938323254,7.131344795227051,128.0,40572177.0,json_report_history,E:\CODEXRESEARCH\RESEARCH-1\artifacts\benchmark_runs\language\neuron_search_20260605\manual_self\screen_128_seed29_real_seq10160_40m_phase_residual_memory_novelty_gate_neuron\result.json
neuron_search/screen_128_seed29_real_seq10160_40m_phase_residual_memory_novelty_tiny_gate_neuron/result/standalone_longseq_anchor_train,1300480.0,7.056999995952516,7.131870269775391,128.0,40572177.0,json_report_history,E:\CODEXRESEARCH\RESEARCH-1\artifacts\benchmark_runs\language\neuron_search_20260605\manual_self\screen_128_seed29_real_seq10160_40m_phase_residual_memory_novelty_tiny_gate_neuron\result.json
neuron_search/screen_128_seed29_real_seq10160_40m_phase_residual_memory_rms_gate_neuron/result/standalone_longseq_anchor_train,1300480.0,7.053324307794646,7.131329536437988,128.0,40572177.0,json_report_history,E:\CODEXRESEARCH\RESEARCH-1\artifacts\benchmark_runs\language\neuron_search_20260605\manual_self\screen_128_seed29_real_seq10160_40m_phase_residual_memory_rms_gate_neuron\result.json
neuron_search/screen_128_seed29_real_seq10160_40m_phase_residual_memory_scalar_centered_gate_neuron/result/standalone_longseq_anchor_train,1300480.0,7.022347320909575,7.100564479827881,128.0,40439187.0,json_report_history,E:\CODEXRESEARCH\RESEARCH-1\artifacts\benchmark_runs\language\neuron_search_20260605\manual_self\screen_128_seed29_real_seq10160_40m_phase_residual_memory_scalar_centered_gate_neuron\result.json
neuron_search/screen_128_seed29_real_seq10160_40m_phase_residual_memory_scalar_gate_neuron/result/standalone_longseq_anchor_train,1300480.0,7.038685446085893,7.108415603637695,128.0,40439187.0,json_report_history,E:\CODEXRESEARCH\RESEARCH-1\artifacts\benchmark_runs\language\neuron_search_20260605\manual_self\screen_128_seed29_real_seq10160_40m_phase_residual_memory_scalar_gate_neuron\result.json
neuron_search/screen_128_seed29_real_seq10160_40m_phase_residual_memory_sparse_centered_gate_neuron/result/standalone_longseq_anchor_train,1300480.0,7.0404345508635515,7.11399507522583,128.0,40572177.0,json_report_history,E:\CODEXRESEARCH\RESEARCH-1\artifacts\benchmark_runs\language\neuron_search_20260605\manual_self\screen_128_seed29_real_seq10160_40m_phase_residual_memory_sparse_centered_gate_neuron\result.json
neuron_search/screen_128_seed29_real_seq10160_40m_phase_residual_memory_sparse_gate_neuron/result/standalone_longseq_anchor_train,1300480.0,7.053341187266853,7.1313557624816895,128.0,40572177.0,json_report_history,E:\CODEXRESEARCH\RESEARCH-1\artifacts\benchmark_runs\language\neuron_search_20260605\manual_self\screen_128_seed29_real_seq10160_40m_phase_residual_memory_sparse_gate_neuron\result.json
neuron_search/screen_128_seed29_real_seq10160_40m_rank_competition_memory_centered_gate_neuron/result/standalone_longseq_anchor_train,1300480.0,7.029355999240725,7.107699394226074,128.0,40572179.0,json_report_history,E:\CODEXRESEARCH\RESEARCH-1\artifacts\benchmark_runs\language\neuron_search_20260605\manual_self\screen_128_seed29_real_seq10160_40m_rank_competition_memory_centered_gate_neuron\result.json
neuron_search/screen_128_seed29_real_seq10160_40m_rank_competition_memory_gate_neuron/result/standalone_longseq_anchor_train,1300480.0,7.047466100857952,7.116754531860352,128.0,40572179.0,json_report_history,E:\CODEXRESEARCH\RESEARCH-1\artifacts\benchmark_runs\language\neuron_search_20260605\manual_self\screen_128_seed29_real_seq10160_40m_rank_competition_memory_gate_neuron\result.json
neuron_search/screen_128_seed29_real_seq10160_40m_rank_competition_neuron/result/standalone_longseq_anchor_train,1300480.0,7.043496329202426,7.127656936645508,128.0,40437011.0,json_report_history,E:\CODEXRESEARCH\RESEARCH-1\artifacts\benchmark_runs\language\neuron_search_20260605\manual_self\screen_128_seed29_real_seq10160_40m_rank_competition_neuron\result.json
neuron_search/screen_128_seed29_real_seq10160_40m_stable_competition_neuron/result/standalone_longseq_anchor_train,1300480.0,7.046164831777257,7.12930965423584,128.0,40437013.0,json_report_history,E:\CODEXRESEARCH\RESEARCH-1\artifacts\benchmark_runs\language\neuron_search_20260605\manual_self\screen_128_seed29_real_seq10160_40m_stable_competition_neuron\result.json
neuron_search/screen_128_seed29_real_seq10160_40m_stable_square_neuron/result/standalone_longseq_anchor_train,1300480.0,7.057081586544908,7.127204895019531,128.0,40437011.0,json_report_history,E:\CODEXRESEARCH\RESEARCH-1\artifacts\benchmark_runs\language\neuron_search_20260605\manual_self\screen_128_seed29_real_seq10160_40m_stable_square_neuron\result.json
neuron_search/screen_128_seed29_real_seq10160_40m_stateful_threshold_neuron/result/standalone_longseq_anchor_train,1300480.0,7.050219633635574,7.135015487670898,128.0,40437011.0,json_report_history,E:\CODEXRESEARCH\RESEARCH-1\artifacts\benchmark_runs\language\neuron_search_20260605\manual_self\screen_128_seed29_real_seq10160_40m_stateful_threshold_neuron\result.json
neuron_search/screen_128_seed29_real_seq10160_val8_rank_hybrid_cost_v1_baseline/result/standalone_longseq_anchor_train,1300480.0,7.199352416842003,7.14030122756958,128.0,40437009.0,json_report_history,E:\CODEXRESEARCH\RESEARCH-1\artifacts\benchmark_runs\language\neuron_search_20260605\manual_self\screen_128_seed29_real_seq10160_val8_rank_hybrid_cost_v1_baseline\result.json
neuron_search/screen_128_seed29_real_seq10160_val8_rank_hybrid_cost_v1_rank_competition_centered_residual_neuron/result/standalone_longseq_anchor_train,1300480.0,7.167313136923031,7.116476058959961,128.0,40439059.0,json_report_history,E:\CODEXRESEARCH\RESEARCH-1\artifacts\benchmark_runs\language\neuron_search_20260605\manual_self\screen_128_seed29_real_seq10160_val8_rank_hybrid_cost_v1_rank_competition_centered_residual_neuron\result.json
neuron_search/screen_128_seed29_real_seq10160_val8_rank_hybrid_cost_v1_rank_competition_memory_factor_centered_gate_neuron/result/standalone_longseq_anchor_train,1300480.0,7.173671487842019,7.076443195343018,128.0,40473907.0,json_report_history,E:\CODEXRESEARCH\RESEARCH-1\artifacts\benchmark_runs\language\neuron_search_20260605\manual_self\screen_128_seed29_real_seq10160_val8_rank_hybrid_cost_v1_rank_competition_memory_factor_centered_gate_neuron\result.json
neuron_search/screen_128_seed29_real_seq10160_val8_rank_hybrid_cost_v1_rank_competition_memory_group_centered_gate_neuron/result/standalone_longseq_anchor_train,1300480.0,7.179897532876082,7.097527980804443,128.0,40441139.0,json_report_history,E:\CODEXRESEARCH\RESEARCH-1\artifacts\benchmark_runs\language\neuron_search_20260605\manual_self\screen_128_seed29_real_seq10160_val8_rank_hybrid_cost_v1_rank_competition_memory_group_centered_gate_neuron\result.json
neuron_search/screen_128_seed29_real_seq10160_val8_rank_hybrid_cost_v1_rank_competition_memory_scalar_centered_gate_neuron/result/standalone_longseq_anchor_train,1300480.0,7.164458171213706,7.101296424865723,128.0,40439189.0,json_report_history,E:\CODEXRESEARCH\RESEARCH-1\artifacts\benchmark_runs\language\neuron_search_20260605\manual_self\screen_128_seed29_real_seq10160_val8_rank_hybrid_cost_v1_rank_competition_memory_scalar_centered_gate_neuron\result.json
neuron_search/screen_12_adaptive_basis_neuron/result/standalone_longseq_anchor_train,3060.0,10.838090015860164,8.72116470336914,12.0,4935156.0,json_report_history,E:\CODEXRESEARCH\RESEARCH-1\artifacts\benchmark_runs\language\neuron_search_20260605\manual_self\screen_12_adaptive_basis_neuron\result.json
neuron_search/screen_12_baseline/result/standalone_longseq_anchor_train,3060.0,10.831813369077794,8.71515941619873,12.0,4934961.0,json_report_history,E:\CODEXRESEARCH\RESEARCH-1\artifacts\benchmark_runs\language\neuron_search_20260605\manual_self\screen_12_baseline\result.json
neuron_search/screen_12_bottleneck_aware_neuron/result/standalone_longseq_anchor_train,3060.0,10.838079001856785,8.731861114501953,12.0,4945585.0,json_report_history,E:\CODEXRESEARCH\RESEARCH-1\artifacts\benchmark_runs\language\neuron_search_20260605\manual_self\screen_12_bottleneck_aware_neuron\result.json
neuron_search/screen_12_conv_disagreement_neuron/result/standalone_longseq_anchor_train,3060.0,10.831527496786679,8.715544700622559,12.0,4934961.0,json_report_history,E:\CODEXRESEARCH\RESEARCH-1\artifacts\benchmark_runs\language\neuron_search_20260605\manual_self\screen_12_conv_disagreement_neuron\result.json
neuron_search/screen_12_mem_threshold_neuron/result/standalone_longseq_anchor_train,3060.0,10.837275824827307,8.754547119140625,12.0,4938289.0,json_report_history,E:\CODEXRESEARCH\RESEARCH-1\artifacts\benchmark_runs\language\neuron_search_20260605\manual_self\screen_12_mem_threshold_neuron\result.json
neuron_search/screen_12_phase_amplitude_neuron/result/standalone_longseq_anchor_train,3060.0,10.823182356591317,8.749227523803711,12.0,4951601.0,json_report_history,E:\CODEXRESEARCH\RESEARCH-1\artifacts\benchmark_runs\language\neuron_search_20260605\manual_self\screen_12_phase_amplitude_neuron\result.json
neuron_search/screen_12_rank_competition_neuron/result/standalone_longseq_anchor_train,3060.0,10.830975553101185,8.717469215393066,12.0,4934962.0,json_report_history,E:\CODEXRESEARCH\RESEARCH-1\artifacts\benchmark_runs\language\neuron_search_20260605\manual_self\screen_12_rank_competition_neuron\result.json
neuron_search/screen_12_stable_square_neuron/result/standalone_longseq_anchor_train,3060.0,10.830923115973379,8.71673583984375,12.0,4934962.0,json_report_history,E:\CODEXRESEARCH\RESEARCH-1\artifacts\benchmark_runs\language\neuron_search_20260605\manual_self\screen_12_stable_square_neuron\result.json
neuron_search/screen_12_stateful_threshold_neuron/result/standalone_longseq_anchor_train,3060.0,10.831711524140601,8.715497970581055,12.0,4934962.0,json_report_history,E:\CODEXRESEARCH\RESEARCH-1\artifacts\benchmark_runs\language\neuron_search_20260605\manual_self\screen_12_stateful_threshold_neuron\result.json
neuron_search/screen_1_seed13_smoke_boundary_residual_v1_baseline/result/standalone_longseq_anchor_train,255.0,10.830851315517052,8.760231971740723,1.0,4934961.0,json_report_history,E:\CODEXRESEARCH\RESEARCH-1\artifacts\benchmark_runs\language\neuron_search_20260605\manual_self\screen_1_seed13_smoke_boundary_residual_v1_baseline\result.json
neuron_search/screen_1_seed13_smoke_boundary_residual_v1_phase_residual_boundary_blend_neuron/result/standalone_longseq_anchor_train,255.0,10.831248191758698,8.760821342468262,1.0,4935089.0,json_report_history,E:\CODEXRESEARCH\RESEARCH-1\artifacts\benchmark_runs\language\neuron_search_20260605\manual_self\screen_1_seed13_smoke_boundary_residual_v1_phase_residual_boundary_blend_neuron\result.json
neuron_search/screen_1_seed13_smoke_boundary_residual_v1_phase_residual_boundary_centered_neuron/result/standalone_longseq_anchor_train,255.0,10.831151857563093,8.760512351989746,1.0,4935089.0,json_report_history,E:\CODEXRESEARCH\RESEARCH-1\artifacts\benchmark_runs\language\neuron_search_20260605\manual_self\screen_1_seed13_smoke_boundary_residual_v1_phase_residual_boundary_centered_neuron\result.json
neuron_search/screen_1_seed13_smoke_boundary_residual_v1_phase_residual_memory_boundary_centered_gate_neuron/result/standalone_longseq_anchor_train,255.0,10.834906927744548,8.728001594543457,1.0,4936753.0,json_report_history,E:\CODEXRESEARCH\RESEARCH-1\artifacts\benchmark_runs\language\neuron_search_20260605\manual_self\screen_1_seed13_smoke_boundary_residual_v1_phase_residual_memory_boundary_centered_gate_neuron\result.json
neuron_search/screen_1_seed13_smoke_boundary_residual_v1_phase_residual_memory_boundary_gate_neuron/result/standalone_longseq_anchor_train,255.0,10.83484841702031,8.72768783569336,1.0,4936753.0,json_report_history,E:\CODEXRESEARCH\RESEARCH-1\artifacts\benchmark_runs\language\neuron_search_20260605\manual_self\screen_1_seed13_smoke_boundary_residual_v1_phase_residual_memory_boundary_gate_neuron\result.json
neuron_search/screen_1_seed13_smoke_boundary_residual_v1_phase_residual_memory_boundary_scalar_gate_neuron/result/standalone_longseq_anchor_train,255.0,10.84269224054673,8.700454711914062,1.0,4935102.0,json_report_history,E:\CODEXRESEARCH\RESEARCH-1\artifacts\benchmark_runs\language\neuron_search_20260605\manual_self\screen_1_seed13_smoke_boundary_residual_v1_phase_residual_memory_boundary_scalar_gate_neuron\result.json
neuron_search/screen_1_seed13_smoke_conv_memory_agreement_baseline/result/standalone_longseq_anchor_train,255.0,10.830851315517052,8.760231971740723,1.0,4934961.0,json_report_history,E:\CODEXRESEARCH\RESEARCH-1\artifacts\benchmark_runs\language\neuron_search_20260605\manual_self\screen_1_seed13_smoke_conv_memory_agreement_baseline\result.json
neuron_search/screen_1_seed13_smoke_conv_memory_agreement_memory_square_conv_agreement_gain_neuron/result/standalone_longseq_anchor_train,255.0,10.842679665135403,8.70004653930664,1.0,4934975.0,json_report_history,E:\CODEXRESEARCH\RESEARCH-1\artifacts\benchmark_runs\language\neuron_search_20260605\manual_self\screen_1_seed13_smoke_conv_memory_agreement_memory_square_conv_agreement_gain_neuron\result.json
neuron_search/screen_1_seed13_smoke_conv_memory_agreement_phase_residual_memory_conv_agreement_neuron/result/standalone_longseq_anchor_train,255.0,10.831711591458788,8.76187801361084,1.0,4935090.0,json_report_history,E:\CODEXRESEARCH\RESEARCH-1\artifacts\benchmark_runs\language\neuron_search_20260605\manual_self\screen_1_seed13_smoke_conv_memory_agreement_phase_residual_memory_conv_agreement_neuron\result.json
neuron_search/screen_1_seed13_smoke_conv_memory_agreement_phase_residual_memory_conv_centered_agreement_neuron/result/standalone_longseq_anchor_train,255.0,10.831523687699262,8.761295318603516,1.0,4935090.0,json_report_history,E:\CODEXRESEARCH\RESEARCH-1\artifacts\benchmark_runs\language\neuron_search_20260605\manual_self\screen_1_seed13_smoke_conv_memory_agreement_phase_residual_memory_conv_centered_agreement_neuron\result.json
neuron_search/screen_1_seed13_smoke_conv_memory_agreement_phase_residual_memory_conv_disagreement_damp_neuron/result/standalone_longseq_anchor_train,255.0,10.831710637784472,8.76187801361084,1.0,4935090.0,json_report_history,E:\CODEXRESEARCH\RESEARCH-1\artifacts\benchmark_runs\language\neuron_search_20260605\manual_self\screen_1_seed13_smoke_conv_memory_agreement_phase_residual_memory_conv_disagreement_damp_neuron\result.json
neuron_search/screen_1_seed13_smoke_hidden_drop_endpoint_v1_baseline/result/standalone_longseq_anchor_train,255.0,10.840487480163574,8.700194358825684,1.0,4936113.0,json_report_history,E:\CODEXRESEARCH\RESEARCH-1\artifacts\benchmark_runs\language\neuron_search_20260605\manual_self\screen_1_seed13_smoke_hidden_drop_endpoint_v1_baseline\result.json
neuron_search/screen_1_seed13_smoke_hidden_drop_endpoint_v1_hidden_drop_extreme_square_neuron/result/standalone_longseq_anchor_train,255.0,10.8405179977417,8.69888973236084,1.0,4936113.0,json_report_history,E:\CODEXRESEARCH\RESEARCH-1\artifacts\benchmark_runs\language\neuron_search_20260605\manual_self\screen_1_seed13_smoke_hidden_drop_endpoint_v1_hidden_drop_extreme_square_neuron\result.json
neuron_search/screen_1_seed13_smoke_hidden_drop_endpoint_v1_hidden_drop_ultra_square_neuron/result/standalone_longseq_anchor_train,255.0,10.840487480163574,8.699203491210938,1.0,4936113.0,json_report_history,E:\CODEXRESEARCH\RESEARCH-1\artifacts\benchmark_runs\language\neuron_search_20260605\manual_self\screen_1_seed13_smoke_hidden_drop_endpoint_v1_hidden_drop_ultra_square_neuron\result.json
neuron_search/screen_1_seed13_smoke_hidden_drop_p25_p30_v1_baseline/result/standalone_longseq_anchor_train,255.0,10.840487480163574,8.700194358825684,1.0,4936113.0,json_report_history,E:\CODEXRESEARCH\RESEARCH-1\artifacts\benchmark_runs\language\neuron_search_20260605\manual_self\screen_1_seed13_smoke_hidden_drop_p25_p30_v1_baseline\result.json
neuron_search/screen_1_seed13_smoke_hidden_drop_p25_p30_v1_hidden_drop_p25_square_neuron/result/standalone_longseq_anchor_train,255.0,10.840548515319824,8.699736595153809,1.0,4936113.0,json_report_history,E:\CODEXRESEARCH\RESEARCH-1\artifacts\benchmark_runs\language\neuron_search_20260605\manual_self\screen_1_seed13_smoke_hidden_drop_p25_p30_v1_hidden_drop_p25_square_neuron\result.json
neuron_search/screen_1_seed13_smoke_hidden_drop_p25_p30_v1_hidden_drop_p30_square_neuron/result/standalone_longseq_anchor_train,255.0,10.8405179977417,8.699332237243652,1.0,4936113.0,json_report_history,E:\CODEXRESEARCH\RESEARCH-1\artifacts\benchmark_runs\language\neuron_search_20260605\manual_self\screen_1_seed13_smoke_hidden_drop_p25_p30_v1_hidden_drop_p30_square_neuron\result.json
neuron_search/screen_1_seed13_smoke_hidden_drop_p35_p40_v1_baseline/result/standalone_longseq_anchor_train,255.0,10.840487480163574,8.700194358825684,1.0,4936113.0,json_report_history,E:\CODEXRESEARCH\RESEARCH-1\artifacts\benchmark_runs\language\neuron_search_20260605\manual_self\screen_1_seed13_smoke_hidden_drop_p35_p40_v1_baseline\result.json
neuron_search/screen_1_seed13_smoke_hidden_drop_p35_p40_v1_hidden_drop_p35_square_neuron/result/standalone_longseq_anchor_train,255.0,10.840502738952637,8.699165344238281,1.0,4936113.0,json_report_history,E:\CODEXRESEARCH\RESEARCH-1\artifacts\benchmark_runs\language\neuron_search_20260605\manual_self\screen_1_seed13_smoke_hidden_drop_p35_p40_v1_hidden_drop_p35_square_neuron\result.json
neuron_search/screen_1_seed13_smoke_hidden_drop_p35_p40_v1_hidden_drop_p40_square_neuron/result/standalone_longseq_anchor_train,255.0,10.840410709381104,8.69843864440918,1.0,4936113.0,json_report_history,E:\CODEXRESEARCH\RESEARCH-1\artifacts\benchmark_runs\language\neuron_search_20260605\manual_self\screen_1_seed13_smoke_hidden_drop_p35_p40_v1_hidden_drop_p40_square_neuron\result.json
neuron_search/screen_1_seed13_smoke_hidden_drop_strength_v1_baseline/result/standalone_longseq_anchor_train,255.0,10.840487480163574,8.700194358825684,1.0,4936113.0,json_report_history,E:\CODEXRESEARCH\RESEARCH-1\artifacts\benchmark_runs\language\neuron_search_20260605\manual_self\screen_1_seed13_smoke_hidden_drop_strength_v1_baseline\result.json
neuron_search/screen_1_seed13_smoke_hidden_drop_strength_v1_hidden_drop_high_square_neuron/result/standalone_longseq_anchor_train,255.0,10.840487480163574,8.699263572692871,1.0,4936113.0,json_report_history,E:\CODEXRESEARCH\RESEARCH-1\artifacts\benchmark_runs\language\neuron_search_20260605\manual_self\screen_1_seed13_smoke_hidden_drop_strength_v1_hidden_drop_high_square_neuron\result.json
neuron_search/screen_1_seed13_smoke_hidden_drop_strength_v1_hidden_drop_mid_square_neuron/result/standalone_longseq_anchor_train,255.0,10.840563774108887,8.699210166931152,1.0,4936113.0,json_report_history,E:\CODEXRESEARCH\RESEARCH-1\artifacts\benchmark_runs\language\neuron_search_20260605\manual_self\screen_1_seed13_smoke_hidden_drop_strength_v1_hidden_drop_mid_square_neuron\result.json
neuron_search/screen_1_seed13_smoke_hidden_drop_strength_v1_memory_energy_drop_square_neuron/result/standalone_longseq_anchor_train,255.0,10.840456485748291,8.699285507202148,1.0,4936113.0,json_report_history,E:\CODEXRESEARCH\RESEARCH-1\artifacts\benchmark_runs\language\neuron_search_20260605\manual_self\screen_1_seed13_smoke_hidden_drop_strength_v1_memory_energy_drop_square_neuron\result.json
neuron_search/screen_1_seed13_smoke_hidden_regularizer_v1_baseline/result/standalone_longseq_anchor_train,255.0,10.830943487204758,8.75939655303955,1.0,4934961.0,json_report_history,E:\CODEXRESEARCH\RESEARCH-1\artifacts\benchmark_runs\language\neuron_search_20260605\manual_self\screen_1_seed13_smoke_hidden_regularizer_v1_baseline\result.json
neuron_search/screen_1_seed13_smoke_hidden_regularizer_v1_channel_drop_square_neuron/result/standalone_longseq_anchor_train,255.0,10.83100487578149,8.759191513061523,1.0,4934961.0,json_report_history,E:\CODEXRESEARCH\RESEARCH-1\artifacts\benchmark_runs\language\neuron_search_20260605\manual_self\screen_1_seed13_smoke_hidden_regularizer_v1_channel_drop_square_neuron\result.json
neuron_search/screen_1_seed13_smoke_hidden_regularizer_v1_hidden_drop_low_square_neuron/result/standalone_longseq_anchor_train,255.0,10.830974358203365,8.759419441223145,1.0,4934961.0,json_report_history,E:\CODEXRESEARCH\RESEARCH-1\artifacts\benchmark_runs\language\neuron_search_20260605\manual_self\screen_1_seed13_smoke_hidden_regularizer_v1_hidden_drop_low_square_neuron\result.json
neuron_search/screen_1_seed13_smoke_hidden_regularizer_v1_hidden_drop_square_neuron/result/standalone_longseq_anchor_train,255.0,10.830974242266487,8.761380195617676,1.0,4934961.0,json_report_history,E:\CODEXRESEARCH\RESEARCH-1\artifacts\benchmark_runs\language\neuron_search_20260605\manual_self\screen_1_seed13_smoke_hidden_regularizer_v1_hidden_drop_square_neuron\result.json
neuron_search/screen_1_seed13_smoke_hidden_regularizer_v1_rank_competition_fixed_feather_channel_drop_neuron/result/standalone_longseq_anchor_train,255.0,10.83086701374428,8.75916862487793,1.0,4934961.0,json_report_history,E:\CODEXRESEARCH\RESEARCH-1\artifacts\benchmark_runs\language\neuron_search_20260605\manual_self\screen_1_seed13_smoke_hidden_regularizer_v1_rank_competition_fixed_feather_channel_drop_neuron\result.json
neuron_search/screen_1_seed13_smoke_hidden_regularizer_v1_rank_competition_fixed_feather_hidden_drop_neuron/result/standalone_longseq_anchor_train,255.0,10.830974240396538,8.761372566223145,1.0,4934961.0,json_report_history,E:\CODEXRESEARCH\RESEARCH-1\artifacts\benchmark_runs\language\neuron_search_20260605\manual_self\screen_1_seed13_smoke_hidden_regularizer_v1_rank_competition_fixed_feather_hidden_drop_neuron\result.json
neuron_search/screen_1_seed13_smoke_memory_gate_v2_baseline/result/standalone_longseq_anchor_train,255.0,10.830851315517052,8.760231971740723,1.0,4934961.0,json_report_history,E:\CODEXRESEARCH\RESEARCH-1\artifacts\benchmark_runs\language\neuron_search_20260605\manual_self\screen_1_seed13_smoke_memory_gate_v2_baseline\result.json
neuron_search/screen_1_seed13_smoke_memory_gate_v2_phase_residual_memory_centered_gate_neuron/result/standalone_longseq_anchor_train,255.0,10.83484920613906,8.726998329162598,1.0,4936753.0,json_report_history,E:\CODEXRESEARCH\RESEARCH-1\artifacts\benchmark_runs\language\neuron_search_20260605\manual_self\screen_1_seed13_smoke_memory_gate_v2_phase_residual_memory_centered_gate_neuron\result.json
neuron_search/screen_1_seed13_smoke_memory_gate_v2_phase_residual_memory_group_gate_neuron/result/standalone_longseq_anchor_train,255.0,10.829760246650846,8.694265365600586,1.0,4935297.0,json_report_history,E:\CODEXRESEARCH\RESEARCH-1\artifacts\benchmark_runs\language\neuron_search_20260605\manual_self\screen_1_seed13_smoke_memory_gate_v2_phase_residual_memory_group_gate_neuron\result.json
neuron_search/screen_1_seed13_smoke_memory_gate_v2_phase_residual_memory_normed_gate_neuron/result/standalone_longseq_anchor_train,255.0,10.834771683636834,8.727079391479492,1.0,4936753.0,json_report_history,E:\CODEXRESEARCH\RESEARCH-1\artifacts\benchmark_runs\language\neuron_search_20260605\manual_self\screen_1_seed13_smoke_memory_gate_v2_phase_residual_memory_normed_gate_neuron\result.json
neuron_search/screen_1_seed13_smoke_memory_gate_v2_phase_residual_memory_scalar_centered_gate_neuron/result/standalone_longseq_anchor_train,255.0,10.842589204451617,8.700586318969727,1.0,4935102.0,json_report_history,E:\CODEXRESEARCH\RESEARCH-1\artifacts\benchmark_runs\language\neuron_search_20260605\manual_self\screen_1_seed13_smoke_memory_gate_v2_phase_residual_memory_scalar_centered_gate_neuron\result.json
neuron_search/screen_1_seed13_smoke_memory_gate_v2_phase_residual_memory_scalar_gate_neuron/result/standalone_longseq_anchor_train,255.0,10.842660593519025,8.700801849365234,1.0,4935102.0,json_report_history,E:\CODEXRESEARCH\RESEARCH-1\artifacts\benchmark_runs\language\neuron_search_20260605\manual_self\screen_1_seed13_smoke_memory_gate_v2_phase_residual_memory_scalar_gate_neuron\result.json
neuron_search/screen_1_seed13_smoke_memory_gate_v3_baseline/result/standalone_longseq_anchor_train,255.0,10.830851315517052,8.760231971740723,1.0,4934961.0,json_report_history,E:\CODEXRESEARCH\RESEARCH-1\artifacts\benchmark_runs\language\neuron_search_20260605\manual_self\screen_1_seed13_smoke_memory_gate_v3_baseline\result.json
neuron_search/screen_1_seed13_smoke_memory_gate_v3_phase_residual_memory_small_gate_neuron/result/standalone_longseq_anchor_train,255.0,10.834829195807961,8.727733612060547,1.0,4936753.0,json_report_history,E:\CODEXRESEARCH\RESEARCH-1\artifacts\benchmark_runs\language\neuron_search_20260605\manual_self\screen_1_seed13_smoke_memory_gate_v3_phase_residual_memory_small_gate_neuron\result.json
neuron_search/screen_1_seed13_smoke_memory_gate_v3_phase_residual_memory_tiny_gate_neuron/result/standalone_longseq_anchor_train,255.0,10.834896115695729,8.728569030761719,1.0,4936753.0,json_report_history,E:\CODEXRESEARCH\RESEARCH-1\artifacts\benchmark_runs\language\neuron_search_20260605\manual_self\screen_1_seed13_smoke_memory_gate_v3_phase_residual_memory_tiny_gate_neuron\result.json
neuron_search/screen_1_seed13_smoke_memory_gate_v3_phase_residual_memory_zero_mean_gate_neuron/result/standalone_longseq_anchor_train,255.0,10.834728353163776,8.726419448852539,1.0,4936753.0,json_report_history,E:\CODEXRESEARCH\RESEARCH-1\artifacts\benchmark_runs\language\neuron_search_20260605\manual_self\screen_1_seed13_smoke_memory_gate_v3_phase_residual_memory_zero_mean_gate_neuron\result.json
neuron_search/screen_1_seed13_smoke_memory_gate_v4_baseline/result/standalone_longseq_anchor_train,255.0,10.830851315517052,8.760231971740723,1.0,4934961.0,json_report_history,E:\CODEXRESEARCH\RESEARCH-1\artifacts\benchmark_runs\language\neuron_search_20260605\manual_self\screen_1_seed13_smoke_memory_gate_v4_baseline\result.json
neuron_search/screen_1_seed13_smoke_memory_gate_v4_phase_residual_memory_bounded_centered_gate_neuron/result/standalone_longseq_anchor_train,255.0,10.834849443622664,8.726998329162598,1.0,4936753.0,json_report_history,E:\CODEXRESEARCH\RESEARCH-1\artifacts\benchmark_runs\language\neuron_search_20260605\manual_self\screen_1_seed13_smoke_memory_gate_v4_phase_residual_memory_bounded_centered_gate_neuron\result.json
neuron_search/screen_1_seed13_smoke_memory_gate_v4_phase_residual_memory_bounded_gate_neuron/result/standalone_longseq_anchor_train,255.0,10.834728351293826,8.726419448852539,1.0,4936753.0,json_report_history,E:\CODEXRESEARCH\RESEARCH-1\artifacts\benchmark_runs\language\neuron_search_20260605\manual_self\screen_1_seed13_smoke_memory_gate_v4_phase_residual_memory_bounded_gate_neuron\result.json
neuron_search/screen_1_seed13_smoke_memory_gate_v4_phase_residual_memory_delta_gate_neuron/result/standalone_longseq_anchor_train,255.0,10.834728353163776,8.726419448852539,1.0,4936753.0,json_report_history,E:\CODEXRESEARCH\RESEARCH-1\artifacts\benchmark_runs\language\neuron_search_20260605\manual_self\screen_1_seed13_smoke_memory_gate_v4_phase_residual_memory_delta_gate_neuron\result.json
neuron_search/screen_1_seed13_smoke_memory_gate_v4_phase_residual_memory_rms_gate_neuron/result/standalone_longseq_anchor_train,255.0,10.83472859064738,8.726419448852539,1.0,4936753.0,json_report_history,E:\CODEXRESEARCH\RESEARCH-1\artifacts\benchmark_runs\language\neuron_search_20260605\manual_self\screen_1_seed13_smoke_memory_gate_v4_phase_residual_memory_rms_gate_neuron\result.json
neuron_search/screen_1_seed13_smoke_memory_gate_v4_phase_residual_memory_sparse_centered_gate_neuron/result/standalone_longseq_anchor_train,255.0,10.834848966785506,8.726998329162598,1.0,4936753.0,json_report_history,E:\CODEXRESEARCH\RESEARCH-1\artifacts\benchmark_runs\language\neuron_search_20260605\manual_self\screen_1_seed13_smoke_memory_gate_v4_phase_residual_memory_sparse_centered_gate_neuron\result.json
neuron_search/screen_1_seed13_smoke_memory_gate_v4_phase_residual_memory_sparse_gate_neuron/result/standalone_longseq_anchor_train,255.0,10.834728351293826,8.726419448852539,1.0,4936753.0,json_report_history,E:\CODEXRESEARCH\RESEARCH-1\artifacts\benchmark_runs\language\neuron_search_20260605\manual_self\screen_1_seed13_smoke_memory_gate_v4_phase_residual_memory_sparse_gate_neuron\result.json
neuron_search/screen_1_seed13_smoke_memory_novelty_baseline/result/standalone_longseq_anchor_train,255.0,10.830851315517052,8.760231971740723,1.0,4934961.0,json_report_history,E:\CODEXRESEARCH\RESEARCH-1\artifacts\benchmark_runs\language\neuron_search_20260605\manual_self\screen_1_seed13_smoke_memory_novelty_baseline\result.json
neuron_search/screen_1_seed13_smoke_memory_novelty_memory_square_novelty_gain_neuron/result/standalone_longseq_anchor_train,255.0,10.834952548905916,8.72922420501709,1.0,4936625.0,json_report_history,E:\CODEXRESEARCH\RESEARCH-1\artifacts\benchmark_runs\language\neuron_search_20260605\manual_self\screen_1_seed13_smoke_memory_novelty_memory_square_novelty_gain_neuron\result.json
neuron_search/screen_1_seed13_smoke_memory_novelty_phase_residual_memory_novelty_centered_gate_neuron/result/standalone_longseq_anchor_train,255.0,10.83484920613906,8.726998329162598,1.0,4936753.0,json_report_history,E:\CODEXRESEARCH\RESEARCH-1\artifacts\benchmark_runs\language\neuron_search_20260605\manual_self\screen_1_seed13_smoke_memory_novelty_phase_residual_memory_novelty_centered_gate_neuron\result.json
neuron_search/screen_1_seed13_smoke_memory_novelty_phase_residual_memory_novelty_gate_neuron/result/standalone_longseq_anchor_train,255.0,10.834728111940272,8.726419448852539,1.0,4936753.0,json_report_history,E:\CODEXRESEARCH\RESEARCH-1\artifacts\benchmark_runs\language\neuron_search_20260605\manual_self\screen_1_seed13_smoke_memory_novelty_phase_residual_memory_novelty_gate_neuron\result.json
neuron_search/screen_1_seed13_smoke_memory_novelty_phase_residual_memory_novelty_tiny_gate_neuron/result/standalone_longseq_anchor_train,255.0,10.83482967077517,8.727733612060547,1.0,4936753.0,json_report_history,E:\CODEXRESEARCH\RESEARCH-1\artifacts\benchmark_runs\language\neuron_search_20260605\manual_self\screen_1_seed13_smoke_memory_novelty_phase_residual_memory_novelty_tiny_gate_neuron\result.json
neuron_search/screen_1_seed13_smoke_memory_square_gain_baseline/result/standalone_longseq_anchor_train,255.0,10.830851315517052,8.760231971740723,1.0,4934961.0,json_report_history,E:\CODEXRESEARCH\RESEARCH-1\artifacts\benchmark_runs\language\neuron_search_20260605\manual_self\screen_1_seed13_smoke_memory_square_gain_baseline\result.json
neuron_search/screen_1_seed13_smoke_memory_square_gain_memory_square_centered_gain_neuron/result/standalone_longseq_anchor_train,255.0,10.834952311422311,8.72922420501709,1.0,4936625.0,json_report_history,E:\CODEXRESEARCH\RESEARCH-1\artifacts\benchmark_runs\language\neuron_search_20260605\manual_self\screen_1_seed13_smoke_memory_square_gain_memory_square_centered_gain_neuron\result.json
neuron_search/screen_1_seed13_smoke_memory_square_gain_memory_square_gain_neuron/result/standalone_longseq_anchor_train,255.0,10.83495230955236,8.72922420501709,1.0,4936625.0,json_report_history,E:\CODEXRESEARCH\RESEARCH-1\artifacts\benchmark_runs\language\neuron_search_20260605\manual_self\screen_1_seed13_smoke_memory_square_gain_memory_square_gain_neuron\result.json
neuron_search/screen_1_seed13_smoke_memory_square_gain_memory_square_scalar_gain_neuron/result/standalone_longseq_anchor_train,255.0,10.842679190168194,8.700047492980957,1.0,4934974.0,json_report_history,E:\CODEXRESEARCH\RESEARCH-1\artifacts\benchmark_runs\language\neuron_search_20260605\manual_self\screen_1_seed13_smoke_memory_square_gain_memory_square_scalar_gain_neuron\result.json
neuron_search/screen_1_seed13_smoke_memory_square_gain_memory_square_small_gain_neuron/result/standalone_longseq_anchor_train,255.0,10.834952072068758,8.72922420501709,1.0,4936625.0,json_report_history,E:\CODEXRESEARCH\RESEARCH-1\artifacts\benchmark_runs\language\neuron_search_20260605\manual_self\screen_1_seed13_smoke_memory_square_gain_memory_square_small_gain_neuron\result.json
neuron_search/screen_1_seed13_smoke_new_phase_iter2_baseline/result/standalone_longseq_anchor_train,255.0,10.830851315517052,8.760231971740723,1.0,4934961.0,json_report_history,E:\CODEXRESEARCH\RESEARCH-1\artifacts\benchmark_runs\language\neuron_search_20260605\manual_self\screen_1_seed13_smoke_new_phase_iter2_baseline\result.json
neuron_search/screen_1_seed13_smoke_new_phase_iter2_phase_residual_blend_centered_neuron/result/standalone_longseq_anchor_train,255.0,10.831524405759923,8.761295318603516,1.0,4935089.0,json_report_history,E:\CODEXRESEARCH\RESEARCH-1\artifacts\benchmark_runs\language\neuron_search_20260605\manual_self\screen_1_seed13_smoke_new_phase_iter2_phase_residual_blend_centered_neuron\result.json
neuron_search/screen_1_seed13_smoke_new_phase_iter2_phase_residual_blend_normed_neuron/result/standalone_longseq_anchor_train,255.0,10.83148229449403,8.761452674865723,1.0,4935089.0,json_report_history,E:\CODEXRESEARCH\RESEARCH-1\artifacts\benchmark_runs\language\neuron_search_20260605\manual_self\screen_1_seed13_smoke_new_phase_iter2_phase_residual_blend_normed_neuron\result.json
neuron_search/screen_1_seed13_smoke_new_phase_iter2_phase_residual_blend_quarter_neuron/result/standalone_longseq_anchor_train,255.0,10.831273127537148,8.761043548583984,1.0,4935089.0,json_report_history,E:\CODEXRESEARCH\RESEARCH-1\artifacts\benchmark_runs\language\neuron_search_20260605\manual_self\screen_1_seed13_smoke_new_phase_iter2_phase_residual_blend_quarter_neuron\result.json
neuron_search/screen_1_seed13_smoke_new_phase_iter2_phase_residual_conv_energy_gate_neuron/result/standalone_longseq_anchor_train,255.0,10.831659666697185,8.761791229248047,1.0,4935090.0,json_report_history,E:\CODEXRESEARCH\RESEARCH-1\artifacts\benchmark_runs\language\neuron_search_20260605\manual_self\screen_1_seed13_smoke_new_phase_iter2_phase_residual_conv_energy_gate_neuron\result.json
neuron_search/screen_1_seed13_smoke_new_phase_iter2_phase_residual_memory_gate_neuron/result/standalone_longseq_anchor_train,255.0,10.83472859064738,8.726419448852539,1.0,4936753.0,json_report_history,E:\CODEXRESEARCH\RESEARCH-1\artifacts\benchmark_runs\language\neuron_search_20260605\manual_self\screen_1_seed13_smoke_new_phase_iter2_phase_residual_memory_gate_neuron\result.json
neuron_search/screen_1_seed13_smoke_rank_competition_masks_v1_baseline/result/standalone_longseq_anchor_train,255.0,10.830851315517052,8.760231971740723,1.0,4934961.0,json_report_history,E:\CODEXRESEARCH\RESEARCH-1\artifacts\benchmark_runs\language\neuron_search_20260605\manual_self\screen_1_seed13_smoke_rank_competition_masks_v1_baseline\result.json
neuron_search/screen_1_seed13_smoke_rank_competition_masks_v1_rank_competition_memory_suppressed_centered_gate_neuron/result/standalone_longseq_anchor_train,255.0,10.835237826553046,8.731673240661621,1.0,4936754.0,json_report_history,E:\CODEXRESEARCH\RESEARCH-1\artifacts\benchmark_runs\language\neuron_search_20260605\manual_self\screen_1_seed13_smoke_rank_competition_masks_v1_rank_competition_memory_suppressed_centered_gate_neuron\result.json
neuron_search/screen_1_seed13_smoke_rank_competition_masks_v1_rank_competition_memory_uncertainty_centered_gate_neuron/result/standalone_longseq_anchor_train,255.0,10.83521374908148,8.731412887573242,1.0,4936754.0,json_report_history,E:\CODEXRESEARCH\RESEARCH-1\artifacts\benchmark_runs\language\neuron_search_20260605\manual_self\screen_1_seed13_smoke_rank_competition_masks_v1_rank_competition_memory_uncertainty_centered_gate_neuron\result.json
neuron_search/screen_1_seed13_smoke_rank_competition_masks_v1_rank_competition_memory_within_group_centered_gate_neuron/result/standalone_longseq_anchor_train,255.0,10.834977278989903,8.728911399841309,1.0,4936754.0,json_report_history,E:\CODEXRESEARCH\RESEARCH-1\artifacts\benchmark_runs\language\neuron_search_20260605\manual_self\screen_1_seed13_smoke_rank_competition_masks_v1_rank_competition_memory_within_group_centered_gate_neuron\result.json
neuron_search/screen_1_seed13_smoke_rank_hybrid_cost_ablate_v1_baseline/result/standalone_longseq_anchor_train,255.0,10.830851315517052,8.760231971740723,1.0,4934961.0,json_report_history,E:\CODEXRESEARCH\RESEARCH-1\artifacts\benchmark_runs\language\neuron_search_20260605\manual_self\screen_1_seed13_smoke_rank_hybrid_cost_ablate_v1_baseline\result.json
neuron_search/screen_1_seed13_smoke_rank_hybrid_cost_ablate_v1_rank_competition_centered_residual_neuron/result/standalone_longseq_anchor_train,255.0,10.830681297825832,8.759698867797852,1.0,4935090.0,json_report_history,E:\CODEXRESEARCH\RESEARCH-1\artifacts\benchmark_runs\language\neuron_search_20260605\manual_self\screen_1_seed13_smoke_rank_hybrid_cost_ablate_v1_rank_competition_centered_residual_neuron\result.json
neuron_search/screen_1_seed13_smoke_rank_hybrid_cost_ablate_v1_rank_competition_memory_factor_centered_gate_neuron/result/standalone_longseq_anchor_train,255.0,10.838217191135183,8.744396209716797,1.0,4935654.0,json_report_history,E:\CODEXRESEARCH\RESEARCH-1\artifacts\benchmark_runs\language\neuron_search_20260605\manual_self\screen_1_seed13_smoke_rank_hybrid_cost_ablate_v1_rank_competition_memory_factor_centered_gate_neuron\result.json
neuron_search/screen_1_seed13_smoke_rank_hybrid_cost_ablate_v1_rank_competition_memory_group_centered_gate_neuron/result/standalone_longseq_anchor_train,255.0,10.829671680226046,8.69150161743164,1.0,4935298.0,json_report_history,E:\CODEXRESEARCH\RESEARCH-1\artifacts\benchmark_runs\language\neuron_search_20260605\manual_self\screen_1_seed13_smoke_rank_hybrid_cost_ablate_v1_rank_competition_memory_group_centered_gate_neuron\result.json
neuron_search/screen_1_seed13_smoke_rank_hybrid_cost_ablate_v1_rank_competition_memory_scalar_centered_gate_neuron/result/standalone_longseq_anchor_train,255.0,10.842466038348627,8.699609756469727,1.0,4935103.0,json_report_history,E:\CODEXRESEARCH\RESEARCH-1\artifacts\benchmark_runs\language\neuron_search_20260605\manual_self\screen_1_seed13_smoke_rank_hybrid_cost_ablate_v1_rank_competition_memory_scalar_centered_gate_neuron\result.json
neuron_search/screen_1_seed13_smoke_rank_hybrid_regularized_v1_baseline/result/standalone_longseq_anchor_train,255.0,10.830851315517052,8.760231971740723,1.0,4934961.0,json_report_history,E:\CODEXRESEARCH\RESEARCH-1\artifacts\benchmark_runs\language\neuron_search_20260605\manual_self\screen_1_seed13_smoke_rank_hybrid_regularized_v1_baseline\result.json
neuron_search/screen_1_seed13_smoke_rank_hybrid_regularized_v1_rank_competition_memory_normed_centered_gate_neuron/result/standalone_longseq_anchor_train,255.0,10.835021228416293,8.729750633239746,1.0,4936754.0,json_report_history,E:\CODEXRESEARCH\RESEARCH-1\artifacts\benchmark_runs\language\neuron_search_20260605\manual_self\screen_1_seed13_smoke_rank_hybrid_regularized_v1_rank_competition_memory_normed_centered_gate_neuron\result.json
neuron_search/screen_1_seed13_smoke_rank_hybrid_regularized_v1_rank_competition_memory_small_centered_gate_neuron/result/standalone_longseq_anchor_train,255.0,10.835054975397446,8.730255126953125,1.0,4936754.0,json_report_history,E:\CODEXRESEARCH\RESEARCH-1\artifacts\benchmark_runs\language\neuron_search_20260605\manual_self\screen_1_seed13_smoke_rank_hybrid_regularized_v1_rank_competition_memory_small_centered_gate_neuron\result.json
neuron_search/screen_1_seed13_smoke_rank_memory_hybrid_v1_baseline/result/standalone_longseq_anchor_train,255.0,10.830851315517052,8.760231971740723,1.0,4934961.0,json_report_history,E:\CODEXRESEARCH\RESEARCH-1\artifacts\benchmark_runs\language\neuron_search_20260605\manual_self\screen_1_seed13_smoke_rank_memory_hybrid_v1_baseline\result.json
neuron_search/screen_1_seed13_smoke_rank_memory_hybrid_v1_rank_competition_memory_centered_gate_neuron/result/standalone_longseq_anchor_train,255.0,10.835009515051748,8.72926139831543,1.0,4936754.0,json_report_history,E:\CODEXRESEARCH\RESEARCH-1\artifacts\benchmark_runs\language\neuron_search_20260605\manual_self\screen_1_seed13_smoke_rank_memory_hybrid_v1_rank_competition_memory_centered_gate_neuron\result.json
neuron_search/screen_1_seed13_smoke_rank_memory_hybrid_v1_rank_competition_memory_gate_neuron/result/standalone_longseq_anchor_train,255.0,10.834882926940917,8.728652954101562,1.0,4936754.0,json_report_history,E:\CODEXRESEARCH\RESEARCH-1\artifacts\benchmark_runs\language\neuron_search_20260605\manual_self\screen_1_seed13_smoke_rank_memory_hybrid_v1_rank_competition_memory_gate_neuron\result.json
neuron_search/screen_1_seed13_smoke_rank_pressure_fixed_v1_baseline/result/standalone_longseq_anchor_train,255.0,10.830943487204758,8.75939655303955,1.0,4934961.0,json_report_history,E:\CODEXRESEARCH\RESEARCH-1\artifacts\benchmark_runs\language\neuron_search_20260605\manual_self\screen_1_seed13_smoke_rank_pressure_fixed_v1_baseline\result.json
neuron_search/screen_1_seed13_smoke_rank_pressure_fixed_v1_rank_competition_fixed_dust_neuron/result/standalone_longseq_anchor_train,255.0,10.830974242266487,8.75937271118164,1.0,4934961.0,json_report_history,E:\CODEXRESEARCH\RESEARCH-1\artifacts\benchmark_runs\language\neuron_search_20260605\manual_self\screen_1_seed13_smoke_rank_pressure_fixed_v1_rank_competition_fixed_dust_neuron\result.json
neuron_search/screen_1_seed13_smoke_rank_pressure_fixed_v1_rank_competition_fixed_feather_neuron/result/standalone_longseq_anchor_train,255.0,10.830912967756683,8.759427070617676,1.0,4934961.0,json_report_history,E:\CODEXRESEARCH\RESEARCH-1\artifacts\benchmark_runs\language\neuron_search_20260605\manual_self\screen_1_seed13_smoke_rank_pressure_fixed_v1_rank_competition_fixed_feather_neuron\result.json
neuron_search/screen_1_seed13_smoke_rank_pressure_fixed_v1_rank_competition_fixed_trace_neuron/result/standalone_longseq_anchor_train,255.0,10.83097412258971,8.759411811828613,1.0,4934961.0,json_report_history,E:\CODEXRESEARCH\RESEARCH-1\artifacts\benchmark_runs\language\neuron_search_20260605\manual_self\screen_1_seed13_smoke_rank_pressure_fixed_v1_rank_competition_fixed_trace_neuron\result.json
neuron_search/screen_1_seed13_smoke_rank_pressure_ultrasoft_v1_baseline/result/standalone_longseq_anchor_train,255.0,10.830943487204758,8.75939655303955,1.0,4934961.0,json_report_history,E:\CODEXRESEARCH\RESEARCH-1\artifacts\benchmark_runs\language\neuron_search_20260605\manual_self\screen_1_seed13_smoke_rank_pressure_ultrasoft_v1_baseline\result.json
neuron_search/screen_1_seed13_smoke_rank_pressure_ultrasoft_v1_rank_competition_feather_neuron/result/standalone_longseq_anchor_train,255.0,10.830928404190962,8.759427070617676,1.0,4934962.0,json_report_history,E:\CODEXRESEARCH\RESEARCH-1\artifacts\benchmark_runs\language\neuron_search_20260605\manual_self\screen_1_seed13_smoke_rank_pressure_ultrasoft_v1_rank_competition_feather_neuron\result.json
neuron_search/screen_1_seed13_smoke_rank_pressure_ultrasoft_v1_rank_competition_ultrasoft_neuron/result/standalone_longseq_anchor_train,255.0,10.830790420607025,8.759922981262207,1.0,4934962.0,json_report_history,E:\CODEXRESEARCH\RESEARCH-1\artifacts\benchmark_runs\language\neuron_search_20260605\manual_self\screen_1_seed13_smoke_rank_pressure_ultrasoft_v1_rank_competition_ultrasoft_neuron\result.json
neuron_search/screen_1_seed13_smoke_rank_pressure_v1_baseline/result/standalone_longseq_anchor_train,255.0,10.830943487204758,8.75939655303955,1.0,4934961.0,json_report_history,E:\CODEXRESEARCH\RESEARCH-1\artifacts\benchmark_runs\language\neuron_search_20260605\manual_self\screen_1_seed13_smoke_rank_pressure_v1_baseline\result.json
neuron_search/screen_1_seed13_smoke_rank_pressure_v1_rank_competition_mild_centered_residual_neuron/result/standalone_longseq_anchor_train,255.0,10.830821072821523,8.75890827178955,1.0,4935090.0,json_report_history,E:\CODEXRESEARCH\RESEARCH-1\artifacts\benchmark_runs\language\neuron_search_20260605\manual_self\screen_1_seed13_smoke_rank_pressure_v1_rank_competition_mild_centered_residual_neuron\result.json
neuron_search/screen_1_seed13_smoke_rank_pressure_v1_rank_competition_mild_neuron/result/standalone_longseq_anchor_train,255.0,10.830300232008392,8.75896167755127,1.0,4934962.0,json_report_history,E:\CODEXRESEARCH\RESEARCH-1\artifacts\benchmark_runs\language\neuron_search_20260605\manual_self\screen_1_seed13_smoke_rank_pressure_v1_rank_competition_mild_neuron\result.json
neuron_search/screen_1_seed13_smoke_rank_pressure_v1_rank_competition_soft_centered_residual_neuron/result/standalone_longseq_anchor_train,255.0,10.831157966688567,8.758792877197266,1.0,4935090.0,json_report_history,E:\CODEXRESEARCH\RESEARCH-1\artifacts\benchmark_runs\language\neuron_search_20260605\manual_self\screen_1_seed13_smoke_rank_pressure_v1_rank_competition_soft_centered_residual_neuron\result.json
neuron_search/screen_1_seed13_smoke_rank_pressure_v1_rank_competition_soft_neuron/result/standalone_longseq_anchor_train,255.0,10.830545444114536,8.759442329406738,1.0,4934962.0,json_report_history,E:\CODEXRESEARCH\RESEARCH-1\artifacts\benchmark_runs\language\neuron_search_20260605\manual_self\screen_1_seed13_smoke_rank_pressure_v1_rank_competition_soft_neuron\result.json
neuron_search/screen_1_seed13_smoke_suppressed_guarded_v1_baseline/result/standalone_longseq_anchor_train,255.0,10.830943487204758,8.75939655303955,1.0,4934961.0,json_report_history,E:\CODEXRESEARCH\RESEARCH-1\artifacts\benchmark_runs\language\neuron_search_20260605\manual_self\screen_1_seed13_smoke_suppressed_guarded_v1_baseline\result.json
neuron_search/screen_1_seed13_smoke_suppressed_guarded_v1_rank_competition_memory_suppressed_aux_head_centered_gate_neuron/result/standalone_longseq_anchor_train,255.0,10.8098651044509,8.730321884155273,1.0,4944947.0,json_report_history,E:\CODEXRESEARCH\RESEARCH-1\artifacts\benchmark_runs\language\neuron_search_20260605\manual_self\screen_1_seed13_smoke_suppressed_guarded_v1_rank_competition_memory_suppressed_aux_head_centered_gate_neuron\result.json
neuron_search/screen_1_seed13_smoke_suppressed_guarded_v1_rank_competition_memory_suppressed_energy_matched_centered_gate_neuron/result/standalone_longseq_anchor_train,255.0,10.835278770970364,8.733938217163086,1.0,4936754.0,json_report_history,E:\CODEXRESEARCH\RESEARCH-1\artifacts\benchmark_runs\language\neuron_search_20260605\manual_self\screen_1_seed13_smoke_suppressed_guarded_v1_rank_competition_memory_suppressed_energy_matched_centered_gate_neuron\result.json
neuron_search/screen_1_seed13_smoke_suppressed_guarded_v1_rank_competition_memory_suppressed_stopgrad_mask_centered_gate_neuron/result/standalone_longseq_anchor_train,255.0,10.835324721242868,8.734434127807617,1.0,4936754.0,json_report_history,E:\CODEXRESEARCH\RESEARCH-1\artifacts\benchmark_runs\language\neuron_search_20260605\manual_self\screen_1_seed13_smoke_suppressed_guarded_v1_rank_competition_memory_suppressed_stopgrad_mask_centered_gate_neuron\result.json
neuron_search/screen_1_seed13_smoke_suppressed_stable_v1_baseline/result/standalone_longseq_anchor_train,255.0,10.830943487204758,8.75939655303955,1.0,4934961.0,json_report_history,E:\CODEXRESEARCH\RESEARCH-1\artifacts\benchmark_runs\language\neuron_search_20260605\manual_self\screen_1_seed13_smoke_suppressed_stable_v1_baseline\result.json
neuron_search/screen_1_seed13_smoke_suppressed_stable_v1_rank_competition_memory_suppressed_bounded_centered_gate_neuron/result/standalone_longseq_anchor_train,255.0,10.835324839049695,8.734434127807617,1.0,4936754.0,json_report_history,E:\CODEXRESEARCH\RESEARCH-1\artifacts\benchmark_runs\language\neuron_search_20260605\manual_self\screen_1_seed13_smoke_suppressed_stable_v1_rank_competition_memory_suppressed_bounded_centered_gate_neuron\result.json
neuron_search/screen_1_seed13_smoke_suppressed_stable_v1_rank_competition_memory_suppressed_bounded_small_centered_gate_neuron/result/standalone_longseq_anchor_train,255.0,10.835248017778584,8.733877182006836,1.0,4936754.0,json_report_history,E:\CODEXRESEARCH\RESEARCH-1\artifacts\benchmark_runs\language\neuron_search_20260605\manual_self\screen_1_seed13_smoke_suppressed_stable_v1_rank_competition_memory_suppressed_bounded_small_centered_gate_neuron\result.json
neuron_search/screen_1_seed13_smoke_suppressed_stable_v1_rank_competition_memory_suppressed_normed_centered_gate_neuron/result/standalone_longseq_anchor_train,255.0,10.835278651293587,8.733930587768555,1.0,4936754.0,json_report_history,E:\CODEXRESEARCH\RESEARCH-1\artifacts\benchmark_runs\language\neuron_search_20260605\manual_self\screen_1_seed13_smoke_suppressed_stable_v1_rank_competition_memory_suppressed_normed_centered_gate_neuron\result.json
neuron_search/screen_1_seed13_smoke_suppressed_stable_v1_rank_competition_memory_suppressed_small_centered_gate_neuron/result/standalone_longseq_anchor_train,255.0,10.835186982622334,8.733854293823242,1.0,4936754.0,json_report_history,E:\CODEXRESEARCH\RESEARCH-1\artifacts\benchmark_runs\language\neuron_search_20260605\manual_self\screen_1_seed13_smoke_suppressed_stable_v1_rank_competition_memory_suppressed_small_centered_gate_neuron\result.json
neuron_search/screen_2048_seed13_real_seq10160_val8_seed13_hidden_drop_2048_v1_baseline/result/standalone_longseq_anchor_train,20807680.0,6.796638631726813,4.454273223876953,2048.0,40437009.0,json_report_history,E:\CODEXRESEARCH\RESEARCH-1\artifacts\benchmark_runs\language\neuron_search_20260605\manual_self\screen_2048_seed13_real_seq10160_val8_seed13_hidden_drop_2048_v1_baseline\result.json
neuron_search/screen_2048_seed13_real_seq10160_val8_seed13_hidden_drop_2048_v1_hidden_drop_square_neuron/result/standalone_longseq_anchor_train,20807680.0,6.760132321410292,4.511371612548828,2048.0,40437009.0,json_report_history,E:\CODEXRESEARCH\RESEARCH-1\artifacts\benchmark_runs\language\neuron_search_20260605\manual_self\screen_2048_seed13_real_seq10160_val8_seed13_hidden_drop_2048_v1_hidden_drop_square_neuron\result.json
neuron_search/screen_2048_seed17_real_seq10160_val8_seed17_hidden_drop_2048_v1_baseline/result/standalone_longseq_anchor_train,20807680.0,6.797128779118455,4.637609481811523,2048.0,40437009.0,json_report_history,E:\CODEXRESEARCH\RESEARCH-1\artifacts\benchmark_runs\language\neuron_search_20260605\manual_self\screen_2048_seed17_real_seq10160_val8_seed17_hidden_drop_2048_v1_baseline\result.json
neuron_search/screen_2048_seed17_real_seq10160_val8_seed17_hidden_drop_2048_v1_hidden_drop_square_neuron/result/standalone_longseq_anchor_train,20807680.0,6.765906025481036,4.693774223327637,2048.0,40437009.0,json_report_history,E:\CODEXRESEARCH\RESEARCH-1\artifacts\benchmark_runs\language\neuron_search_20260605\manual_self\screen_2048_seed17_real_seq10160_val8_seed17_hidden_drop_2048_v1_hidden_drop_square_neuron\result.json
neuron_search/screen_2048_seed31_real_seq10160_val8_seed31_hidden_drop_extreme_2048_v1_baseline/result/standalone_longseq_anchor_train,20807680.0,6.788070307097097,4.497857570648193,2048.0,40437009.0,json_report_history,E:\CODEXRESEARCH\RESEARCH-1\artifacts\benchmark_runs\language\neuron_search_20260605\manual_self\screen_2048_seed31_real_seq10160_val8_seed31_hidden_drop_extreme_2048_v1_baseline\result.json
neuron_search/screen_2048_seed31_real_seq10160_val8_seed31_hidden_drop_extreme_2048_v1_hidden_drop_extreme_square_neuron/result/standalone_longseq_anchor_train,20807680.0,6.696503792785284,4.692343711853027,2048.0,40437009.0,json_report_history,E:\CODEXRESEARCH\RESEARCH-1\artifacts\benchmark_runs\language\neuron_search_20260605\manual_self\screen_2048_seed31_real_seq10160_val8_seed31_hidden_drop_extreme_2048_v1_hidden_drop_extreme_square_neuron\result.json
neuron_search/screen_2048_seed31_real_seq10160_val8_seed31_hidden_drop_p25_p30_2048_v1_baseline/result/standalone_longseq_anchor_train,20807680.0,6.788070307097097,4.497857570648193,2048.0,40437009.0,json_report_history,E:\CODEXRESEARCH\RESEARCH-1\artifacts\benchmark_runs\language\neuron_search_20260605\manual_self\screen_2048_seed31_real_seq10160_val8_seed31_hidden_drop_p25_p30_2048_v1_baseline\result.json
neuron_search/screen_2048_seed31_real_seq10160_val8_seed31_hidden_drop_p25_p30_2048_v1_hidden_drop_p25_square_neuron/result/standalone_longseq_anchor_train,20807680.0,6.686021690199694,4.728611946105957,2048.0,40437009.0,json_report_history,E:\CODEXRESEARCH\RESEARCH-1\artifacts\benchmark_runs\language\neuron_search_20260605\manual_self\screen_2048_seed31_real_seq10160_val8_seed31_hidden_drop_p25_p30_2048_v1_hidden_drop_p25_square_neuron\result.json
neuron_search/screen_2048_seed31_real_seq10160_val8_seed31_hidden_drop_p25_p30_2048_v1_hidden_drop_p30_square_neuron/result/standalone_longseq_anchor_train,20807680.0,6.677765361906037,4.75578498840332,2048.0,40437009.0,json_report_history,E:\CODEXRESEARCH\RESEARCH-1\artifacts\benchmark_runs\language\neuron_search_20260605\manual_self\screen_2048_seed31_real_seq10160_val8_seed31_hidden_drop_p25_p30_2048_v1_hidden_drop_p30_square_neuron\result.json
neuron_search/screen_2048_seed31_real_seq10160_val8_seed31_hidden_drop_p35_2048_v1_baseline/result/standalone_longseq_anchor_train,20807680.0,6.788070307097097,4.497857570648193,2048.0,40437009.0,json_report_history,E:\CODEXRESEARCH\RESEARCH-1\artifacts\benchmark_runs\language\neuron_search_20260605\manual_self\screen_2048_seed31_real_seq10160_val8_seed31_hidden_drop_p35_2048_v1_baseline\result.json
neuron_search/screen_2048_seed31_real_seq10160_val8_seed31_hidden_drop_p35_2048_v1_hidden_drop_p35_square_neuron/result/standalone_longseq_anchor_train,20807680.0,6.6740689311440535,4.783977508544922,2048.0,40437009.0,json_report_history,E:\CODEXRESEARCH\RESEARCH-1\artifacts\benchmark_runs\language\neuron_search_20260605\manual_self\screen_2048_seed31_real_seq10160_val8_seed31_hidden_drop_p35_2048_v1_hidden_drop_p35_square_neuron\result.json
neuron_search/screen_2048_seed31_real_seq10160_val8_seed31_hidden_drop_strength_2048_v1_baseline/result/standalone_longseq_anchor_train,20807680.0,6.788070307097097,4.497857570648193,2048.0,40437009.0,json_report_history,E:\CODEXRESEARCH\RESEARCH-1\artifacts\benchmark_runs\language\neuron_search_20260605\manual_self\screen_2048_seed31_real_seq10160_val8_seed31_hidden_drop_strength_2048_v1_baseline\result.json
neuron_search/screen_2048_seed31_real_seq10160_val8_seed31_hidden_drop_strength_2048_v1_hidden_drop_high_square_neuron/result/standalone_longseq_anchor_train,20807680.0,6.729147533638271,4.620866298675537,2048.0,40437009.0,json_report_history,E:\CODEXRESEARCH\RESEARCH-1\artifacts\benchmark_runs\language\neuron_search_20260605\manual_self\screen_2048_seed31_real_seq10160_val8_seed31_hidden_drop_strength_2048_v1_hidden_drop_high_square_neuron\result.json
neuron_search/screen_2048_seed31_real_seq10160_val8_seed31_hidden_drop_strength_2048_v1_hidden_drop_mid_square_neuron/result/standalone_longseq_anchor_train,20807680.0,6.740041240463107,4.596635818481445,2048.0,40437009.0,json_report_history,E:\CODEXRESEARCH\RESEARCH-1\artifacts\benchmark_runs\language\neuron_search_20260605\manual_self\screen_2048_seed31_real_seq10160_val8_seed31_hidden_drop_strength_2048_v1_hidden_drop_mid_square_neuron\result.json
neuron_search/screen_2048_seed31_real_seq10160_val8_seed31_hidden_drop_ultra_2048_v1_baseline/result/standalone_longseq_anchor_train,20807680.0,6.788070307097097,4.497857570648193,2048.0,40437009.0,json_report_history,E:\CODEXRESEARCH\RESEARCH-1\artifacts\benchmark_runs\language\neuron_search_20260605\manual_self\screen_2048_seed31_real_seq10160_val8_seed31_hidden_drop_ultra_2048_v1_baseline\result.json
neuron_search/screen_2048_seed31_real_seq10160_val8_seed31_hidden_drop_ultra_2048_v1_hidden_drop_ultra_square_neuron/result/standalone_longseq_anchor_train,20807680.0,6.710196517583892,4.655778884887695,2048.0,40437009.0,json_report_history,E:\CODEXRESEARCH\RESEARCH-1\artifacts\benchmark_runs\language\neuron_search_20260605\manual_self\screen_2048_seed31_real_seq10160_val8_seed31_hidden_drop_ultra_2048_v1_hidden_drop_ultra_square_neuron\result.json
neuron_search/screen_2048_seed31_real_seq10160_val8_seed31_hidden_regularizer_2048_v1_baseline/result/standalone_longseq_anchor_train,20807680.0,6.788070307097097,4.497857570648193,2048.0,40437009.0,json_report_history,E:\CODEXRESEARCH\RESEARCH-1\artifacts\benchmark_runs\language\neuron_search_20260605\manual_self\screen_2048_seed31_real_seq10160_val8_seed31_hidden_regularizer_2048_v1_baseline\result.json
neuron_search/screen_2048_seed31_real_seq10160_val8_seed31_hidden_regularizer_2048_v1_hidden_drop_square_neuron/result/standalone_longseq_anchor_train,20807680.0,6.7520684124916555,4.570465087890625,2048.0,40437009.0,json_report_history,E:\CODEXRESEARCH\RESEARCH-1\artifacts\benchmark_runs\language\neuron_search_20260605\manual_self\screen_2048_seed31_real_seq10160_val8_seed31_hidden_regularizer_2048_v1_hidden_drop_square_neuron\result.json
neuron_search/screen_2048_seed31_real_seq10160_val8_seed31_hidden_regularizer_2048_v1_rank_competition_fixed_feather_hidden_drop_neuron/result/standalone_longseq_anchor_train,20807680.0,6.75246383430451,4.569223880767822,2048.0,40437009.0,json_report_history,E:\CODEXRESEARCH\RESEARCH-1\artifacts\benchmark_runs\language\neuron_search_20260605\manual_self\screen_2048_seed31_real_seq10160_val8_seed31_hidden_regularizer_2048_v1_rank_competition_fixed_feather_hidden_drop_neuron\result.json
neuron_search/screen_2048_seed31_real_seq10160_val8_seed31_rank_pressure_2048_v1_baseline/result/standalone_longseq_anchor_train,20807680.0,6.788070307097097,4.497857570648193,2048.0,40437009.0,json_report_history,E:\CODEXRESEARCH\RESEARCH-1\artifacts\benchmark_runs\language\neuron_search_20260605\manual_self\screen_2048_seed31_real_seq10160_val8_seed31_rank_pressure_2048_v1_baseline\result.json
neuron_search/screen_2048_seed31_real_seq10160_val8_seed31_rank_pressure_2048_v1_rank_competition_mild_neuron/result/standalone_longseq_anchor_train,20807680.0,6.7956020523244005,4.479122161865234,2048.0,40437011.0,json_report_history,E:\CODEXRESEARCH\RESEARCH-1\artifacts\benchmark_runs\language\neuron_search_20260605\manual_self\screen_2048_seed31_real_seq10160_val8_seed31_rank_pressure_2048_v1_rank_competition_mild_neuron\result.json
neuron_search/screen_2048_seed31_real_seq10160_val8_seed31_rank_pressure_2048_v1_rank_competition_soft_neuron/result/standalone_longseq_anchor_train,20807680.0,6.7916145317197785,4.486319065093994,2048.0,40437011.0,json_report_history,E:\CODEXRESEARCH\RESEARCH-1\artifacts\benchmark_runs\language\neuron_search_20260605\manual_self\screen_2048_seed31_real_seq10160_val8_seed31_rank_pressure_2048_v1_rank_competition_soft_neuron\result.json
neuron_search/screen_2048_seed31_real_seq10160_val8_seed31_rank_pressure_fixed_feather_2048_v1_baseline/result/standalone_longseq_anchor_train,20807680.0,6.788070307097097,4.497857570648193,2048.0,40437009.0,json_report_history,E:\CODEXRESEARCH\RESEARCH-1\artifacts\benchmark_runs\language\neuron_search_20260605\manual_self\screen_2048_seed31_real_seq10160_val8_seed31_rank_pressure_fixed_feather_2048_v1_baseline\result.json
neuron_search/screen_2048_seed31_real_seq10160_val8_seed31_rank_pressure_fixed_feather_2048_v1_rank_competition_fixed_feather_neuron/result/standalone_longseq_anchor_train,20807680.0,6.788181459528254,4.495086669921875,2048.0,40437009.0,json_report_history,E:\CODEXRESEARCH\RESEARCH-1\artifacts\benchmark_runs\language\neuron_search_20260605\manual_self\screen_2048_seed31_real_seq10160_val8_seed31_rank_pressure_fixed_feather_2048_v1_rank_competition_fixed_feather_neuron\result.json
neuron_search/screen_2048_seed31_real_seq10160_val8_seed31_rank_pressure_ultrasoft_2048_v1_baseline/result/standalone_longseq_anchor_train,20807680.0,6.788070307097097,4.497857570648193,2048.0,40437009.0,json_report_history,E:\CODEXRESEARCH\RESEARCH-1\artifacts\benchmark_runs\language\neuron_search_20260605\manual_self\screen_2048_seed31_real_seq10160_val8_seed31_rank_pressure_ultrasoft_2048_v1_baseline\result.json
neuron_search/screen_2048_seed31_real_seq10160_val8_seed31_rank_pressure_ultrasoft_2048_v1_rank_competition_feather_neuron/result/standalone_longseq_anchor_train,20807680.0,6.788191381214172,4.495212554931641,2048.0,40437011.0,json_report_history,E:\CODEXRESEARCH\RESEARCH-1\artifacts\benchmark_runs\language\neuron_search_20260605\manual_self\screen_2048_seed31_real_seq10160_val8_seed31_rank_pressure_ultrasoft_2048_v1_rank_competition_feather_neuron\result.json
neuron_search/screen_2048_seed31_real_seq10160_val8_seed31_rank_pressure_ultrasoft_2048_v1_rank_competition_ultrasoft_neuron/result/standalone_longseq_anchor_train,20807680.0,6.7890008991158854,4.493058204650879,2048.0,40437011.0,json_report_history,E:\CODEXRESEARCH\RESEARCH-1\artifacts\benchmark_runs\language\neuron_search_20260605\manual_self\screen_2048_seed31_real_seq10160_val8_seed31_rank_pressure_ultrasoft_2048_v1_rank_competition_ultrasoft_neuron\result.json
neuron_search/screen_2048_seed31_real_seq10160_val8_seed31_rankcheap_2048_v1_baseline/result/standalone_longseq_anchor_train,20807680.0,6.788070307097097,4.497857570648193,2048.0,40437009.0,json_report_history,E:\CODEXRESEARCH\RESEARCH-1\artifacts\benchmark_runs\language\neuron_search_20260605\manual_self\screen_2048_seed31_real_seq10160_val8_seed31_rankcheap_2048_v1_baseline\result.json
neuron_search/screen_2048_seed31_real_seq10160_val8_seed31_rankcheap_2048_v1_rank_competition_centered_residual_neuron/result/standalone_longseq_anchor_train,20807680.0,6.789162986297307,4.521729946136475,2048.0,40439059.0,json_report_history,E:\CODEXRESEARCH\RESEARCH-1\artifacts\benchmark_runs\language\neuron_search_20260605\manual_self\screen_2048_seed31_real_seq10160_val8_seed31_rankcheap_2048_v1_rank_competition_centered_residual_neuron\result.json
neuron_search/screen_2048_seed31_real_seq10160_val8_seed31_rankcheap_2048_v1_rank_competition_neuron/result/standalone_longseq_anchor_train,20807680.0,6.800185562963561,4.471946716308594,2048.0,40437011.0,json_report_history,E:\CODEXRESEARCH\RESEARCH-1\artifacts\benchmark_runs\language\neuron_search_20260605\manual_self\screen_2048_seed31_real_seq10160_val8_seed31_rankcheap_2048_v1_rank_competition_neuron\result.json
neuron_search/screen_2048_seed31_real_seq10160_val8_seed31_suppressed_2048_v1_baseline/result/standalone_longseq_anchor_train,20807680.0,6.788070307097097,4.497857570648193,2048.0,40437009.0,json_report_history,E:\CODEXRESEARCH\RESEARCH-1\artifacts\benchmark_runs\language\neuron_search_20260605\manual_self\screen_2048_seed31_real_seq10160_val8_seed31_suppressed_2048_v1_baseline\result.json
neuron_search/screen_2048_seed31_real_seq10160_val8_seed31_suppressed_bounded_2048_v1_baseline/result/standalone_longseq_anchor_train,20807680.0,6.788070307097097,4.497857570648193,2048.0,40437009.0,json_report_history,E:\CODEXRESEARCH\RESEARCH-1\artifacts\benchmark_runs\language\neuron_search_20260605\manual_self\screen_2048_seed31_real_seq10160_val8_seed31_suppressed_bounded_2048_v1_baseline\result.json
neuron_search/screen_2048_seed31_real_seq10160_val8_seed31_suppressed_stopgrad_2048_v1_baseline/result/standalone_longseq_anchor_train,20807680.0,6.788070307097097,4.497857570648193,2048.0,40437009.0,json_report_history,E:\CODEXRESEARCH\RESEARCH-1\artifacts\benchmark_runs\language\neuron_search_20260605\manual_self\screen_2048_seed31_real_seq10160_val8_seed31_suppressed_stopgrad_2048_v1_baseline\result.json
neuron_search/screen_2048_seed31_real_seq10160_val8_seed31_suppressed_stopgrad_2048_v1_rank_competition_memory_suppressed_stopgrad_mask_centered_gate_neuron/result/standalone_longseq_anchor_train,20807680.0,6.796138498163598,4.48503303527832,2048.0,40572179.0,json_report_history,E:\CODEXRESEARCH\RESEARCH-1\artifacts\benchmark_runs\language\neuron_search_20260605\manual_self\screen_2048_seed31_real_seq10160_val8_seed31_suppressed_stopgrad_2048_v1_rank_competition_memory_suppressed_stopgrad_mask_centered_gate_neuron\result.json
neuron_search/screen_256_baseline/result/standalone_longseq_anchor_train,65280.0,11.155591431786032,8.460631370544434,256.0,4934961.0,json_report_history,E:\CODEXRESEARCH\RESEARCH-1\artifacts\benchmark_runs\language\neuron_search_20260605\manual_self\screen_256_baseline\result.json
neuron_search/screen_256_phase_amplitude_neuron/result/standalone_longseq_anchor_train,65280.0,11.154120647206026,8.386106491088867,256.0,4951601.0,json_report_history,E:\CODEXRESEARCH\RESEARCH-1\artifacts\benchmark_runs\language\neuron_search_20260605\manual_self\screen_256_phase_amplitude_neuron\result.json
neuron_search/screen_256_phase_amplitude_neutral_neuron/result/standalone_longseq_anchor_train,65280.0,11.151792346729952,8.463053703308105,256.0,4934961.0,json_report_history,E:\CODEXRESEARCH\RESEARCH-1\artifacts\benchmark_runs\language\neuron_search_20260605\manual_self\screen_256_phase_amplitude_neutral_neuron\result.json
neuron_search/screen_256_seed13_phasev2_baseline/result/standalone_longseq_anchor_train,65280.0,11.155591431786032,8.460631370544434,256.0,4934961.0,json_report_history,E:\CODEXRESEARCH\RESEARCH-1\artifacts\benchmark_runs\language\neuron_search_20260605\manual_self\screen_256_seed13_phasev2_baseline\result.json
neuron_search/screen_256_seed13_phasev2_phase_amplitude_neuron/result/standalone_longseq_anchor_train,65280.0,11.154120647206026,8.386106491088867,256.0,4951601.0,json_report_history,E:\CODEXRESEARCH\RESEARCH-1\artifacts\benchmark_runs\language\neuron_search_20260605\manual_self\screen_256_seed13_phasev2_phase_amplitude_neuron\result.json
neuron_search/screen_256_seed13_phasev2_phase_amplitude_one_extra_neuron/result/standalone_longseq_anchor_train,65280.0,11.157490836872775,8.418694496154785,256.0,4943281.0,json_report_history,E:\CODEXRESEARCH\RESEARCH-1\artifacts\benchmark_runs\language\neuron_search_20260605\manual_self\screen_256_seed13_phasev2_phase_amplitude_one_extra_neuron\result.json
neuron_search/screen_256_seed13_phasev2_phase_amplitude_replace_neuron/result/standalone_longseq_anchor_train,65280.0,11.154135965833477,8.386091232299805,256.0,4943281.0,json_report_history,E:\CODEXRESEARCH\RESEARCH-1\artifacts\benchmark_runs\language\neuron_search_20260605\manual_self\screen_256_seed13_phasev2_phase_amplitude_replace_neuron\result.json
neuron_search/screen_256_seed13_real_blend_baseline/result/standalone_longseq_anchor_train,65280.0,8.476921556977665,7.310634136199951,256.0,4934961.0,json_report_history,E:\CODEXRESEARCH\RESEARCH-1\artifacts\benchmark_runs\language\neuron_search_20260605\manual_self\screen_256_seed13_real_blend_baseline\result.json
neuron_search/screen_256_seed13_real_blend_phase_residual_blend_neuron/result/standalone_longseq_anchor_train,65280.0,8.476435126977808,7.309411525726318,256.0,4935089.0,json_report_history,E:\CODEXRESEARCH\RESEARCH-1\artifacts\benchmark_runs\language\neuron_search_20260605\manual_self\screen_256_seed13_real_blend_phase_residual_blend_neuron\result.json
neuron_search/screen_256_seed13_real_blend_strength_baseline/result/standalone_longseq_anchor_train,65280.0,8.476921556977665,7.310634136199951,256.0,4934961.0,json_report_history,E:\CODEXRESEARCH\RESEARCH-1\artifacts\benchmark_runs\language\neuron_search_20260605\manual_self\screen_256_seed13_real_blend_strength_baseline\result.json
neuron_search/screen_256_seed13_real_blend_strength_phase_residual_blend_half_neuron/result/standalone_longseq_anchor_train,65280.0,8.474077064850752,7.306015968322754,256.0,4935089.0,json_report_history,E:\CODEXRESEARCH\RESEARCH-1\artifacts\benchmark_runs\language\neuron_search_20260605\manual_self\screen_256_seed13_real_blend_strength_phase_residual_blend_half_neuron\result.json
neuron_search/screen_256_seed13_real_blend_strength_phase_residual_blend_large_neuron/result/standalone_longseq_anchor_train,65280.0,8.475269004410388,7.307303428649902,256.0,4935089.0,json_report_history,E:\CODEXRESEARCH\RESEARCH-1\artifacts\benchmark_runs\language\neuron_search_20260605\manual_self\screen_256_seed13_real_blend_strength_phase_residual_blend_large_neuron\result.json
neuron_search/screen_256_seed13_real_blend_strength_phase_residual_blend_neuron/result/standalone_longseq_anchor_train,65280.0,8.476435126977808,7.309411525726318,256.0,4935089.0,json_report_history,E:\CODEXRESEARCH\RESEARCH-1\artifacts\benchmark_runs\language\neuron_search_20260605\manual_self\screen_256_seed13_real_blend_strength_phase_residual_blend_neuron\result.json
neuron_search/screen_256_seed13_real_blend_strength_phase_residual_blend_tiny_neuron/result/standalone_longseq_anchor_train,65280.0,8.47674339986315,7.310088157653809,256.0,4935089.0,json_report_history,E:\CODEXRESEARCH\RESEARCH-1\artifacts\benchmark_runs\language\neuron_search_20260605\manual_self\screen_256_seed13_real_blend_strength_phase_residual_blend_tiny_neuron\result.json
neuron_search/screen_256_seed13_real_phase_baseline/result/standalone_longseq_anchor_train,65280.0,8.476921556977665,7.310634136199951,256.0,4934961.0,json_report_history,E:\CODEXRESEARCH\RESEARCH-1\artifacts\benchmark_runs\language\neuron_search_20260605\manual_self\screen_256_seed13_real_phase_baseline\result.json
neuron_search/screen_256_seed13_real_phase_phase_amplitude_neuron/result/standalone_longseq_anchor_train,65280.0,8.467293760355782,7.172722816467285,256.0,4951601.0,json_report_history,E:\CODEXRESEARCH\RESEARCH-1\artifacts\benchmark_runs\language\neuron_search_20260605\manual_self\screen_256_seed13_real_phase_phase_amplitude_neuron\result.json
neuron_search/screen_256_seed13_real_phase_phase_amplitude_replace_neuron/result/standalone_longseq_anchor_train,65280.0,8.467307163219825,7.1727070808410645,256.0,4943281.0,json_report_history,E:\CODEXRESEARCH\RESEARCH-1\artifacts\benchmark_runs\language\neuron_search_20260605\manual_self\screen_256_seed13_real_phase_phase_amplitude_replace_neuron\result.json
neuron_search/screen_256_seed13_real_phase_stable_competition_neuron/result/standalone_longseq_anchor_train,65280.0,8.487248219695745,7.299069404602051,256.0,4934963.0,json_report_history,E:\CODEXRESEARCH\RESEARCH-1\artifacts\benchmark_runs\language\neuron_search_20260605\manual_self\screen_256_seed13_real_phase_stable_competition_neuron\result.json
neuron_search/screen_256_seed17_baseline/result/standalone_longseq_anchor_train,65280.0,11.254442387001188,8.608527183532715,256.0,4934961.0,json_report_history,E:\CODEXRESEARCH\RESEARCH-1\artifacts\benchmark_runs\language\neuron_search_20260605\manual_self\screen_256_seed17_baseline\result.json
neuron_search/screen_256_seed17_phase_amplitude_neuron/result/standalone_longseq_anchor_train,65280.0,11.23939957151226,8.565406799316406,256.0,4951601.0,json_report_history,E:\CODEXRESEARCH\RESEARCH-1\artifacts\benchmark_runs\language\neuron_search_20260605\manual_self\screen_256_seed17_phase_amplitude_neuron\result.json
neuron_search/screen_256_seed17_phase_amplitude_neutral_neuron/result/standalone_longseq_anchor_train,65280.0,11.244117607789882,8.612266540527344,256.0,4934961.0,json_report_history,E:\CODEXRESEARCH\RESEARCH-1\artifacts\benchmark_runs\language\neuron_search_20260605\manual_self\screen_256_seed17_phase_amplitude_neutral_neuron\result.json
neuron_search/screen_256_seed17_phasev2_baseline/result/standalone_longseq_anchor_train,65280.0,11.254442387001188,8.608527183532715,256.0,4934961.0,json_report_history,E:\CODEXRESEARCH\RESEARCH-1\artifacts\benchmark_runs\language\neuron_search_20260605\manual_self\screen_256_seed17_phasev2_baseline\result.json
neuron_search/screen_256_seed17_phasev2_phase_amplitude_neuron/result/standalone_longseq_anchor_train,65280.0,11.23939957151226,8.565406799316406,256.0,4951601.0,json_report_history,E:\CODEXRESEARCH\RESEARCH-1\artifacts\benchmark_runs\language\neuron_search_20260605\manual_self\screen_256_seed17_phasev2_phase_amplitude_neuron\result.json
neuron_search/screen_256_seed17_phasev2_phase_amplitude_one_extra_neuron/result/standalone_longseq_anchor_train,65280.0,11.243213732102339,8.634344100952148,256.0,4943281.0,json_report_history,E:\CODEXRESEARCH\RESEARCH-1\artifacts\benchmark_runs\language\neuron_search_20260605\manual_self\screen_256_seed17_phasev2_phase_amplitude_one_extra_neuron\result.json
neuron_search/screen_256_seed17_phasev2_phase_amplitude_replace_neuron/result/standalone_longseq_anchor_train,65280.0,11.239414654526056,8.565422058105469,256.0,4943281.0,json_report_history,E:\CODEXRESEARCH\RESEARCH-1\artifacts\benchmark_runs\language\neuron_search_20260605\manual_self\screen_256_seed17_phasev2_phase_amplitude_replace_neuron\result.json
neuron_search/screen_256_seed17_real_blend_baseline/result/standalone_longseq_anchor_train,65280.0,8.42515129622291,6.473328590393066,256.0,4934961.0,json_report_history,E:\CODEXRESEARCH\RESEARCH-1\artifacts\benchmark_runs\language\neuron_search_20260605\manual_self\screen_256_seed17_real_blend_baseline\result.json
neuron_search/screen_256_seed17_real_blend_phase_residual_blend_neuron/result/standalone_longseq_anchor_train,65280.0,8.424478165308635,6.471031665802002,256.0,4935089.0,json_report_history,E:\CODEXRESEARCH\RESEARCH-1\artifacts\benchmark_runs\language\neuron_search_20260605\manual_self\screen_256_seed17_real_blend_phase_residual_blend_neuron\result.json
neuron_search/screen_256_seed17_real_blend_strength_baseline/result/standalone_longseq_anchor_train,65280.0,8.42515129622291,6.473328590393066,256.0,4934961.0,json_report_history,E:\CODEXRESEARCH\RESEARCH-1\artifacts\benchmark_runs\language\neuron_search_20260605\manual_self\screen_256_seed17_real_blend_strength_baseline\result.json
neuron_search/screen_256_seed17_real_blend_strength_phase_residual_blend_half_neuron/result/standalone_longseq_anchor_train,65280.0,8.42260646165586,6.469443321228027,256.0,4935089.0,json_report_history,E:\CODEXRESEARCH\RESEARCH-1\artifacts\benchmark_runs\language\neuron_search_20260605\manual_self\screen_256_seed17_real_blend_strength_phase_residual_blend_half_neuron\result.json
neuron_search/screen_256_seed17_real_blend_strength_phase_residual_blend_large_neuron/result/standalone_longseq_anchor_train,65280.0,8.42366249888551,6.46983528137207,256.0,4935089.0,json_report_history,E:\CODEXRESEARCH\RESEARCH-1\artifacts\benchmark_runs\language\neuron_search_20260605\manual_self\screen_256_seed17_real_blend_strength_phase_residual_blend_large_neuron\result.json
neuron_search/screen_256_seed17_real_blend_strength_phase_residual_blend_neuron/result/standalone_longseq_anchor_train,65280.0,8.424478165308635,6.471031665802002,256.0,4935089.0,json_report_history,E:\CODEXRESEARCH\RESEARCH-1\artifacts\benchmark_runs\language\neuron_search_20260605\manual_self\screen_256_seed17_real_blend_strength_phase_residual_blend_neuron\result.json
neuron_search/screen_256_seed17_real_blend_strength_phase_residual_blend_tiny_neuron/result/standalone_longseq_anchor_train,65280.0,8.425091890727773,6.473139762878418,256.0,4935089.0,json_report_history,E:\CODEXRESEARCH\RESEARCH-1\artifacts\benchmark_runs\language\neuron_search_20260605\manual_self\screen_256_seed17_real_blend_strength_phase_residual_blend_tiny_neuron\result.json
neuron_search/screen_256_seed17_real_phase_baseline/result/standalone_longseq_anchor_train,65280.0,8.42515129622291,6.473328590393066,256.0,4934961.0,json_report_history,E:\CODEXRESEARCH\RESEARCH-1\artifacts\benchmark_runs\language\neuron_search_20260605\manual_self\screen_256_seed17_real_phase_baseline\result.json
neuron_search/screen_256_seed17_real_phase_phase_amplitude_neuron/result/standalone_longseq_anchor_train,65280.0,8.444583869447895,6.57448673248291,256.0,4951601.0,json_report_history,E:\CODEXRESEARCH\RESEARCH-1\artifacts\benchmark_runs\language\neuron_search_20260605\manual_self\screen_256_seed17_real_phase_phase_amplitude_neuron\result.json
neuron_search/screen_256_seed17_real_phase_phase_amplitude_replace_neuron/result/standalone_longseq_anchor_train,65280.0,8.444554258327859,6.574231147766113,256.0,4943281.0,json_report_history,E:\CODEXRESEARCH\RESEARCH-1\artifacts\benchmark_runs\language\neuron_search_20260605\manual_self\screen_256_seed17_real_phase_phase_amplitude_replace_neuron\result.json
neuron_search/screen_256_seed17_real_phase_stable_competition_neuron/result/standalone_longseq_anchor_train,65280.0,8.442129034622043,6.489110469818115,256.0,4934963.0,json_report_history,E:\CODEXRESEARCH\RESEARCH-1\artifacts\benchmark_runs\language\neuron_search_20260605\manual_self\screen_256_seed17_real_phase_stable_competition_neuron\result.json
neuron_search/screen_256_seed17_stable_competition_neuron/result/standalone_longseq_anchor_train,65280.0,11.243443492814606,8.616241455078125,256.0,4934963.0,json_report_history,E:\CODEXRESEARCH\RESEARCH-1\artifacts\benchmark_runs\language\neuron_search_20260605\manual_self\screen_256_seed17_stable_competition_neuron\result.json
neuron_search/screen_256_seed29_baseline/result/standalone_longseq_anchor_train,65280.0,11.277236577576282,8.454289436340332,256.0,4934961.0,json_report_history,E:\CODEXRESEARCH\RESEARCH-1\artifacts\benchmark_runs\language\neuron_search_20260605\manual_self\screen_256_seed29_baseline\result.json
neuron_search/screen_256_seed29_phase_amplitude_neuron/result/standalone_longseq_anchor_train,65280.0,11.230392158732695,8.444765090942383,256.0,4951601.0,json_report_history,E:\CODEXRESEARCH\RESEARCH-1\artifacts\benchmark_runs\language\neuron_search_20260605\manual_self\screen_256_seed29_phase_amplitude_neuron\result.json
neuron_search/screen_256_seed29_phase_amplitude_neutral_neuron/result/standalone_longseq_anchor_train,65280.0,11.278262875126858,8.45521068572998,256.0,4934961.0,json_report_history,E:\CODEXRESEARCH\RESEARCH-1\artifacts\benchmark_runs\language\neuron_search_20260605\manual_self\screen_256_seed29_phase_amplitude_neutral_neuron\result.json
neuron_search/screen_256_seed29_phasev2_baseline/result/standalone_longseq_anchor_train,65280.0,11.277236577576282,8.454289436340332,256.0,4934961.0,json_report_history,E:\CODEXRESEARCH\RESEARCH-1\artifacts\benchmark_runs\language\neuron_search_20260605\manual_self\screen_256_seed29_phasev2_baseline\result.json
neuron_search/screen_256_seed29_phasev2_phase_amplitude_neuron/result/standalone_longseq_anchor_train,65280.0,11.230392158732695,8.444765090942383,256.0,4951601.0,json_report_history,E:\CODEXRESEARCH\RESEARCH-1\artifacts\benchmark_runs\language\neuron_search_20260605\manual_self\screen_256_seed29_phasev2_phase_amplitude_neuron\result.json
neuron_search/screen_256_seed29_phasev2_phase_amplitude_one_extra_neuron/result/standalone_longseq_anchor_train,65280.0,11.277389597425273,8.333748817443848,256.0,4943281.0,json_report_history,E:\CODEXRESEARCH\RESEARCH-1\artifacts\benchmark_runs\language\neuron_search_20260605\manual_self\screen_256_seed29_phasev2_phase_amplitude_one_extra_neuron\result.json
neuron_search/screen_256_seed29_phasev2_phase_amplitude_replace_neuron/result/standalone_longseq_anchor_train,65280.0,11.230499387254902,8.444734573364258,256.0,4943281.0,json_report_history,E:\CODEXRESEARCH\RESEARCH-1\artifacts\benchmark_runs\language\neuron_search_20260605\manual_self\screen_256_seed29_phasev2_phase_amplitude_replace_neuron\result.json
neuron_search/screen_256_seed29_real_blend_baseline/result/standalone_longseq_anchor_train,65280.0,8.506423277013441,7.055885314941406,256.0,4934961.0,json_report_history,E:\CODEXRESEARCH\RESEARCH-1\artifacts\benchmark_runs\language\neuron_search_20260605\manual_self\screen_256_seed29_real_blend_baseline\result.json
neuron_search/screen_256_seed29_real_blend_phase_residual_blend_neuron/result/standalone_longseq_anchor_train,65280.0,8.506067165673947,7.055332183837891,256.0,4935089.0,json_report_history,E:\CODEXRESEARCH\RESEARCH-1\artifacts\benchmark_runs\language\neuron_search_20260605\manual_self\screen_256_seed29_real_blend_phase_residual_blend_neuron\result.json
neuron_search/screen_256_seed29_real_blend_strength_baseline/result/standalone_longseq_anchor_train,65280.0,8.506423277013441,7.055885314941406,256.0,4934961.0,json_report_history,E:\CODEXRESEARCH\RESEARCH-1\artifacts\benchmark_runs\language\neuron_search_20260605\manual_self\screen_256_seed29_real_blend_strength_baseline\result.json
neuron_search/screen_256_seed29_real_blend_strength_phase_residual_blend_half_neuron/result/standalone_longseq_anchor_train,65280.0,8.505032185012219,7.053462028503418,256.0,4935089.0,json_report_history,E:\CODEXRESEARCH\RESEARCH-1\artifacts\benchmark_runs\language\neuron_search_20260605\manual_self\screen_256_seed29_real_blend_strength_phase_residual_blend_half_neuron\result.json
neuron_search/screen_256_seed29_real_blend_strength_phase_residual_blend_large_neuron/result/standalone_longseq_anchor_train,65280.0,8.50574258963267,7.055129528045654,256.0,4935089.0,json_report_history,E:\CODEXRESEARCH\RESEARCH-1\artifacts\benchmark_runs\language\neuron_search_20260605\manual_self\screen_256_seed29_real_blend_strength_phase_residual_blend_large_neuron\result.json
neuron_search/screen_256_seed29_real_blend_strength_phase_residual_blend_neuron/result/standalone_longseq_anchor_train,65280.0,8.506067165673947,7.055332183837891,256.0,4935089.0,json_report_history,E:\CODEXRESEARCH\RESEARCH-1\artifacts\benchmark_runs\language\neuron_search_20260605\manual_self\screen_256_seed29_real_blend_strength_phase_residual_blend_neuron\result.json
neuron_search/screen_256_seed29_real_blend_strength_phase_residual_blend_tiny_neuron/result/standalone_longseq_anchor_train,65280.0,8.506518980101044,7.055518627166748,256.0,4935089.0,json_report_history,E:\CODEXRESEARCH\RESEARCH-1\artifacts\benchmark_runs\language\neuron_search_20260605\manual_self\screen_256_seed29_real_blend_strength_phase_residual_blend_tiny_neuron\result.json
neuron_search/screen_256_seed29_real_phase_baseline/result/standalone_longseq_anchor_train,65280.0,8.506423277013441,7.055885314941406,256.0,4934961.0,json_report_history,E:\CODEXRESEARCH\RESEARCH-1\artifacts\benchmark_runs\language\neuron_search_20260605\manual_self\screen_256_seed29_real_phase_baseline\result.json
neuron_search/screen_256_seed29_real_phase_phase_amplitude_neuron/result/standalone_longseq_anchor_train,65280.0,8.565131905499626,7.099700450897217,256.0,4951601.0,json_report_history,E:\CODEXRESEARCH\RESEARCH-1\artifacts\benchmark_runs\language\neuron_search_20260605\manual_self\screen_256_seed29_real_phase_phase_amplitude_neuron\result.json
neuron_search/screen_256_seed29_real_phase_phase_amplitude_replace_neuron/result/standalone_longseq_anchor_train,65280.0,8.565095577052995,7.099764823913574,256.0,4943281.0,json_report_history,E:\CODEXRESEARCH\RESEARCH-1\artifacts\benchmark_runs\language\neuron_search_20260605\manual_self\screen_256_seed29_real_phase_phase_amplitude_replace_neuron\result.json
neuron_search/screen_256_seed29_real_phase_stable_competition_neuron/result/standalone_longseq_anchor_train,65280.0,8.51003376970104,7.059610366821289,256.0,4934963.0,json_report_history,E:\CODEXRESEARCH\RESEARCH-1\artifacts\benchmark_runs\language\neuron_search_20260605\manual_self\screen_256_seed29_real_phase_stable_competition_neuron\result.json
neuron_search/screen_256_seed29_stable_competition_neuron/result/standalone_longseq_anchor_train,65280.0,11.27898271785063,8.454365730285645,256.0,4934963.0,json_report_history,E:\CODEXRESEARCH\RESEARCH-1\artifacts\benchmark_runs\language\neuron_search_20260605\manual_self\screen_256_seed29_stable_competition_neuron\result.json
neuron_search/screen_256_stable_competition_neuron/result/standalone_longseq_anchor_train,65280.0,11.151976144080068,8.461387634277344,256.0,4934963.0,json_report_history,E:\CODEXRESEARCH\RESEARCH-1\artifacts\benchmark_runs\language\neuron_search_20260605\manual_self\screen_256_stable_competition_neuron\result.json
neuron_search/screen_64_baseline/result/standalone_longseq_anchor_train,16320.0,10.829107022752948,8.777229309082031,64.0,4934961.0,json_report_history,E:\CODEXRESEARCH\RESEARCH-1\artifacts\benchmark_runs\language\neuron_search_20260605\manual_self\screen_64_baseline\result.json
neuron_search/screen_64_conv_disagreement_neuron/result/standalone_longseq_anchor_train,16320.0,10.828834402794932,8.777067184448242,64.0,4934961.0,json_report_history,E:\CODEXRESEARCH\RESEARCH-1\artifacts\benchmark_runs\language\neuron_search_20260605\manual_self\screen_64_conv_disagreement_neuron\result.json
neuron_search/screen_64_phase_amplitude_neuron/result/standalone_longseq_anchor_train,16320.0,10.826257771136714,8.687536239624023,64.0,4951601.0,json_report_history,E:\CODEXRESEARCH\RESEARCH-1\artifacts\benchmark_runs\language\neuron_search_20260605\manual_self\screen_64_phase_amplitude_neuron\result.json
neuron_search/screen_64_phase_amplitude_neutral_neuron/result/standalone_longseq_anchor_train,16320.0,10.828014379389145,8.776702880859375,64.0,4934961.0,json_report_history,E:\CODEXRESEARCH\RESEARCH-1\artifacts\benchmark_runs\language\neuron_search_20260605\manual_self\screen_64_phase_amplitude_neutral_neuron\result.json
neuron_search/screen_64_rank_competition_neuron/result/standalone_longseq_anchor_train,16320.0,10.828301109987146,8.77670955657959,64.0,4934962.0,json_report_history,E:\CODEXRESEARCH\RESEARCH-1\artifacts\benchmark_runs\language\neuron_search_20260605\manual_self\screen_64_rank_competition_neuron\result.json
neuron_search/screen_64_stable_competition_neuron/result/standalone_longseq_anchor_train,16320.0,10.827849238526587,8.776633262634277,64.0,4934963.0,json_report_history,E:\CODEXRESEARCH\RESEARCH-1\artifacts\benchmark_runs\language\neuron_search_20260605\manual_self\screen_64_stable_competition_neuron\result.json
neuron_search/screen_64_stable_square_neuron/result/standalone_longseq_anchor_train,16320.0,10.828241757785573,8.77720832824707,64.0,4934962.0,json_report_history,E:\CODEXRESEARCH\RESEARCH-1\artifacts\benchmark_runs\language\neuron_search_20260605\manual_self\screen_64_stable_square_neuron\result.json
screen64_seed13/standalone_longseq_anchor_train,16320.0,10.832720637321472,9.597955703735352,64.0,15250609.0,json_report_history,E:\CODEXRESEARCH\RESEARCH-1\artifacts\benchmark_runs\language\neuron_search_20260605\agent01_memory_coupling\candidate_v2\screen64_seed13\result.json
screen64_seed13/standalone_longseq_anchor_train,16320.0,10.83235228061676,9.605052947998047,64.0,15257017.0,json_report_history,E:\CODEXRESEARCH\RESEARCH-1\artifacts\benchmark_runs\language\neuron_search_20260605\agent01_memory_coupling\candidate_v1\screen64_seed13\result.json
screen64_seed13/standalone_longseq_anchor_train,16320.0,10.832715392112732,9.59754753112793,64.0,15250481.0,json_report_history,E:\CODEXRESEARCH\RESEARCH-1\artifacts\benchmark_runs\language\neuron_search_20260605\agent01_memory_coupling\baseline\screen64_seed13\result.json
side_neuron_variants_20260605/standalone_longseq_anchor_train,1300480.0,7.17048171392576,7.112898826599121,128.0,39033617.0,json_report_history,E:\CODEXRESEARCH\RESEARCH-1\artifacts\benchmark_runs\language\side_neuron_variants_20260605\result.json
side_neuron_variants_20260605/standalone_longseq_anchor_train,2600960.0,6.930970085793593,6.995581150054932,256.0,39033617.0,json_report_history,E:\CODEXRESEARCH\RESEARCH-1\artifacts\benchmark_runs\language\side_neuron_variants_20260605\result.json
smoke_chunkmem,5080.0,10.2488,9.9313,8.0,,log_eval,E:\CODEXRESEARCH\house_compute_hub\runs\20260603-144034-c8e37a\Chichen-JoshS-10a81805.log
smoke_prefixmem,5080.0,10.2442,9.9302,8.0,,log_eval,E:\CODEXRESEARCH\house_compute_hub\runs\20260603-144034-c8e37a\Chichen-JoshS-10a81805.log
wave10_2060_lowrank_conv_memory_stride4_30m,30002480.0,5.636,5.6979,2953.0,,log_eval,E:\CODEXRESEARCH\house_compute_hub\runs\20260604-202610-99d094\Chichen-JoshS-10a81805.log
wave10_2060_lowrank_conv_memory_stride4_continue100m,60004960.0,5.3347,5.3554,5906.0,,log_eval,E:\CODEXRESEARCH\house_compute_hub\runs\20260604-203858-cf1b20\Chichen-JoshS-10a81805.log
wave10_2060_lowrank_conv_memory_stride4_continue100m,90007440.0,5.1618,5.2982,8859.0,,log_eval,E:\CODEXRESEARCH\house_compute_hub\runs\20260604-203858-cf1b20\Chichen-JoshS-10a81805.log
wave10_2060_lowrank_conv_memory_stride4_continue100m,100004880.0,5.1484,5.3563,9843.0,,log_eval,E:\CODEXRESEARCH\house_compute_hub\runs\20260604-203858-cf1b20\Chichen-JoshS-10a81805.log
wave10_2060_lowrank_conv_memory_stride4_continue300m,200009760.0,4.9206,5.185,19686.0,,log_eval,E:\CODEXRESEARCH\house_compute_hub\runs\20260604-205817-df624b\Chichen-JoshS-10a81805.log
wave10_3080_lowrank_conv_memory_76m_3b_scratch_existingcache_20260605,100004880.0,5.0769,5.06,9843.0,,log_eval,E:\CODEXRESEARCH\house_compute_hub\runs\20260605-024617-ebeaa2\mwstroud-mwstr-6aea1cf3.log
wave10_3080_lowrank_conv_memory_76m_3b_scratch_existingcache_20260605,200009760.0,4.8027,4.8005,19686.0,,log_eval,E:\CODEXRESEARCH\house_compute_hub\runs\20260605-024617-ebeaa2\mwstroud-mwstr-6aea1cf3.log
wave10_3080_lowrank_conv_memory_76m_3b_scratch_existingcache_20260605,300014640.0,4.6693,4.4614,29529.0,,log_eval,E:\CODEXRESEARCH\house_compute_hub\runs\20260605-024617-ebeaa2\mwstroud-mwstr-6aea1cf3.log
wave10_3080_lowrank_conv_memory_76m_3b_scratch_existingcache_20260605,400019520.0,4.5772,4.3721,39372.0,,log_eval,E:\CODEXRESEARCH\house_compute_hub\runs\20260605-024617-ebeaa2\mwstroud-mwstr-6aea1cf3.log
wave10_3080_lowrank_conv_memory_76m_3b_scratch_existingcache_20260605,500024400.0,4.5197,4.4373,49215.0,,log_eval,E:\CODEXRESEARCH\house_compute_hub\runs\20260605-024617-ebeaa2\mwstroud-mwstr-6aea1cf3.log
wave10_3080_lowrank_conv_memory_76m_3b_scratch_existingcache_20260605,600029280.0,4.4805,4.0107,59058.0,,log_eval,E:\CODEXRESEARCH\house_compute_hub\runs\20260605-024617-ebeaa2\mwstroud-mwstr-6aea1cf3.log
wave10_3080_lowrank_conv_memory_76m_3b_scratch_existingcache_20260605,700034160.0,4.4476,4.4998,68901.0,,log_eval,E:\CODEXRESEARCH\house_compute_hub\runs\20260605-024617-ebeaa2\mwstroud-mwstr-6aea1cf3.log
wave10_3080_lowrank_conv_memory_76m_3b_scratch_existingcache_20260605,800039040.0,4.3985,4.2496,78744.0,,log_eval,E:\CODEXRESEARCH\house_compute_hub\runs\20260605-024617-ebeaa2\mwstroud-mwstr-6aea1cf3.log
wave10_3080_lowrank_conv_memory_76m_3b_scratch_existingcache_20260605,900043920.0,4.3741,4.2814,88587.0,,log_eval,E:\CODEXRESEARCH\house_compute_hub\runs\20260605-024617-ebeaa2\mwstroud-mwstr-6aea1cf3.log
wave10_3080_lowrank_conv_memory_76m_3b_scratch_existingcache_20260605,1000048800.0,4.3538,4.2152,98430.0,,log_eval,E:\CODEXRESEARCH\house_compute_hub\runs\20260605-024617-ebeaa2\mwstroud-mwstr-6aea1cf3.log
wave10_3080_lowrank_conv_memory_76m_3b_scratch_existingcache_20260605,1100053680.0,4.3412,3.9974,108273.0,,log_eval,E:\CODEXRESEARCH\house_compute_hub\runs\20260605-024617-ebeaa2\mwstroud-mwstr-6aea1cf3.log
wave10_3080_lowrank_conv_memory_76m_3b_scratch_existingcache_20260605,1200058560.0,4.2995,4.2498,118116.0,,log_eval,E:\CODEXRESEARCH\house_compute_hub\runs\20260605-024617-ebeaa2\mwstroud-mwstr-6aea1cf3.log
wave10_3080_lowrank_conv_memory_76m_3b_scratch_existingcache_20260605,1300063440.0,4.2817,4.4265,127959.0,,log_eval,E:\CODEXRESEARCH\house_compute_hub\runs\20260605-024617-ebeaa2\mwstroud-mwstr-6aea1cf3.log
wave10_3080_lowrank_conv_memory_76m_3b_scratch_existingcache_20260605,1400068320.0,4.2647,4.5859,137802.0,,log_eval,E:\CODEXRESEARCH\house_compute_hub\runs\20260605-024617-ebeaa2\mwstroud-mwstr-6aea1cf3.log
wave10_3080_lowrank_conv_memory_76m_3b_scratch_existingcache_20260605,1500073200.0,4.25,4.3206,147645.0,,log_eval,E:\CODEXRESEARCH\house_compute_hub\runs\20260605-024617-ebeaa2\mwstroud-mwstr-6aea1cf3.log
wave10_3080_lowrank_conv_memory_76m_3b_scratch_existingcache_20260605,1600078080.0,4.2352,4.2565,157488.0,,log_eval,E:\CODEXRESEARCH\house_compute_hub\runs\20260605-024617-ebeaa2\mwstroud-mwstr-6aea1cf3.log
wave10_3080_lowrank_conv_memory_76m_3b_scratch_existingcache_20260605,1700082960.0,4.216,3.9169,167331.0,,log_eval,E:\CODEXRESEARCH\house_compute_hub\runs\20260605-024617-ebeaa2\mwstroud-mwstr-6aea1cf3.log
wave10_3080_lowrank_conv_memory_76m_3b_scratch_existingcache_20260605,1800087840.0,4.1982,3.9833,177174.0,,log_eval,E:\CODEXRESEARCH\house_compute_hub\runs\20260605-024617-ebeaa2\mwstroud-mwstr-6aea1cf3.log
wave10_3080_lowrank_conv_memory_76m_3b_scratch_existingcache_20260605,1900092720.0,4.1861,4.1486,187017.0,,log_eval,E:\CODEXRESEARCH\house_compute_hub\runs\20260605-024617-ebeaa2\mwstroud-mwstr-6aea1cf3.log
wave10_3080_lowrank_conv_memory_76m_3b_scratch_existingcache_20260605,2000097600.0,4.1783,3.8927,196860.0,,log_eval,E:\CODEXRESEARCH\house_compute_hub\runs\20260605-024617-ebeaa2\mwstroud-mwstr-6aea1cf3.log
wave10_3080_lowrank_conv_memory_76m_3b_scratch_existingcache_20260605,2100102480.0,4.1628,4.0412,206703.0,,log_eval,E:\CODEXRESEARCH\house_compute_hub\runs\20260605-024617-ebeaa2\mwstroud-mwstr-6aea1cf3.log
wave10_3080_lowrank_conv_memory_76m_3b_scratch_existingcache_20260605,2200107360.0,4.1517,4.2949,216546.0,,log_eval,E:\CODEXRESEARCH\house_compute_hub\runs\20260605-024617-ebeaa2\mwstroud-mwstr-6aea1cf3.log
wave10_3080_lowrank_conv_memory_stride4_100m_fresh,100004880.0,4.9289,4.951,9843.0,,log_eval,E:\CODEXRESEARCH\house_compute_hub\runs\20260604-210436-c98623\mwstroud-mwstr-6aea1cf3.log
wave10_host2080_lowrank_conv_memory_stride4_60m,60004960.0,5.1627,5.2348,5906.0,,log_eval,E:\CODEXRESEARCH\RESEARCH-1\artifacts\benchmark_runs\language\wave10_lowrank_conv_memory_20260604\host_2080_lowrank_conv_memory_stride4_60m.stdout.log
wave10_host2080_lowrank_conv_memory_stride4_60m/standalone_longseq_anchor_train,60004960.0,5.162740405025132,5.2348103523254395,5906.0,51220529.0,json_report_history,E:\CODEXRESEARCH\RESEARCH-1\artifacts\benchmark_runs\language\wave10_lowrank_conv_memory_20260604\wave10_host2080_lowrank_conv_memory_stride4_60m\result.json
wave10_host2080_lowrank_conv_memory_stride4_continue100m,90007440.0,5.0606,5.2443,8859.0,,log_eval,E:\CODEXRESEARCH\RESEARCH-1\artifacts\benchmark_runs\language\wave10_lowrank_conv_memory_20260604\host_2080_lowrank_conv_memory_stride4_continue100m.stdout.log
wave10_host2080_lowrank_conv_memory_stride4_continue100m,100004880.0,5.045,5.2763,9843.0,,log_eval,E:\CODEXRESEARCH\RESEARCH-1\artifacts\benchmark_runs\language\wave10_lowrank_conv_memory_20260604\host_2080_lowrank_conv_memory_stride4_continue100m.stdout.log
wave10_host2080_lowrank_conv_memory_stride4_continue100m/standalone_longseq_anchor_train,60004960.0,5.162740405025132,5.2348103523254395,5906.0,51220529.0,json_report_history,E:\CODEXRESEARCH\RESEARCH-1\artifacts\benchmark_runs\language\wave10_lowrank_conv_memory_20260604\wave10_host2080_lowrank_conv_memory_stride4_continue100m\result.json
wave10_host2080_lowrank_conv_memory_stride4_continue100m/standalone_longseq_anchor_train,90007440.0,5.0605956905783005,5.244345664978027,8859.0,51220529.0,json_report_history,E:\CODEXRESEARCH\RESEARCH-1\artifacts\benchmark_runs\language\wave10_lowrank_conv_memory_20260604\wave10_host2080_lowrank_conv_memory_stride4_continue100m\result.json
wave10_host2080_lowrank_conv_memory_stride4_continue100m/standalone_longseq_anchor_train,100004880.0,5.045041977952471,5.276318073272705,9843.0,51220529.0,json_report_history,E:\CODEXRESEARCH\RESEARCH-1\artifacts\benchmark_runs\language\wave10_lowrank_conv_memory_20260604\wave10_host2080_lowrank_conv_memory_stride4_continue100m\result.json
wave10_host2080_lowrank_conv_memory_stride4_continue300m,200009760.0,4.8113,5.1144,19686.0,,log_eval,E:\CODEXRESEARCH\RESEARCH-1\artifacts\benchmark_runs\language\wave10_lowrank_conv_memory_20260604\host_2080_lowrank_conv_memory_stride4_continue300m.stdout.log
wave10_host2080_lowrank_conv_memory_stride4_continue300m_shifted_to_3080_retry1,300014640.0,4.6809,4.7933,29529.0,,log_eval,E:\CODEXRESEARCH\house_compute_hub\runs\20260605-011144-50d666\mwstroud-mwstr-6aea1cf3.log
wave12_2060_token_gated_lowrank_conv_memory_stride4_30m,30002480.0,5.6382,5.7106,2953.0,,log_eval,E:\CODEXRESEARCH\house_compute_hub\runs\20260605-010823-a88076\Chichen-JoshS-10a81805.log
wave13_2060_lowrank_conv_memory_kernel15_stride4_30m,30002480.0,5.6322,5.691,2953.0,,log_eval,E:\CODEXRESEARCH\house_compute_hub\runs\20260605-011722-0e3c28\Chichen-JoshS-10a81805.log
wave13_2060_lowrank_conv_memory_memoryrank128_kernel15_stride4_30m,30002480.0,5.6257,5.6752,2953.0,,log_eval,E:\CODEXRESEARCH\house_compute_hub\runs\20260605-014244-e3b907\Chichen-JoshS-10a81805.log
wave13_2060_lowrank_conv_memory_memoryrank128_landmark64_stride4_30m,30002480.0,5.6344,5.6903,2953.0,,log_eval,E:\CODEXRESEARCH\house_compute_hub\runs\20260605-013355-bca176\Chichen-JoshS-10a81805.log
wave13_2060_lowrank_conv_memory_memoryrank128_stride4_100m,100004880.0,5.0399,5.2511,9843.0,,log_eval,E:\CODEXRESEARCH\house_compute_hub\runs\20260605-015212-267bfb\Chichen-JoshS-10a81805.log
wave13_2060_lowrank_conv_memory_memoryrank128_stride4_30m,30002480.0,5.6252,5.6897,2953.0,,log_eval,E:\CODEXRESEARCH\house_compute_hub\runs\20260605-011722-017e5b\Chichen-JoshS-10a81805.log
wave1_3080_baseline160m_sched_control_100m,100004880.0,5.526,5.4888,9843.0,,log_eval,E:\CODEXRESEARCH\house_compute_hub\runs\20260604-155119-b10bf5\mwstroud-mwstr-6aea1cf3.log
wave1_3080_dense_stride8_90m_k7_100m,100004880.0,5.2887,5.3231,9843.0,,log_eval,E:\CODEXRESEARCH\house_compute_hub\runs\20260604-152638-a2ea98\mwstroud-mwstr-6aea1cf3.log
wave1_3080_depth4_110m_k15_stride16_100m,100004880.0,5.2977,5.2667,9843.0,,log_eval,E:\CODEXRESEARCH\house_compute_hub\runs\20260604-152638-e9d9c4\mwstroud-mwstr-6aea1cf3.log
wave1_4060_dense_stride8_60m_k7_80m,79999840.0,5.419,5.4917,7874.0,,log_eval,E:\CODEXRESEARCH\house_compute_hub\runs\20260604-152639-ad36f5\t-mwstr-07260bd4.log
wave1_4060_depth4_60m_k15_stride16_80m,79999840.0,5.4369,5.4871,7874.0,,log_eval,E:\CODEXRESEARCH\house_compute_hub\runs\20260604-152639-f97a46\t-mwstr-07260bd4.log
wave2_3080_dense_stride8_90m_continue500m,200009760.0,5.157,5.1508,19686.0,,log_eval,E:\CODEXRESEARCH\house_compute_hub\runs\20260604-163118-2e4251\mwstroud-mwstr-6aea1cf3.log
wave2_3080_dense_stride8_90m_continue500m,300014640.0,4.9488,4.7417,29529.0,,log_eval,E:\CODEXRESEARCH\house_compute_hub\runs\20260604-163118-2e4251\mwstroud-mwstr-6aea1cf3.log
wave2_3080_dense_stride8_90m_continue500m,400019520.0,4.8316,4.6837,39372.0,,log_eval,E:\CODEXRESEARCH\house_compute_hub\runs\20260604-163118-2e4251\mwstroud-mwstr-6aea1cf3.log
wave2_3080_dense_stride8_90m_continue500m,500024400.0,4.7943,4.7487,49215.0,,log_eval,E:\CODEXRESEARCH\house_compute_hub\runs\20260604-163118-2e4251\mwstroud-mwstr-6aea1cf3.log
wave2_4060_dense_stride4_60m_k7_80m,79999840.0,5.3327,5.4629,7874.0,,log_eval,E:\CODEXRESEARCH\house_compute_hub\runs\20260604-163118-495c4b\t-mwstr-07260bd4.log
wave2_4060_dense_stride8_60m_continue300m,159999680.0,5.2614,5.3596,15748.0,,log_eval,E:\CODEXRESEARCH\house_compute_hub\runs\20260604-163119-78203f\t-mwstr-07260bd4.log
wave2_4060_dense_stride8_60m_continue300m,239999520.0,5.0587,4.7828,23622.0,,log_eval,E:\CODEXRESEARCH\house_compute_hub\runs\20260604-163119-78203f\t-mwstr-07260bd4.log
wave2_4060_dense_stride8_60m_continue300m,300014640.0,5.011,5.1174,29529.0,,log_eval,E:\CODEXRESEARCH\house_compute_hub\runs\20260604-163119-78203f\t-mwstr-07260bd4.log
wave3_2060_dense_stride4_45m_30m,30002480.0,5.8767,5.9161,2953.0,,log_eval,E:\CODEXRESEARCH\house_compute_hub\runs\20260604-172422-381ac5\Chichen-JoshS-10a81805.log
wave3_2060_gated_stride8_35m_30m_venv_fix2,30002480.0,6.0484,5.9846,2953.0,,log_eval,E:\CODEXRESEARCH\house_compute_hub\runs\20260604-171638-85e8f5\Chichen-JoshS-10a81805.log
wave3_3080_gated_stride8_85m_100m,100004880.0,5.3393,5.3541,9843.0,,log_eval,E:\CODEXRESEARCH\house_compute_hub\runs\20260604-164139-5f53a1\mwstroud-mwstr-6aea1cf3.log
wave3_4060_gated_stride8_55m_80m,79999840.0,5.4709,5.537,7874.0,,log_eval,E:\CODEXRESEARCH\house_compute_hub\runs\20260604-164140-74cc42\t-mwstr-07260bd4.log
wave3_host2080_dense_stride4_60m,60004960.0,5.4646,5.5476,5906.0,,log_eval,E:\CODEXRESEARCH\RESEARCH-1\artifacts\benchmark_runs\language\wave3_gated_block_20260604\host_2080_stride4.stdout.log
wave3_host2080_dense_stride4_60m/standalone_longseq_anchor_train,60004960.0,5.4645802578901055,5.547560691833496,5906.0,54802353.0,json_report_history,E:\CODEXRESEARCH\RESEARCH-1\artifacts\benchmark_runs\language\wave3_gated_block_20260604\wave3_host2080_dense_stride4_60m\result.json
wave3_host2080_gated_45m_stride8,44998640.0,5.7421,5.7508,4429.0,,log_eval,E:\CODEXRESEARCH\RESEARCH-1\artifacts\benchmark_runs\language\wave3_gated_block_20260604\host_2080_gated.stdout.log
wave3_host2080_gated_45m_stride8/standalone_longseq_anchor_train,44998640.0,5.742143817492358,5.750812530517578,4429.0,51844145.0,json_report_history,E:\CODEXRESEARCH\RESEARCH-1\artifacts\benchmark_runs\language\wave3_gated_block_20260604\wave3_host2080_gated_45m_stride8\result.json
wave3_host2080_gated_stride4_60m,60004960.0,5.5242,5.6167,5906.0,,log_eval,E:\CODEXRESEARCH\RESEARCH-1\artifacts\benchmark_runs\language\wave3_gated_block_20260604\host_2080_gated_stride4.stdout.log
wave3_host2080_gated_stride4_60m/standalone_longseq_anchor_train,60004960.0,5.524196946495787,5.616655349731445,5906.0,51844145.0,json_report_history,E:\CODEXRESEARCH\RESEARCH-1\artifacts\benchmark_runs\language\wave3_gated_block_20260604\wave3_host2080_gated_stride4_60m\result.json
wave3_host2080_memory_stride4_60m,60004960.0,5.4664,5.5737,5906.0,,log_eval,E:\CODEXRESEARCH\RESEARCH-1\artifacts\benchmark_runs\language\wave3_gated_block_20260604\host_2080_memory_stride4.stdout.log
wave3_host2080_memory_stride4_60m/standalone_longseq_anchor_train,60004960.0,5.466395527484223,5.573738098144531,5906.0,50359345.0,json_report_history,E:\CODEXRESEARCH\RESEARCH-1\artifacts\benchmark_runs\language\wave3_gated_block_20260604\wave3_host2080_memory_stride4_60m\result.json
wave4_3080_dense_stride4_fresh100m,100004880.0,5.2393,5.2118,9843.0,,log_eval,E:\CODEXRESEARCH\house_compute_hub\runs\20260604-175517-ec324a\mwstroud-mwstr-6aea1cf3.log
wave4_3080_dense_stride4_fresh_continue500m,200009760.0,5.1051,5.161,19686.0,,log_eval,E:\CODEXRESEARCH\house_compute_hub\runs\20260604-180347-2a8730\mwstroud-mwstr-6aea1cf3.log
wave4_3080_dense_stride4_fresh_continue500m,300014640.0,4.9111,4.7074,29529.0,,log_eval,E:\CODEXRESEARCH\house_compute_hub\runs\20260604-180347-2a8730\mwstroud-mwstr-6aea1cf3.log
wave4_3080_dense_stride4_fresh_continue500m,400019520.0,4.8028,4.6514,39372.0,,log_eval,E:\CODEXRESEARCH\house_compute_hub\runs\20260604-180347-2a8730\mwstroud-mwstr-6aea1cf3.log
wave4_3080_dense_stride4_fresh_continue500m,500024400.0,4.7682,4.6786,49215.0,,log_eval,E:\CODEXRESEARCH\house_compute_hub\runs\20260604-180347-2a8730\mwstroud-mwstr-6aea1cf3.log
wave4_4060_dense_stride4_continue300m,159999680.0,5.1698,5.3138,15748.0,,log_eval,E:\CODEXRESEARCH\house_compute_hub\runs\20260604-175518-85b379\t-mwstr-07260bd4.log
wave4_4060_dense_stride4_continue300m,239999520.0,4.9761,4.6952,23622.0,,log_eval,E:\CODEXRESEARCH\house_compute_hub\runs\20260604-175518-85b379\t-mwstr-07260bd4.log
wave4_4060_dense_stride4_continue300m,300014640.0,4.9309,5.0793,29529.0,,log_eval,E:\CODEXRESEARCH\house_compute_hub\runs\20260604-175518-85b379\t-mwstr-07260bd4.log
wave4_4060_dense_stride4_continue500m,319999360.0,4.987,4.8143,31496.0,,log_eval,E:\CODEXRESEARCH\house_compute_hub\runs\20260604-191304-307977\t-mwstr-07260bd4.log
wave4_4060_dense_stride4_continue500m,399999200.0,4.8873,5.0438,39370.0,,log_eval,E:\CODEXRESEARCH\house_compute_hub\runs\20260604-191304-307977\t-mwstr-07260bd4.log
wave5_2060_landmark_stride4_30m,30002480.0,5.9204,5.9527,2953.0,,log_eval,E:\CODEXRESEARCH\house_compute_hub\runs\20260604-180347-ba3b2c\Chichen-JoshS-10a81805.log
wave5_host2080_landmark_stride4_60m,60004960.0,5.5022,5.5987,5906.0,,log_eval,E:\CODEXRESEARCH\RESEARCH-1\artifacts\benchmark_runs\language\wave5_landmark_attention_20260604\host_2080_landmark_stride4.stdout.log
wave5_host2080_landmark_stride4_60m/standalone_longseq_anchor_train,60004960.0,5.50221453407618,5.598670959472656,5906.0,53472305.0,json_report_history,E:\CODEXRESEARCH\RESEARCH-1\artifacts\benchmark_runs\language\wave5_landmark_attention_20260604\wave5_host2080_landmark_stride4_60m\result.json
wave6_2060_multiscale_stride4_30m,30002480.0,5.8227,5.8594,2953.0,,log_eval,E:\CODEXRESEARCH\house_compute_hub\runs\20260604-181838-9e8078\Chichen-JoshS-10a81805.log
wave6_2060_multiscale_stride4_continue100m,60004960.0,5.5406,5.5754,5906.0,,log_eval,E:\CODEXRESEARCH\house_compute_hub\runs\20260604-183105-77136f\Chichen-JoshS-10a81805.log
wave6_2060_multiscale_stride4_continue100m,90007440.0,5.3817,5.5433,8859.0,,log_eval,E:\CODEXRESEARCH\house_compute_hub\runs\20260604-183105-77136f\Chichen-JoshS-10a81805.log
wave6_2060_multiscale_stride4_continue100m,100004880.0,5.369,5.5671,9843.0,,log_eval,E:\CODEXRESEARCH\house_compute_hub\runs\20260604-183105-77136f\Chichen-JoshS-10a81805.log
wave6_3080_multiscale_stride4_continue300m,200009760.0,4.9397,4.9339,19686.0,,log_eval,E:\CODEXRESEARCH\house_compute_hub\runs\20260604-193841-a8232f\mwstroud-mwstr-6aea1cf3.log
wave6_3080_multiscale_stride4_continue300m,300014640.0,4.814,4.5763,29529.0,,log_eval,E:\CODEXRESEARCH\house_compute_hub\runs\20260604-193841-a8232f\mwstroud-mwstr-6aea1cf3.log
wave6_3080_multiscale_stride4_continue500m_total49215,400019520.0,4.7744,4.6009,39372.0,,log_eval,E:\CODEXRESEARCH\house_compute_hub\runs\20260604-202043-ffd781\mwstroud-mwstr-6aea1cf3.log
wave6_3080_multiscale_stride4_continue500m_total49215_resume_after_cuda,500024400.0,4.7431,4.6411,49215.0,,log_eval,E:\CODEXRESEARCH\house_compute_hub\runs\20260604-205451-0ffce6\mwstroud-mwstr-6aea1cf3.log
wave6_3080_multiscale_stride4_fresh100m,100004880.0,5.1293,5.1144,9843.0,,log_eval,E:\CODEXRESEARCH\house_compute_hub\runs\20260604-184448-07692f\mwstroud-mwstr-6aea1cf3.log
wave6_4060_multiscale_stride4_80m,79999840.0,5.2106,5.3546,7874.0,,log_eval,E:\CODEXRESEARCH\house_compute_hub\runs\20260604-183105-436133\t-mwstr-07260bd4.log
wave6_4060_multiscale_stride4_continue300m,159999680.0,5.0346,5.2333,15748.0,,log_eval,E:\CODEXRESEARCH\house_compute_hub\runs\20260604-191304-3fe8cd\t-mwstr-07260bd4.log
wave6_4060_multiscale_stride4_continue300m,239999520.0,4.8355,4.5731,23622.0,,log_eval,E:\CODEXRESEARCH\house_compute_hub\runs\20260604-191304-3fe8cd\t-mwstr-07260bd4.log
wave6_4060_multiscale_stride4_continue300m,300014640.0,4.7892,4.8904,29529.0,,log_eval,E:\CODEXRESEARCH\house_compute_hub\runs\20260604-191304-3fe8cd\t-mwstr-07260bd4.log
wave6_host2080_multiscale_stride4_60m,60004960.0,5.3824,5.4532,5906.0,,log_eval,E:\CODEXRESEARCH\RESEARCH-1\artifacts\benchmark_runs\language\wave6_multiscale_20260604\host_2080_multiscale_stride4.stdout.log
wave6_host2080_multiscale_stride4_60m/standalone_longseq_anchor_train,60004960.0,5.382352503829115,5.453152656555176,5906.0,51037745.0,json_report_history,E:\CODEXRESEARCH\RESEARCH-1\artifacts\benchmark_runs\language\wave6_multiscale_20260604\wave6_host2080_multiscale_stride4_60m\result.json
wave6_host2080_multiscale_stride4_continue100m,60015120.0,5.3842,5.5152,5907.0,,log_eval,E:\CODEXRESEARCH\RESEARCH-1\artifacts\benchmark_runs\language\wave6_multiscale_20260604\host_2080_multiscale_continue100m.stdout.log
wave6_host2080_multiscale_stride4_continue100m,80020160.0,5.3128,5.5253,7876.0,,log_eval,E:\CODEXRESEARCH\RESEARCH-1\artifacts\benchmark_runs\language\wave6_multiscale_20260604\host_2080_multiscale_continue100m.stdout.log
wave6_host2080_multiscale_stride4_continue100m,100004880.0,5.2701,5.4904,9843.0,,log_eval,E:\CODEXRESEARCH\RESEARCH-1\artifacts\benchmark_runs\language\wave6_multiscale_20260604\host_2080_multiscale_continue100m.stdout.log
wave6_host2080_multiscale_stride4_continue100m/standalone_longseq_anchor_train,60004960.0,5.382352503829115,5.453152656555176,5906.0,51037745.0,json_report_history,E:\CODEXRESEARCH\RESEARCH-1\artifacts\benchmark_runs\language\wave6_multiscale_20260604\wave6_host2080_multiscale_stride4_continue100m\result.json
wave6_host2080_multiscale_stride4_continue100m/standalone_longseq_anchor_train,60015120.0,5.384209485692302,5.515225887298584,5907.0,51037745.0,json_report_history,E:\CODEXRESEARCH\RESEARCH-1\artifacts\benchmark_runs\language\wave6_multiscale_20260604\wave6_host2080_multiscale_stride4_continue100m\result.json
wave6_host2080_multiscale_stride4_continue100m/standalone_longseq_anchor_train,80020160.0,5.312784014286332,5.525251388549805,7876.0,51037745.0,json_report_history,E:\CODEXRESEARCH\RESEARCH-1\artifacts\benchmark_runs\language\wave6_multiscale_20260604\wave6_host2080_multiscale_stride4_continue100m\result.json
wave6_host2080_multiscale_stride4_continue100m/standalone_longseq_anchor_train,100004880.0,5.2701041966285604,5.490428924560547,9843.0,51037745.0,json_report_history,E:\CODEXRESEARCH\RESEARCH-1\artifacts\benchmark_runs\language\wave6_multiscale_20260604\wave6_host2080_multiscale_stride4_continue100m\result.json
wave6_host2080_multiscale_stride4_continue300m,200009760.0,5.0059,5.3018,19686.0,,log_eval,E:\CODEXRESEARCH\RESEARCH-1\artifacts\benchmark_runs\language\wave6_multiscale_20260604\host_2080_multiscale_continue300m.stdout.log
wave6_host2080_multiscale_stride4_continue300m,300014640.0,4.8792,4.9923,29529.0,,log_eval,E:\CODEXRESEARCH\RESEARCH-1\artifacts\benchmark_runs\language\wave6_multiscale_20260604\host_2080_multiscale_continue300m.stdout.log
wave6_host2080_multiscale_stride4_continue300m/standalone_longseq_anchor_train,60004960.0,5.382352503829115,5.453152656555176,5906.0,51037745.0,json_report_history,E:\CODEXRESEARCH\RESEARCH-1\artifacts\benchmark_runs\language\wave6_multiscale_20260604\wave6_host2080_multiscale_stride4_continue300m\result.json
wave6_host2080_multiscale_stride4_continue300m/standalone_longseq_anchor_train,60015120.0,5.384209485692302,5.515225887298584,5907.0,51037745.0,json_report_history,E:\CODEXRESEARCH\RESEARCH-1\artifacts\benchmark_runs\language\wave6_multiscale_20260604\wave6_host2080_multiscale_stride4_continue300m\result.json
wave6_host2080_multiscale_stride4_continue300m/standalone_longseq_anchor_train,80020160.0,5.312784014286332,5.525251388549805,7876.0,51037745.0,json_report_history,E:\CODEXRESEARCH\RESEARCH-1\artifacts\benchmark_runs\language\wave6_multiscale_20260604\wave6_host2080_multiscale_stride4_continue300m\result.json
wave6_host2080_multiscale_stride4_continue300m/standalone_longseq_anchor_train,100004880.0,5.2701041966285604,5.490428924560547,9843.0,51037745.0,json_report_history,E:\CODEXRESEARCH\RESEARCH-1\artifacts\benchmark_runs\language\wave6_multiscale_20260604\wave6_host2080_multiscale_stride4_continue300m\result.json
wave6_host2080_multiscale_stride4_continue300m/standalone_longseq_anchor_train,200009760.0,5.005851191516936,5.301837921142578,19686.0,51037745.0,json_report_history,E:\CODEXRESEARCH\RESEARCH-1\artifacts\benchmark_runs\language\wave6_multiscale_20260604\wave6_host2080_multiscale_stride4_continue300m\result.json
wave6_host2080_multiscale_stride4_continue300m/standalone_longseq_anchor_train,300014640.0,4.879228965097212,4.992288589477539,29529.0,51037745.0,json_report_history,E:\CODEXRESEARCH\RESEARCH-1\artifacts\benchmark_runs\language\wave6_multiscale_20260604\wave6_host2080_multiscale_stride4_continue300m\result.json
wave7_2060_dilated_multiscale_stride4_30m,30002480.0,5.8486,5.8833,2953.0,,log_eval,E:\CODEXRESEARCH\house_compute_hub\runs\20260604-184957-41c58c\Chichen-JoshS-10a81805.log
wave7_4060_dilated_multiscale_stride4_80m,79999840.0,5.2467,5.3846,7874.0,,log_eval,E:\CODEXRESEARCH\house_compute_hub\runs\20260604-185056-ce4bdc\t-mwstr-07260bd4.log
wave7_host2080_dilated_multiscale_stride4_60m,60004960.0,5.4209,5.4885,5906.0,,log_eval,E:\CODEXRESEARCH\RESEARCH-1\artifacts\benchmark_runs\language\wave7_dilated_multiscale_20260604\host_2080_dilated_multiscale_stride4_60m.stdout.log
wave7_host2080_dilated_multiscale_stride4_60m/standalone_longseq_anchor_train,60004960.0,5.420864054130444,5.48846435546875,5906.0,51037745.0,json_report_history,E:\CODEXRESEARCH\RESEARCH-1\artifacts\benchmark_runs\language\wave7_dilated_multiscale_20260604\wave7_host2080_dilated_multiscale_stride4_60m\result.json
wave8_2060_adaptive_multiscale_stride4_30m,30002480.0,5.8203,5.8575,2953.0,,log_eval,E:\CODEXRESEARCH\house_compute_hub\runs\20260604-200613-b5ffe3\Chichen-JoshS-10a81805.log
wave8_2060_multiscale_stride4_continue300m,200009760.0,5.1089,5.3517,19686.0,,log_eval,E:\CODEXRESEARCH\house_compute_hub\runs\20260604-192237-248694\Chichen-JoshS-10a81805.log
wave8_2060_multiscale_stride4_continue300m,300014640.0,4.9968,5.0815,29529.0,,log_eval,E:\CODEXRESEARCH\house_compute_hub\runs\20260604-192237-248694\Chichen-JoshS-10a81805.log
wave8_2060_multiscale_stride8_30m,30002480.0,5.8959,5.9177,2953.0,,log_eval,E:\CODEXRESEARCH\house_compute_hub\runs\20260604-191352-f03dcf\Chichen-JoshS-10a81805.log
wave8_host2080_adaptive_multiscale_stride4_60m,60004960.0,5.3805,5.4511,5906.0,,log_eval,E:\CODEXRESEARCH\RESEARCH-1\artifacts\benchmark_runs\language\wave8_adaptive_multiscale_20260604\host_2080_adaptive_multiscale_stride4_60m.stdout.log
wave8_host2080_adaptive_multiscale_stride4_60m/standalone_longseq_anchor_train,60004960.0,5.380507930088544,5.451070785522461,5906.0,51041585.0,json_report_history,E:\CODEXRESEARCH\RESEARCH-1\artifacts\benchmark_runs\language\wave8_adaptive_multiscale_20260604\wave8_host2080_adaptive_multiscale_stride4_60m\result.json
wave9_2060_multiscale_memory_stride4_30m,30002480.0,5.8155,5.8617,2953.0,,log_eval,E:\CODEXRESEARCH\house_compute_hub\runs\20260604-201956-a0f255\Chichen-JoshS-10a81805.log
wave9_host2080_multiscale_memory_stride4_60m,60004960.0,5.3666,5.4393,5906.0,,log_eval,E:\CODEXRESEARCH\RESEARCH-1\artifacts\benchmark_runs\language\wave9_multiscale_memory_20260604\host_2080_multiscale_memory_stride4_60m.stdout.log
wave9_host2080_multiscale_memory_stride4_60m/standalone_longseq_anchor_train,60004960.0,5.366613806545578,5.439310073852539,5906.0,51204145.0,json_report_history,E:\CODEXRESEARCH\RESEARCH-1\artifacts\benchmark_runs\language\wave9_multiscale_memory_20260604\wave9_host2080_multiscale_memory_stride4_60m\result.json
