source,kind,step,tokens_seen,tokens_b,train_loss,val_loss,lr,tok_s
E:\CODEXRESEARCH\house_compute_hub\runs\20260604-022628-5c855b\mwstroud-mwstr-6aea1cf3.log,train,196852,2000016320,2.00001632,4.7152,,6e-05,77361.0
E:\CODEXRESEARCH\house_compute_hub\runs\20260604-022628-5c855b\mwstroud-mwstr-6aea1cf3.log,eval,196860,2000097600,2.0000976,4.6198,4.6433,,
E:\CODEXRESEARCH\house_compute_hub\runs\20260604-022628-5c855b\mwstroud-mwstr-6aea1cf3.log,train,197000,2001520000,2.00152,4.3748,,6e-05,77360.0
E:\CODEXRESEARCH\house_compute_hub\runs\20260604-022628-5c855b\mwstroud-mwstr-6aea1cf3.log,train,197500,2006600000,2.0066,4.4889,,5.99994e-05,77361.0
E:\CODEXRESEARCH\house_compute_hub\runs\20260604-022628-5c855b\mwstroud-mwstr-6aea1cf3.log,train,198000,2011680000,2.01168,4.6495,,5.99981e-05,77361.0
E:\CODEXRESEARCH\house_compute_hub\runs\20260604-022628-5c855b\mwstroud-mwstr-6aea1cf3.log,train,198500,2016760000,2.01676,4.5674,,5.99962e-05,77361.0
E:\CODEXRESEARCH\house_compute_hub\runs\20260604-022628-5c855b\mwstroud-mwstr-6aea1cf3.log,train,199000,2021840000,2.02184,4.6681,,5.99935e-05,77361.0
E:\CODEXRESEARCH\house_compute_hub\runs\20260604-022628-5c855b\mwstroud-mwstr-6aea1cf3.log,train,199500,2026920000,2.02692,4.6554,,5.99901e-05,77362.0
E:\CODEXRESEARCH\house_compute_hub\runs\20260604-022628-5c855b\mwstroud-mwstr-6aea1cf3.log,train,200000,2032000000,2.032,4.7262,,5.9986e-05,77362.0
E:\CODEXRESEARCH\house_compute_hub\runs\20260604-022628-5c855b\mwstroud-mwstr-6aea1cf3.log,train,200500,2037080000,2.03708,4.5221,,5.99812e-05,77362.0
E:\CODEXRESEARCH\house_compute_hub\runs\20260604-022628-5c855b\mwstroud-mwstr-6aea1cf3.log,train,201000,2042160000,2.04216,4.0391,,5.99757e-05,77362.0
E:\CODEXRESEARCH\house_compute_hub\runs\20260604-022628-5c855b\mwstroud-mwstr-6aea1cf3.log,train,201500,2047240000,2.04724,4.4876,,5.99694e-05,77362.0
E:\CODEXRESEARCH\house_compute_hub\runs\20260604-022628-5c855b\mwstroud-mwstr-6aea1cf3.log,train,202000,2052320000,2.05232,3.9811,,5.99625e-05,77363.0
E:\CODEXRESEARCH\house_compute_hub\runs\20260604-022628-5c855b\mwstroud-mwstr-6aea1cf3.log,train,202500,2057400000,2.0574,4.6299,,5.99549e-05,77363.0
E:\CODEXRESEARCH\house_compute_hub\runs\20260604-022628-5c855b\mwstroud-mwstr-6aea1cf3.log,train,203000,2062480000,2.06248,4.6438,,5.99465e-05,77363.0
E:\CODEXRESEARCH\house_compute_hub\runs\20260604-022628-5c855b\mwstroud-mwstr-6aea1cf3.log,train,203500,2067560000,2.06756,4.4197,,5.99375e-05,77363.0
E:\CODEXRESEARCH\house_compute_hub\runs\20260604-022628-5c855b\mwstroud-mwstr-6aea1cf3.log,train,204000,2072640000,2.07264,4.829,,5.99277e-05,77363.0
E:\CODEXRESEARCH\house_compute_hub\runs\20260604-022628-5c855b\mwstroud-mwstr-6aea1cf3.log,train,204500,2077720000,2.07772,4.7455,,5.99173e-05,77363.0
E:\CODEXRESEARCH\house_compute_hub\runs\20260604-022628-5c855b\mwstroud-mwstr-6aea1cf3.log,train,205000,2082800000,2.0828,4.5038,,5.99061e-05,77363.0
E:\CODEXRESEARCH\house_compute_hub\runs\20260604-022628-5c855b\mwstroud-mwstr-6aea1cf3.log,train,205500,2087880000,2.08788,4.6292,,5.98942e-05,77363.0
E:\CODEXRESEARCH\house_compute_hub\runs\20260604-022628-5c855b\mwstroud-mwstr-6aea1cf3.log,train,206000,2092960000,2.09296,4.5487,,5.98817e-05,77364.0
E:\CODEXRESEARCH\house_compute_hub\runs\20260604-022628-5c855b\mwstroud-mwstr-6aea1cf3.log,train,206500,2098040000,2.09804,4.5391,,5.98684e-05,77364.0
E:\CODEXRESEARCH\house_compute_hub\runs\20260604-022628-5c855b\mwstroud-mwstr-6aea1cf3.log,eval,206703,2100102480,2.10010248,4.3862,4.6462,,
E:\CODEXRESEARCH\house_compute_hub\runs\20260604-022628-5c855b\mwstroud-mwstr-6aea1cf3.log,train,207000,2103120000,2.10312,4.5416,,5.98544e-05,77363.0
E:\CODEXRESEARCH\house_compute_hub\runs\20260604-022628-5c855b\mwstroud-mwstr-6aea1cf3.log,train,207500,2108200000,2.1082,4.9423,,5.98397e-05,77363.0
E:\CODEXRESEARCH\house_compute_hub\runs\20260604-022628-5c855b\mwstroud-mwstr-6aea1cf3.log,train,208000,2113280000,2.11328,4.4929,,5.98244e-05,77363.0
E:\CODEXRESEARCH\house_compute_hub\runs\20260604-022628-5c855b\mwstroud-mwstr-6aea1cf3.log,train,208500,2118360000,2.11836,4.5258,,5.98083e-05,77363.0
E:\CODEXRESEARCH\house_compute_hub\runs\20260604-022628-5c855b\mwstroud-mwstr-6aea1cf3.log,train,209000,2123440000,2.12344,4.6345,,5.97915e-05,77364.0
E:\CODEXRESEARCH\house_compute_hub\runs\20260604-022628-5c855b\mwstroud-mwstr-6aea1cf3.log,train,209500,2128520000,2.12852,4.6966,,5.9774e-05,77364.0
E:\CODEXRESEARCH\house_compute_hub\runs\20260604-022628-5c855b\mwstroud-mwstr-6aea1cf3.log,train,210000,2133600000,2.1336,4.5704,,5.97558e-05,77364.0
E:\CODEXRESEARCH\house_compute_hub\runs\20260604-022628-5c855b\mwstroud-mwstr-6aea1cf3.log,train,210500,2138680000,2.13868,5.4813,,5.97369e-05,77364.0
E:\CODEXRESEARCH\house_compute_hub\runs\20260604-022628-5c855b\mwstroud-mwstr-6aea1cf3.log,train,211000,2143760000,2.14376,4.6142,,5.97173e-05,77364.0
E:\CODEXRESEARCH\house_compute_hub\runs\20260604-022628-5c855b\mwstroud-mwstr-6aea1cf3.log,train,211500,2148840000,2.14884,4.7823,,5.9697e-05,77364.0
E:\CODEXRESEARCH\house_compute_hub\runs\20260604-022628-5c855b\mwstroud-mwstr-6aea1cf3.log,train,212000,2153920000,2.15392,4.7936,,5.9676e-05,77364.0
E:\CODEXRESEARCH\house_compute_hub\runs\20260604-022628-5c855b\mwstroud-mwstr-6aea1cf3.log,train,212500,2159000000,2.159,4.6557,,5.96543e-05,77364.0
E:\CODEXRESEARCH\house_compute_hub\runs\20260604-022628-5c855b\mwstroud-mwstr-6aea1cf3.log,train,213000,2164080000,2.16408,4.6118,,5.96319e-05,77365.0
E:\CODEXRESEARCH\house_compute_hub\runs\20260604-022628-5c855b\mwstroud-mwstr-6aea1cf3.log,train,213500,2169160000,2.16916,5.2623,,5.96088e-05,77365.0
E:\CODEXRESEARCH\house_compute_hub\runs\20260604-022628-5c855b\mwstroud-mwstr-6aea1cf3.log,train,214000,2174240000,2.17424,4.826,,5.95851e-05,77365.0
E:\CODEXRESEARCH\house_compute_hub\runs\20260604-022628-5c855b\mwstroud-mwstr-6aea1cf3.log,train,214500,2179320000,2.17932,4.259,,5.95606e-05,77365.0
E:\CODEXRESEARCH\house_compute_hub\runs\20260604-022628-5c855b\mwstroud-mwstr-6aea1cf3.log,train,215000,2184400000,2.1844,4.3343,,5.95354e-05,77365.0
E:\CODEXRESEARCH\house_compute_hub\runs\20260604-022628-5c855b\mwstroud-mwstr-6aea1cf3.log,train,215500,2189480000,2.18948,4.7136,,5.95095e-05,77365.0
E:\CODEXRESEARCH\house_compute_hub\runs\20260604-022628-5c855b\mwstroud-mwstr-6aea1cf3.log,train,216000,2194560000,2.19456,4.6233,,5.9483e-05,77366.0
E:\CODEXRESEARCH\house_compute_hub\runs\20260604-022628-5c855b\mwstroud-mwstr-6aea1cf3.log,train,216500,2199640000,2.19964,4.7992,,5.94557e-05,77366.0
E:\CODEXRESEARCH\house_compute_hub\runs\20260604-022628-5c855b\mwstroud-mwstr-6aea1cf3.log,eval,216546,2200107360,2.20010736,4.3718,4.6404,,
E:\CODEXRESEARCH\house_compute_hub\runs\20260604-022628-5c855b\mwstroud-mwstr-6aea1cf3.log,train,217000,2204720000,2.20472,4.7875,,5.94278e-05,77365.0
E:\CODEXRESEARCH\house_compute_hub\runs\20260614-223723-f1c35a\mwstroud-mwstr-6aea1cf3.log,train,217000,2204720000,2.20472,4.1618,,0.000361494,92620.0
E:\CODEXRESEARCH\house_compute_hub\runs\20260614-235439-ba54d5\mwstroud-mwstr-6aea1cf3.log,train,217000,2204720000,2.20472,4.1252,,0.000182768,92619.0
E:\CODEXRESEARCH\house_compute_hub\runs\20260604-022628-5c855b\mwstroud-mwstr-6aea1cf3.log,train,217500,2209800000,2.2098,4.5806,,5.93992e-05,77365.0
E:\CODEXRESEARCH\house_compute_hub\runs\20260614-235439-ba54d5\mwstroud-mwstr-6aea1cf3.log,train,217500,2209800000,2.2098,4.2405,,0.000182312,92619.0
E:\CODEXRESEARCH\house_compute_hub\runs\20260604-022628-5c855b\mwstroud-mwstr-6aea1cf3.log,train,218000,2214880000,2.21488,4.7033,,5.93698e-05,77366.0
E:\CODEXRESEARCH\house_compute_hub\runs\20260614-235439-ba54d5\mwstroud-mwstr-6aea1cf3.log,train,218000,2214880000,2.21488,4.2105,,0.000181856,92619.0
E:\CODEXRESEARCH\house_compute_hub\runs\20260604-022628-5c855b\mwstroud-mwstr-6aea1cf3.log,train,218500,2219960000,2.21996,4.5287,,5.93398e-05,77366.0
E:\CODEXRESEARCH\house_compute_hub\runs\20260614-235439-ba54d5\mwstroud-mwstr-6aea1cf3.log,train,218500,2219960000,2.21996,4.7004,,0.000181399,92619.0
E:\CODEXRESEARCH\house_compute_hub\runs\20260604-022628-5c855b\mwstroud-mwstr-6aea1cf3.log,train,219000,2225040000,2.22504,4.377,,5.93091e-05,77366.0
E:\CODEXRESEARCH\house_compute_hub\runs\20260614-235439-ba54d5\mwstroud-mwstr-6aea1cf3.log,train,219000,2225040000,2.22504,4.2331,,0.000180942,92619.0
E:\CODEXRESEARCH\house_compute_hub\runs\20260604-022628-5c855b\mwstroud-mwstr-6aea1cf3.log,train,219500,2230120000,2.23012,4.4244,,5.92777e-05,77366.0
E:\CODEXRESEARCH\house_compute_hub\runs\20260614-235439-ba54d5\mwstroud-mwstr-6aea1cf3.log,train,219500,2230120000,2.23012,3.9953,,0.000180484,92620.0
E:\CODEXRESEARCH\house_compute_hub\runs\20260614-235439-ba54d5\mwstroud-mwstr-6aea1cf3.log,eval,220000,2235200000,2.2352,4.0455,4.1631,,
E:\CODEXRESEARCH\house_compute_hub\runs\20260604-022628-5c855b\mwstroud-mwstr-6aea1cf3.log,train,220000,2235200000,2.2352,4.5963,,5.92456e-05,77366.0
E:\CODEXRESEARCH\house_compute_hub\runs\20260614-235439-ba54d5\mwstroud-mwstr-6aea1cf3.log,train,220000,2235200000,2.2352,4.0455,,0.000180027,92620.0
E:\CODEXRESEARCH\house_compute_hub\runs\20260604-022628-5c855b\mwstroud-mwstr-6aea1cf3.log,train,220500,2240280000,2.24028,5.2268,,5.92129e-05,77366.0
E:\CODEXRESEARCH\house_compute_hub\runs\20260614-235439-ba54d5\mwstroud-mwstr-6aea1cf3.log,train,220500,2240280000,2.24028,4.0817,,0.000179569,92620.0
E:\CODEXRESEARCH\house_compute_hub\runs\20260604-022628-5c855b\mwstroud-mwstr-6aea1cf3.log,train,221000,2245360000,2.24536,4.4444,,5.91794e-05,77366.0
E:\CODEXRESEARCH\house_compute_hub\runs\20260614-235439-ba54d5\mwstroud-mwstr-6aea1cf3.log,train,221000,2245360000,2.24536,4.2107,,0.000179111,92621.0
E:\CODEXRESEARCH\house_compute_hub\runs\20260604-022628-5c855b\mwstroud-mwstr-6aea1cf3.log,train,221500,2250440000,2.25044,5.1247,,5.91453e-05,77367.0
E:\CODEXRESEARCH\house_compute_hub\runs\20260614-235439-ba54d5\mwstroud-mwstr-6aea1cf3.log,train,221500,2250440000,2.25044,4.0358,,0.000178652,92621.0
E:\CODEXRESEARCH\house_compute_hub\runs\20260604-022628-5c855b\mwstroud-mwstr-6aea1cf3.log,train,222000,2255520000,2.25552,4.7048,,5.91104e-05,77367.0
E:\CODEXRESEARCH\house_compute_hub\runs\20260614-235439-ba54d5\mwstroud-mwstr-6aea1cf3.log,train,222000,2255520000,2.25552,4.21,,0.000178194,92621.0
E:\CODEXRESEARCH\house_compute_hub\runs\20260604-022628-5c855b\mwstroud-mwstr-6aea1cf3.log,train,222500,2260600000,2.2606,4.5437,,5.90749e-05,77367.0
E:\CODEXRESEARCH\house_compute_hub\runs\20260614-235439-ba54d5\mwstroud-mwstr-6aea1cf3.log,train,222500,2260600000,2.2606,3.9779,,0.000177735,92621.0
E:\CODEXRESEARCH\house_compute_hub\runs\20260604-022628-5c855b\mwstroud-mwstr-6aea1cf3.log,train,223000,2265680000,2.26568,4.7878,,5.90388e-05,77367.0
E:\CODEXRESEARCH\house_compute_hub\runs\20260614-235439-ba54d5\mwstroud-mwstr-6aea1cf3.log,train,223000,2265680000,2.26568,4.2647,,0.000177276,92621.0
E:\CODEXRESEARCH\house_compute_hub\runs\20260604-022628-5c855b\mwstroud-mwstr-6aea1cf3.log,train,223500,2270760000,2.27076,4.5798,,5.90019e-05,77367.0
E:\CODEXRESEARCH\house_compute_hub\runs\20260614-235439-ba54d5\mwstroud-mwstr-6aea1cf3.log,train,223500,2270760000,2.27076,4.0329,,0.000176817,92621.0
E:\CODEXRESEARCH\house_compute_hub\runs\20260604-022628-5c855b\mwstroud-mwstr-6aea1cf3.log,train,224000,2275840000,2.27584,4.5989,,5.89644e-05,77367.0
E:\CODEXRESEARCH\house_compute_hub\runs\20260614-235439-ba54d5\mwstroud-mwstr-6aea1cf3.log,train,224000,2275840000,2.27584,4.2207,,0.000176357,92622.0
E:\CODEXRESEARCH\house_compute_hub\runs\20260604-022628-5c855b\mwstroud-mwstr-6aea1cf3.log,train,224500,2280920000,2.28092,4.2073,,5.89261e-05,77367.0
E:\CODEXRESEARCH\house_compute_hub\runs\20260614-235439-ba54d5\mwstroud-mwstr-6aea1cf3.log,train,224500,2280920000,2.28092,4.117,,0.000175897,92621.0
E:\CODEXRESEARCH\house_compute_hub\runs\20260614-235439-ba54d5\mwstroud-mwstr-6aea1cf3.log,eval,225000,2286000000,2.286,4.0046,4.1654,,
E:\CODEXRESEARCH\house_compute_hub\runs\20260604-022628-5c855b\mwstroud-mwstr-6aea1cf3.log,train,225000,2286000000,2.286,4.4534,,5.88872e-05,77367.0
E:\CODEXRESEARCH\house_compute_hub\runs\20260614-235439-ba54d5\mwstroud-mwstr-6aea1cf3.log,train,225000,2286000000,2.286,4.0046,,0.000175437,92622.0
E:\CODEXRESEARCH\house_compute_hub\runs\20260604-022628-5c855b\mwstroud-mwstr-6aea1cf3.log,train,225500,2291080000,2.29108,4.753,,5.88477e-05,77367.0
E:\CODEXRESEARCH\house_compute_hub\runs\20260614-235439-ba54d5\mwstroud-mwstr-6aea1cf3.log,train,225500,2291080000,2.29108,3.9944,,0.000174977,92621.0
E:\CODEXRESEARCH\house_compute_hub\runs\20260604-022628-5c855b\mwstroud-mwstr-6aea1cf3.log,train,226000,2296160000,2.29616,4.3932,,5.88074e-05,77367.0
E:\CODEXRESEARCH\house_compute_hub\runs\20260614-235439-ba54d5\mwstroud-mwstr-6aea1cf3.log,train,226000,2296160000,2.29616,4.2939,,0.000174517,92622.0
E:\CODEXRESEARCH\house_compute_hub\runs\20260604-022628-5c855b\mwstroud-mwstr-6aea1cf3.log,eval,226389,2300112240,2.30011224,4.7917,4.6357,,
E:\CODEXRESEARCH\house_compute_hub\runs\20260604-022628-5c855b\mwstroud-mwstr-6aea1cf3.log,train,226500,2301240000,2.30124,4.7601,,5.87665e-05,77367.0
E:\CODEXRESEARCH\house_compute_hub\runs\20260614-235439-ba54d5\mwstroud-mwstr-6aea1cf3.log,train,226500,2301240000,2.30124,3.8808,,0.000174056,92622.0
E:\CODEXRESEARCH\house_compute_hub\runs\20260604-022628-5c855b\mwstroud-mwstr-6aea1cf3.log,train,227000,2306320000,2.30632,4.7826,,5.87249e-05,77367.0
E:\CODEXRESEARCH\house_compute_hub\runs\20260614-235439-ba54d5\mwstroud-mwstr-6aea1cf3.log,train,227000,2306320000,2.30632,4.2679,,0.000173596,92623.0
E:\CODEXRESEARCH\house_compute_hub\runs\20260604-022628-5c855b\mwstroud-mwstr-6aea1cf3.log,train,227500,2311400000,2.3114,4.4371,,5.86826e-05,77367.0
E:\CODEXRESEARCH\house_compute_hub\runs\20260614-235439-ba54d5\mwstroud-mwstr-6aea1cf3.log,train,227500,2311400000,2.3114,4.2172,,0.000173135,92623.0
E:\CODEXRESEARCH\house_compute_hub\runs\20260604-022628-5c855b\mwstroud-mwstr-6aea1cf3.log,train,228000,2316480000,2.31648,4.7643,,5.86397e-05,77367.0
E:\CODEXRESEARCH\house_compute_hub\runs\20260614-235439-ba54d5\mwstroud-mwstr-6aea1cf3.log,train,228000,2316480000,2.31648,4.276,,0.000172673,92624.0
E:\CODEXRESEARCH\house_compute_hub\runs\20260604-022628-5c855b\mwstroud-mwstr-6aea1cf3.log,train,228500,2321560000,2.32156,4.2963,,5.85961e-05,77367.0
E:\CODEXRESEARCH\house_compute_hub\runs\20260614-235439-ba54d5\mwstroud-mwstr-6aea1cf3.log,train,228500,2321560000,2.32156,4.2539,,0.000172212,92624.0
E:\CODEXRESEARCH\house_compute_hub\runs\20260604-022628-5c855b\mwstroud-mwstr-6aea1cf3.log,train,229000,2326640000,2.32664,4.3106,,5.85518e-05,77367.0
E:\CODEXRESEARCH\house_compute_hub\runs\20260614-235439-ba54d5\mwstroud-mwstr-6aea1cf3.log,train,229000,2326640000,2.32664,4.4946,,0.000171751,92625.0
E:\CODEXRESEARCH\house_compute_hub\runs\20260604-022628-5c855b\mwstroud-mwstr-6aea1cf3.log,train,229500,2331720000,2.33172,4.5179,,5.85069e-05,77367.0
E:\CODEXRESEARCH\house_compute_hub\runs\20260614-235439-ba54d5\mwstroud-mwstr-6aea1cf3.log,train,229500,2331720000,2.33172,3.6187,,0.000171289,92625.0
E:\CODEXRESEARCH\house_compute_hub\runs\20260614-235439-ba54d5\mwstroud-mwstr-6aea1cf3.log,eval,230000,2336800000,2.3368,3.9929,4.16,,
E:\CODEXRESEARCH\house_compute_hub\runs\20260604-022628-5c855b\mwstroud-mwstr-6aea1cf3.log,train,230000,2336800000,2.3368,4.8782,,5.84613e-05,77367.0
E:\CODEXRESEARCH\house_compute_hub\runs\20260614-235439-ba54d5\mwstroud-mwstr-6aea1cf3.log,train,230000,2336800000,2.3368,3.9929,,0.000170827,92626.0
E:\CODEXRESEARCH\house_compute_hub\runs\20260604-022628-5c855b\mwstroud-mwstr-6aea1cf3.log,train,230500,2341880000,2.34188,4.469,,5.8415e-05,77367.0
E:\CODEXRESEARCH\house_compute_hub\runs\20260614-235439-ba54d5\mwstroud-mwstr-6aea1cf3.log,train,230500,2341880000,2.34188,4.2464,,0.000170365,92626.0
E:\CODEXRESEARCH\house_compute_hub\runs\20260604-022628-5c855b\mwstroud-mwstr-6aea1cf3.log,train,231000,2346960000,2.34696,4.635,,5.83681e-05,77368.0
E:\CODEXRESEARCH\house_compute_hub\runs\20260614-235439-ba54d5\mwstroud-mwstr-6aea1cf3.log,train,231000,2346960000,2.34696,4.271,,0.000169903,92627.0
E:\CODEXRESEARCH\house_compute_hub\runs\20260604-022628-5c855b\mwstroud-mwstr-6aea1cf3.log,train,231500,2352040000,2.35204,4.5764,,5.83205e-05,77368.0
E:\CODEXRESEARCH\house_compute_hub\runs\20260614-235439-ba54d5\mwstroud-mwstr-6aea1cf3.log,train,231500,2352040000,2.35204,4.0017,,0.000169441,92627.0
E:\CODEXRESEARCH\house_compute_hub\runs\20260604-022628-5c855b\mwstroud-mwstr-6aea1cf3.log,train,232000,2357120000,2.35712,4.6045,,5.82722e-05,77368.0
E:\CODEXRESEARCH\house_compute_hub\runs\20260614-235439-ba54d5\mwstroud-mwstr-6aea1cf3.log,train,232000,2357120000,2.35712,4.2302,,0.000168978,92627.0
E:\CODEXRESEARCH\house_compute_hub\runs\20260604-022628-5c855b\mwstroud-mwstr-6aea1cf3.log,train,232500,2362200000,2.3622,4.4905,,5.82233e-05,77368.0
E:\CODEXRESEARCH\house_compute_hub\runs\20260614-235439-ba54d5\mwstroud-mwstr-6aea1cf3.log,train,232500,2362200000,2.3622,3.8302,,0.000168515,92627.0
E:\CODEXRESEARCH\house_compute_hub\runs\20260604-022628-5c855b\mwstroud-mwstr-6aea1cf3.log,train,233000,2367280000,2.36728,4.5603,,5.81737e-05,77368.0
E:\CODEXRESEARCH\house_compute_hub\runs\20260614-235439-ba54d5\mwstroud-mwstr-6aea1cf3.log,train,233000,2367280000,2.36728,4.1371,,0.000168053,92628.0
E:\CODEXRESEARCH\house_compute_hub\runs\20260604-022628-5c855b\mwstroud-mwstr-6aea1cf3.log,train,233500,2372360000,2.37236,4.4821,,5.81235e-05,77368.0
E:\CODEXRESEARCH\house_compute_hub\runs\20260614-235439-ba54d5\mwstroud-mwstr-6aea1cf3.log,train,233500,2372360000,2.37236,4.5589,,0.00016759,92628.0
E:\CODEXRESEARCH\house_compute_hub\runs\20260604-022628-5c855b\mwstroud-mwstr-6aea1cf3.log,train,234000,2377440000,2.37744,4.4569,,5.80726e-05,77368.0
E:\CODEXRESEARCH\house_compute_hub\runs\20260614-235439-ba54d5\mwstroud-mwstr-6aea1cf3.log,train,234000,2377440000,2.37744,4.2558,,0.000167127,92629.0
E:\CODEXRESEARCH\house_compute_hub\runs\20260604-022628-5c855b\mwstroud-mwstr-6aea1cf3.log,train,234500,2382520000,2.38252,4.5105,,5.80211e-05,77368.0
E:\CODEXRESEARCH\house_compute_hub\runs\20260614-235439-ba54d5\mwstroud-mwstr-6aea1cf3.log,train,234500,2382520000,2.38252,4.2436,,0.000166664,92629.0
E:\CODEXRESEARCH\house_compute_hub\runs\20260614-235439-ba54d5\mwstroud-mwstr-6aea1cf3.log,eval,235000,2387600000,2.3876,4.1408,4.158,,
E:\CODEXRESEARCH\house_compute_hub\runs\20260604-022628-5c855b\mwstroud-mwstr-6aea1cf3.log,train,235000,2387600000,2.3876,4.8433,,5.79689e-05,77368.0
E:\CODEXRESEARCH\house_compute_hub\runs\20260614-235439-ba54d5\mwstroud-mwstr-6aea1cf3.log,train,235000,2387600000,2.3876,4.1408,,0.0001662,92629.0
E:\CODEXRESEARCH\house_compute_hub\runs\20260604-022628-5c855b\mwstroud-mwstr-6aea1cf3.log,train,235500,2392680000,2.39268,4.7025,,5.79161e-05,77369.0
E:\CODEXRESEARCH\house_compute_hub\runs\20260614-235439-ba54d5\mwstroud-mwstr-6aea1cf3.log,train,235500,2392680000,2.39268,3.923,,0.000165737,92629.0
E:\CODEXRESEARCH\house_compute_hub\runs\20260604-022628-5c855b\mwstroud-mwstr-6aea1cf3.log,train,236000,2397760000,2.39776,4.5491,,5.78626e-05,77369.0
E:\CODEXRESEARCH\house_compute_hub\runs\20260614-235439-ba54d5\mwstroud-mwstr-6aea1cf3.log,train,236000,2397760000,2.39776,3.8693,,0.000165274,92630.0
E:\CODEXRESEARCH\house_compute_hub\runs\20260604-022628-5c855b\mwstroud-mwstr-6aea1cf3.log,eval,236232,2400117120,2.40011712,4.557,4.6363,,
E:\CODEXRESEARCH\house_compute_hub\runs\20260604-022628-5c855b\mwstroud-mwstr-6aea1cf3.log,train,236500,2402840000,2.40284,4.6222,,5.78085e-05,77368.0
E:\CODEXRESEARCH\house_compute_hub\runs\20260614-235439-ba54d5\mwstroud-mwstr-6aea1cf3.log,train,236500,2402840000,2.40284,4.0409,,0.00016481,92630.0
E:\CODEXRESEARCH\house_compute_hub\runs\20260604-022628-5c855b\mwstroud-mwstr-6aea1cf3.log,train,237000,2407920000,2.40792,4.5594,,5.77537e-05,77368.0
E:\CODEXRESEARCH\house_compute_hub\runs\20260614-235439-ba54d5\mwstroud-mwstr-6aea1cf3.log,train,237000,2407920000,2.40792,4.2028,,0.000164346,92630.0
E:\CODEXRESEARCH\house_compute_hub\runs\20260604-022628-5c855b\mwstroud-mwstr-6aea1cf3.log,train,237500,2413000000,2.413,4.7155,,5.76983e-05,77368.0
E:\CODEXRESEARCH\house_compute_hub\runs\20260614-235439-ba54d5\mwstroud-mwstr-6aea1cf3.log,train,237500,2413000000,2.413,4.0602,,0.000163882,92630.0
E:\CODEXRESEARCH\house_compute_hub\runs\20260604-022628-5c855b\mwstroud-mwstr-6aea1cf3.log,train,238000,2418080000,2.41808,4.9382,,5.76422e-05,77368.0
E:\CODEXRESEARCH\house_compute_hub\runs\20260614-235439-ba54d5\mwstroud-mwstr-6aea1cf3.log,train,238000,2418080000,2.41808,4.1456,,0.000163419,92631.0
E:\CODEXRESEARCH\house_compute_hub\runs\20260604-022628-5c855b\mwstroud-mwstr-6aea1cf3.log,train,238500,2423160000,2.42316,4.5708,,5.75855e-05,77368.0
E:\CODEXRESEARCH\house_compute_hub\runs\20260614-235439-ba54d5\mwstroud-mwstr-6aea1cf3.log,train,238500,2423160000,2.42316,4.0852,,0.000162955,92631.0
E:\CODEXRESEARCH\house_compute_hub\runs\20260604-022628-5c855b\mwstroud-mwstr-6aea1cf3.log,train,239000,2428240000,2.42824,4.4056,,5.75282e-05,77368.0
E:\CODEXRESEARCH\house_compute_hub\runs\20260614-235439-ba54d5\mwstroud-mwstr-6aea1cf3.log,train,239000,2428240000,2.42824,4.3401,,0.000162491,92632.0
E:\CODEXRESEARCH\house_compute_hub\runs\20260604-022628-5c855b\mwstroud-mwstr-6aea1cf3.log,train,239500,2433320000,2.43332,4.5369,,5.74702e-05,77368.0
E:\CODEXRESEARCH\house_compute_hub\runs\20260614-235439-ba54d5\mwstroud-mwstr-6aea1cf3.log,train,239500,2433320000,2.43332,4.0506,,0.000162026,92632.0
E:\CODEXRESEARCH\house_compute_hub\runs\20260614-235439-ba54d5\mwstroud-mwstr-6aea1cf3.log,eval,240000,2438400000,2.4384,3.9841,4.1578,,
E:\CODEXRESEARCH\house_compute_hub\runs\20260604-022628-5c855b\mwstroud-mwstr-6aea1cf3.log,train,240000,2438400000,2.4384,4.4338,,5.74116e-05,77369.0
E:\CODEXRESEARCH\house_compute_hub\runs\20260614-235439-ba54d5\mwstroud-mwstr-6aea1cf3.log,train,240000,2438400000,2.4384,3.9841,,0.000161562,92633.0
E:\CODEXRESEARCH\house_compute_hub\runs\20260604-022628-5c855b\mwstroud-mwstr-6aea1cf3.log,train,240500,2443480000,2.44348,4.5059,,5.73523e-05,77369.0
E:\CODEXRESEARCH\house_compute_hub\runs\20260614-235439-ba54d5\mwstroud-mwstr-6aea1cf3.log,train,240500,2443480000,2.44348,3.955,,0.000161098,92633.0
E:\CODEXRESEARCH\house_compute_hub\runs\20260604-022628-5c855b\mwstroud-mwstr-6aea1cf3.log,train,241000,2448560000,2.44856,4.5846,,5.72924e-05,77369.0
E:\CODEXRESEARCH\house_compute_hub\runs\20260614-235439-ba54d5\mwstroud-mwstr-6aea1cf3.log,train,241000,2448560000,2.44856,4.0279,,0.000160634,92633.0
E:\CODEXRESEARCH\house_compute_hub\runs\20260604-022628-5c855b\mwstroud-mwstr-6aea1cf3.log,train,241500,2453640000,2.45364,5.0936,,5.72319e-05,77369.0
E:\CODEXRESEARCH\house_compute_hub\runs\20260614-235439-ba54d5\mwstroud-mwstr-6aea1cf3.log,train,241500,2453640000,2.45364,4.2716,,0.000160169,92633.0
E:\CODEXRESEARCH\house_compute_hub\runs\20260604-022628-5c855b\mwstroud-mwstr-6aea1cf3.log,train,242000,2458720000,2.45872,4.5548,,5.71708e-05,77369.0
E:\CODEXRESEARCH\house_compute_hub\runs\20260614-235439-ba54d5\mwstroud-mwstr-6aea1cf3.log,train,242000,2458720000,2.45872,4.3104,,0.000159705,92634.0
E:\CODEXRESEARCH\house_compute_hub\runs\20260604-022628-5c855b\mwstroud-mwstr-6aea1cf3.log,train,242500,2463800000,2.4638,4.7258,,5.7109e-05,77369.0
E:\CODEXRESEARCH\house_compute_hub\runs\20260614-235439-ba54d5\mwstroud-mwstr-6aea1cf3.log,train,242500,2463800000,2.4638,4.1727,,0.00015924,92634.0
E:\CODEXRESEARCH\house_compute_hub\runs\20260604-022628-5c855b\mwstroud-mwstr-6aea1cf3.log,train,243000,2468880000,2.46888,4.7138,,5.70466e-05,77369.0
E:\CODEXRESEARCH\house_compute_hub\runs\20260614-235439-ba54d5\mwstroud-mwstr-6aea1cf3.log,train,243000,2468880000,2.46888,4.2615,,0.000158776,92635.0
E:\CODEXRESEARCH\house_compute_hub\runs\20260604-022628-5c855b\mwstroud-mwstr-6aea1cf3.log,train,243500,2473960000,2.47396,4.3726,,5.69836e-05,77369.0
E:\CODEXRESEARCH\house_compute_hub\runs\20260614-235439-ba54d5\mwstroud-mwstr-6aea1cf3.log,train,243500,2473960000,2.47396,4.0754,,0.000158311,92635.0
E:\CODEXRESEARCH\house_compute_hub\runs\20260604-022628-5c855b\mwstroud-mwstr-6aea1cf3.log,train,244000,2479040000,2.47904,4.4946,,5.692e-05,77369.0
E:\CODEXRESEARCH\house_compute_hub\runs\20260614-235439-ba54d5\mwstroud-mwstr-6aea1cf3.log,train,244000,2479040000,2.47904,3.9369,,0.000157847,92635.0
E:\CODEXRESEARCH\house_compute_hub\runs\20260604-022628-5c855b\mwstroud-mwstr-6aea1cf3.log,train,244500,2484120000,2.48412,4.8919,,5.68557e-05,77370.0
E:\CODEXRESEARCH\house_compute_hub\runs\20260614-235439-ba54d5\mwstroud-mwstr-6aea1cf3.log,train,244500,2484120000,2.48412,3.6707,,0.000157382,92635.0
E:\CODEXRESEARCH\house_compute_hub\runs\20260614-235439-ba54d5\mwstroud-mwstr-6aea1cf3.log,eval,245000,2489200000,2.4892,4.6435,4.1523,,
E:\CODEXRESEARCH\house_compute_hub\runs\20260604-022628-5c855b\mwstroud-mwstr-6aea1cf3.log,train,245000,2489200000,2.4892,4.2959,,5.67908e-05,77370.0
E:\CODEXRESEARCH\house_compute_hub\runs\20260614-235439-ba54d5\mwstroud-mwstr-6aea1cf3.log,train,245000,2489200000,2.4892,4.6435,,0.000156917,92636.0
E:\CODEXRESEARCH\house_compute_hub\runs\20260604-022628-5c855b\mwstroud-mwstr-6aea1cf3.log,train,245500,2494280000,2.49428,4.7217,,5.67253e-05,77370.0
E:\CODEXRESEARCH\house_compute_hub\runs\20260614-235439-ba54d5\mwstroud-mwstr-6aea1cf3.log,train,245500,2494280000,2.49428,4.1067,,0.000156453,92636.0
E:\CODEXRESEARCH\house_compute_hub\runs\20260604-022628-5c855b\mwstroud-mwstr-6aea1cf3.log,train,246000,2499360000,2.49936,4.0227,,5.66592e-05,77370.0
E:\CODEXRESEARCH\house_compute_hub\runs\20260614-235439-ba54d5\mwstroud-mwstr-6aea1cf3.log,train,246000,2499360000,2.49936,3.9606,,0.000155988,92637.0
E:\CODEXRESEARCH\house_compute_hub\runs\20260604-022628-5c855b\mwstroud-mwstr-6aea1cf3.log,eval,246075,2500122000,2.500122,4.4678,4.6298,,
E:\CODEXRESEARCH\house_compute_hub\runs\20260604-022628-5c855b\mwstroud-mwstr-6aea1cf3.log,train,246500,2504440000,2.50444,4.4583,,5.65925e-05,77369.0
E:\CODEXRESEARCH\house_compute_hub\runs\20260614-235439-ba54d5\mwstroud-mwstr-6aea1cf3.log,train,246500,2504440000,2.50444,4.3424,,0.000155523,92636.0
E:\CODEXRESEARCH\house_compute_hub\runs\20260604-022628-5c855b\mwstroud-mwstr-6aea1cf3.log,train,247000,2509520000,2.50952,4.1932,,5.65251e-05,77370.0
E:\CODEXRESEARCH\house_compute_hub\runs\20260614-235439-ba54d5\mwstroud-mwstr-6aea1cf3.log,train,247000,2509520000,2.50952,3.8551,,0.000155059,92637.0
E:\CODEXRESEARCH\house_compute_hub\runs\20260604-022628-5c855b\mwstroud-mwstr-6aea1cf3.log,train,247500,2514600000,2.5146,4.8355,,5.64572e-05,77370.0
E:\CODEXRESEARCH\house_compute_hub\runs\20260614-235439-ba54d5\mwstroud-mwstr-6aea1cf3.log,train,247500,2514600000,2.5146,4.1904,,0.000154594,92637.0
E:\CODEXRESEARCH\house_compute_hub\runs\20260604-022628-5c855b\mwstroud-mwstr-6aea1cf3.log,train,248000,2519680000,2.51968,4.4465,,5.63887e-05,77370.0
E:\CODEXRESEARCH\house_compute_hub\runs\20260614-235439-ba54d5\mwstroud-mwstr-6aea1cf3.log,train,248000,2519680000,2.51968,4.3634,,0.000154129,92637.0
E:\CODEXRESEARCH\house_compute_hub\runs\20260604-022628-5c855b\mwstroud-mwstr-6aea1cf3.log,train,248500,2524760000,2.52476,4.6081,,5.63195e-05,77370.0
E:\CODEXRESEARCH\house_compute_hub\runs\20260614-235439-ba54d5\mwstroud-mwstr-6aea1cf3.log,train,248500,2524760000,2.52476,4.1687,,0.000153664,92637.0
E:\CODEXRESEARCH\house_compute_hub\runs\20260604-022628-5c855b\mwstroud-mwstr-6aea1cf3.log,train,249000,2529840000,2.52984,4.4706,,5.62497e-05,77370.0
E:\CODEXRESEARCH\house_compute_hub\runs\20260614-235439-ba54d5\mwstroud-mwstr-6aea1cf3.log,train,249000,2529840000,2.52984,4.2804,,0.0001532,92638.0
E:\CODEXRESEARCH\house_compute_hub\runs\20260604-022628-5c855b\mwstroud-mwstr-6aea1cf3.log,train,249500,2534920000,2.53492,4.4513,,5.61794e-05,77371.0
E:\CODEXRESEARCH\house_compute_hub\runs\20260614-235439-ba54d5\mwstroud-mwstr-6aea1cf3.log,train,249500,2534920000,2.53492,4.0672,,0.000152735,92638.0
E:\CODEXRESEARCH\house_compute_hub\runs\20260614-235439-ba54d5\mwstroud-mwstr-6aea1cf3.log,eval,250000,2540000000,2.54,4.0858,4.1525,,
E:\CODEXRESEARCH\house_compute_hub\runs\20260604-022628-5c855b\mwstroud-mwstr-6aea1cf3.log,train,250000,2540000000,2.54,4.5371,,5.61084e-05,77371.0
E:\CODEXRESEARCH\house_compute_hub\runs\20260614-235439-ba54d5\mwstroud-mwstr-6aea1cf3.log,train,250000,2540000000,2.54,4.0858,,0.00015227,92638.0
E:\CODEXRESEARCH\house_compute_hub\runs\20260604-022628-5c855b\mwstroud-mwstr-6aea1cf3.log,train,250500,2545080000,2.54508,4.1892,,5.60369e-05,77371.0
E:\CODEXRESEARCH\house_compute_hub\runs\20260614-235439-ba54d5\mwstroud-mwstr-6aea1cf3.log,train,250500,2545080000,2.54508,3.9886,,0.000151806,92638.0
E:\CODEXRESEARCH\house_compute_hub\runs\20260604-022628-5c855b\mwstroud-mwstr-6aea1cf3.log,train,251000,2550160000,2.55016,4.5781,,5.59647e-05,77371.0
E:\CODEXRESEARCH\house_compute_hub\runs\20260614-235439-ba54d5\mwstroud-mwstr-6aea1cf3.log,train,251000,2550160000,2.55016,3.9674,,0.000151341,92639.0
E:\CODEXRESEARCH\house_compute_hub\runs\20260604-022628-5c855b\mwstroud-mwstr-6aea1cf3.log,train,251500,2555240000,2.55524,4.7199,,5.5892e-05,77372.0
E:\CODEXRESEARCH\house_compute_hub\runs\20260614-235439-ba54d5\mwstroud-mwstr-6aea1cf3.log,train,251500,2555240000,2.55524,3.9304,,0.000150877,92639.0
E:\CODEXRESEARCH\house_compute_hub\runs\20260604-022628-5c855b\mwstroud-mwstr-6aea1cf3.log,train,252000,2560320000,2.56032,4.2758,,5.58186e-05,77371.0
E:\CODEXRESEARCH\house_compute_hub\runs\20260614-235439-ba54d5\mwstroud-mwstr-6aea1cf3.log,train,252000,2560320000,2.56032,4.1038,,0.000150412,92640.0
E:\CODEXRESEARCH\house_compute_hub\runs\20260604-022628-5c855b\mwstroud-mwstr-6aea1cf3.log,train,252500,2565400000,2.5654,4.7056,,5.57447e-05,77372.0
E:\CODEXRESEARCH\house_compute_hub\runs\20260614-235439-ba54d5\mwstroud-mwstr-6aea1cf3.log,train,252500,2565400000,2.5654,4.2633,,0.000149948,92639.0
E:\CODEXRESEARCH\house_compute_hub\runs\20260604-022628-5c855b\mwstroud-mwstr-6aea1cf3.log,train,253000,2570480000,2.57048,4.5394,,5.56702e-05,77372.0
E:\CODEXRESEARCH\house_compute_hub\runs\20260614-235439-ba54d5\mwstroud-mwstr-6aea1cf3.log,train,253000,2570480000,2.57048,4.0938,,0.000149483,92640.0
E:\CODEXRESEARCH\house_compute_hub\runs\20260604-022628-5c855b\mwstroud-mwstr-6aea1cf3.log,train,253500,2575560000,2.57556,4.6131,,5.55951e-05,77372.0
E:\CODEXRESEARCH\house_compute_hub\runs\20260614-235439-ba54d5\mwstroud-mwstr-6aea1cf3.log,train,253500,2575560000,2.57556,4.096,,0.000149019,92640.0
E:\CODEXRESEARCH\house_compute_hub\runs\20260604-022628-5c855b\mwstroud-mwstr-6aea1cf3.log,train,254000,2580640000,2.58064,4.3114,,5.55194e-05,77372.0
E:\CODEXRESEARCH\house_compute_hub\runs\20260614-235439-ba54d5\mwstroud-mwstr-6aea1cf3.log,train,254000,2580640000,2.58064,4.0425,,0.000148555,92641.0
E:\CODEXRESEARCH\house_compute_hub\runs\20260604-022628-5c855b\mwstroud-mwstr-6aea1cf3.log,train,254500,2585720000,2.58572,4.9422,,5.54431e-05,77372.0
E:\CODEXRESEARCH\house_compute_hub\runs\20260614-235439-ba54d5\mwstroud-mwstr-6aea1cf3.log,train,254500,2585720000,2.58572,3.8663,,0.000148091,92640.0
E:\CODEXRESEARCH\house_compute_hub\runs\20260604-022628-5c855b\mwstroud-mwstr-6aea1cf3.log,train,255000,2590800000,2.5908,4.5657,,5.53663e-05,77372.0
E:\CODEXRESEARCH\house_compute_hub\runs\20260614-235439-ba54d5\mwstroud-mwstr-6aea1cf3.log,train,255000,2590800000,2.5908,4.2113,,0.000147626,92641.0
E:\CODEXRESEARCH\house_compute_hub\runs\20260604-022628-5c855b\mwstroud-mwstr-6aea1cf3.log,train,255500,2595880000,2.59588,4.3894,,5.52889e-05,77373.0
E:\CODEXRESEARCH\house_compute_hub\runs\20260604-022628-5c855b\mwstroud-mwstr-6aea1cf3.log,eval,255918,2600126880,2.60012688,4.3756,4.6312,,
E:\CODEXRESEARCH\house_compute_hub\runs\20260604-022628-5c855b\mwstroud-mwstr-6aea1cf3.log,train,256000,2600960000,2.60096,4.5798,,5.52109e-05,77372.0
E:\CODEXRESEARCH\house_compute_hub\runs\20260604-022628-5c855b\mwstroud-mwstr-6aea1cf3.log,train,256500,2606040000,2.60604,4.5261,,5.51323e-05,77372.0
E:\CODEXRESEARCH\house_compute_hub\runs\20260604-022628-5c855b\mwstroud-mwstr-6aea1cf3.log,train,257000,2611120000,2.61112,4.7494,,5.50532e-05,77373.0
E:\CODEXRESEARCH\house_compute_hub\runs\20260604-022628-5c855b\mwstroud-mwstr-6aea1cf3.log,train,257500,2616200000,2.6162,4.4686,,5.49735e-05,77373.0
E:\CODEXRESEARCH\house_compute_hub\runs\20260604-022628-5c855b\mwstroud-mwstr-6aea1cf3.log,train,258000,2621280000,2.62128,4.5853,,5.48932e-05,77373.0
E:\CODEXRESEARCH\house_compute_hub\runs\20260604-022628-5c855b\mwstroud-mwstr-6aea1cf3.log,train,258500,2626360000,2.62636,4.585,,5.48124e-05,77373.0
E:\CODEXRESEARCH\house_compute_hub\runs\20260604-022628-5c855b\mwstroud-mwstr-6aea1cf3.log,train,259000,2631440000,2.63144,4.3943,,5.4731e-05,77373.0
E:\CODEXRESEARCH\house_compute_hub\runs\20260604-022628-5c855b\mwstroud-mwstr-6aea1cf3.log,train,259500,2636520000,2.63652,4.6637,,5.4649e-05,77373.0
E:\CODEXRESEARCH\house_compute_hub\runs\20260604-022628-5c855b\mwstroud-mwstr-6aea1cf3.log,train,260000,2641600000,2.6416,4.5742,,5.45665e-05,77373.0
E:\CODEXRESEARCH\house_compute_hub\runs\20260604-022628-5c855b\mwstroud-mwstr-6aea1cf3.log,train,260500,2646680000,2.64668,4.0765,,5.44835e-05,77374.0
E:\CODEXRESEARCH\house_compute_hub\runs\20260604-022628-5c855b\mwstroud-mwstr-6aea1cf3.log,train,261000,2651760000,2.65176,4.5635,,5.43999e-05,77374.0
E:\CODEXRESEARCH\house_compute_hub\runs\20260604-022628-5c855b\mwstroud-mwstr-6aea1cf3.log,train,261500,2656840000,2.65684,4.5841,,5.43157e-05,77374.0
E:\CODEXRESEARCH\house_compute_hub\runs\20260604-022628-5c855b\mwstroud-mwstr-6aea1cf3.log,train,262000,2661920000,2.66192,4.5838,,5.4231e-05,77374.0
E:\CODEXRESEARCH\house_compute_hub\runs\20260604-022628-5c855b\mwstroud-mwstr-6aea1cf3.log,train,262500,2667000000,2.667,4.7118,,5.41458e-05,77374.0
E:\CODEXRESEARCH\house_compute_hub\runs\20260604-022628-5c855b\mwstroud-mwstr-6aea1cf3.log,train,263000,2672080000,2.67208,4.4122,,5.406e-05,77375.0
E:\CODEXRESEARCH\house_compute_hub\runs\20260604-022628-5c855b\mwstroud-mwstr-6aea1cf3.log,train,263500,2677160000,2.67716,4.6991,,5.39736e-05,77375.0
E:\CODEXRESEARCH\house_compute_hub\runs\20260604-022628-5c855b\mwstroud-mwstr-6aea1cf3.log,train,264000,2682240000,2.68224,5.0369,,5.38868e-05,77375.0
E:\CODEXRESEARCH\house_compute_hub\runs\20260604-022628-5c855b\mwstroud-mwstr-6aea1cf3.log,train,264500,2687320000,2.68732,4.607,,5.37994e-05,77375.0
E:\CODEXRESEARCH\house_compute_hub\runs\20260604-022628-5c855b\mwstroud-mwstr-6aea1cf3.log,train,265000,2692400000,2.6924,4.2259,,5.37114e-05,77376.0
E:\CODEXRESEARCH\house_compute_hub\runs\20260604-022628-5c855b\mwstroud-mwstr-6aea1cf3.log,train,265500,2697480000,2.69748,4.4162,,5.3623e-05,77376.0
E:\CODEXRESEARCH\house_compute_hub\runs\20260604-022628-5c855b\mwstroud-mwstr-6aea1cf3.log,eval,265761,2700131760,2.70013176,4.4136,4.63,,
E:\CODEXRESEARCH\house_compute_hub\runs\20260604-022628-5c855b\mwstroud-mwstr-6aea1cf3.log,train,266000,2702560000,2.70256,4.4576,,5.3534e-05,77375.0
E:\CODEXRESEARCH\house_compute_hub\runs\20260604-022628-5c855b\mwstroud-mwstr-6aea1cf3.log,train,266500,2707640000,2.70764,4.3365,,5.34445e-05,77375.0
E:\CODEXRESEARCH\house_compute_hub\runs\20260604-022628-5c855b\mwstroud-mwstr-6aea1cf3.log,train,267000,2712720000,2.71272,4.8173,,5.33544e-05,77376.0
E:\CODEXRESEARCH\house_compute_hub\runs\20260604-022628-5c855b\mwstroud-mwstr-6aea1cf3.log,train,267500,2717800000,2.7178,4.5488,,5.32639e-05,77376.0
E:\CODEXRESEARCH\house_compute_hub\runs\20260604-022628-5c855b\mwstroud-mwstr-6aea1cf3.log,train,268000,2722880000,2.72288,4.3714,,5.31728e-05,77376.0
E:\CODEXRESEARCH\house_compute_hub\runs\20260604-022628-5c855b\mwstroud-mwstr-6aea1cf3.log,train,268500,2727960000,2.72796,4.4682,,5.30812e-05,77376.0
E:\CODEXRESEARCH\house_compute_hub\runs\20260604-022628-5c855b\mwstroud-mwstr-6aea1cf3.log,train,269000,2733040000,2.73304,4.8495,,5.29891e-05,77376.0
E:\CODEXRESEARCH\house_compute_hub\runs\20260604-022628-5c855b\mwstroud-mwstr-6aea1cf3.log,train,269500,2738120000,2.73812,4.1487,,5.28965e-05,77376.0
E:\CODEXRESEARCH\house_compute_hub\runs\20260604-022628-5c855b\mwstroud-mwstr-6aea1cf3.log,train,270000,2743200000,2.7432,4.4496,,5.28034e-05,77377.0
E:\CODEXRESEARCH\house_compute_hub\runs\20260604-022628-5c855b\mwstroud-mwstr-6aea1cf3.log,train,270500,2748280000,2.74828,4.6053,,5.27098e-05,77377.0
E:\CODEXRESEARCH\house_compute_hub\runs\20260604-022628-5c855b\mwstroud-mwstr-6aea1cf3.log,train,271000,2753360000,2.75336,4.5079,,5.26156e-05,77377.0
E:\CODEXRESEARCH\house_compute_hub\runs\20260604-022628-5c855b\mwstroud-mwstr-6aea1cf3.log,train,271500,2758440000,2.75844,4.4086,,5.2521e-05,77377.0
E:\CODEXRESEARCH\house_compute_hub\runs\20260604-022628-5c855b\mwstroud-mwstr-6aea1cf3.log,train,272000,2763520000,2.76352,4.6256,,5.24259e-05,77377.0
E:\CODEXRESEARCH\house_compute_hub\runs\20260604-022628-5c855b\mwstroud-mwstr-6aea1cf3.log,train,272500,2768600000,2.7686,4.753,,5.23303e-05,77378.0
E:\CODEXRESEARCH\house_compute_hub\runs\20260604-022628-5c855b\mwstroud-mwstr-6aea1cf3.log,train,273000,2773680000,2.77368,4.6601,,5.22342e-05,77378.0
E:\CODEXRESEARCH\house_compute_hub\runs\20260604-022628-5c855b\mwstroud-mwstr-6aea1cf3.log,train,273500,2778760000,2.77876,4.6023,,5.21376e-05,77378.0
E:\CODEXRESEARCH\house_compute_hub\runs\20260604-022628-5c855b\mwstroud-mwstr-6aea1cf3.log,train,274000,2783840000,2.78384,4.5128,,5.20405e-05,77378.0
E:\CODEXRESEARCH\house_compute_hub\runs\20260604-022628-5c855b\mwstroud-mwstr-6aea1cf3.log,train,274500,2788920000,2.78892,4.5957,,5.1943e-05,77378.0
E:\CODEXRESEARCH\house_compute_hub\runs\20260604-022628-5c855b\mwstroud-mwstr-6aea1cf3.log,train,275000,2794000000,2.794,4.1735,,5.1845e-05,77379.0
E:\CODEXRESEARCH\house_compute_hub\runs\20260604-022628-5c855b\mwstroud-mwstr-6aea1cf3.log,train,275500,2799080000,2.79908,4.6543,,5.17464e-05,77379.0
E:\CODEXRESEARCH\house_compute_hub\runs\20260604-022628-5c855b\mwstroud-mwstr-6aea1cf3.log,eval,275604,2800136640,2.80013664,4.6049,4.624,,
E:\CODEXRESEARCH\house_compute_hub\runs\20260604-022628-5c855b\mwstroud-mwstr-6aea1cf3.log,train,276000,2804160000,2.80416,4.5504,,5.16475e-05,77378.0
E:\CODEXRESEARCH\house_compute_hub\runs\20260604-022628-5c855b\mwstroud-mwstr-6aea1cf3.log,train,276500,2809240000,2.80924,4.8601,,5.1548e-05,77378.0
E:\CODEXRESEARCH\house_compute_hub\runs\20260604-022628-5c855b\mwstroud-mwstr-6aea1cf3.log,train,277000,2814320000,2.81432,4.5511,,5.14481e-05,77379.0
E:\CODEXRESEARCH\house_compute_hub\runs\20260604-022628-5c855b\mwstroud-mwstr-6aea1cf3.log,train,277500,2819400000,2.8194,4.4325,,5.13477e-05,77379.0
E:\CODEXRESEARCH\house_compute_hub\runs\20260604-022628-5c855b\mwstroud-mwstr-6aea1cf3.log,train,278000,2824480000,2.82448,4.2561,,5.12468e-05,77379.0
E:\CODEXRESEARCH\house_compute_hub\runs\20260604-022628-5c855b\mwstroud-mwstr-6aea1cf3.log,train,278500,2829560000,2.82956,4.7507,,5.11455e-05,77379.0
E:\CODEXRESEARCH\house_compute_hub\runs\20260604-022628-5c855b\mwstroud-mwstr-6aea1cf3.log,train,279000,2834640000,2.83464,3.902,,5.10438e-05,77379.0
E:\CODEXRESEARCH\house_compute_hub\runs\20260604-022628-5c855b\mwstroud-mwstr-6aea1cf3.log,train,279500,2839720000,2.83972,4.6951,,5.09415e-05,77379.0
E:\CODEXRESEARCH\house_compute_hub\runs\20260604-022628-5c855b\mwstroud-mwstr-6aea1cf3.log,train,280000,2844800000,2.8448,4.4364,,5.08389e-05,77379.0
E:\CODEXRESEARCH\house_compute_hub\runs\20260604-022628-5c855b\mwstroud-mwstr-6aea1cf3.log,train,280500,2849880000,2.84988,4.4599,,5.07357e-05,77379.0
E:\CODEXRESEARCH\house_compute_hub\runs\20260604-022628-5c855b\mwstroud-mwstr-6aea1cf3.log,train,281000,2854960000,2.85496,4.7431,,5.06322e-05,77379.0
E:\CODEXRESEARCH\house_compute_hub\runs\20260604-022628-5c855b\mwstroud-mwstr-6aea1cf3.log,train,281500,2860040000,2.86004,4.6109,,5.05282e-05,77380.0
E:\CODEXRESEARCH\house_compute_hub\runs\20260604-022628-5c855b\mwstroud-mwstr-6aea1cf3.log,train,282000,2865120000,2.86512,4.5751,,5.04237e-05,77380.0
E:\CODEXRESEARCH\house_compute_hub\runs\20260604-022628-5c855b\mwstroud-mwstr-6aea1cf3.log,train,282500,2870200000,2.8702,4.4288,,5.03188e-05,77380.0
E:\CODEXRESEARCH\house_compute_hub\runs\20260604-022628-5c855b\mwstroud-mwstr-6aea1cf3.log,train,283000,2875280000,2.87528,4.4716,,5.02135e-05,77380.0
E:\CODEXRESEARCH\house_compute_hub\runs\20260604-022628-5c855b\mwstroud-mwstr-6aea1cf3.log,train,283500,2880360000,2.88036,4.6337,,5.01078e-05,77380.0
E:\CODEXRESEARCH\house_compute_hub\runs\20260604-022628-5c855b\mwstroud-mwstr-6aea1cf3.log,train,284000,2885440000,2.88544,4.5519,,5.00016e-05,77380.0
E:\CODEXRESEARCH\house_compute_hub\runs\20260604-022628-5c855b\mwstroud-mwstr-6aea1cf3.log,train,284500,2890520000,2.89052,4.4964,,4.9895e-05,77380.0
E:\CODEXRESEARCH\house_compute_hub\runs\20260615-133335-509e45\mwstroud-mwstr-6aea1cf3.log,train,284500,2890520000,2.89052,4.226,,0.000120538,92653.0
E:\CODEXRESEARCH\house_compute_hub\runs\20260615-133335-509e45\mwstroud-mwstr-6aea1cf3.log,eval,285000,2895600000,2.8956,3.6828,4.1303,,
E:\CODEXRESEARCH\house_compute_hub\runs\20260604-022628-5c855b\mwstroud-mwstr-6aea1cf3.log,train,285000,2895600000,2.8956,4.9004,,4.9788e-05,77380.0
E:\CODEXRESEARCH\house_compute_hub\runs\20260615-133335-509e45\mwstroud-mwstr-6aea1cf3.log,train,285000,2895600000,2.8956,3.6828,,0.000120087,92653.0
E:\CODEXRESEARCH\house_compute_hub\runs\20260604-022628-5c855b\mwstroud-mwstr-6aea1cf3.log,eval,285447,2900141520,2.90014152,4.2035,4.6244,,
E:\CODEXRESEARCH\house_compute_hub\runs\20260604-022628-5c855b\mwstroud-mwstr-6aea1cf3.log,train,285500,2900680000,2.90068,4.6378,,4.96805e-05,77380.0
E:\CODEXRESEARCH\house_compute_hub\runs\20260615-133335-509e45\mwstroud-mwstr-6aea1cf3.log,train,285500,2900680000,2.90068,4.0621,,0.000119636,92654.0
E:\CODEXRESEARCH\house_compute_hub\runs\20260604-022628-5c855b\mwstroud-mwstr-6aea1cf3.log,train,286000,2905760000,2.90576,4.3624,,4.95727e-05,77380.0
E:\CODEXRESEARCH\house_compute_hub\runs\20260615-133335-509e45\mwstroud-mwstr-6aea1cf3.log,train,286000,2905760000,2.90576,4.2598,,0.000119186,92654.0
E:\CODEXRESEARCH\house_compute_hub\runs\20260604-022628-5c855b\mwstroud-mwstr-6aea1cf3.log,train,286500,2910840000,2.91084,4.4012,,4.94644e-05,77380.0
E:\CODEXRESEARCH\house_compute_hub\runs\20260615-133335-509e45\mwstroud-mwstr-6aea1cf3.log,train,286500,2910840000,2.91084,4.2907,,0.000118736,92654.0
E:\CODEXRESEARCH\house_compute_hub\runs\20260604-022628-5c855b\mwstroud-mwstr-6aea1cf3.log,train,287000,2915920000,2.91592,4.4495,,4.93557e-05,77380.0
E:\CODEXRESEARCH\house_compute_hub\runs\20260615-133335-509e45\mwstroud-mwstr-6aea1cf3.log,train,287000,2915920000,2.91592,4.2759,,0.000118286,92655.0
E:\CODEXRESEARCH\house_compute_hub\runs\20260604-022628-5c855b\mwstroud-mwstr-6aea1cf3.log,train,287500,2921000000,2.921,4.7825,,4.92466e-05,77380.0
E:\CODEXRESEARCH\house_compute_hub\runs\20260615-133335-509e45\mwstroud-mwstr-6aea1cf3.log,train,287500,2921000000,2.921,4.1231,,0.000117837,92655.0
E:\CODEXRESEARCH\house_compute_hub\runs\20260604-022628-5c855b\mwstroud-mwstr-6aea1cf3.log,train,288000,2926080000,2.92608,4.4792,,4.91372e-05,77380.0
E:\CODEXRESEARCH\house_compute_hub\runs\20260615-133335-509e45\mwstroud-mwstr-6aea1cf3.log,train,288000,2926080000,2.92608,4.3003,,0.000117388,92656.0
E:\CODEXRESEARCH\house_compute_hub\runs\20260604-022628-5c855b\mwstroud-mwstr-6aea1cf3.log,train,288500,2931160000,2.93116,4.5912,,4.90273e-05,77381.0
E:\CODEXRESEARCH\house_compute_hub\runs\20260615-133335-509e45\mwstroud-mwstr-6aea1cf3.log,train,288500,2931160000,2.93116,4.1968,,0.000116939,92656.0
E:\CODEXRESEARCH\house_compute_hub\runs\20260604-022628-5c855b\mwstroud-mwstr-6aea1cf3.log,train,289000,2936240000,2.93624,4.0969,,4.8917e-05,77381.0
E:\CODEXRESEARCH\house_compute_hub\runs\20260615-133335-509e45\mwstroud-mwstr-6aea1cf3.log,train,289000,2936240000,2.93624,4.4353,,0.000116491,92656.0
E:\CODEXRESEARCH\house_compute_hub\runs\20260604-022628-5c855b\mwstroud-mwstr-6aea1cf3.log,train,289500,2941320000,2.94132,4.8327,,4.88063e-05,77381.0
E:\CODEXRESEARCH\house_compute_hub\runs\20260615-133335-509e45\mwstroud-mwstr-6aea1cf3.log,train,289500,2941320000,2.94132,3.8727,,0.000116043,92656.0
E:\CODEXRESEARCH\house_compute_hub\runs\20260615-133335-509e45\mwstroud-mwstr-6aea1cf3.log,eval,290000,2946400000,2.9464,4.2808,4.1271,,
E:\CODEXRESEARCH\house_compute_hub\runs\20260604-022628-5c855b\mwstroud-mwstr-6aea1cf3.log,train,290000,2946400000,2.9464,4.5702,,4.86952e-05,77381.0
E:\CODEXRESEARCH\house_compute_hub\runs\20260615-133335-509e45\mwstroud-mwstr-6aea1cf3.log,train,290000,2946400000,2.9464,4.2808,,0.000115596,92657.0
E:\CODEXRESEARCH\house_compute_hub\runs\20260604-022628-5c855b\mwstroud-mwstr-6aea1cf3.log,train,290500,2951480000,2.95148,4.3176,,4.85838e-05,77381.0
E:\CODEXRESEARCH\house_compute_hub\runs\20260615-133335-509e45\mwstroud-mwstr-6aea1cf3.log,train,290500,2951480000,2.95148,3.9004,,0.000115149,92657.0
E:\CODEXRESEARCH\house_compute_hub\runs\20260604-022628-5c855b\mwstroud-mwstr-6aea1cf3.log,train,291000,2956560000,2.95656,4.7528,,4.84719e-05,77381.0
E:\CODEXRESEARCH\house_compute_hub\runs\20260615-133335-509e45\mwstroud-mwstr-6aea1cf3.log,train,291000,2956560000,2.95656,4.0654,,0.000114702,92657.0
E:\CODEXRESEARCH\house_compute_hub\runs\20260604-022628-5c855b\mwstroud-mwstr-6aea1cf3.log,train,291500,2961640000,2.96164,4.5841,,4.83597e-05,77381.0
E:\CODEXRESEARCH\house_compute_hub\runs\20260615-133335-509e45\mwstroud-mwstr-6aea1cf3.log,train,291500,2961640000,2.96164,4.5235,,0.000114256,92657.0
E:\CODEXRESEARCH\house_compute_hub\runs\20260604-022628-5c855b\mwstroud-mwstr-6aea1cf3.log,train,292000,2966720000,2.96672,4.6549,,4.82471e-05,77381.0
E:\CODEXRESEARCH\house_compute_hub\runs\20260615-133335-509e45\mwstroud-mwstr-6aea1cf3.log,train,292000,2966720000,2.96672,4.1298,,0.00011381,92657.0
E:\CODEXRESEARCH\house_compute_hub\runs\20260604-022628-5c855b\mwstroud-mwstr-6aea1cf3.log,train,292500,2971800000,2.9718,4.4389,,4.81341e-05,77382.0
E:\CODEXRESEARCH\house_compute_hub\runs\20260615-133335-509e45\mwstroud-mwstr-6aea1cf3.log,train,292500,2971800000,2.9718,4.1521,,0.000113365,92657.0
E:\CODEXRESEARCH\house_compute_hub\runs\20260604-022628-5c855b\mwstroud-mwstr-6aea1cf3.log,train,293000,2976880000,2.97688,4.5222,,4.80208e-05,77382.0
E:\CODEXRESEARCH\house_compute_hub\runs\20260615-133335-509e45\mwstroud-mwstr-6aea1cf3.log,train,293000,2976880000,2.97688,4.6644,,0.00011292,92658.0
E:\CODEXRESEARCH\house_compute_hub\runs\20260604-022628-5c855b\mwstroud-mwstr-6aea1cf3.log,train,293500,2981960000,2.98196,4.1277,,4.79071e-05,77382.0
E:\CODEXRESEARCH\house_compute_hub\runs\20260615-133335-509e45\mwstroud-mwstr-6aea1cf3.log,train,293500,2981960000,2.98196,4.7411,,0.000112475,92657.0
E:\CODEXRESEARCH\house_compute_hub\runs\20260604-022628-5c855b\mwstroud-mwstr-6aea1cf3.log,train,294000,2987040000,2.98704,4.6691,,4.7793e-05,77382.0
E:\CODEXRESEARCH\house_compute_hub\runs\20260615-133335-509e45\mwstroud-mwstr-6aea1cf3.log,train,294000,2987040000,2.98704,4.0698,,0.000112031,92658.0
E:\CODEXRESEARCH\house_compute_hub\runs\20260604-022628-5c855b\mwstroud-mwstr-6aea1cf3.log,train,294500,2992120000,2.99212,4.5854,,4.76786e-05,77382.0
E:\CODEXRESEARCH\house_compute_hub\runs\20260615-133335-509e45\mwstroud-mwstr-6aea1cf3.log,train,294500,2992120000,2.99212,3.9578,,0.000111588,92658.0
E:\CODEXRESEARCH\house_compute_hub\runs\20260615-133335-509e45\mwstroud-mwstr-6aea1cf3.log,eval,295000,2997200000,2.9972,4.1614,4.1261,,
E:\CODEXRESEARCH\house_compute_hub\runs\20260604-022628-5c855b\mwstroud-mwstr-6aea1cf3.log,train,295000,2997200000,2.9972,4.5533,,4.75638e-05,77382.0
E:\CODEXRESEARCH\house_compute_hub\runs\20260615-133335-509e45\mwstroud-mwstr-6aea1cf3.log,train,295000,2997200000,2.9972,4.1614,,0.000111144,92659.0
E:\CODEXRESEARCH\house_compute_hub\runs\20260604-022628-5c855b\mwstroud-mwstr-6aea1cf3.log,eval,295290,3000146400,3.0001464,4.1168,4.617,,
E:\CODEXRESEARCH\house_compute_hub\runs\20260604-022628-5c855b\mwstroud-mwstr-6aea1cf3.log,train,295500,3002280000,3.00228,4.5623,,4.74486e-05,77382.0
E:\CODEXRESEARCH\house_compute_hub\runs\20260615-133335-509e45\mwstroud-mwstr-6aea1cf3.log,train,295500,3002280000,3.00228,3.8191,,0.000110702,92659.0
E:\CODEXRESEARCH\house_compute_hub\runs\20260604-022628-5c855b\mwstroud-mwstr-6aea1cf3.log,train,296000,3007360000,3.00736,5.1611,,4.73331e-05,77382.0
E:\CODEXRESEARCH\house_compute_hub\runs\20260615-133335-509e45\mwstroud-mwstr-6aea1cf3.log,train,296000,3007360000,3.00736,4.2223,,0.000110259,92660.0
E:\CODEXRESEARCH\house_compute_hub\runs\20260604-022628-5c855b\mwstroud-mwstr-6aea1cf3.log,train,296500,3012440000,3.01244,4.2684,,4.72172e-05,77382.0
E:\CODEXRESEARCH\house_compute_hub\runs\20260615-133335-509e45\mwstroud-mwstr-6aea1cf3.log,train,296500,3012440000,3.01244,4.1271,,0.000109818,92660.0
E:\CODEXRESEARCH\house_compute_hub\runs\20260604-022628-5c855b\mwstroud-mwstr-6aea1cf3.log,train,297000,3017520000,3.01752,4.6205,,4.7101e-05,77382.0
E:\CODEXRESEARCH\house_compute_hub\runs\20260615-133335-509e45\mwstroud-mwstr-6aea1cf3.log,train,297000,3017520000,3.01752,4.3485,,0.000109376,92661.0
E:\CODEXRESEARCH\house_compute_hub\runs\20260604-022628-5c855b\mwstroud-mwstr-6aea1cf3.log,train,297500,3022600000,3.0226,4.6751,,4.69845e-05,77383.0
E:\CODEXRESEARCH\house_compute_hub\runs\20260615-133335-509e45\mwstroud-mwstr-6aea1cf3.log,train,297500,3022600000,3.0226,3.8768,,0.000108935,92661.0
E:\CODEXRESEARCH\house_compute_hub\runs\20260604-022628-5c855b\mwstroud-mwstr-6aea1cf3.log,train,298000,3027680000,3.02768,4.3824,,4.68676e-05,77383.0
E:\CODEXRESEARCH\house_compute_hub\runs\20260615-133335-509e45\mwstroud-mwstr-6aea1cf3.log,train,298000,3027680000,3.02768,4.3474,,0.000108495,92662.0
E:\CODEXRESEARCH\house_compute_hub\runs\20260604-022628-5c855b\mwstroud-mwstr-6aea1cf3.log,train,298500,3032760000,3.03276,4.5024,,4.67504e-05,77383.0
E:\CODEXRESEARCH\house_compute_hub\runs\20260615-133335-509e45\mwstroud-mwstr-6aea1cf3.log,train,298500,3032760000,3.03276,3.9004,,0.000108055,92662.0
E:\CODEXRESEARCH\house_compute_hub\runs\20260604-022628-5c855b\mwstroud-mwstr-6aea1cf3.log,train,299000,3037840000,3.03784,4.4118,,4.66328e-05,77383.0
E:\CODEXRESEARCH\house_compute_hub\runs\20260615-133335-509e45\mwstroud-mwstr-6aea1cf3.log,train,299000,3037840000,3.03784,4.1238,,0.000107616,92662.0
E:\CODEXRESEARCH\house_compute_hub\runs\20260604-022628-5c855b\mwstroud-mwstr-6aea1cf3.log,train,299500,3042920000,3.04292,4.6283,,4.65149e-05,77383.0
E:\CODEXRESEARCH\house_compute_hub\runs\20260615-133335-509e45\mwstroud-mwstr-6aea1cf3.log,train,299500,3042920000,3.04292,4.0918,,0.000107177,92663.0
E:\CODEXRESEARCH\house_compute_hub\runs\20260615-133335-509e45\mwstroud-mwstr-6aea1cf3.log,eval,300000,3048000000,3.048,4.022,4.124,,
E:\CODEXRESEARCH\house_compute_hub\runs\20260604-022628-5c855b\mwstroud-mwstr-6aea1cf3.log,train,300000,3048000000,3.048,4.8643,,4.63967e-05,77383.0
E:\CODEXRESEARCH\house_compute_hub\runs\20260615-133335-509e45\mwstroud-mwstr-6aea1cf3.log,train,300000,3048000000,3.048,4.022,,0.000106738,92664.0
E:\CODEXRESEARCH\house_compute_hub\runs\20260604-022628-5c855b\mwstroud-mwstr-6aea1cf3.log,train,300500,3053080000,3.05308,4.5104,,4.62782e-05,77383.0
E:\CODEXRESEARCH\house_compute_hub\runs\20260615-141307-266267\mwstroud-mwstr-6aea1cf3.log,train,300500,3053080000,3.05308,3.9138,,0.0001063,92661.0
E:\CODEXRESEARCH\house_compute_hub\runs\20260604-022628-5c855b\mwstroud-mwstr-6aea1cf3.log,train,301000,3058160000,3.05816,4.6882,,4.61593e-05,77384.0
E:\CODEXRESEARCH\house_compute_hub\runs\20260615-141307-266267\mwstroud-mwstr-6aea1cf3.log,train,301000,3058160000,3.05816,4.2465,,0.000105863,92661.0
E:\CODEXRESEARCH\house_compute_hub\runs\20260604-022628-5c855b\mwstroud-mwstr-6aea1cf3.log,train,301500,3063240000,3.06324,4.4509,,4.60402e-05,77384.0
E:\CODEXRESEARCH\house_compute_hub\runs\20260615-141307-266267\mwstroud-mwstr-6aea1cf3.log,train,301500,3063240000,3.06324,4.3518,,0.000105426,92661.0
E:\CODEXRESEARCH\house_compute_hub\runs\20260604-022628-5c855b\mwstroud-mwstr-6aea1cf3.log,train,302000,3068320000,3.06832,4.6243,,4.59207e-05,77384.0
E:\CODEXRESEARCH\house_compute_hub\runs\20260615-141307-266267\mwstroud-mwstr-6aea1cf3.log,train,302000,3068320000,3.06832,4.2244,,0.000104989,92661.0
E:\CODEXRESEARCH\house_compute_hub\runs\20260604-022628-5c855b\mwstroud-mwstr-6aea1cf3.log,train,302500,3073400000,3.0734,4.449,,4.58009e-05,77384.0
E:\CODEXRESEARCH\house_compute_hub\runs\20260615-141307-266267\mwstroud-mwstr-6aea1cf3.log,train,302500,3073400000,3.0734,4.05,,0.000104553,92661.0
E:\CODEXRESEARCH\house_compute_hub\runs\20260604-022628-5c855b\mwstroud-mwstr-6aea1cf3.log,train,303000,3078480000,3.07848,4.6223,,4.56808e-05,77384.0
E:\CODEXRESEARCH\house_compute_hub\runs\20260615-141307-266267\mwstroud-mwstr-6aea1cf3.log,train,303000,3078480000,3.07848,4.2107,,0.000104118,92661.0
E:\CODEXRESEARCH\house_compute_hub\runs\20260604-022628-5c855b\mwstroud-mwstr-6aea1cf3.log,train,303500,3083560000,3.08356,4.7746,,4.55604e-05,77384.0
E:\CODEXRESEARCH\house_compute_hub\runs\20260615-141307-266267\mwstroud-mwstr-6aea1cf3.log,train,303500,3083560000,3.08356,4.025,,0.000103683,92661.0
E:\CODEXRESEARCH\house_compute_hub\runs\20260604-022628-5c855b\mwstroud-mwstr-6aea1cf3.log,train,304000,3088640000,3.08864,4.2868,,4.54397e-05,77384.0
E:\CODEXRESEARCH\house_compute_hub\runs\20260615-141307-266267\mwstroud-mwstr-6aea1cf3.log,train,304000,3088640000,3.08864,4.7153,,0.000103249,92662.0
E:\CODEXRESEARCH\house_compute_hub\runs\20260604-022628-5c855b\mwstroud-mwstr-6aea1cf3.log,train,304500,3093720000,3.09372,4.5804,,4.53187e-05,77384.0
E:\CODEXRESEARCH\house_compute_hub\runs\20260615-141307-266267\mwstroud-mwstr-6aea1cf3.log,train,304500,3093720000,3.09372,4.0896,,0.000102815,92662.0
E:\CODEXRESEARCH\house_compute_hub\runs\20260615-141307-266267\mwstroud-mwstr-6aea1cf3.log,eval,305000,3098800000,3.0988,3.602,4.1223,,
E:\CODEXRESEARCH\house_compute_hub\runs\20260604-022628-5c855b\mwstroud-mwstr-6aea1cf3.log,train,305000,3098800000,3.0988,4.7168,,4.51974e-05,77384.0
E:\CODEXRESEARCH\house_compute_hub\runs\20260615-141307-266267\mwstroud-mwstr-6aea1cf3.log,train,305000,3098800000,3.0988,3.602,,0.000102382,92662.0
E:\CODEXRESEARCH\house_compute_hub\runs\20260604-022628-5c855b\mwstroud-mwstr-6aea1cf3.log,eval,305133,3100151280,3.10015128,4.3675,4.6174,,
E:\CODEXRESEARCH\house_compute_hub\runs\20260604-022628-5c855b\mwstroud-mwstr-6aea1cf3.log,train,305500,3103880000,3.10388,4.5392,,4.50759e-05,77384.0
E:\CODEXRESEARCH\house_compute_hub\runs\20260615-141307-266267\mwstroud-mwstr-6aea1cf3.log,train,305500,3103880000,3.10388,4.2323,,0.000101949,92662.0
E:\CODEXRESEARCH\house_compute_hub\runs\20260604-022628-5c855b\mwstroud-mwstr-6aea1cf3.log,train,306000,3108960000,3.10896,4.6688,,4.4954e-05,77384.0
E:\CODEXRESEARCH\house_compute_hub\runs\20260615-141307-266267\mwstroud-mwstr-6aea1cf3.log,train,306000,3108960000,3.10896,4.2868,,0.000101517,92663.0
E:\CODEXRESEARCH\house_compute_hub\runs\20260604-022628-5c855b\mwstroud-mwstr-6aea1cf3.log,train,306500,3114040000,3.11404,5.1226,,4.48319e-05,77385.0
E:\CODEXRESEARCH\house_compute_hub\runs\20260615-141307-266267\mwstroud-mwstr-6aea1cf3.log,train,306500,3114040000,3.11404,4.0402,,0.000101085,92663.0
E:\CODEXRESEARCH\house_compute_hub\runs\20260604-022628-5c855b\mwstroud-mwstr-6aea1cf3.log,train,307000,3119120000,3.11912,4.2352,,4.47095e-05,77385.0
E:\CODEXRESEARCH\house_compute_hub\runs\20260615-141307-266267\mwstroud-mwstr-6aea1cf3.log,train,307000,3119120000,3.11912,4.4653,,0.000100654,92663.0
E:\CODEXRESEARCH\house_compute_hub\runs\20260604-022628-5c855b\mwstroud-mwstr-6aea1cf3.log,train,307500,3124200000,3.1242,4.0536,,4.45868e-05,77385.0
E:\CODEXRESEARCH\house_compute_hub\runs\20260615-141307-266267\mwstroud-mwstr-6aea1cf3.log,train,307500,3124200000,3.1242,4.0818,,0.000100223,92663.0
E:\CODEXRESEARCH\house_compute_hub\runs\20260604-022628-5c855b\mwstroud-mwstr-6aea1cf3.log,train,308000,3129280000,3.12928,4.5465,,4.44638e-05,77385.0
E:\CODEXRESEARCH\house_compute_hub\runs\20260615-141307-266267\mwstroud-mwstr-6aea1cf3.log,train,308000,3129280000,3.12928,3.9824,,9.97933e-05,92664.0
E:\CODEXRESEARCH\house_compute_hub\runs\20260604-022628-5c855b\mwstroud-mwstr-6aea1cf3.log,train,308500,3134360000,3.13436,4.6726,,4.43406e-05,77385.0
E:\CODEXRESEARCH\house_compute_hub\runs\20260615-141307-266267\mwstroud-mwstr-6aea1cf3.log,train,308500,3134360000,3.13436,3.7556,,9.93639e-05,92664.0
E:\CODEXRESEARCH\house_compute_hub\runs\20260604-022628-5c855b\mwstroud-mwstr-6aea1cf3.log,train,309000,3139440000,3.13944,4.5778,,4.42171e-05,77385.0
E:\CODEXRESEARCH\house_compute_hub\runs\20260615-141307-266267\mwstroud-mwstr-6aea1cf3.log,train,309000,3139440000,3.13944,4.3377,,9.8935e-05,92665.0
E:\CODEXRESEARCH\house_compute_hub\runs\20260604-022628-5c855b\mwstroud-mwstr-6aea1cf3.log,train,309500,3144520000,3.14452,4.9347,,4.40933e-05,77385.0
E:\CODEXRESEARCH\house_compute_hub\runs\20260615-141307-266267\mwstroud-mwstr-6aea1cf3.log,train,309500,3144520000,3.14452,3.9213,,9.85068e-05,92665.0
E:\CODEXRESEARCH\house_compute_hub\runs\20260615-141307-266267\mwstroud-mwstr-6aea1cf3.log,eval,310000,3149600000,3.1496,4.1465,4.1222,,
E:\CODEXRESEARCH\house_compute_hub\runs\20260604-022628-5c855b\mwstroud-mwstr-6aea1cf3.log,train,310000,3149600000,3.1496,4.5754,,4.39693e-05,77385.0
E:\CODEXRESEARCH\house_compute_hub\runs\20260615-141307-266267\mwstroud-mwstr-6aea1cf3.log,train,310000,3149600000,3.1496,4.1465,,9.80791e-05,92665.0
E:\CODEXRESEARCH\house_compute_hub\runs\20260604-022628-5c855b\mwstroud-mwstr-6aea1cf3.log,train,310500,3154680000,3.15468,4.6039,,4.3845e-05,77386.0
E:\CODEXRESEARCH\house_compute_hub\runs\20260615-141307-266267\mwstroud-mwstr-6aea1cf3.log,train,310500,3154680000,3.15468,4.4116,,9.7652e-05,92666.0
E:\CODEXRESEARCH\house_compute_hub\runs\20260604-022628-5c855b\mwstroud-mwstr-6aea1cf3.log,train,311000,3159760000,3.15976,4.6214,,4.37205e-05,77386.0
E:\CODEXRESEARCH\house_compute_hub\runs\20260615-141307-266267\mwstroud-mwstr-6aea1cf3.log,train,311000,3159760000,3.15976,4.3857,,9.72254e-05,92662.0
E:\CODEXRESEARCH\house_compute_hub\runs\20260604-022628-5c855b\mwstroud-mwstr-6aea1cf3.log,train,311500,3164840000,3.16484,4.5565,,4.35958e-05,77386.0
E:\CODEXRESEARCH\house_compute_hub\runs\20260615-141307-266267\mwstroud-mwstr-6aea1cf3.log,train,311500,3164840000,3.16484,3.9705,,9.67995e-05,92662.0
E:\CODEXRESEARCH\house_compute_hub\runs\20260604-022628-5c855b\mwstroud-mwstr-6aea1cf3.log,train,312000,3169920000,3.16992,4.5467,,4.34708e-05,77386.0
E:\CODEXRESEARCH\house_compute_hub\runs\20260615-141307-266267\mwstroud-mwstr-6aea1cf3.log,train,312000,3169920000,3.16992,4.3983,,9.63742e-05,92663.0
E:\CODEXRESEARCH\house_compute_hub\runs\20260604-022628-5c855b\mwstroud-mwstr-6aea1cf3.log,train,312500,3175000000,3.175,4.6329,,4.33455e-05,77386.0
E:\CODEXRESEARCH\house_compute_hub\runs\20260615-141307-266267\mwstroud-mwstr-6aea1cf3.log,train,312500,3175000000,3.175,4.3919,,9.59494e-05,92663.0
E:\CODEXRESEARCH\house_compute_hub\runs\20260604-022628-5c855b\mwstroud-mwstr-6aea1cf3.log,train,313000,3180080000,3.18008,4.4126,,4.322e-05,77386.0
E:\CODEXRESEARCH\house_compute_hub\runs\20260615-141307-266267\mwstroud-mwstr-6aea1cf3.log,train,313000,3180080000,3.18008,3.9654,,9.55253e-05,92663.0
E:\CODEXRESEARCH\house_compute_hub\runs\20260604-022628-5c855b\mwstroud-mwstr-6aea1cf3.log,train,313500,3185160000,3.18516,4.6011,,4.30943e-05,77386.0
E:\CODEXRESEARCH\house_compute_hub\runs\20260615-141307-266267\mwstroud-mwstr-6aea1cf3.log,train,313500,3185160000,3.18516,3.8293,,9.51018e-05,92663.0
E:\CODEXRESEARCH\house_compute_hub\runs\20260604-022628-5c855b\mwstroud-mwstr-6aea1cf3.log,train,314000,3190240000,3.19024,4.3559,,4.29684e-05,77386.0
E:\CODEXRESEARCH\house_compute_hub\runs\20260615-141307-266267\mwstroud-mwstr-6aea1cf3.log,train,314000,3190240000,3.19024,4.248,,9.46789e-05,92663.0
E:\CODEXRESEARCH\house_compute_hub\runs\20260604-022628-5c855b\mwstroud-mwstr-6aea1cf3.log,train,314500,3195320000,3.19532,4.4196,,4.28422e-05,77387.0
E:\CODEXRESEARCH\house_compute_hub\runs\20260615-141307-266267\mwstroud-mwstr-6aea1cf3.log,train,314500,3195320000,3.19532,3.9019,,9.42566e-05,92663.0
E:\CODEXRESEARCH\house_compute_hub\runs\20260604-022628-5c855b\mwstroud-mwstr-6aea1cf3.log,eval,314976,3200156160,3.20015616,4.5182,4.6138,,
E:\CODEXRESEARCH\house_compute_hub\runs\20260615-141307-266267\mwstroud-mwstr-6aea1cf3.log,eval,315000,3200400000,3.2004,3.8277,4.1179,,
E:\CODEXRESEARCH\house_compute_hub\runs\20260604-022628-5c855b\mwstroud-mwstr-6aea1cf3.log,train,315000,3200400000,3.2004,4.7625,,4.27158e-05,77386.0
E:\CODEXRESEARCH\house_compute_hub\runs\20260615-141307-266267\mwstroud-mwstr-6aea1cf3.log,train,315000,3200400000,3.2004,3.8277,,9.3835e-05,92663.0
E:\CODEXRESEARCH\house_compute_hub\runs\20260604-022628-5c855b\mwstroud-mwstr-6aea1cf3.log,train,315500,3205480000,3.20548,4.7212,,4.25892e-05,77387.0
E:\CODEXRESEARCH\house_compute_hub\runs\20260615-141307-266267\mwstroud-mwstr-6aea1cf3.log,train,315500,3205480000,3.20548,4.0594,,9.3414e-05,92663.0
E:\CODEXRESEARCH\house_compute_hub\runs\20260604-022628-5c855b\mwstroud-mwstr-6aea1cf3.log,train,316000,3210560000,3.21056,4.4042,,4.24624e-05,77387.0
E:\CODEXRESEARCH\house_compute_hub\runs\20260615-141307-266267\mwstroud-mwstr-6aea1cf3.log,train,316000,3210560000,3.21056,4.0556,,9.29936e-05,92663.0
E:\CODEXRESEARCH\house_compute_hub\runs\20260604-022628-5c855b\mwstroud-mwstr-6aea1cf3.log,train,316500,3215640000,3.21564,4.6833,,4.23353e-05,77387.0
E:\CODEXRESEARCH\house_compute_hub\runs\20260615-141307-266267\mwstroud-mwstr-6aea1cf3.log,train,316500,3215640000,3.21564,3.8291,,9.25738e-05,92663.0
E:\CODEXRESEARCH\house_compute_hub\runs\20260604-022628-5c855b\mwstroud-mwstr-6aea1cf3.log,train,317000,3220720000,3.22072,4.5959,,4.22081e-05,77387.0
E:\CODEXRESEARCH\house_compute_hub\runs\20260615-141307-266267\mwstroud-mwstr-6aea1cf3.log,train,317000,3220720000,3.22072,3.6943,,9.21547e-05,92664.0
E:\CODEXRESEARCH\house_compute_hub\runs\20260604-022628-5c855b\mwstroud-mwstr-6aea1cf3.log,train,317500,3225800000,3.2258,4.8286,,4.20806e-05,77387.0
E:\CODEXRESEARCH\house_compute_hub\runs\20260615-141307-266267\mwstroud-mwstr-6aea1cf3.log,train,317500,3225800000,3.2258,4.1536,,9.17362e-05,92664.0
E:\CODEXRESEARCH\house_compute_hub\runs\20260604-022628-5c855b\mwstroud-mwstr-6aea1cf3.log,train,318000,3230880000,3.23088,5.1362,,4.1953e-05,77387.0
E:\CODEXRESEARCH\house_compute_hub\runs\20260615-141307-266267\mwstroud-mwstr-6aea1cf3.log,train,318000,3230880000,3.23088,4.0111,,9.13184e-05,92664.0
E:\CODEXRESEARCH\house_compute_hub\runs\20260604-022628-5c855b\mwstroud-mwstr-6aea1cf3.log,train,318500,3235960000,3.23596,4.577,,4.18252e-05,77387.0
E:\CODEXRESEARCH\house_compute_hub\runs\20260615-141307-266267\mwstroud-mwstr-6aea1cf3.log,train,318500,3235960000,3.23596,3.8205,,9.09012e-05,92664.0
E:\CODEXRESEARCH\house_compute_hub\runs\20260604-022628-5c855b\mwstroud-mwstr-6aea1cf3.log,train,319000,3241040000,3.24104,4.4552,,4.16971e-05,77387.0
E:\CODEXRESEARCH\house_compute_hub\runs\20260615-141307-266267\mwstroud-mwstr-6aea1cf3.log,train,319000,3241040000,3.24104,4.0948,,9.04847e-05,92664.0
E:\CODEXRESEARCH\house_compute_hub\runs\20260604-022628-5c855b\mwstroud-mwstr-6aea1cf3.log,train,319500,3246120000,3.24612,4.6764,,4.15689e-05,77387.0
E:\CODEXRESEARCH\house_compute_hub\runs\20260615-141307-266267\mwstroud-mwstr-6aea1cf3.log,train,319500,3246120000,3.24612,3.9983,,9.00689e-05,92664.0
E:\CODEXRESEARCH\house_compute_hub\runs\20260615-141307-266267\mwstroud-mwstr-6aea1cf3.log,eval,320000,3251200000,3.2512,4.4181,4.1169,,
E:\CODEXRESEARCH\house_compute_hub\runs\20260604-022628-5c855b\mwstroud-mwstr-6aea1cf3.log,train,320000,3251200000,3.2512,4.5505,,4.14405e-05,77388.0
E:\CODEXRESEARCH\house_compute_hub\runs\20260615-141307-266267\mwstroud-mwstr-6aea1cf3.log,train,320000,3251200000,3.2512,4.4181,,8.96537e-05,92664.0
E:\CODEXRESEARCH\house_compute_hub\runs\20260604-022628-5c855b\mwstroud-mwstr-6aea1cf3.log,train,320500,3256280000,3.25628,4.3487,,4.13119e-05,77388.0
E:\CODEXRESEARCH\house_compute_hub\runs\20260615-141307-266267\mwstroud-mwstr-6aea1cf3.log,train,320500,3256280000,3.25628,4.0681,,8.92392e-05,92664.0
E:\CODEXRESEARCH\house_compute_hub\runs\20260604-022628-5c855b\mwstroud-mwstr-6aea1cf3.log,train,321000,3261360000,3.26136,4.4142,,4.11831e-05,77388.0
E:\CODEXRESEARCH\house_compute_hub\runs\20260615-141307-266267\mwstroud-mwstr-6aea1cf3.log,train,321000,3261360000,3.26136,4.0522,,8.88254e-05,92664.0
E:\CODEXRESEARCH\house_compute_hub\runs\20260604-022628-5c855b\mwstroud-mwstr-6aea1cf3.log,train,321500,3266440000,3.26644,4.1261,,4.10542e-05,77388.0
E:\CODEXRESEARCH\house_compute_hub\runs\20260615-141307-266267\mwstroud-mwstr-6aea1cf3.log,train,321500,3266440000,3.26644,4.1699,,8.84122e-05,92664.0
E:\CODEXRESEARCH\house_compute_hub\runs\20260604-022628-5c855b\mwstroud-mwstr-6aea1cf3.log,train,322000,3271520000,3.27152,4.7363,,4.0925e-05,77388.0
E:\CODEXRESEARCH\house_compute_hub\runs\20260615-141307-266267\mwstroud-mwstr-6aea1cf3.log,train,322000,3271520000,3.27152,3.8486,,8.79998e-05,92664.0
E:\CODEXRESEARCH\house_compute_hub\runs\20260604-022628-5c855b\mwstroud-mwstr-6aea1cf3.log,train,322500,3276600000,3.2766,4.2835,,4.07957e-05,77388.0
E:\CODEXRESEARCH\house_compute_hub\runs\20260615-141307-266267\mwstroud-mwstr-6aea1cf3.log,train,322500,3276600000,3.2766,3.9497,,8.7588e-05,92664.0
E:\CODEXRESEARCH\house_compute_hub\runs\20260604-022628-5c855b\mwstroud-mwstr-6aea1cf3.log,train,323000,3281680000,3.28168,4.3413,,4.06663e-05,77388.0
E:\CODEXRESEARCH\house_compute_hub\runs\20260615-141307-266267\mwstroud-mwstr-6aea1cf3.log,train,323000,3281680000,3.28168,4.1399,,8.71769e-05,92664.0
E:\CODEXRESEARCH\house_compute_hub\runs\20260604-022628-5c855b\mwstroud-mwstr-6aea1cf3.log,train,323500,3286760000,3.28676,4.8039,,4.05367e-05,77389.0
E:\CODEXRESEARCH\house_compute_hub\runs\20260615-141307-266267\mwstroud-mwstr-6aea1cf3.log,train,323500,3286760000,3.28676,4.2344,,8.67665e-05,92664.0
E:\CODEXRESEARCH\house_compute_hub\runs\20260604-022628-5c855b\mwstroud-mwstr-6aea1cf3.log,train,324000,3291840000,3.29184,4.3501,,4.04069e-05,77389.0
E:\CODEXRESEARCH\house_compute_hub\runs\20260615-141307-266267\mwstroud-mwstr-6aea1cf3.log,train,324000,3291840000,3.29184,4.0291,,8.63568e-05,92665.0
E:\CODEXRESEARCH\house_compute_hub\runs\20260604-022628-5c855b\mwstroud-mwstr-6aea1cf3.log,train,324500,3296920000,3.29692,4.5759,,4.0277e-05,77389.0
E:\CODEXRESEARCH\house_compute_hub\runs\20260615-141307-266267\mwstroud-mwstr-6aea1cf3.log,train,324500,3296920000,3.29692,4.5974,,8.59478e-05,92665.0
E:\CODEXRESEARCH\house_compute_hub\runs\20260604-022628-5c855b\mwstroud-mwstr-6aea1cf3.log,eval,324819,3300161040,3.30016104,4.8029,4.6122,,
E:\CODEXRESEARCH\house_compute_hub\runs\20260615-141307-266267\mwstroud-mwstr-6aea1cf3.log,eval,325000,3302000000,3.302,4.1445,4.1124,,
E:\CODEXRESEARCH\house_compute_hub\runs\20260604-022628-5c855b\mwstroud-mwstr-6aea1cf3.log,train,325000,3302000000,3.302,4.2885,,4.01469e-05,77389.0
E:\CODEXRESEARCH\house_compute_hub\runs\20260615-141307-266267\mwstroud-mwstr-6aea1cf3.log,train,325000,3302000000,3.302,4.1445,,8.55396e-05,92665.0
E:\CODEXRESEARCH\house_compute_hub\runs\20260604-022628-5c855b\mwstroud-mwstr-6aea1cf3.log,train,325500,3307080000,3.30708,4.0091,,4.00167e-05,77389.0
E:\CODEXRESEARCH\house_compute_hub\runs\20260615-141307-266267\mwstroud-mwstr-6aea1cf3.log,train,325500,3307080000,3.30708,4.1559,,8.5132e-05,92665.0
E:\CODEXRESEARCH\house_compute_hub\runs\20260604-022628-5c855b\mwstroud-mwstr-6aea1cf3.log,train,326000,3312160000,3.31216,4.473,,3.98863e-05,77389.0
E:\CODEXRESEARCH\house_compute_hub\runs\20260615-141307-266267\mwstroud-mwstr-6aea1cf3.log,train,326000,3312160000,3.31216,4.5256,,8.47252e-05,92665.0
E:\CODEXRESEARCH\house_compute_hub\runs\20260604-022628-5c855b\mwstroud-mwstr-6aea1cf3.log,train,326500,3317240000,3.31724,4.5976,,3.97558e-05,77389.0
E:\CODEXRESEARCH\house_compute_hub\runs\20260615-141307-266267\mwstroud-mwstr-6aea1cf3.log,train,326500,3317240000,3.31724,3.8821,,8.4319e-05,92665.0
E:\CODEXRESEARCH\house_compute_hub\runs\20260604-022628-5c855b\mwstroud-mwstr-6aea1cf3.log,train,327000,3322320000,3.32232,4.7614,,3.96252e-05,77389.0
E:\CODEXRESEARCH\house_compute_hub\runs\20260615-141307-266267\mwstroud-mwstr-6aea1cf3.log,train,327000,3322320000,3.32232,4.4353,,8.39136e-05,92665.0
E:\CODEXRESEARCH\house_compute_hub\runs\20260604-022628-5c855b\mwstroud-mwstr-6aea1cf3.log,train,327500,3327400000,3.3274,4.2214,,3.94944e-05,77389.0
E:\CODEXRESEARCH\house_compute_hub\runs\20260615-141307-266267\mwstroud-mwstr-6aea1cf3.log,train,327500,3327400000,3.3274,4.0163,,8.3509e-05,92665.0
E:\CODEXRESEARCH\house_compute_hub\runs\20260604-022628-5c855b\mwstroud-mwstr-6aea1cf3.log,train,328000,3332480000,3.33248,4.5951,,3.93636e-05,77389.0
E:\CODEXRESEARCH\house_compute_hub\runs\20260615-141307-266267\mwstroud-mwstr-6aea1cf3.log,train,328000,3332480000,3.33248,3.6401,,8.3105e-05,92664.0
E:\CODEXRESEARCH\house_compute_hub\runs\20260604-022628-5c855b\mwstroud-mwstr-6aea1cf3.log,train,328500,3337560000,3.33756,4.716,,3.92325e-05,77389.0
E:\CODEXRESEARCH\house_compute_hub\runs\20260615-141307-266267\mwstroud-mwstr-6aea1cf3.log,train,328500,3337560000,3.33756,4.2792,,8.27019e-05,92662.0
E:\CODEXRESEARCH\house_compute_hub\runs\20260604-022628-5c855b\mwstroud-mwstr-6aea1cf3.log,train,329000,3342640000,3.34264,4.5592,,3.91014e-05,77389.0
E:\CODEXRESEARCH\house_compute_hub\runs\20260615-141307-266267\mwstroud-mwstr-6aea1cf3.log,train,329000,3342640000,3.34264,4.1064,,8.22994e-05,92656.0
E:\CODEXRESEARCH\house_compute_hub\runs\20260604-022628-5c855b\mwstroud-mwstr-6aea1cf3.log,train,329500,3347720000,3.34772,4.7826,,3.89702e-05,77389.0
E:\CODEXRESEARCH\house_compute_hub\runs\20260615-141307-266267\mwstroud-mwstr-6aea1cf3.log,train,329500,3347720000,3.34772,4.0136,,8.18977e-05,92649.0
E:\CODEXRESEARCH\house_compute_hub\runs\20260615-141307-266267\mwstroud-mwstr-6aea1cf3.log,eval,330000,3352800000,3.3528,3.8637,4.1116,,
E:\CODEXRESEARCH\house_compute_hub\runs\20260604-022628-5c855b\mwstroud-mwstr-6aea1cf3.log,train,330000,3352800000,3.3528,4.3616,,3.88388e-05,77389.0
E:\CODEXRESEARCH\house_compute_hub\runs\20260615-141307-266267\mwstroud-mwstr-6aea1cf3.log,train,330000,3352800000,3.3528,3.8637,,8.14967e-05,92649.0
E:\CODEXRESEARCH\house_compute_hub\runs\20260604-022628-5c855b\mwstroud-mwstr-6aea1cf3.log,train,330500,3357880000,3.35788,4.5051,,3.87073e-05,77389.0
E:\CODEXRESEARCH\house_compute_hub\runs\20260615-141307-266267\mwstroud-mwstr-6aea1cf3.log,train,330500,3357880000,3.35788,4.16,,8.10966e-05,92641.0
E:\CODEXRESEARCH\house_compute_hub\runs\20260604-022628-5c855b\mwstroud-mwstr-6aea1cf3.log,train,331000,3362960000,3.36296,4.359,,3.85758e-05,77389.0
E:\CODEXRESEARCH\house_compute_hub\runs\20260615-141307-266267\mwstroud-mwstr-6aea1cf3.log,train,331000,3362960000,3.36296,3.9863,,8.06971e-05,92641.0
E:\CODEXRESEARCH\house_compute_hub\runs\20260604-022628-5c855b\mwstroud-mwstr-6aea1cf3.log,train,331500,3368040000,3.36804,4.4324,,3.84441e-05,77389.0
E:\CODEXRESEARCH\house_compute_hub\runs\20260615-141307-266267\mwstroud-mwstr-6aea1cf3.log,train,331500,3368040000,3.36804,4.1523,,8.02984e-05,92637.0
E:\CODEXRESEARCH\house_compute_hub\runs\20260604-022628-5c855b\mwstroud-mwstr-6aea1cf3.log,train,332000,3373120000,3.37312,4.3892,,3.83123e-05,77389.0
E:\CODEXRESEARCH\house_compute_hub\runs\20260615-141307-266267\mwstroud-mwstr-6aea1cf3.log,train,332000,3373120000,3.37312,4.0056,,7.99005e-05,92637.0
E:\CODEXRESEARCH\house_compute_hub\runs\20260604-022628-5c855b\mwstroud-mwstr-6aea1cf3.log,train,332500,3378200000,3.3782,4.6327,,3.81804e-05,77389.0
E:\CODEXRESEARCH\house_compute_hub\runs\20260615-141307-266267\mwstroud-mwstr-6aea1cf3.log,train,332500,3378200000,3.3782,3.876,,7.95034e-05,92633.0
E:\CODEXRESEARCH\house_compute_hub\runs\20260604-022628-5c855b\mwstroud-mwstr-6aea1cf3.log,train,333000,3383280000,3.38328,4.5904,,3.80485e-05,77389.0
E:\CODEXRESEARCH\house_compute_hub\runs\20260615-141307-266267\mwstroud-mwstr-6aea1cf3.log,train,333000,3383280000,3.38328,3.8782,,7.9107e-05,92634.0
E:\CODEXRESEARCH\house_compute_hub\runs\20260604-022628-5c855b\mwstroud-mwstr-6aea1cf3.log,train,333500,3388360000,3.38836,4.4852,,3.79164e-05,77389.0
E:\CODEXRESEARCH\house_compute_hub\runs\20260615-141307-266267\mwstroud-mwstr-6aea1cf3.log,train,333500,3388360000,3.38836,4.095,,7.87115e-05,92630.0
E:\CODEXRESEARCH\house_compute_hub\runs\20260604-022628-5c855b\mwstroud-mwstr-6aea1cf3.log,train,334000,3393440000,3.39344,4.1474,,3.77843e-05,77389.0
E:\CODEXRESEARCH\house_compute_hub\runs\20260615-141307-266267\mwstroud-mwstr-6aea1cf3.log,train,334000,3393440000,3.39344,4.1309,,7.83167e-05,92630.0
E:\CODEXRESEARCH\house_compute_hub\runs\20260604-022628-5c855b\mwstroud-mwstr-6aea1cf3.log,train,334500,3398520000,3.39852,4.1237,,3.76521e-05,77389.0
E:\CODEXRESEARCH\house_compute_hub\runs\20260615-141307-266267\mwstroud-mwstr-6aea1cf3.log,train,334500,3398520000,3.39852,3.9758,,7.79226e-05,92626.0
E:\CODEXRESEARCH\house_compute_hub\runs\20260604-022628-5c855b\mwstroud-mwstr-6aea1cf3.log,eval,334662,3400165920,3.40016592,4.7827,4.6077,,
E:\CODEXRESEARCH\house_compute_hub\runs\20260615-141307-266267\mwstroud-mwstr-6aea1cf3.log,eval,335000,3403600000,3.4036,4.0349,4.1091,,
E:\CODEXRESEARCH\house_compute_hub\runs\20260604-022628-5c855b\mwstroud-mwstr-6aea1cf3.log,train,335000,3403600000,3.4036,4.6953,,3.75198e-05,77388.0
E:\CODEXRESEARCH\house_compute_hub\runs\20260615-141307-266267\mwstroud-mwstr-6aea1cf3.log,train,335000,3403600000,3.4036,4.0349,,7.75294e-05,92626.0
E:\CODEXRESEARCH\house_compute_hub\runs\20260604-022628-5c855b\mwstroud-mwstr-6aea1cf3.log,train,335500,3408680000,3.40868,3.7187,,3.73875e-05,77388.0
E:\CODEXRESEARCH\house_compute_hub\runs\20260615-141307-266267\mwstroud-mwstr-6aea1cf3.log,train,335500,3408680000,3.40868,4.0755,,7.7137e-05,92621.0
E:\CODEXRESEARCH\house_compute_hub\runs\20260604-022628-5c855b\mwstroud-mwstr-6aea1cf3.log,train,336000,3413760000,3.41376,4.5603,,3.7255e-05,77388.0
E:\CODEXRESEARCH\house_compute_hub\runs\20260615-141307-266267\mwstroud-mwstr-6aea1cf3.log,train,336000,3413760000,3.41376,3.957,,7.67454e-05,92622.0
E:\CODEXRESEARCH\house_compute_hub\runs\20260604-022628-5c855b\mwstroud-mwstr-6aea1cf3.log,train,336500,3418840000,3.41884,4.4691,,3.71226e-05,77388.0
E:\CODEXRESEARCH\house_compute_hub\runs\20260615-141307-266267\mwstroud-mwstr-6aea1cf3.log,train,336500,3418840000,3.41884,4.2412,,7.63546e-05,92618.0
E:\CODEXRESEARCH\house_compute_hub\runs\20260604-022628-5c855b\mwstroud-mwstr-6aea1cf3.log,train,337000,3423920000,3.42392,4.1251,,3.699e-05,77388.0
E:\CODEXRESEARCH\house_compute_hub\runs\20260615-141307-266267\mwstroud-mwstr-6aea1cf3.log,train,337000,3423920000,3.42392,4.6048,,7.59646e-05,92618.0
E:\CODEXRESEARCH\house_compute_hub\runs\20260604-022628-5c855b\mwstroud-mwstr-6aea1cf3.log,train,337500,3429000000,3.429,4.5514,,3.68574e-05,77388.0
E:\CODEXRESEARCH\house_compute_hub\runs\20260615-141307-266267\mwstroud-mwstr-6aea1cf3.log,train,337500,3429000000,3.429,3.8855,,7.55754e-05,92615.0
E:\CODEXRESEARCH\house_compute_hub\runs\20260604-022628-5c855b\mwstroud-mwstr-6aea1cf3.log,train,338000,3434080000,3.43408,4.4453,,3.67248e-05,77388.0
E:\CODEXRESEARCH\house_compute_hub\runs\20260615-141307-266267\mwstroud-mwstr-6aea1cf3.log,train,338000,3434080000,3.43408,4.2746,,7.5187e-05,92615.0
E:\CODEXRESEARCH\house_compute_hub\runs\20260604-022628-5c855b\mwstroud-mwstr-6aea1cf3.log,train,338500,3439160000,3.43916,4.7632,,3.65921e-05,77388.0
E:\CODEXRESEARCH\house_compute_hub\runs\20260615-141307-266267\mwstroud-mwstr-6aea1cf3.log,train,338500,3439160000,3.43916,4.247,,7.47994e-05,92611.0
E:\CODEXRESEARCH\house_compute_hub\runs\20260604-022628-5c855b\mwstroud-mwstr-6aea1cf3.log,train,339000,3444240000,3.44424,4.4915,,3.64593e-05,77388.0
E:\CODEXRESEARCH\house_compute_hub\runs\20260615-141307-266267\mwstroud-mwstr-6aea1cf3.log,train,339000,3444240000,3.44424,4.052,,7.44127e-05,92611.0
E:\CODEXRESEARCH\house_compute_hub\runs\20260604-022628-5c855b\mwstroud-mwstr-6aea1cf3.log,train,339500,3449320000,3.44932,4.5201,,3.63265e-05,77388.0
E:\CODEXRESEARCH\house_compute_hub\runs\20260615-141307-266267\mwstroud-mwstr-6aea1cf3.log,train,339500,3449320000,3.44932,4.0834,,7.40268e-05,92607.0
E:\CODEXRESEARCH\house_compute_hub\runs\20260615-141307-266267\mwstroud-mwstr-6aea1cf3.log,eval,340000,3454400000,3.4544,4.0099,4.1091,,
E:\CODEXRESEARCH\house_compute_hub\runs\20260604-022628-5c855b\mwstroud-mwstr-6aea1cf3.log,train,340000,3454400000,3.4544,4.8418,,3.61937e-05,77388.0
E:\CODEXRESEARCH\house_compute_hub\runs\20260615-141307-266267\mwstroud-mwstr-6aea1cf3.log,train,340000,3454400000,3.4544,4.0099,,7.36417e-05,92607.0
E:\CODEXRESEARCH\house_compute_hub\runs\20260604-022628-5c855b\mwstroud-mwstr-6aea1cf3.log,train,340500,3459480000,3.45948,4.5663,,3.60608e-05,77388.0
E:\CODEXRESEARCH\house_compute_hub\runs\20260615-141307-266267\mwstroud-mwstr-6aea1cf3.log,train,340500,3459480000,3.45948,4.1866,,7.32574e-05,92604.0
E:\CODEXRESEARCH\house_compute_hub\runs\20260604-022628-5c855b\mwstroud-mwstr-6aea1cf3.log,train,341000,3464560000,3.46456,4.5063,,3.5928e-05,77388.0
E:\CODEXRESEARCH\house_compute_hub\runs\20260615-141307-266267\mwstroud-mwstr-6aea1cf3.log,train,341000,3464560000,3.46456,4.1907,,7.2874e-05,92604.0
E:\CODEXRESEARCH\house_compute_hub\runs\20260604-022628-5c855b\mwstroud-mwstr-6aea1cf3.log,train,341500,3469640000,3.46964,4.6987,,3.5795e-05,77388.0
E:\CODEXRESEARCH\house_compute_hub\runs\20260615-141307-266267\mwstroud-mwstr-6aea1cf3.log,train,341500,3469640000,3.46964,4.12,,7.24915e-05,92600.0
E:\CODEXRESEARCH\house_compute_hub\runs\20260604-022628-5c855b\mwstroud-mwstr-6aea1cf3.log,train,342000,3474720000,3.47472,4.7225,,3.56621e-05,77388.0
E:\CODEXRESEARCH\house_compute_hub\runs\20260615-141307-266267\mwstroud-mwstr-6aea1cf3.log,train,342000,3474720000,3.47472,4.1821,,7.21097e-05,92600.0
E:\CODEXRESEARCH\house_compute_hub\runs\20260604-022628-5c855b\mwstroud-mwstr-6aea1cf3.log,train,342500,3479800000,3.4798,4.3791,,3.55291e-05,77388.0
E:\CODEXRESEARCH\house_compute_hub\runs\20260615-141307-266267\mwstroud-mwstr-6aea1cf3.log,train,342500,3479800000,3.4798,3.6744,,7.17289e-05,92597.0
E:\CODEXRESEARCH\house_compute_hub\runs\20260604-022628-5c855b\mwstroud-mwstr-6aea1cf3.log,train,343000,3484880000,3.48488,4.6995,,3.53962e-05,77388.0
E:\CODEXRESEARCH\house_compute_hub\runs\20260615-141307-266267\mwstroud-mwstr-6aea1cf3.log,train,343000,3484880000,3.48488,4.2602,,7.13489e-05,92597.0
E:\CODEXRESEARCH\house_compute_hub\runs\20260604-022628-5c855b\mwstroud-mwstr-6aea1cf3.log,train,343500,3489960000,3.48996,4.8184,,3.52632e-05,77388.0
E:\CODEXRESEARCH\house_compute_hub\runs\20260615-141307-266267\mwstroud-mwstr-6aea1cf3.log,train,343500,3489960000,3.48996,4.0403,,7.09697e-05,92593.0
E:\CODEXRESEARCH\house_compute_hub\runs\20260604-022628-5c855b\mwstroud-mwstr-6aea1cf3.log,train,344000,3495040000,3.49504,4.0906,,3.51302e-05,77388.0
E:\CODEXRESEARCH\house_compute_hub\runs\20260615-141307-266267\mwstroud-mwstr-6aea1cf3.log,train,344000,3495040000,3.49504,4.3795,,7.05914e-05,92593.0
E:\CODEXRESEARCH\house_compute_hub\runs\20260604-022628-5c855b\mwstroud-mwstr-6aea1cf3.log,train,344500,3500120000,3.50012,4.3185,,3.49972e-05,77388.0
E:\CODEXRESEARCH\house_compute_hub\runs\20260615-141307-266267\mwstroud-mwstr-6aea1cf3.log,train,344500,3500120000,3.50012,4.3003,,7.0214e-05,92589.0
E:\CODEXRESEARCH\house_compute_hub\runs\20260604-022628-5c855b\mwstroud-mwstr-6aea1cf3.log,eval,344505,3500170800,3.5001708,4.3367,4.6102,,
E:\CODEXRESEARCH\house_compute_hub\runs\20260615-141307-266267\mwstroud-mwstr-6aea1cf3.log,eval,345000,3505200000,3.5052,3.8804,4.1063,,
E:\CODEXRESEARCH\house_compute_hub\runs\20260604-022628-5c855b\mwstroud-mwstr-6aea1cf3.log,train,345000,3505200000,3.5052,4.4928,,3.48642e-05,77388.0
E:\CODEXRESEARCH\house_compute_hub\runs\20260615-141307-266267\mwstroud-mwstr-6aea1cf3.log,train,345000,3505200000,3.5052,3.8804,,6.98375e-05,92589.0
E:\CODEXRESEARCH\house_compute_hub\runs\20260604-022628-5c855b\mwstroud-mwstr-6aea1cf3.log,train,345500,3510280000,3.51028,4.5659,,3.47312e-05,77388.0
E:\CODEXRESEARCH\house_compute_hub\runs\20260615-141307-266267\mwstroud-mwstr-6aea1cf3.log,train,345500,3510280000,3.51028,4.3679,,6.94618e-05,92585.0
E:\CODEXRESEARCH\house_compute_hub\runs\20260604-022628-5c855b\mwstroud-mwstr-6aea1cf3.log,train,346000,3515360000,3.51536,4.2794,,3.45982e-05,77388.0
E:\CODEXRESEARCH\house_compute_hub\runs\20260615-141307-266267\mwstroud-mwstr-6aea1cf3.log,train,346000,3515360000,3.51536,4.008,,6.9087e-05,92585.0
E:\CODEXRESEARCH\house_compute_hub\runs\20260604-022628-5c855b\mwstroud-mwstr-6aea1cf3.log,train,346500,3520440000,3.52044,4.4957,,3.44653e-05,77388.0
E:\CODEXRESEARCH\house_compute_hub\runs\20260615-141307-266267\mwstroud-mwstr-6aea1cf3.log,train,346500,3520440000,3.52044,4.0753,,6.87131e-05,92582.0
E:\CODEXRESEARCH\house_compute_hub\runs\20260604-022628-5c855b\mwstroud-mwstr-6aea1cf3.log,train,347000,3525520000,3.52552,4.5148,,3.43323e-05,77388.0
E:\CODEXRESEARCH\house_compute_hub\runs\20260615-141307-266267\mwstroud-mwstr-6aea1cf3.log,train,347000,3525520000,3.52552,4.0662,,6.83401e-05,92582.0
E:\CODEXRESEARCH\house_compute_hub\runs\20260604-022628-5c855b\mwstroud-mwstr-6aea1cf3.log,train,347500,3530600000,3.5306,5.2187,,3.41994e-05,77388.0
E:\CODEXRESEARCH\house_compute_hub\runs\20260615-141307-266267\mwstroud-mwstr-6aea1cf3.log,train,347500,3530600000,3.5306,4.2124,,6.79679e-05,92578.0
E:\CODEXRESEARCH\house_compute_hub\runs\20260604-022628-5c855b\mwstroud-mwstr-6aea1cf3.log,train,348000,3535680000,3.53568,4.9433,,3.40665e-05,77388.0
E:\CODEXRESEARCH\house_compute_hub\runs\20260615-141307-266267\mwstroud-mwstr-6aea1cf3.log,train,348000,3535680000,3.53568,4.1864,,6.75967e-05,92578.0
E:\CODEXRESEARCH\house_compute_hub\runs\20260604-022628-5c855b\mwstroud-mwstr-6aea1cf3.log,train,348500,3540760000,3.54076,4.6449,,3.39336e-05,77388.0
E:\CODEXRESEARCH\house_compute_hub\runs\20260615-141307-266267\mwstroud-mwstr-6aea1cf3.log,train,348500,3540760000,3.54076,3.7606,,6.72263e-05,92574.0
E:\CODEXRESEARCH\house_compute_hub\runs\20260604-022628-5c855b\mwstroud-mwstr-6aea1cf3.log,train,349000,3545840000,3.54584,4.0142,,3.38007e-05,77388.0
E:\CODEXRESEARCH\house_compute_hub\runs\20260615-141307-266267\mwstroud-mwstr-6aea1cf3.log,train,349000,3545840000,3.54584,4.1409,,6.68569e-05,92571.0
E:\CODEXRESEARCH\house_compute_hub\runs\20260604-022628-5c855b\mwstroud-mwstr-6aea1cf3.log,train,349500,3550920000,3.55092,4.4771,,3.36679e-05,77388.0
E:\CODEXRESEARCH\house_compute_hub\runs\20260615-141307-266267\mwstroud-mwstr-6aea1cf3.log,train,349500,3550920000,3.55092,4.0235,,6.64884e-05,92567.0
E:\CODEXRESEARCH\house_compute_hub\runs\20260615-141307-266267\mwstroud-mwstr-6aea1cf3.log,eval,350000,3556000000,3.556,3.8875,4.1056,,
E:\CODEXRESEARCH\house_compute_hub\runs\20260604-022628-5c855b\mwstroud-mwstr-6aea1cf3.log,train,350000,3556000000,3.556,4.5552,,3.35351e-05,77388.0
E:\CODEXRESEARCH\house_compute_hub\runs\20260615-141307-266267\mwstroud-mwstr-6aea1cf3.log,train,350000,3556000000,3.556,3.8875,,6.61207e-05,92568.0
E:\CODEXRESEARCH\house_compute_hub\runs\20260604-022628-5c855b\mwstroud-mwstr-6aea1cf3.log,train,350500,3561080000,3.56108,4.3814,,3.34024e-05,77388.0
E:\CODEXRESEARCH\house_compute_hub\runs\20260615-141307-266267\mwstroud-mwstr-6aea1cf3.log,train,350500,3561080000,3.56108,4.1913,,6.5754e-05,92564.0
E:\CODEXRESEARCH\house_compute_hub\runs\20260604-022628-5c855b\mwstroud-mwstr-6aea1cf3.log,train,351000,3566160000,3.56616,4.5212,,3.32697e-05,77388.0
E:\CODEXRESEARCH\house_compute_hub\runs\20260615-141307-266267\mwstroud-mwstr-6aea1cf3.log,train,351000,3566160000,3.56616,4.1576,,6.53882e-05,92564.0
E:\CODEXRESEARCH\house_compute_hub\runs\20260604-022628-5c855b\mwstroud-mwstr-6aea1cf3.log,train,351500,3571240000,3.57124,4.3649,,3.3137e-05,77388.0
E:\CODEXRESEARCH\house_compute_hub\runs\20260615-141307-266267\mwstroud-mwstr-6aea1cf3.log,train,351500,3571240000,3.57124,4.2062,,6.50233e-05,92560.0
E:\CODEXRESEARCH\house_compute_hub\runs\20260604-022628-5c855b\mwstroud-mwstr-6aea1cf3.log,train,352000,3576320000,3.57632,4.5593,,3.30044e-05,77388.0
E:\CODEXRESEARCH\house_compute_hub\runs\20260615-141307-266267\mwstroud-mwstr-6aea1cf3.log,train,352000,3576320000,3.57632,4.0421,,6.46594e-05,92561.0
E:\CODEXRESEARCH\house_compute_hub\runs\20260604-022628-5c855b\mwstroud-mwstr-6aea1cf3.log,train,352500,3581400000,3.5814,4.4892,,3.28719e-05,77388.0
E:\CODEXRESEARCH\house_compute_hub\runs\20260615-141307-266267\mwstroud-mwstr-6aea1cf3.log,train,352500,3581400000,3.5814,4.0815,,6.42964e-05,92557.0
E:\CODEXRESEARCH\house_compute_hub\runs\20260604-022628-5c855b\mwstroud-mwstr-6aea1cf3.log,train,353000,3586480000,3.58648,4.2916,,3.27394e-05,77388.0
E:\CODEXRESEARCH\house_compute_hub\runs\20260615-141307-266267\mwstroud-mwstr-6aea1cf3.log,train,353000,3586480000,3.58648,4.2219,,6.39343e-05,92557.0
E:\CODEXRESEARCH\house_compute_hub\runs\20260604-022628-5c855b\mwstroud-mwstr-6aea1cf3.log,train,353500,3591560000,3.59156,4.4825,,3.2607e-05,77388.0
E:\CODEXRESEARCH\house_compute_hub\runs\20260615-141307-266267\mwstroud-mwstr-6aea1cf3.log,train,353500,3591560000,3.59156,4.0656,,6.35731e-05,92553.0
E:\CODEXRESEARCH\house_compute_hub\runs\20260604-022628-5c855b\mwstroud-mwstr-6aea1cf3.log,train,354000,3596640000,3.59664,4.3665,,3.24746e-05,77388.0
E:\CODEXRESEARCH\house_compute_hub\runs\20260615-141307-266267\mwstroud-mwstr-6aea1cf3.log,train,354000,3596640000,3.59664,3.9467,,6.32129e-05,92553.0
E:\CODEXRESEARCH\house_compute_hub\runs\20260604-022628-5c855b\mwstroud-mwstr-6aea1cf3.log,eval,354348,3600175680,3.60017568,4.7072,4.6039,,
E:\CODEXRESEARCH\house_compute_hub\runs\20260604-022628-5c855b\mwstroud-mwstr-6aea1cf3.log,train,354500,3601720000,3.60172,4.5946,,3.23424e-05,77387.0
E:\CODEXRESEARCH\house_compute_hub\runs\20260615-141307-266267\mwstroud-mwstr-6aea1cf3.log,train,354500,3601720000,3.60172,3.8206,,6.28536e-05,92549.0
E:\CODEXRESEARCH\house_compute_hub\runs\20260615-141307-266267\mwstroud-mwstr-6aea1cf3.log,eval,355000,3606800000,3.6068,3.8827,4.103,,
E:\CODEXRESEARCH\house_compute_hub\runs\20260604-022628-5c855b\mwstroud-mwstr-6aea1cf3.log,train,355000,3606800000,3.6068,4.6504,,3.22101e-05,77387.0
E:\CODEXRESEARCH\house_compute_hub\runs\20260615-141307-266267\mwstroud-mwstr-6aea1cf3.log,train,355000,3606800000,3.6068,3.8827,,6.24953e-05,92550.0
E:\CODEXRESEARCH\house_compute_hub\runs\20260604-022628-5c855b\mwstroud-mwstr-6aea1cf3.log,train,355500,3611880000,3.61188,4.6622,,3.2078e-05,77387.0
E:\CODEXRESEARCH\house_compute_hub\runs\20260615-141307-266267\mwstroud-mwstr-6aea1cf3.log,train,355500,3611880000,3.61188,4.2307,,6.21379e-05,92546.0
E:\CODEXRESEARCH\house_compute_hub\runs\20260604-022628-5c855b\mwstroud-mwstr-6aea1cf3.log,train,356000,3616960000,3.61696,4.6466,,3.1946e-05,77387.0
E:\CODEXRESEARCH\house_compute_hub\runs\20260615-141307-266267\mwstroud-mwstr-6aea1cf3.log,train,356000,3616960000,3.61696,3.8986,,6.17815e-05,92547.0
E:\CODEXRESEARCH\house_compute_hub\runs\20260604-022628-5c855b\mwstroud-mwstr-6aea1cf3.log,train,356500,3622040000,3.62204,4.6744,,3.1814e-05,77387.0
E:\CODEXRESEARCH\house_compute_hub\runs\20260615-141307-266267\mwstroud-mwstr-6aea1cf3.log,train,356500,3622040000,3.62204,4.0269,,6.1426e-05,92543.0
E:\CODEXRESEARCH\house_compute_hub\runs\20260604-022628-5c855b\mwstroud-mwstr-6aea1cf3.log,train,357000,3627120000,3.62712,4.5675,,3.16822e-05,77387.0
E:\CODEXRESEARCH\house_compute_hub\runs\20260615-141307-266267\mwstroud-mwstr-6aea1cf3.log,train,357000,3627120000,3.62712,4.2118,,6.10715e-05,92543.0
E:\CODEXRESEARCH\house_compute_hub\runs\20260604-022628-5c855b\mwstroud-mwstr-6aea1cf3.log,train,357500,3632200000,3.6322,4.7398,,3.15504e-05,77387.0
E:\CODEXRESEARCH\house_compute_hub\runs\20260615-141307-266267\mwstroud-mwstr-6aea1cf3.log,train,357500,3632200000,3.6322,4.3906,,6.0718e-05,92539.0
E:\CODEXRESEARCH\house_compute_hub\runs\20260604-022628-5c855b\mwstroud-mwstr-6aea1cf3.log,train,358000,3637280000,3.63728,4.2752,,3.14187e-05,77387.0
E:\CODEXRESEARCH\house_compute_hub\runs\20260615-141307-266267\mwstroud-mwstr-6aea1cf3.log,train,358000,3637280000,3.63728,3.6455,,6.03654e-05,92540.0
E:\CODEXRESEARCH\house_compute_hub\runs\20260604-022628-5c855b\mwstroud-mwstr-6aea1cf3.log,train,358500,3642360000,3.64236,4.6976,,3.12872e-05,77387.0
E:\CODEXRESEARCH\house_compute_hub\runs\20260615-141307-266267\mwstroud-mwstr-6aea1cf3.log,train,358500,3642360000,3.64236,3.9662,,6.00138e-05,92536.0
E:\CODEXRESEARCH\house_compute_hub\runs\20260604-022628-5c855b\mwstroud-mwstr-6aea1cf3.log,train,359000,3647440000,3.64744,4.4058,,3.11557e-05,77387.0
E:\CODEXRESEARCH\house_compute_hub\runs\20260615-141307-266267\mwstroud-mwstr-6aea1cf3.log,train,359000,3647440000,3.64744,3.8993,,5.96632e-05,92536.0
E:\CODEXRESEARCH\house_compute_hub\runs\20260604-022628-5c855b\mwstroud-mwstr-6aea1cf3.log,train,359500,3652520000,3.65252,4.4311,,3.10243e-05,77387.0
E:\CODEXRESEARCH\house_compute_hub\runs\20260615-141307-266267\mwstroud-mwstr-6aea1cf3.log,train,359500,3652520000,3.65252,4.1314,,5.93135e-05,92533.0
E:\CODEXRESEARCH\house_compute_hub\runs\20260615-141307-266267\mwstroud-mwstr-6aea1cf3.log,eval,360000,3657600000,3.6576,4.258,4.1032,,
E:\CODEXRESEARCH\house_compute_hub\runs\20260604-022628-5c855b\mwstroud-mwstr-6aea1cf3.log,train,360000,3657600000,3.6576,4.6565,,3.08931e-05,77387.0
E:\CODEXRESEARCH\house_compute_hub\runs\20260615-141307-266267\mwstroud-mwstr-6aea1cf3.log,train,360000,3657600000,3.6576,4.258,,5.89648e-05,92533.0
E:\CODEXRESEARCH\house_compute_hub\runs\20260604-022628-5c855b\mwstroud-mwstr-6aea1cf3.log,train,360500,3662680000,3.66268,4.5616,,3.0762e-05,77387.0
E:\CODEXRESEARCH\house_compute_hub\runs\20260615-141307-266267\mwstroud-mwstr-6aea1cf3.log,train,360500,3662680000,3.66268,4.1988,,5.86172e-05,92529.0
E:\CODEXRESEARCH\house_compute_hub\runs\20260604-022628-5c855b\mwstroud-mwstr-6aea1cf3.log,train,361000,3667760000,3.66776,4.5239,,3.06309e-05,77387.0
E:\CODEXRESEARCH\house_compute_hub\runs\20260615-141307-266267\mwstroud-mwstr-6aea1cf3.log,train,361000,3667760000,3.66776,3.9,,5.82705e-05,92529.0
E:\CODEXRESEARCH\house_compute_hub\runs\20260604-022628-5c855b\mwstroud-mwstr-6aea1cf3.log,train,361500,3672840000,3.67284,5.2013,,3.05001e-05,77387.0
E:\CODEXRESEARCH\house_compute_hub\runs\20260615-141307-266267\mwstroud-mwstr-6aea1cf3.log,train,361500,3672840000,3.67284,3.8064,,5.79248e-05,92526.0
E:\CODEXRESEARCH\house_compute_hub\runs\20260604-022628-5c855b\mwstroud-mwstr-6aea1cf3.log,train,362000,3677920000,3.67792,4.4051,,3.03693e-05,77387.0
E:\CODEXRESEARCH\house_compute_hub\runs\20260615-141307-266267\mwstroud-mwstr-6aea1cf3.log,train,362000,3677920000,3.67792,3.8853,,5.75801e-05,92527.0
E:\CODEXRESEARCH\house_compute_hub\runs\20260604-022628-5c855b\mwstroud-mwstr-6aea1cf3.log,train,362500,3683000000,3.683,4.548,,3.02387e-05,77387.0
E:\CODEXRESEARCH\house_compute_hub\runs\20260615-141307-266267\mwstroud-mwstr-6aea1cf3.log,train,362500,3683000000,3.683,3.3827,,5.72364e-05,92523.0
E:\CODEXRESEARCH\house_compute_hub\runs\20260604-022628-5c855b\mwstroud-mwstr-6aea1cf3.log,train,363000,3688080000,3.68808,4.5118,,3.01082e-05,77387.0
E:\CODEXRESEARCH\house_compute_hub\runs\20260615-141307-266267\mwstroud-mwstr-6aea1cf3.log,train,363000,3688080000,3.68808,4.3861,,5.68937e-05,92524.0
E:\CODEXRESEARCH\house_compute_hub\runs\20260604-022628-5c855b\mwstroud-mwstr-6aea1cf3.log,train,363500,3693160000,3.69316,5.3705,,2.99778e-05,77387.0
E:\CODEXRESEARCH\house_compute_hub\runs\20260615-141307-266267\mwstroud-mwstr-6aea1cf3.log,train,363500,3693160000,3.69316,4.9054,,5.6552e-05,92520.0
E:\CODEXRESEARCH\house_compute_hub\runs\20260604-022628-5c855b\mwstroud-mwstr-6aea1cf3.log,train,364000,3698240000,3.69824,4.5345,,2.98476e-05,77387.0
E:\CODEXRESEARCH\house_compute_hub\runs\20260615-141307-266267\mwstroud-mwstr-6aea1cf3.log,train,364000,3698240000,3.69824,3.8898,,5.62113e-05,92521.0
E:\CODEXRESEARCH\house_compute_hub\runs\20260604-022628-5c855b\mwstroud-mwstr-6aea1cf3.log,eval,364191,3700180560,3.70018056,4.4836,4.6025,,
E:\CODEXRESEARCH\house_compute_hub\runs\20260604-022628-5c855b\mwstroud-mwstr-6aea1cf3.log,train,364500,3703320000,3.70332,4.7289,,2.97176e-05,77386.0
E:\CODEXRESEARCH\house_compute_hub\runs\20260615-141307-266267\mwstroud-mwstr-6aea1cf3.log,train,364500,3703320000,3.70332,3.7217,,5.58717e-05,92517.0
E:\CODEXRESEARCH\house_compute_hub\runs\20260615-141307-266267\mwstroud-mwstr-6aea1cf3.log,eval,365000,3708400000,3.7084,4.1515,4.0984,,
E:\CODEXRESEARCH\house_compute_hub\runs\20260604-022628-5c855b\mwstroud-mwstr-6aea1cf3.log,train,365000,3708400000,3.7084,4.4245,,2.95876e-05,77386.0
E:\CODEXRESEARCH\house_compute_hub\runs\20260615-141307-266267\mwstroud-mwstr-6aea1cf3.log,train,365000,3708400000,3.7084,4.1515,,5.5533e-05,92518.0
E:\CODEXRESEARCH\house_compute_hub\runs\20260604-022628-5c855b\mwstroud-mwstr-6aea1cf3.log,train,365500,3713480000,3.71348,4.3926,,2.94579e-05,77386.0
E:\CODEXRESEARCH\house_compute_hub\runs\20260615-141307-266267\mwstroud-mwstr-6aea1cf3.log,train,365500,3713480000,3.71348,4.1178,,5.51954e-05,92514.0
E:\CODEXRESEARCH\house_compute_hub\runs\20260604-022628-5c855b\mwstroud-mwstr-6aea1cf3.log,train,366000,3718560000,3.71856,4.5777,,2.93283e-05,77386.0
E:\CODEXRESEARCH\house_compute_hub\runs\20260615-141307-266267\mwstroud-mwstr-6aea1cf3.log,train,366000,3718560000,3.71856,4.2499,,5.48588e-05,92515.0
E:\CODEXRESEARCH\house_compute_hub\runs\20260604-022628-5c855b\mwstroud-mwstr-6aea1cf3.log,train,366500,3723640000,3.72364,4.4668,,2.91988e-05,77386.0
E:\CODEXRESEARCH\house_compute_hub\runs\20260615-141307-266267\mwstroud-mwstr-6aea1cf3.log,train,366500,3723640000,3.72364,4.0034,,5.45232e-05,92511.0
E:\CODEXRESEARCH\house_compute_hub\runs\20260604-022628-5c855b\mwstroud-mwstr-6aea1cf3.log,train,367000,3728720000,3.72872,4.754,,2.90695e-05,77386.0
E:\CODEXRESEARCH\house_compute_hub\runs\20260615-141307-266267\mwstroud-mwstr-6aea1cf3.log,train,367000,3728720000,3.72872,4.1047,,5.41887e-05,92511.0
E:\CODEXRESEARCH\house_compute_hub\runs\20260604-022628-5c855b\mwstroud-mwstr-6aea1cf3.log,train,367500,3733800000,3.7338,5.0306,,2.89404e-05,77386.0
E:\CODEXRESEARCH\house_compute_hub\runs\20260615-141307-266267\mwstroud-mwstr-6aea1cf3.log,train,367500,3733800000,3.7338,4.2321,,5.38552e-05,92507.0
E:\CODEXRESEARCH\house_compute_hub\runs\20260604-022628-5c855b\mwstroud-mwstr-6aea1cf3.log,train,368000,3738880000,3.73888,4.7261,,2.88115e-05,77386.0
E:\CODEXRESEARCH\house_compute_hub\runs\20260615-141307-266267\mwstroud-mwstr-6aea1cf3.log,train,368000,3738880000,3.73888,4.1484,,5.35228e-05,92507.0
E:\CODEXRESEARCH\house_compute_hub\runs\20260604-022628-5c855b\mwstroud-mwstr-6aea1cf3.log,train,368500,3743960000,3.74396,4.2865,,2.86827e-05,77386.0
E:\CODEXRESEARCH\house_compute_hub\runs\20260615-141307-266267\mwstroud-mwstr-6aea1cf3.log,train,368500,3743960000,3.74396,4.1753,,5.31913e-05,92504.0
E:\CODEXRESEARCH\house_compute_hub\runs\20260604-022628-5c855b\mwstroud-mwstr-6aea1cf3.log,train,369000,3749040000,3.74904,4.7956,,2.85541e-05,77386.0
E:\CODEXRESEARCH\house_compute_hub\runs\20260615-141307-266267\mwstroud-mwstr-6aea1cf3.log,train,369000,3749040000,3.74904,4.1874,,5.2861e-05,92500.0
E:\CODEXRESEARCH\house_compute_hub\runs\20260604-022628-5c855b\mwstroud-mwstr-6aea1cf3.log,train,369500,3754120000,3.75412,4.7133,,2.84257e-05,77386.0
E:\CODEXRESEARCH\house_compute_hub\runs\20260615-141307-266267\mwstroud-mwstr-6aea1cf3.log,train,369500,3754120000,3.75412,3.9965,,5.25316e-05,92497.0
E:\CODEXRESEARCH\house_compute_hub\runs\20260615-141307-266267\mwstroud-mwstr-6aea1cf3.log,eval,370000,3759200000,3.7592,3.7384,4.0962,,
E:\CODEXRESEARCH\house_compute_hub\runs\20260604-022628-5c855b\mwstroud-mwstr-6aea1cf3.log,train,370000,3759200000,3.7592,4.5376,,2.82975e-05,77386.0
E:\CODEXRESEARCH\house_compute_hub\runs\20260615-141307-266267\mwstroud-mwstr-6aea1cf3.log,train,370000,3759200000,3.7592,3.7384,,5.22034e-05,92497.0
E:\CODEXRESEARCH\house_compute_hub\runs\20260604-022628-5c855b\mwstroud-mwstr-6aea1cf3.log,train,370500,3764280000,3.76428,4.7204,,2.81695e-05,77386.0
E:\CODEXRESEARCH\house_compute_hub\runs\20260615-141307-266267\mwstroud-mwstr-6aea1cf3.log,train,370500,3764280000,3.76428,4.3116,,5.18762e-05,92494.0
E:\CODEXRESEARCH\house_compute_hub\runs\20260604-022628-5c855b\mwstroud-mwstr-6aea1cf3.log,train,371000,3769360000,3.76936,4.6066,,2.80416e-05,77386.0
E:\CODEXRESEARCH\house_compute_hub\runs\20260615-141307-266267\mwstroud-mwstr-6aea1cf3.log,train,371000,3769360000,3.76936,3.8346,,5.155e-05,92494.0
E:\CODEXRESEARCH\house_compute_hub\runs\20260604-022628-5c855b\mwstroud-mwstr-6aea1cf3.log,train,371500,3774440000,3.77444,4.7719,,2.7914e-05,77386.0
E:\CODEXRESEARCH\house_compute_hub\runs\20260615-141307-266267\mwstroud-mwstr-6aea1cf3.log,train,371500,3774440000,3.77444,4.5313,,5.12249e-05,92491.0
E:\CODEXRESEARCH\house_compute_hub\runs\20260604-022628-5c855b\mwstroud-mwstr-6aea1cf3.log,train,372000,3779520000,3.77952,4.6032,,2.77866e-05,77385.0
E:\CODEXRESEARCH\house_compute_hub\runs\20260615-141307-266267\mwstroud-mwstr-6aea1cf3.log,train,372000,3779520000,3.77952,4.0462,,5.09009e-05,92492.0
E:\CODEXRESEARCH\house_compute_hub\runs\20260604-022628-5c855b\mwstroud-mwstr-6aea1cf3.log,train,372500,3784600000,3.7846,4.3485,,2.76593e-05,77385.0
E:\CODEXRESEARCH\house_compute_hub\runs\20260615-141307-266267\mwstroud-mwstr-6aea1cf3.log,train,372500,3784600000,3.7846,4.1224,,5.05779e-05,92488.0
E:\CODEXRESEARCH\house_compute_hub\runs\20260604-022628-5c855b\mwstroud-mwstr-6aea1cf3.log,train,373000,3789680000,3.78968,4.565,,2.75323e-05,77385.0
E:\CODEXRESEARCH\house_compute_hub\runs\20260615-141307-266267\mwstroud-mwstr-6aea1cf3.log,train,373000,3789680000,3.78968,3.8625,,5.0256e-05,92489.0
E:\CODEXRESEARCH\house_compute_hub\runs\20260604-022628-5c855b\mwstroud-mwstr-6aea1cf3.log,train,373500,3794760000,3.79476,4.3479,,2.74055e-05,77385.0
E:\CODEXRESEARCH\house_compute_hub\runs\20260615-141307-266267\mwstroud-mwstr-6aea1cf3.log,train,373500,3794760000,3.79476,4.3607,,4.99352e-05,92485.0
E:\CODEXRESEARCH\house_compute_hub\runs\20260604-022628-5c855b\mwstroud-mwstr-6aea1cf3.log,train,374000,3799840000,3.79984,4.3446,,2.72789e-05,77385.0
E:\CODEXRESEARCH\house_compute_hub\runs\20260615-141307-266267\mwstroud-mwstr-6aea1cf3.log,train,374000,3799840000,3.79984,4.2497,,4.96155e-05,92485.0
E:\CODEXRESEARCH\house_compute_hub\runs\20260604-022628-5c855b\mwstroud-mwstr-6aea1cf3.log,eval,374034,3800185440,3.80018544,4.783,4.5984,,
E:\CODEXRESEARCH\house_compute_hub\runs\20260604-022628-5c855b\mwstroud-mwstr-6aea1cf3.log,train,374500,3804920000,3.80492,4.5294,,2.71525e-05,77385.0
E:\CODEXRESEARCH\house_compute_hub\runs\20260615-141307-266267\mwstroud-mwstr-6aea1cf3.log,train,374500,3804920000,3.80492,4.0126,,4.92969e-05,92482.0
E:\CODEXRESEARCH\house_compute_hub\runs\20260615-141307-266267\mwstroud-mwstr-6aea1cf3.log,eval,375000,3810000000,3.81,4.0355,4.0937,,
E:\CODEXRESEARCH\house_compute_hub\runs\20260604-022628-5c855b\mwstroud-mwstr-6aea1cf3.log,train,375000,3810000000,3.81,4.2624,,2.70263e-05,77385.0
E:\CODEXRESEARCH\house_compute_hub\runs\20260615-141307-266267\mwstroud-mwstr-6aea1cf3.log,train,375000,3810000000,3.81,4.0355,,4.89793e-05,92482.0
E:\CODEXRESEARCH\house_compute_hub\runs\20260604-022628-5c855b\mwstroud-mwstr-6aea1cf3.log,train,375500,3815080000,3.81508,4.1659,,2.69004e-05,77385.0
E:\CODEXRESEARCH\house_compute_hub\runs\20260615-141307-266267\mwstroud-mwstr-6aea1cf3.log,train,375500,3815080000,3.81508,4.1217,,4.86628e-05,92479.0
E:\CODEXRESEARCH\house_compute_hub\runs\20260604-022628-5c855b\mwstroud-mwstr-6aea1cf3.log,train,376000,3820160000,3.82016,4.5,,2.67747e-05,77385.0
E:\CODEXRESEARCH\house_compute_hub\runs\20260615-141307-266267\mwstroud-mwstr-6aea1cf3.log,train,376000,3820160000,3.82016,4.3888,,4.83474e-05,92479.0
E:\CODEXRESEARCH\house_compute_hub\runs\20260604-022628-5c855b\mwstroud-mwstr-6aea1cf3.log,train,376500,3825240000,3.82524,4.4298,,2.66492e-05,77385.0
E:\CODEXRESEARCH\house_compute_hub\runs\20260615-141307-266267\mwstroud-mwstr-6aea1cf3.log,train,376500,3825240000,3.82524,3.9423,,4.80332e-05,92475.0
E:\CODEXRESEARCH\house_compute_hub\runs\20260604-022628-5c855b\mwstroud-mwstr-6aea1cf3.log,train,377000,3830320000,3.83032,4.847,,2.6524e-05,77385.0
E:\CODEXRESEARCH\house_compute_hub\runs\20260615-141307-266267\mwstroud-mwstr-6aea1cf3.log,train,377000,3830320000,3.83032,3.9038,,4.772e-05,92476.0
E:\CODEXRESEARCH\house_compute_hub\runs\20260604-022628-5c855b\mwstroud-mwstr-6aea1cf3.log,train,377500,3835400000,3.8354,4.3312,,2.6399e-05,77385.0
E:\CODEXRESEARCH\house_compute_hub\runs\20260615-141307-266267\mwstroud-mwstr-6aea1cf3.log,train,377500,3835400000,3.8354,4.3317,,4.74079e-05,92472.0
E:\CODEXRESEARCH\house_compute_hub\runs\20260604-022628-5c855b\mwstroud-mwstr-6aea1cf3.log,train,378000,3840480000,3.84048,4.5407,,2.62742e-05,77385.0
E:\CODEXRESEARCH\house_compute_hub\runs\20260615-141307-266267\mwstroud-mwstr-6aea1cf3.log,train,378000,3840480000,3.84048,4.4996,,4.70969e-05,92473.0
E:\CODEXRESEARCH\house_compute_hub\runs\20260604-022628-5c855b\mwstroud-mwstr-6aea1cf3.log,train,378500,3845560000,3.84556,4.6164,,2.61497e-05,77385.0
E:\CODEXRESEARCH\house_compute_hub\runs\20260615-141307-266267\mwstroud-mwstr-6aea1cf3.log,train,378500,3845560000,3.84556,4.1691,,4.6787e-05,92470.0
E:\CODEXRESEARCH\house_compute_hub\runs\20260604-022628-5c855b\mwstroud-mwstr-6aea1cf3.log,train,379000,3850640000,3.85064,4.2376,,2.60255e-05,77385.0
E:\CODEXRESEARCH\house_compute_hub\runs\20260615-141307-266267\mwstroud-mwstr-6aea1cf3.log,train,379000,3850640000,3.85064,4.0921,,4.64783e-05,92470.0
E:\CODEXRESEARCH\house_compute_hub\runs\20260604-022628-5c855b\mwstroud-mwstr-6aea1cf3.log,train,379500,3855720000,3.85572,4.6544,,2.59015e-05,77385.0
E:\CODEXRESEARCH\house_compute_hub\runs\20260615-141307-266267\mwstroud-mwstr-6aea1cf3.log,train,379500,3855720000,3.85572,4.0851,,4.61706e-05,92467.0
E:\CODEXRESEARCH\house_compute_hub\runs\20260615-141307-266267\mwstroud-mwstr-6aea1cf3.log,eval,380000,3860800000,3.8608,3.9406,4.0939,,
E:\CODEXRESEARCH\house_compute_hub\runs\20260604-022628-5c855b\mwstroud-mwstr-6aea1cf3.log,train,380000,3860800000,3.8608,4.4106,,2.57777e-05,77385.0
E:\CODEXRESEARCH\house_compute_hub\runs\20260615-141307-266267\mwstroud-mwstr-6aea1cf3.log,train,380000,3860800000,3.8608,3.9406,,4.58641e-05,92468.0
E:\CODEXRESEARCH\house_compute_hub\runs\20260604-022628-5c855b\mwstroud-mwstr-6aea1cf3.log,train,380500,3865880000,3.86588,4.7105,,2.56542e-05,77384.0
E:\CODEXRESEARCH\house_compute_hub\runs\20260615-141307-266267\mwstroud-mwstr-6aea1cf3.log,train,380500,3865880000,3.86588,3.8574,,4.55587e-05,92464.0
E:\CODEXRESEARCH\house_compute_hub\runs\20260604-022628-5c855b\mwstroud-mwstr-6aea1cf3.log,train,381000,3870960000,3.87096,4.2936,,2.5531e-05,77384.0
E:\CODEXRESEARCH\house_compute_hub\runs\20260615-141307-266267\mwstroud-mwstr-6aea1cf3.log,train,381000,3870960000,3.87096,4.1043,,4.52544e-05,92464.0
E:\CODEXRESEARCH\house_compute_hub\runs\20260604-022628-5c855b\mwstroud-mwstr-6aea1cf3.log,train,381500,3876040000,3.87604,4.5858,,2.54081e-05,77384.0
E:\CODEXRESEARCH\house_compute_hub\runs\20260615-141307-266267\mwstroud-mwstr-6aea1cf3.log,train,381500,3876040000,3.87604,3.7674,,4.49513e-05,92461.0
E:\CODEXRESEARCH\house_compute_hub\runs\20260604-022628-5c855b\mwstroud-mwstr-6aea1cf3.log,train,382000,3881120000,3.88112,4.6186,,2.52854e-05,77384.0
E:\CODEXRESEARCH\house_compute_hub\runs\20260615-141307-266267\mwstroud-mwstr-6aea1cf3.log,train,382000,3881120000,3.88112,4.3681,,4.46492e-05,92461.0
E:\CODEXRESEARCH\house_compute_hub\runs\20260604-022628-5c855b\mwstroud-mwstr-6aea1cf3.log,train,382500,3886200000,3.8862,4.7961,,2.5163e-05,77384.0
E:\CODEXRESEARCH\house_compute_hub\runs\20260615-141307-266267\mwstroud-mwstr-6aea1cf3.log,train,382500,3886200000,3.8862,4.4954,,4.43483e-05,92458.0
E:\CODEXRESEARCH\house_compute_hub\runs\20260604-022628-5c855b\mwstroud-mwstr-6aea1cf3.log,train,383000,3891280000,3.89128,4.4285,,2.50409e-05,77384.0
E:\CODEXRESEARCH\house_compute_hub\runs\20260615-141307-266267\mwstroud-mwstr-6aea1cf3.log,train,383000,3891280000,3.89128,3.7994,,4.40486e-05,92458.0
E:\CODEXRESEARCH\house_compute_hub\runs\20260604-022628-5c855b\mwstroud-mwstr-6aea1cf3.log,train,383500,3896360000,3.89636,4.4864,,2.4919e-05,77384.0
E:\CODEXRESEARCH\house_compute_hub\runs\20260615-141307-266267\mwstroud-mwstr-6aea1cf3.log,train,383500,3896360000,3.89636,3.8971,,4.375e-05,92455.0
E:\CODEXRESEARCH\house_compute_hub\runs\20260604-022628-5c855b\mwstroud-mwstr-6aea1cf3.log,eval,383877,3900190320,3.90019032,4.4563,4.5969,,
E:\CODEXRESEARCH\house_compute_hub\runs\20260604-022628-5c855b\mwstroud-mwstr-6aea1cf3.log,train,384000,3901440000,3.90144,4.8338,,2.47975e-05,77384.0
E:\CODEXRESEARCH\house_compute_hub\runs\20260615-141307-266267\mwstroud-mwstr-6aea1cf3.log,train,384000,3901440000,3.90144,4.3392,,4.34525e-05,92456.0
E:\CODEXRESEARCH\house_compute_hub\runs\20260604-022628-5c855b\mwstroud-mwstr-6aea1cf3.log,train,384500,3906520000,3.90652,4.5971,,2.46762e-05,77384.0
E:\CODEXRESEARCH\house_compute_hub\runs\20260615-141307-266267\mwstroud-mwstr-6aea1cf3.log,train,384500,3906520000,3.90652,4.0024,,4.31562e-05,92452.0
E:\CODEXRESEARCH\house_compute_hub\runs\20260615-141307-266267\mwstroud-mwstr-6aea1cf3.log,eval,385000,3911600000,3.9116,3.7583,4.0916,,
E:\CODEXRESEARCH\house_compute_hub\runs\20260604-022628-5c855b\mwstroud-mwstr-6aea1cf3.log,train,385000,3911600000,3.9116,4.9665,,2.45552e-05,77384.0
E:\CODEXRESEARCH\house_compute_hub\runs\20260615-141307-266267\mwstroud-mwstr-6aea1cf3.log,train,385000,3911600000,3.9116,3.7583,,4.2861e-05,92453.0
E:\CODEXRESEARCH\house_compute_hub\runs\20260604-022628-5c855b\mwstroud-mwstr-6aea1cf3.log,train,385500,3916680000,3.91668,4.5096,,2.44345e-05,77384.0
E:\CODEXRESEARCH\house_compute_hub\runs\20260615-141307-266267\mwstroud-mwstr-6aea1cf3.log,train,385500,3916680000,3.91668,4.2552,,4.2567e-05,92449.0
E:\CODEXRESEARCH\house_compute_hub\runs\20260604-022628-5c855b\mwstroud-mwstr-6aea1cf3.log,train,386000,3921760000,3.92176,4.783,,2.43141e-05,77384.0
E:\CODEXRESEARCH\house_compute_hub\runs\20260615-141307-266267\mwstroud-mwstr-6aea1cf3.log,train,386000,3921760000,3.92176,3.9199,,4.22741e-05,92450.0
E:\CODEXRESEARCH\house_compute_hub\runs\20260604-022628-5c855b\mwstroud-mwstr-6aea1cf3.log,train,386500,3926840000,3.92684,4.322,,2.41941e-05,77383.0
E:\CODEXRESEARCH\house_compute_hub\runs\20260615-141307-266267\mwstroud-mwstr-6aea1cf3.log,train,386500,3926840000,3.92684,3.9344,,4.19824e-05,92446.0
E:\CODEXRESEARCH\house_compute_hub\runs\20260604-022628-5c855b\mwstroud-mwstr-6aea1cf3.log,train,387000,3931920000,3.93192,4.594,,2.40743e-05,77383.0
E:\CODEXRESEARCH\house_compute_hub\runs\20260615-141307-266267\mwstroud-mwstr-6aea1cf3.log,train,387000,3931920000,3.93192,3.8835,,4.16918e-05,92447.0
E:\CODEXRESEARCH\house_compute_hub\runs\20260604-022628-5c855b\mwstroud-mwstr-6aea1cf3.log,train,387500,3937000000,3.937,4.4229,,2.39548e-05,77383.0
E:\CODEXRESEARCH\house_compute_hub\runs\20260615-141307-266267\mwstroud-mwstr-6aea1cf3.log,train,387500,3937000000,3.937,4.0541,,4.14024e-05,92443.0
E:\CODEXRESEARCH\house_compute_hub\runs\20260604-022628-5c855b\mwstroud-mwstr-6aea1cf3.log,train,388000,3942080000,3.94208,4.3352,,2.38357e-05,77383.0
E:\CODEXRESEARCH\house_compute_hub\runs\20260615-141307-266267\mwstroud-mwstr-6aea1cf3.log,train,388000,3942080000,3.94208,4.0829,,4.11142e-05,92444.0
E:\CODEXRESEARCH\house_compute_hub\runs\20260604-022628-5c855b\mwstroud-mwstr-6aea1cf3.log,train,388500,3947160000,3.94716,4.4905,,2.37168e-05,77383.0
E:\CODEXRESEARCH\house_compute_hub\runs\20260615-141307-266267\mwstroud-mwstr-6aea1cf3.log,train,388500,3947160000,3.94716,4.0421,,4.08272e-05,92440.0
E:\CODEXRESEARCH\house_compute_hub\runs\20260604-022628-5c855b\mwstroud-mwstr-6aea1cf3.log,train,389000,3952240000,3.95224,4.3804,,2.35983e-05,77383.0
E:\CODEXRESEARCH\house_compute_hub\runs\20260615-141307-266267\mwstroud-mwstr-6aea1cf3.log,train,389000,3952240000,3.95224,3.9807,,4.05413e-05,92441.0
E:\CODEXRESEARCH\house_compute_hub\runs\20260604-022628-5c855b\mwstroud-mwstr-6aea1cf3.log,train,389500,3957320000,3.95732,4.6647,,2.34801e-05,77383.0
E:\CODEXRESEARCH\house_compute_hub\runs\20260615-141307-266267\mwstroud-mwstr-6aea1cf3.log,train,389500,3957320000,3.95732,4.1703,,4.02566e-05,92437.0
E:\CODEXRESEARCH\house_compute_hub\runs\20260615-141307-266267\mwstroud-mwstr-6aea1cf3.log,eval,390000,3962400000,3.9624,3.8756,4.092,,
E:\CODEXRESEARCH\house_compute_hub\runs\20260604-022628-5c855b\mwstroud-mwstr-6aea1cf3.log,train,390000,3962400000,3.9624,4.4649,,2.33622e-05,77383.0
E:\CODEXRESEARCH\house_compute_hub\runs\20260615-141307-266267\mwstroud-mwstr-6aea1cf3.log,train,390000,3962400000,3.9624,3.8756,,3.99731e-05,92438.0
E:\CODEXRESEARCH\house_compute_hub\runs\20260604-022628-5c855b\mwstroud-mwstr-6aea1cf3.log,train,390500,3967480000,3.96748,4.3648,,2.32447e-05,77383.0
E:\CODEXRESEARCH\house_compute_hub\runs\20260615-141307-266267\mwstroud-mwstr-6aea1cf3.log,train,390500,3967480000,3.96748,3.8504,,3.96907e-05,92434.0
E:\CODEXRESEARCH\house_compute_hub\runs\20260604-022628-5c855b\mwstroud-mwstr-6aea1cf3.log,train,391000,3972560000,3.97256,4.7094,,2.31275e-05,77383.0
E:\CODEXRESEARCH\house_compute_hub\runs\20260615-141307-266267\mwstroud-mwstr-6aea1cf3.log,train,391000,3972560000,3.97256,4.3485,,3.94096e-05,92435.0
E:\CODEXRESEARCH\house_compute_hub\runs\20260604-022628-5c855b\mwstroud-mwstr-6aea1cf3.log,train,391500,3977640000,3.97764,4.9673,,2.30106e-05,77383.0
E:\CODEXRESEARCH\house_compute_hub\runs\20260615-141307-266267\mwstroud-mwstr-6aea1cf3.log,train,391500,3977640000,3.97764,4.1488,,3.91296e-05,92432.0
E:\CODEXRESEARCH\house_compute_hub\runs\20260604-022628-5c855b\mwstroud-mwstr-6aea1cf3.log,train,392000,3982720000,3.98272,4.6127,,2.28941e-05,77383.0
E:\CODEXRESEARCH\house_compute_hub\runs\20260615-141307-266267\mwstroud-mwstr-6aea1cf3.log,train,392000,3982720000,3.98272,4.0233,,3.88508e-05,92432.0
E:\CODEXRESEARCH\house_compute_hub\runs\20260604-022628-5c855b\mwstroud-mwstr-6aea1cf3.log,train,392500,3987800000,3.9878,4.5322,,2.27779e-05,77383.0
E:\CODEXRESEARCH\house_compute_hub\runs\20260615-141307-266267\mwstroud-mwstr-6aea1cf3.log,train,392500,3987800000,3.9878,3.9979,,3.85732e-05,92429.0
E:\CODEXRESEARCH\house_compute_hub\runs\20260604-022628-5c855b\mwstroud-mwstr-6aea1cf3.log,train,393000,3992880000,3.99288,4.2207,,2.26621e-05,77383.0
E:\CODEXRESEARCH\house_compute_hub\runs\20260615-141307-266267\mwstroud-mwstr-6aea1cf3.log,train,393000,3992880000,3.99288,3.8292,,3.82968e-05,92430.0
E:\CODEXRESEARCH\house_compute_hub\runs\20260604-022628-5c855b\mwstroud-mwstr-6aea1cf3.log,train,393500,3997960000,3.99796,3.8543,,2.25466e-05,77383.0
E:\CODEXRESEARCH\house_compute_hub\runs\20260615-141307-266267\mwstroud-mwstr-6aea1cf3.log,train,393500,3997960000,3.99796,3.8409,,3.80216e-05,92427.0
E:\CODEXRESEARCH\house_compute_hub\runs\20260604-022628-5c855b\mwstroud-mwstr-6aea1cf3.log,eval,393720,4000195200,4.0001952,4.592,4.5951,,
E:\CODEXRESEARCH\house_compute_hub\runs\20260604-022628-5c855b\mwstroud-mwstr-6aea1cf3.log,train,394000,4003040000,4.00304,4.472,,2.24314e-05,77383.0
E:\CODEXRESEARCH\house_compute_hub\runs\20260615-141307-266267\mwstroud-mwstr-6aea1cf3.log,train,394000,4003040000,4.00304,4.1559,,3.77476e-05,92427.0
E:\CODEXRESEARCH\house_compute_hub\runs\20260604-022628-5c855b\mwstroud-mwstr-6aea1cf3.log,train,394500,4008120000,4.00812,4.6862,,2.23166e-05,77382.0
E:\CODEXRESEARCH\house_compute_hub\runs\20260615-141307-266267\mwstroud-mwstr-6aea1cf3.log,train,394500,4008120000,4.00812,4.0563,,3.74748e-05,92423.0
E:\CODEXRESEARCH\house_compute_hub\runs\20260615-141307-266267\mwstroud-mwstr-6aea1cf3.log,eval,395000,4013200000,4.0132,3.966,4.0899,,
E:\CODEXRESEARCH\house_compute_hub\runs\20260604-022628-5c855b\mwstroud-mwstr-6aea1cf3.log,train,395000,4013200000,4.0132,4.384,,2.22022e-05,77382.0
E:\CODEXRESEARCH\house_compute_hub\runs\20260615-141307-266267\mwstroud-mwstr-6aea1cf3.log,train,395000,4013200000,4.0132,3.966,,3.72033e-05,92424.0
E:\CODEXRESEARCH\house_compute_hub\runs\20260604-022628-5c855b\mwstroud-mwstr-6aea1cf3.log,train,395500,4018280000,4.01828,4.5465,,2.20881e-05,77382.0
E:\CODEXRESEARCH\house_compute_hub\runs\20260615-141307-266267\mwstroud-mwstr-6aea1cf3.log,train,395500,4018280000,4.01828,4.7384,,3.69329e-05,92420.0
E:\CODEXRESEARCH\house_compute_hub\runs\20260604-022628-5c855b\mwstroud-mwstr-6aea1cf3.log,train,396000,4023360000,4.02336,4.692,,2.19744e-05,77382.0
E:\CODEXRESEARCH\house_compute_hub\runs\20260615-141307-266267\mwstroud-mwstr-6aea1cf3.log,train,396000,4023360000,4.02336,3.7327,,3.66637e-05,92421.0
E:\CODEXRESEARCH\house_compute_hub\runs\20260604-022628-5c855b\mwstroud-mwstr-6aea1cf3.log,train,396500,4028440000,4.02844,4.5704,,2.18611e-05,77382.0
E:\CODEXRESEARCH\house_compute_hub\runs\20260604-022628-5c855b\mwstroud-mwstr-6aea1cf3.log,train,397000,4033520000,4.03352,4.6296,,2.17481e-05,77382.0
E:\CODEXRESEARCH\house_compute_hub\runs\20260604-022628-5c855b\mwstroud-mwstr-6aea1cf3.log,train,397500,4038600000,4.0386,4.2145,,2.16356e-05,77381.0
E:\CODEXRESEARCH\house_compute_hub\runs\20260604-022628-5c855b\mwstroud-mwstr-6aea1cf3.log,train,398000,4043680000,4.04368,4.4531,,2.15234e-05,77381.0
E:\CODEXRESEARCH\house_compute_hub\runs\20260604-022628-5c855b\mwstroud-mwstr-6aea1cf3.log,train,398500,4048760000,4.04876,4.4875,,2.14115e-05,77381.0
E:\CODEXRESEARCH\house_compute_hub\runs\20260604-022628-5c855b\mwstroud-mwstr-6aea1cf3.log,train,399000,4053840000,4.05384,4.2901,,2.13001e-05,77381.0
E:\CODEXRESEARCH\house_compute_hub\runs\20260604-022628-5c855b\mwstroud-mwstr-6aea1cf3.log,train,399500,4058920000,4.05892,4.6946,,2.1189e-05,77381.0
E:\CODEXRESEARCH\house_compute_hub\runs\20260604-022628-5c855b\mwstroud-mwstr-6aea1cf3.log,train,400000,4064000000,4.064,4.5423,,2.10784e-05,77380.0
E:\CODEXRESEARCH\house_compute_hub\runs\20260604-022628-5c855b\mwstroud-mwstr-6aea1cf3.log,train,400500,4069080000,4.06908,4.2711,,2.09681e-05,77380.0
E:\CODEXRESEARCH\house_compute_hub\runs\20260604-022628-5c855b\mwstroud-mwstr-6aea1cf3.log,train,401000,4074160000,4.07416,4.491,,2.08582e-05,77380.0
E:\CODEXRESEARCH\house_compute_hub\runs\20260604-022628-5c855b\mwstroud-mwstr-6aea1cf3.log,train,401500,4079240000,4.07924,4.6918,,2.07488e-05,77380.0
E:\CODEXRESEARCH\house_compute_hub\runs\20260604-022628-5c855b\mwstroud-mwstr-6aea1cf3.log,train,402000,4084320000,4.08432,4.7361,,2.06397e-05,77380.0
E:\CODEXRESEARCH\house_compute_hub\runs\20260604-022628-5c855b\mwstroud-mwstr-6aea1cf3.log,train,402500,4089400000,4.0894,4.7629,,2.0531e-05,77380.0
E:\CODEXRESEARCH\house_compute_hub\runs\20260604-022628-5c855b\mwstroud-mwstr-6aea1cf3.log,train,403000,4094480000,4.09448,4.2685,,2.04228e-05,77379.0
E:\CODEXRESEARCH\house_compute_hub\runs\20260604-022628-5c855b\mwstroud-mwstr-6aea1cf3.log,train,403500,4099560000,4.09956,4.5772,,2.03149e-05,77379.0
E:\CODEXRESEARCH\house_compute_hub\runs\20260604-022628-5c855b\mwstroud-mwstr-6aea1cf3.log,eval,403563,4100200080,4.10020008,4.2731,4.5923,,
E:\CODEXRESEARCH\house_compute_hub\runs\20260604-022628-5c855b\mwstroud-mwstr-6aea1cf3.log,train,404000,4104640000,4.10464,4.5583,,2.02075e-05,77379.0
E:\CODEXRESEARCH\house_compute_hub\runs\20260604-022628-5c855b\mwstroud-mwstr-6aea1cf3.log,train,404500,4109720000,4.10972,4.6685,,2.01005e-05,77379.0
E:\CODEXRESEARCH\house_compute_hub\runs\20260604-022628-5c855b\mwstroud-mwstr-6aea1cf3.log,train,405000,4114800000,4.1148,4.5825,,1.99939e-05,77379.0
E:\CODEXRESEARCH\house_compute_hub\runs\20260604-022628-5c855b\mwstroud-mwstr-6aea1cf3.log,train,405500,4119880000,4.11988,4.708,,1.98878e-05,77378.0
E:\CODEXRESEARCH\house_compute_hub\runs\20260604-022628-5c855b\mwstroud-mwstr-6aea1cf3.log,train,406000,4124960000,4.12496,4.1354,,1.9782e-05,77378.0
E:\CODEXRESEARCH\house_compute_hub\runs\20260604-022628-5c855b\mwstroud-mwstr-6aea1cf3.log,train,406500,4130040000,4.13004,4.2936,,1.96767e-05,77378.0
E:\CODEXRESEARCH\house_compute_hub\runs\20260604-022628-5c855b\mwstroud-mwstr-6aea1cf3.log,train,407000,4135120000,4.13512,4.9481,,1.95719e-05,77378.0
E:\CODEXRESEARCH\house_compute_hub\runs\20260604-022628-5c855b\mwstroud-mwstr-6aea1cf3.log,train,407500,4140200000,4.1402,4.4732,,1.94675e-05,77378.0
E:\CODEXRESEARCH\house_compute_hub\runs\20260604-022628-5c855b\mwstroud-mwstr-6aea1cf3.log,train,408000,4145280000,4.14528,4.5562,,1.93635e-05,77378.0
E:\CODEXRESEARCH\house_compute_hub\runs\20260604-022628-5c855b\mwstroud-mwstr-6aea1cf3.log,train,408500,4150360000,4.15036,4.4653,,1.92599e-05,77378.0
E:\CODEXRESEARCH\house_compute_hub\runs\20260604-022628-5c855b\mwstroud-mwstr-6aea1cf3.log,train,409000,4155440000,4.15544,4.4557,,1.91568e-05,77378.0
E:\CODEXRESEARCH\house_compute_hub\runs\20260604-022628-5c855b\mwstroud-mwstr-6aea1cf3.log,train,409500,4160520000,4.16052,4.5204,,1.90542e-05,77378.0
E:\CODEXRESEARCH\house_compute_hub\runs\20260604-022628-5c855b\mwstroud-mwstr-6aea1cf3.log,train,410000,4165600000,4.1656,4.4351,,1.8952e-05,77378.0
E:\CODEXRESEARCH\house_compute_hub\runs\20260604-022628-5c855b\mwstroud-mwstr-6aea1cf3.log,train,410500,4170680000,4.17068,4.5671,,1.88502e-05,77378.0
E:\CODEXRESEARCH\house_compute_hub\runs\20260604-022628-5c855b\mwstroud-mwstr-6aea1cf3.log,train,411000,4175760000,4.17576,4.0752,,1.87489e-05,77378.0
E:\CODEXRESEARCH\house_compute_hub\runs\20260604-022628-5c855b\mwstroud-mwstr-6aea1cf3.log,train,411500,4180840000,4.18084,4.5735,,1.86481e-05,77377.0
E:\CODEXRESEARCH\house_compute_hub\runs\20260604-022628-5c855b\mwstroud-mwstr-6aea1cf3.log,train,412000,4185920000,4.18592,4.8763,,1.85477e-05,77377.0
E:\CODEXRESEARCH\house_compute_hub\runs\20260604-022628-5c855b\mwstroud-mwstr-6aea1cf3.log,train,412500,4191000000,4.191,4.9767,,1.84478e-05,77377.0
E:\CODEXRESEARCH\house_compute_hub\runs\20260604-022628-5c855b\mwstroud-mwstr-6aea1cf3.log,train,413000,4196080000,4.19608,4.5178,,1.83484e-05,77377.0
E:\CODEXRESEARCH\house_compute_hub\runs\20260604-022628-5c855b\mwstroud-mwstr-6aea1cf3.log,eval,413406,4200204960,4.20020496,4.3418,4.5923,,
E:\CODEXRESEARCH\house_compute_hub\runs\20260604-022628-5c855b\mwstroud-mwstr-6aea1cf3.log,train,413500,4201160000,4.20116,4.4835,,1.82494e-05,77377.0
E:\CODEXRESEARCH\house_compute_hub\runs\20260604-022628-5c855b\mwstroud-mwstr-6aea1cf3.log,train,414000,4206240000,4.20624,4.2885,,1.81509e-05,77377.0
E:\CODEXRESEARCH\house_compute_hub\runs\20260604-022628-5c855b\mwstroud-mwstr-6aea1cf3.log,train,414500,4211320000,4.21132,5.0786,,1.80529e-05,77377.0
E:\CODEXRESEARCH\house_compute_hub\runs\20260604-022628-5c855b\mwstroud-mwstr-6aea1cf3.log,train,415000,4216400000,4.2164,4.7812,,1.79554e-05,77376.0
E:\CODEXRESEARCH\house_compute_hub\runs\20260604-022628-5c855b\mwstroud-mwstr-6aea1cf3.log,train,415500,4221480000,4.22148,4.1733,,1.78583e-05,77376.0
E:\CODEXRESEARCH\house_compute_hub\runs\20260604-022628-5c855b\mwstroud-mwstr-6aea1cf3.log,train,416000,4226560000,4.22656,4.7775,,1.77618e-05,77376.0
E:\CODEXRESEARCH\house_compute_hub\runs\20260604-022628-5c855b\mwstroud-mwstr-6aea1cf3.log,train,416500,4231640000,4.23164,4.3896,,1.76657e-05,77376.0
E:\CODEXRESEARCH\house_compute_hub\runs\20260604-022628-5c855b\mwstroud-mwstr-6aea1cf3.log,train,417000,4236720000,4.23672,4.3761,,1.75701e-05,77376.0
E:\CODEXRESEARCH\house_compute_hub\runs\20260604-022628-5c855b\mwstroud-mwstr-6aea1cf3.log,train,417500,4241800000,4.2418,4.2044,,1.7475e-05,77376.0
E:\CODEXRESEARCH\house_compute_hub\runs\20260604-022628-5c855b\mwstroud-mwstr-6aea1cf3.log,train,418000,4246880000,4.24688,4.3141,,1.73804e-05,77376.0
E:\CODEXRESEARCH\house_compute_hub\runs\20260604-022628-5c855b\mwstroud-mwstr-6aea1cf3.log,train,418500,4251960000,4.25196,4.4501,,1.72863e-05,77376.0
E:\CODEXRESEARCH\house_compute_hub\runs\20260604-022628-5c855b\mwstroud-mwstr-6aea1cf3.log,train,419000,4257040000,4.25704,4.6402,,1.71927e-05,77376.0
E:\CODEXRESEARCH\house_compute_hub\runs\20260604-022628-5c855b\mwstroud-mwstr-6aea1cf3.log,train,419500,4262120000,4.26212,4.7208,,1.70996e-05,77376.0
E:\CODEXRESEARCH\house_compute_hub\runs\20260604-022628-5c855b\mwstroud-mwstr-6aea1cf3.log,train,420000,4267200000,4.2672,4.3292,,1.7007e-05,77376.0
E:\CODEXRESEARCH\house_compute_hub\runs\20260604-022628-5c855b\mwstroud-mwstr-6aea1cf3.log,train,420500,4272280000,4.27228,4.4229,,1.69149e-05,77376.0
E:\CODEXRESEARCH\house_compute_hub\runs\20260604-022628-5c855b\mwstroud-mwstr-6aea1cf3.log,train,421000,4277360000,4.27736,4.8835,,1.68234e-05,77376.0
E:\CODEXRESEARCH\house_compute_hub\runs\20260604-022628-5c855b\mwstroud-mwstr-6aea1cf3.log,train,421500,4282440000,4.28244,4.5497,,1.67323e-05,77376.0
E:\CODEXRESEARCH\house_compute_hub\runs\20260604-022628-5c855b\mwstroud-mwstr-6aea1cf3.log,train,422000,4287520000,4.28752,4.3744,,1.66418e-05,77376.0
E:\CODEXRESEARCH\house_compute_hub\runs\20260604-022628-5c855b\mwstroud-mwstr-6aea1cf3.log,train,422500,4292600000,4.2926,4.6383,,1.65518e-05,77376.0
E:\CODEXRESEARCH\house_compute_hub\runs\20260604-022628-5c855b\mwstroud-mwstr-6aea1cf3.log,train,423000,4297680000,4.29768,4.4819,,1.64623e-05,77375.0
E:\CODEXRESEARCH\house_compute_hub\runs\20260604-022628-5c855b\mwstroud-mwstr-6aea1cf3.log,eval,423249,4300209840,4.30020984,4.4231,4.5883,,
E:\CODEXRESEARCH\house_compute_hub\runs\20260604-022628-5c855b\mwstroud-mwstr-6aea1cf3.log,train,423500,4302760000,4.30276,4.6707,,1.63733e-05,77375.0
E:\CODEXRESEARCH\house_compute_hub\runs\20260604-022628-5c855b\mwstroud-mwstr-6aea1cf3.log,train,424000,4307840000,4.30784,4.4446,,1.62849e-05,77375.0
E:\CODEXRESEARCH\house_compute_hub\runs\20260604-022628-5c855b\mwstroud-mwstr-6aea1cf3.log,train,424500,4312920000,4.31292,4.7087,,1.6197e-05,77375.0
E:\CODEXRESEARCH\house_compute_hub\runs\20260604-022628-5c855b\mwstroud-mwstr-6aea1cf3.log,train,425000,4318000000,4.318,4.5773,,1.61096e-05,77375.0
E:\CODEXRESEARCH\house_compute_hub\runs\20260604-022628-5c855b\mwstroud-mwstr-6aea1cf3.log,train,425500,4323080000,4.32308,4.3089,,1.60227e-05,77375.0
E:\CODEXRESEARCH\house_compute_hub\runs\20260604-022628-5c855b\mwstroud-mwstr-6aea1cf3.log,train,426000,4328160000,4.32816,4.5421,,1.59364e-05,77375.0
E:\CODEXRESEARCH\house_compute_hub\runs\20260604-022628-5c855b\mwstroud-mwstr-6aea1cf3.log,train,426500,4333240000,4.33324,4.4347,,1.58507e-05,77375.0
E:\CODEXRESEARCH\house_compute_hub\runs\20260604-022628-5c855b\mwstroud-mwstr-6aea1cf3.log,train,427000,4338320000,4.33832,4.5169,,1.57654e-05,77375.0
E:\CODEXRESEARCH\house_compute_hub\runs\20260604-022628-5c855b\mwstroud-mwstr-6aea1cf3.log,train,427500,4343400000,4.3434,4.7107,,1.56807e-05,77375.0
E:\CODEXRESEARCH\house_compute_hub\runs\20260604-022628-5c855b\mwstroud-mwstr-6aea1cf3.log,train,428000,4348480000,4.34848,4.2988,,1.55966e-05,77375.0
E:\CODEXRESEARCH\house_compute_hub\runs\20260604-022628-5c855b\mwstroud-mwstr-6aea1cf3.log,train,428500,4353560000,4.35356,4.3051,,1.5513e-05,77375.0
E:\CODEXRESEARCH\house_compute_hub\runs\20260604-022628-5c855b\mwstroud-mwstr-6aea1cf3.log,train,429000,4358640000,4.35864,4.8263,,1.543e-05,77375.0
E:\CODEXRESEARCH\house_compute_hub\runs\20260604-022628-5c855b\mwstroud-mwstr-6aea1cf3.log,train,429500,4363720000,4.36372,3.9635,,1.53475e-05,77375.0
E:\CODEXRESEARCH\house_compute_hub\runs\20260604-022628-5c855b\mwstroud-mwstr-6aea1cf3.log,train,430000,4368800000,4.3688,4.4741,,1.52656e-05,77375.0
E:\CODEXRESEARCH\house_compute_hub\runs\20260604-022628-5c855b\mwstroud-mwstr-6aea1cf3.log,train,430500,4373880000,4.37388,4.5109,,1.51842e-05,77375.0
E:\CODEXRESEARCH\house_compute_hub\runs\20260604-022628-5c855b\mwstroud-mwstr-6aea1cf3.log,train,431000,4378960000,4.37896,4.4411,,1.51034e-05,77375.0
E:\CODEXRESEARCH\house_compute_hub\runs\20260604-022628-5c855b\mwstroud-mwstr-6aea1cf3.log,train,431500,4384040000,4.38404,4.5995,,1.50232e-05,77375.0
E:\CODEXRESEARCH\house_compute_hub\runs\20260604-022628-5c855b\mwstroud-mwstr-6aea1cf3.log,train,432000,4389120000,4.38912,4.4168,,1.49435e-05,77375.0
E:\CODEXRESEARCH\house_compute_hub\runs\20260604-022628-5c855b\mwstroud-mwstr-6aea1cf3.log,train,432500,4394200000,4.3942,4.5365,,1.48644e-05,77375.0
E:\CODEXRESEARCH\house_compute_hub\runs\20260604-022628-5c855b\mwstroud-mwstr-6aea1cf3.log,train,433000,4399280000,4.39928,4.6581,,1.47858e-05,77375.0
E:\CODEXRESEARCH\house_compute_hub\runs\20260604-022628-5c855b\mwstroud-mwstr-6aea1cf3.log,eval,433092,4400214720,4.40021472,4.6785,4.5894,,
E:\CODEXRESEARCH\house_compute_hub\runs\20260604-022628-5c855b\mwstroud-mwstr-6aea1cf3.log,train,433500,4404360000,4.40436,4.6793,,1.47079e-05,77374.0
E:\CODEXRESEARCH\house_compute_hub\runs\20260604-022628-5c855b\mwstroud-mwstr-6aea1cf3.log,train,434000,4409440000,4.40944,4.5933,,1.46305e-05,77374.0
E:\CODEXRESEARCH\house_compute_hub\runs\20260604-022628-5c855b\mwstroud-mwstr-6aea1cf3.log,train,434500,4414520000,4.41452,4.4212,,1.45537e-05,77374.0
E:\CODEXRESEARCH\house_compute_hub\runs\20260604-022628-5c855b\mwstroud-mwstr-6aea1cf3.log,train,435000,4419600000,4.4196,4.9031,,1.44774e-05,77374.0
E:\CODEXRESEARCH\house_compute_hub\runs\20260604-022628-5c855b\mwstroud-mwstr-6aea1cf3.log,train,435500,4424680000,4.42468,5.5964,,1.44018e-05,77374.0
E:\CODEXRESEARCH\house_compute_hub\runs\20260604-022628-5c855b\mwstroud-mwstr-6aea1cf3.log,train,436000,4429760000,4.42976,4.4359,,1.43267e-05,77374.0
E:\CODEXRESEARCH\house_compute_hub\runs\20260604-022628-5c855b\mwstroud-mwstr-6aea1cf3.log,train,436500,4434840000,4.43484,4.5211,,1.42522e-05,77374.0
E:\CODEXRESEARCH\house_compute_hub\runs\20260604-022628-5c855b\mwstroud-mwstr-6aea1cf3.log,train,437000,4439920000,4.43992,4.6513,,1.41783e-05,77374.0
E:\CODEXRESEARCH\house_compute_hub\runs\20260604-022628-5c855b\mwstroud-mwstr-6aea1cf3.log,train,437500,4445000000,4.445,4.3213,,1.4105e-05,77374.0
E:\CODEXRESEARCH\house_compute_hub\runs\20260604-022628-5c855b\mwstroud-mwstr-6aea1cf3.log,train,438000,4450080000,4.45008,4.2934,,1.40323e-05,77374.0
E:\CODEXRESEARCH\house_compute_hub\runs\20260604-022628-5c855b\mwstroud-mwstr-6aea1cf3.log,train,438500,4455160000,4.45516,4.6196,,1.39601e-05,77374.0
E:\CODEXRESEARCH\house_compute_hub\runs\20260604-022628-5c855b\mwstroud-mwstr-6aea1cf3.log,train,439000,4460240000,4.46024,4.6364,,1.38886e-05,77374.0
E:\CODEXRESEARCH\house_compute_hub\runs\20260604-022628-5c855b\mwstroud-mwstr-6aea1cf3.log,train,439500,4465320000,4.46532,4.5467,,1.38177e-05,77374.0
E:\CODEXRESEARCH\house_compute_hub\runs\20260604-022628-5c855b\mwstroud-mwstr-6aea1cf3.log,train,440000,4470400000,4.4704,4.7937,,1.37473e-05,77374.0
E:\CODEXRESEARCH\house_compute_hub\runs\20260604-022628-5c855b\mwstroud-mwstr-6aea1cf3.log,train,440500,4475480000,4.47548,4.5625,,1.36776e-05,77374.0
E:\CODEXRESEARCH\house_compute_hub\runs\20260604-022628-5c855b\mwstroud-mwstr-6aea1cf3.log,train,441000,4480560000,4.48056,4.5289,,1.36085e-05,77374.0
E:\CODEXRESEARCH\house_compute_hub\runs\20260604-022628-5c855b\mwstroud-mwstr-6aea1cf3.log,train,441500,4485640000,4.48564,4.5692,,1.35399e-05,77374.0
E:\CODEXRESEARCH\house_compute_hub\runs\20260604-022628-5c855b\mwstroud-mwstr-6aea1cf3.log,train,442000,4490720000,4.49072,4.5148,,1.3472e-05,77374.0
E:\CODEXRESEARCH\house_compute_hub\runs\20260604-022628-5c855b\mwstroud-mwstr-6aea1cf3.log,train,442500,4495800000,4.4958,4.5318,,1.34047e-05,77374.0
E:\CODEXRESEARCH\house_compute_hub\runs\20260604-022628-5c855b\mwstroud-mwstr-6aea1cf3.log,eval,442935,4500219600,4.5002196,4.7644,4.5891,,
E:\CODEXRESEARCH\house_compute_hub\runs\20260604-022628-5c855b\mwstroud-mwstr-6aea1cf3.log,train,443000,4500880000,4.50088,4.3709,,1.3338e-05,77373.0
E:\CODEXRESEARCH\house_compute_hub\runs\20260604-022628-5c855b\mwstroud-mwstr-6aea1cf3.log,train,443500,4505960000,4.50596,4.5942,,1.32719e-05,77373.0
E:\CODEXRESEARCH\house_compute_hub\runs\20260604-022628-5c855b\mwstroud-mwstr-6aea1cf3.log,train,444000,4511040000,4.51104,4.5699,,1.32064e-05,77373.0
E:\CODEXRESEARCH\house_compute_hub\runs\20260604-022628-5c855b\mwstroud-mwstr-6aea1cf3.log,train,444500,4516120000,4.51612,4.3549,,1.31416e-05,77373.0
E:\CODEXRESEARCH\house_compute_hub\runs\20260604-022628-5c855b\mwstroud-mwstr-6aea1cf3.log,train,445000,4521200000,4.5212,4.8178,,1.30774e-05,77373.0
E:\CODEXRESEARCH\house_compute_hub\runs\20260604-022628-5c855b\mwstroud-mwstr-6aea1cf3.log,train,445500,4526280000,4.52628,4.2536,,1.30137e-05,77373.0
E:\CODEXRESEARCH\house_compute_hub\runs\20260604-022628-5c855b\mwstroud-mwstr-6aea1cf3.log,train,446000,4531360000,4.53136,4.3314,,1.29508e-05,77373.0
E:\CODEXRESEARCH\house_compute_hub\runs\20260604-022628-5c855b\mwstroud-mwstr-6aea1cf3.log,train,446500,4536440000,4.53644,4.4143,,1.28884e-05,77373.0
E:\CODEXRESEARCH\house_compute_hub\runs\20260604-022628-5c855b\mwstroud-mwstr-6aea1cf3.log,train,447000,4541520000,4.54152,4.5262,,1.28266e-05,77373.0
E:\CODEXRESEARCH\house_compute_hub\runs\20260604-022628-5c855b\mwstroud-mwstr-6aea1cf3.log,train,447500,4546600000,4.5466,4.7499,,1.27655e-05,77373.0
E:\CODEXRESEARCH\house_compute_hub\runs\20260604-022628-5c855b\mwstroud-mwstr-6aea1cf3.log,train,448000,4551680000,4.55168,4.1731,,1.2705e-05,77373.0
E:\CODEXRESEARCH\house_compute_hub\runs\20260604-022628-5c855b\mwstroud-mwstr-6aea1cf3.log,train,448500,4556760000,4.55676,4.9891,,1.26452e-05,77373.0
E:\CODEXRESEARCH\house_compute_hub\runs\20260604-022628-5c855b\mwstroud-mwstr-6aea1cf3.log,train,449000,4561840000,4.56184,4.8349,,1.2586e-05,77373.0
E:\CODEXRESEARCH\house_compute_hub\runs\20260604-022628-5c855b\mwstroud-mwstr-6aea1cf3.log,train,449500,4566920000,4.56692,4.3387,,1.25274e-05,77373.0
E:\CODEXRESEARCH\house_compute_hub\runs\20260604-022628-5c855b\mwstroud-mwstr-6aea1cf3.log,train,450000,4572000000,4.572,4.7593,,1.24694e-05,77373.0
E:\CODEXRESEARCH\house_compute_hub\runs\20260604-022628-5c855b\mwstroud-mwstr-6aea1cf3.log,train,450500,4577080000,4.57708,4.3241,,1.24121e-05,77373.0
E:\CODEXRESEARCH\house_compute_hub\runs\20260604-022628-5c855b\mwstroud-mwstr-6aea1cf3.log,train,451000,4582160000,4.58216,4.3088,,1.23554e-05,77373.0
E:\CODEXRESEARCH\house_compute_hub\runs\20260604-022628-5c855b\mwstroud-mwstr-6aea1cf3.log,train,451500,4587240000,4.58724,4.3972,,1.22994e-05,77373.0
E:\CODEXRESEARCH\house_compute_hub\runs\20260604-022628-5c855b\mwstroud-mwstr-6aea1cf3.log,train,452000,4592320000,4.59232,4.4902,,1.2244e-05,77373.0
E:\CODEXRESEARCH\house_compute_hub\runs\20260604-022628-5c855b\mwstroud-mwstr-6aea1cf3.log,train,452500,4597400000,4.5974,4.648,,1.21893e-05,77373.0
E:\CODEXRESEARCH\house_compute_hub\runs\20260604-022628-5c855b\mwstroud-mwstr-6aea1cf3.log,eval,452778,4600224480,4.60022448,4.8755,4.5882,,
E:\CODEXRESEARCH\house_compute_hub\runs\20260604-022628-5c855b\mwstroud-mwstr-6aea1cf3.log,train,453000,4602480000,4.60248,4.4079,,1.21352e-05,77373.0
E:\CODEXRESEARCH\house_compute_hub\runs\20260604-022628-5c855b\mwstroud-mwstr-6aea1cf3.log,train,453500,4607560000,4.60756,4.3414,,1.20817e-05,77373.0
E:\CODEXRESEARCH\house_compute_hub\runs\20260604-022628-5c855b\mwstroud-mwstr-6aea1cf3.log,train,454000,4612640000,4.61264,4.2483,,1.20289e-05,77373.0
E:\CODEXRESEARCH\house_compute_hub\runs\20260604-022628-5c855b\mwstroud-mwstr-6aea1cf3.log,train,454500,4617720000,4.61772,4.5038,,1.19767e-05,77373.0
E:\CODEXRESEARCH\house_compute_hub\runs\20260604-022628-5c855b\mwstroud-mwstr-6aea1cf3.log,train,455000,4622800000,4.6228,4.6011,,1.19252e-05,77372.0
E:\CODEXRESEARCH\house_compute_hub\runs\20260604-022628-5c855b\mwstroud-mwstr-6aea1cf3.log,train,455500,4627880000,4.62788,4.387,,1.18744e-05,77372.0
E:\CODEXRESEARCH\house_compute_hub\runs\20260604-022628-5c855b\mwstroud-mwstr-6aea1cf3.log,train,456000,4632960000,4.63296,4.47,,1.18242e-05,77372.0
E:\CODEXRESEARCH\house_compute_hub\runs\20260604-022628-5c855b\mwstroud-mwstr-6aea1cf3.log,train,456500,4638040000,4.63804,4.2743,,1.17746e-05,77372.0
E:\CODEXRESEARCH\house_compute_hub\runs\20260604-022628-5c855b\mwstroud-mwstr-6aea1cf3.log,train,457000,4643120000,4.64312,4.6727,,1.17257e-05,77372.0
E:\CODEXRESEARCH\house_compute_hub\runs\20260604-022628-5c855b\mwstroud-mwstr-6aea1cf3.log,train,457500,4648200000,4.6482,4.538,,1.16775e-05,77372.0
E:\CODEXRESEARCH\house_compute_hub\runs\20260604-022628-5c855b\mwstroud-mwstr-6aea1cf3.log,train,458000,4653280000,4.65328,4.3836,,1.163e-05,77372.0
E:\CODEXRESEARCH\house_compute_hub\runs\20260604-022628-5c855b\mwstroud-mwstr-6aea1cf3.log,train,458500,4658360000,4.65836,4.2243,,1.15831e-05,77372.0
E:\CODEXRESEARCH\house_compute_hub\runs\20260604-022628-5c855b\mwstroud-mwstr-6aea1cf3.log,train,459000,4663440000,4.66344,4.3378,,1.15368e-05,77372.0
E:\CODEXRESEARCH\house_compute_hub\runs\20260604-022628-5c855b\mwstroud-mwstr-6aea1cf3.log,train,459500,4668520000,4.66852,4.2344,,1.14912e-05,77372.0
E:\CODEXRESEARCH\house_compute_hub\runs\20260604-022628-5c855b\mwstroud-mwstr-6aea1cf3.log,train,460000,4673600000,4.6736,4.2919,,1.14463e-05,77371.0
E:\CODEXRESEARCH\house_compute_hub\runs\20260604-022628-5c855b\mwstroud-mwstr-6aea1cf3.log,train,460500,4678680000,4.67868,4.3356,,1.14021e-05,77371.0
E:\CODEXRESEARCH\house_compute_hub\runs\20260604-022628-5c855b\mwstroud-mwstr-6aea1cf3.log,train,461000,4683760000,4.68376,4.7286,,1.13585e-05,77371.0
E:\CODEXRESEARCH\house_compute_hub\runs\20260604-022628-5c855b\mwstroud-mwstr-6aea1cf3.log,train,461500,4688840000,4.68884,4.609,,1.13156e-05,77371.0
E:\CODEXRESEARCH\house_compute_hub\runs\20260604-022628-5c855b\mwstroud-mwstr-6aea1cf3.log,train,462000,4693920000,4.69392,4.4902,,1.12733e-05,77371.0
E:\CODEXRESEARCH\house_compute_hub\runs\20260604-022628-5c855b\mwstroud-mwstr-6aea1cf3.log,train,462500,4699000000,4.699,4.5207,,1.12318e-05,77371.0
E:\CODEXRESEARCH\house_compute_hub\runs\20260604-022628-5c855b\mwstroud-mwstr-6aea1cf3.log,eval,462621,4700229360,4.70022936,4.312,4.5866,,
E:\CODEXRESEARCH\house_compute_hub\runs\20260604-022628-5c855b\mwstroud-mwstr-6aea1cf3.log,train,463000,4704080000,4.70408,3.5673,,1.11909e-05,77371.0
E:\CODEXRESEARCH\house_compute_hub\runs\20260604-022628-5c855b\mwstroud-mwstr-6aea1cf3.log,train,463500,4709160000,4.70916,4.5985,,1.11507e-05,77371.0
E:\CODEXRESEARCH\house_compute_hub\runs\20260604-022628-5c855b\mwstroud-mwstr-6aea1cf3.log,train,464000,4714240000,4.71424,4.5219,,1.11111e-05,77371.0
E:\CODEXRESEARCH\house_compute_hub\runs\20260604-022628-5c855b\mwstroud-mwstr-6aea1cf3.log,train,464500,4719320000,4.71932,4.4805,,1.10722e-05,77370.0
E:\CODEXRESEARCH\house_compute_hub\runs\20260604-022628-5c855b\mwstroud-mwstr-6aea1cf3.log,train,465000,4724400000,4.7244,4.534,,1.10341e-05,77370.0
E:\CODEXRESEARCH\house_compute_hub\runs\20260604-022628-5c855b\mwstroud-mwstr-6aea1cf3.log,train,465500,4729480000,4.72948,4.2893,,1.09965e-05,77370.0
E:\CODEXRESEARCH\house_compute_hub\runs\20260604-022628-5c855b\mwstroud-mwstr-6aea1cf3.log,train,466000,4734560000,4.73456,4.5097,,1.09597e-05,77370.0
E:\CODEXRESEARCH\house_compute_hub\runs\20260604-022628-5c855b\mwstroud-mwstr-6aea1cf3.log,train,466500,4739640000,4.73964,4.093,,1.09235e-05,77370.0
E:\CODEXRESEARCH\house_compute_hub\runs\20260604-022628-5c855b\mwstroud-mwstr-6aea1cf3.log,train,467000,4744720000,4.74472,4.4865,,1.08881e-05,77370.0
E:\CODEXRESEARCH\house_compute_hub\runs\20260604-022628-5c855b\mwstroud-mwstr-6aea1cf3.log,train,467500,4749800000,4.7498,4.5352,,1.08533e-05,77370.0
E:\CODEXRESEARCH\house_compute_hub\runs\20260604-022628-5c855b\mwstroud-mwstr-6aea1cf3.log,train,468000,4754880000,4.75488,4.4541,,1.08192e-05,77370.0
E:\CODEXRESEARCH\house_compute_hub\runs\20260604-022628-5c855b\mwstroud-mwstr-6aea1cf3.log,train,468500,4759960000,4.75996,4.483,,1.07858e-05,77370.0
E:\CODEXRESEARCH\house_compute_hub\runs\20260604-022628-5c855b\mwstroud-mwstr-6aea1cf3.log,train,469000,4765040000,4.76504,4.7503,,1.0753e-05,77370.0
E:\CODEXRESEARCH\house_compute_hub\runs\20260604-022628-5c855b\mwstroud-mwstr-6aea1cf3.log,train,469500,4770120000,4.77012,4.3804,,1.0721e-05,77370.0
E:\CODEXRESEARCH\house_compute_hub\runs\20260604-022628-5c855b\mwstroud-mwstr-6aea1cf3.log,train,470000,4775200000,4.7752,4.3483,,1.06896e-05,77370.0
E:\CODEXRESEARCH\house_compute_hub\runs\20260604-022628-5c855b\mwstroud-mwstr-6aea1cf3.log,train,470500,4780280000,4.78028,4.3046,,1.06589e-05,77370.0
E:\CODEXRESEARCH\house_compute_hub\runs\20260604-022628-5c855b\mwstroud-mwstr-6aea1cf3.log,train,471000,4785360000,4.78536,4.7018,,1.06289e-05,77370.0
E:\CODEXRESEARCH\house_compute_hub\runs\20260604-022628-5c855b\mwstroud-mwstr-6aea1cf3.log,train,471500,4790440000,4.79044,4.3834,,1.05996e-05,77370.0
E:\CODEXRESEARCH\house_compute_hub\runs\20260604-022628-5c855b\mwstroud-mwstr-6aea1cf3.log,train,472000,4795520000,4.79552,4.4233,,1.0571e-05,77370.0
E:\CODEXRESEARCH\house_compute_hub\runs\20260604-022628-5c855b\mwstroud-mwstr-6aea1cf3.log,eval,472464,4800234240,4.80023424,4.2808,4.5868,,
E:\CODEXRESEARCH\house_compute_hub\runs\20260604-022628-5c855b\mwstroud-mwstr-6aea1cf3.log,train,472500,4800600000,4.8006,4.6098,,1.05431e-05,77369.0
E:\CODEXRESEARCH\house_compute_hub\runs\20260604-022628-5c855b\mwstroud-mwstr-6aea1cf3.log,train,473000,4805680000,4.80568,4.7039,,1.05159e-05,77369.0
E:\CODEXRESEARCH\house_compute_hub\runs\20260604-022628-5c855b\mwstroud-mwstr-6aea1cf3.log,train,473500,4810760000,4.81076,4.8312,,1.04894e-05,77369.0
E:\CODEXRESEARCH\house_compute_hub\runs\20260604-022628-5c855b\mwstroud-mwstr-6aea1cf3.log,train,474000,4815840000,4.81584,4.6059,,1.04635e-05,77369.0
E:\CODEXRESEARCH\house_compute_hub\runs\20260604-022628-5c855b\mwstroud-mwstr-6aea1cf3.log,train,474500,4820920000,4.82092,4.4934,,1.04384e-05,77369.0
E:\CODEXRESEARCH\house_compute_hub\runs\20260604-022628-5c855b\mwstroud-mwstr-6aea1cf3.log,train,475000,4826000000,4.826,4.6518,,1.04139e-05,77369.0
E:\CODEXRESEARCH\house_compute_hub\runs\20260604-022628-5c855b\mwstroud-mwstr-6aea1cf3.log,train,475500,4831080000,4.83108,4.4123,,1.03902e-05,77369.0
E:\CODEXRESEARCH\house_compute_hub\runs\20260604-022628-5c855b\mwstroud-mwstr-6aea1cf3.log,train,476000,4836160000,4.83616,4.588,,1.03671e-05,77369.0
E:\CODEXRESEARCH\house_compute_hub\runs\20260604-022628-5c855b\mwstroud-mwstr-6aea1cf3.log,train,476500,4841240000,4.84124,4.7516,,1.03448e-05,77369.0
E:\CODEXRESEARCH\house_compute_hub\runs\20260604-022628-5c855b\mwstroud-mwstr-6aea1cf3.log,train,477000,4846320000,4.84632,4.2924,,1.03231e-05,77369.0
E:\CODEXRESEARCH\house_compute_hub\runs\20260604-022628-5c855b\mwstroud-mwstr-6aea1cf3.log,train,477500,4851400000,4.8514,4.6505,,1.03021e-05,77369.0
E:\CODEXRESEARCH\house_compute_hub\runs\20260604-022628-5c855b\mwstroud-mwstr-6aea1cf3.log,train,478000,4856480000,4.85648,4.3846,,1.02819e-05,77369.0
E:\CODEXRESEARCH\house_compute_hub\runs\20260604-022628-5c855b\mwstroud-mwstr-6aea1cf3.log,train,478500,4861560000,4.86156,4.3833,,1.02623e-05,77369.0
E:\CODEXRESEARCH\house_compute_hub\runs\20260604-022628-5c855b\mwstroud-mwstr-6aea1cf3.log,train,479000,4866640000,4.86664,4.509,,1.02434e-05,77369.0
E:\CODEXRESEARCH\house_compute_hub\runs\20260604-022628-5c855b\mwstroud-mwstr-6aea1cf3.log,train,479500,4871720000,4.87172,4.3829,,1.02253e-05,77369.0
E:\CODEXRESEARCH\house_compute_hub\runs\20260604-022628-5c855b\mwstroud-mwstr-6aea1cf3.log,train,480000,4876800000,4.8768,4.3288,,1.02078e-05,77369.0
E:\CODEXRESEARCH\house_compute_hub\runs\20260604-022628-5c855b\mwstroud-mwstr-6aea1cf3.log,train,480500,4881880000,4.88188,4.6228,,1.0191e-05,77369.0
E:\CODEXRESEARCH\house_compute_hub\runs\20260604-022628-5c855b\mwstroud-mwstr-6aea1cf3.log,train,481000,4886960000,4.88696,4.6514,,1.0175e-05,77369.0
E:\CODEXRESEARCH\house_compute_hub\runs\20260604-022628-5c855b\mwstroud-mwstr-6aea1cf3.log,train,481500,4892040000,4.89204,4.4818,,1.01596e-05,77369.0
E:\CODEXRESEARCH\house_compute_hub\runs\20260604-022628-5c855b\mwstroud-mwstr-6aea1cf3.log,train,482000,4897120000,4.89712,4.5529,,1.0145e-05,77369.0
E:\CODEXRESEARCH\house_compute_hub\runs\20260604-022628-5c855b\mwstroud-mwstr-6aea1cf3.log,eval,482307,4900239120,4.90023912,4.2216,4.5855,,
E:\CODEXRESEARCH\house_compute_hub\runs\20260604-022628-5c855b\mwstroud-mwstr-6aea1cf3.log,train,482500,4902200000,4.9022,4.6914,,1.0131e-05,77368.0
E:\CODEXRESEARCH\house_compute_hub\runs\20260604-022628-5c855b\mwstroud-mwstr-6aea1cf3.log,train,483000,4907280000,4.90728,4.4699,,1.01178e-05,77368.0
E:\CODEXRESEARCH\house_compute_hub\runs\20260604-022628-5c855b\mwstroud-mwstr-6aea1cf3.log,train,483500,4912360000,4.91236,3.9393,,1.01052e-05,77368.0
E:\CODEXRESEARCH\house_compute_hub\runs\20260604-022628-5c855b\mwstroud-mwstr-6aea1cf3.log,train,484000,4917440000,4.91744,4.8486,,1.00934e-05,77368.0
E:\CODEXRESEARCH\house_compute_hub\runs\20260604-022628-5c855b\mwstroud-mwstr-6aea1cf3.log,train,484500,4922520000,4.92252,4.3197,,1.00823e-05,77368.0
E:\CODEXRESEARCH\house_compute_hub\runs\20260604-022628-5c855b\mwstroud-mwstr-6aea1cf3.log,train,485000,4927600000,4.9276,4.5861,,1.00718e-05,77368.0
E:\CODEXRESEARCH\house_compute_hub\runs\20260604-022628-5c855b\mwstroud-mwstr-6aea1cf3.log,train,485500,4932680000,4.93268,4.5626,,1.00621e-05,77368.0
E:\CODEXRESEARCH\house_compute_hub\runs\20260604-022628-5c855b\mwstroud-mwstr-6aea1cf3.log,train,486000,4937760000,4.93776,4.8974,,1.00531e-05,77368.0
E:\CODEXRESEARCH\house_compute_hub\runs\20260604-022628-5c855b\mwstroud-mwstr-6aea1cf3.log,train,486500,4942840000,4.94284,4.4429,,1.00448e-05,77368.0
E:\CODEXRESEARCH\house_compute_hub\runs\20260604-022628-5c855b\mwstroud-mwstr-6aea1cf3.log,train,487000,4947920000,4.94792,3.909,,1.00372e-05,77368.0
E:\CODEXRESEARCH\house_compute_hub\runs\20260604-022628-5c855b\mwstroud-mwstr-6aea1cf3.log,train,487500,4953000000,4.953,4.2747,,1.00303e-05,77368.0
E:\CODEXRESEARCH\house_compute_hub\runs\20260604-022628-5c855b\mwstroud-mwstr-6aea1cf3.log,train,488000,4958080000,4.95808,4.5795,,1.00241e-05,77368.0
E:\CODEXRESEARCH\house_compute_hub\runs\20260604-022628-5c855b\mwstroud-mwstr-6aea1cf3.log,train,488500,4963160000,4.96316,4.6375,,1.00186e-05,77368.0
E:\CODEXRESEARCH\house_compute_hub\runs\20260604-022628-5c855b\mwstroud-mwstr-6aea1cf3.log,train,489000,4968240000,4.96824,4.2322,,1.00138e-05,77368.0
E:\CODEXRESEARCH\house_compute_hub\runs\20260604-022628-5c855b\mwstroud-mwstr-6aea1cf3.log,train,489500,4973320000,4.97332,4.5107,,1.00098e-05,77368.0
E:\CODEXRESEARCH\house_compute_hub\runs\20260604-022628-5c855b\mwstroud-mwstr-6aea1cf3.log,train,490000,4978400000,4.9784,4.5636,,1.00064e-05,77368.0
E:\CODEXRESEARCH\house_compute_hub\runs\20260604-022628-5c855b\mwstroud-mwstr-6aea1cf3.log,train,490500,4983480000,4.98348,4.6213,,1.00037e-05,77368.0
E:\CODEXRESEARCH\house_compute_hub\runs\20260604-022628-5c855b\mwstroud-mwstr-6aea1cf3.log,train,491000,4988560000,4.98856,4.334,,1.00018e-05,77368.0
E:\CODEXRESEARCH\house_compute_hub\runs\20260604-022628-5c855b\mwstroud-mwstr-6aea1cf3.log,train,491500,4993640000,4.99364,4.2123,,1.00006e-05,77368.0
E:\CODEXRESEARCH\house_compute_hub\runs\20260604-022628-5c855b\mwstroud-mwstr-6aea1cf3.log,train,492000,4998720000,4.99872,4.3957,,1e-05,77368.0
E:\CODEXRESEARCH\house_compute_hub\runs\20260604-022628-5c855b\mwstroud-mwstr-6aea1cf3.log,eval,492126,5000000160,5.00000016,4.671,4.5841,,
