source,kind,step,target_step,tokens_seen,tokens_b,train_loss,val_loss,lr,tok_s
E:\CODEXRESEARCH\house_compute_hub\runs\20260605-024617-ebeaa2\mwstroud-mwstr-6aea1cf3.log,train_log,1,295275,10160,1.016e-05,10.6179,,3e-07,13147.0
E:\CODEXRESEARCH\house_compute_hub\runs\20260614-231543-4d3784\mwstroud-mwstr-6aea1cf3.log,train_log,1,8,10160,1.016e-05,10.5288,,7.5e-05,6604.0
E:\CODEXRESEARCH\house_compute_hub\runs\20260614-231543-4d3784\mwstroud-mwstr-6aea1cf3.log,train_log,1,8,10160,1.016e-05,10.516,,7.5e-05,1257.0
E:\CODEXRESEARCH\house_compute_hub\runs\20260614-231543-4d3784\mwstroud-mwstr-6aea1cf3.log,train_log,1,8,10160,1.016e-05,10.5125,,7.5e-05,487.0
E:\CODEXRESEARCH\house_compute_hub\runs\20260614-231543-4d3784\mwstroud-mwstr-6aea1cf3.log,train_log,1,8,10160,1.016e-05,10.5124,,7.5e-05,413.0
E:\CODEXRESEARCH\house_compute_hub\runs\20260614-231543-4d3784\mwstroud-mwstr-6aea1cf3.log,train_log,1,8,10160,1.016e-05,10.4975,,7.5e-05,457.0
E:\CODEXRESEARCH\house_compute_hub\runs\20260614-231543-4d3784\mwstroud-mwstr-6aea1cf3.log,train_log,1,8,10160,1.016e-05,10.5122,,7.5e-05,330.0
E:\CODEXRESEARCH\house_compute_hub\runs\20260614-231543-4d3784\mwstroud-mwstr-6aea1cf3.log,train_log,1,4,10160,1.016e-05,3.979,,7.5e-05,18206.0
E:\CODEXRESEARCH\house_compute_hub\runs\20260614-231543-4d3784\mwstroud-mwstr-6aea1cf3.log,train_log,1,4,10160,1.016e-05,3.9718,,7.5e-05,488.0
E:\CODEXRESEARCH\house_compute_hub\runs\20260614-231543-4d3784\mwstroud-mwstr-6aea1cf3.log,train_log,2,8,20320,2.032e-05,10.5704,,0.00015,13231.0
E:\CODEXRESEARCH\house_compute_hub\runs\20260614-231543-4d3784\mwstroud-mwstr-6aea1cf3.log,train_log,2,8,20320,2.032e-05,10.4749,,0.00015,6533.0
E:\CODEXRESEARCH\house_compute_hub\runs\20260614-231543-4d3784\mwstroud-mwstr-6aea1cf3.log,train_log,2,8,20320,2.032e-05,10.4623,,0.00015,1234.0
E:\CODEXRESEARCH\house_compute_hub\runs\20260614-231543-4d3784\mwstroud-mwstr-6aea1cf3.log,train_log,2,8,20320,2.032e-05,10.458,,0.00015,488.0
E:\CODEXRESEARCH\house_compute_hub\runs\20260614-231543-4d3784\mwstroud-mwstr-6aea1cf3.log,train_log,2,8,20320,2.032e-05,10.4582,,0.00015,373.0
E:\CODEXRESEARCH\house_compute_hub\runs\20260614-231543-4d3784\mwstroud-mwstr-6aea1cf3.log,train_log,2,8,20320,2.032e-05,10.4429,,0.00015,447.0
E:\CODEXRESEARCH\house_compute_hub\runs\20260614-231543-4d3784\mwstroud-mwstr-6aea1cf3.log,train_log,2,8,20320,2.032e-05,10.4581,,0.00015,317.0
E:\CODEXRESEARCH\house_compute_hub\runs\20260614-231543-4d3784\mwstroud-mwstr-6aea1cf3.log,train_log,2,4,20320,2.032e-05,4.0561,,0.00015,23256.0
E:\CODEXRESEARCH\house_compute_hub\runs\20260614-231543-4d3784\mwstroud-mwstr-6aea1cf3.log,train_log,2,4,20320,2.032e-05,4.0463,,0.00015,457.0
E:\CODEXRESEARCH\house_compute_hub\runs\20260614-231543-4d3784\mwstroud-mwstr-6aea1cf3.log,eval_log,4,4,40640,4.064e-05,4.027,4.4284,,
E:\CODEXRESEARCH\house_compute_hub\runs\20260614-231543-4d3784\mwstroud-mwstr-6aea1cf3.log,eval_log,4,4,40640,4.064e-05,4.0208,4.4193,,
E:\CODEXRESEARCH\house_compute_hub\runs\20260614-231543-4d3784\mwstroud-mwstr-6aea1cf3.log,result_history,4,,40640,4.064e-05,4.026960372924805,4.4284044327698355,0.0003,
E:\CODEXRESEARCH\house_compute_hub\runs\20260614-231543-4d3784\mwstroud-mwstr-6aea1cf3.log,result_history,4,,40640,4.064e-05,4.020779132843018,4.419345008106682,0.0003,
E:\CODEXRESEARCH\house_compute_hub\runs\20260614-231543-4d3784\mwstroud-mwstr-6aea1cf3.log,train_log,4,8,40640,4.064e-05,10.3074,,0.0003,20592.0
E:\CODEXRESEARCH\house_compute_hub\runs\20260614-231543-4d3784\mwstroud-mwstr-6aea1cf3.log,train_log,4,8,40640,4.064e-05,10.2063,,0.0003,6534.0
E:\CODEXRESEARCH\house_compute_hub\runs\20260614-231543-4d3784\mwstroud-mwstr-6aea1cf3.log,train_log,4,8,40640,4.064e-05,10.1941,,0.0003,1222.0
E:\CODEXRESEARCH\house_compute_hub\runs\20260614-231543-4d3784\mwstroud-mwstr-6aea1cf3.log,train_log,4,8,40640,4.064e-05,10.1919,,0.0003,485.0
E:\CODEXRESEARCH\house_compute_hub\runs\20260614-231543-4d3784\mwstroud-mwstr-6aea1cf3.log,train_log,4,8,40640,4.064e-05,10.192,,0.0003,354.0
E:\CODEXRESEARCH\house_compute_hub\runs\20260614-231543-4d3784\mwstroud-mwstr-6aea1cf3.log,train_log,4,8,40640,4.064e-05,10.1744,,0.0003,438.0
E:\CODEXRESEARCH\house_compute_hub\runs\20260614-231543-4d3784\mwstroud-mwstr-6aea1cf3.log,train_log,4,8,40640,4.064e-05,10.1914,,0.0003,312.0
E:\CODEXRESEARCH\house_compute_hub\runs\20260614-231543-4d3784\mwstroud-mwstr-6aea1cf3.log,train_log,4,4,40640,4.064e-05,4.027,,0.0003,31081.0
E:\CODEXRESEARCH\house_compute_hub\runs\20260614-231543-4d3784\mwstroud-mwstr-6aea1cf3.log,train_log,4,4,40640,4.064e-05,4.0208,,0.0003,463.0
E:\CODEXRESEARCH\house_compute_hub\runs\20260614-231543-4d3784\mwstroud-mwstr-6aea1cf3.log,train_log,6,8,60960,6.096e-05,9.3061,,0.00045,25329.0
E:\CODEXRESEARCH\house_compute_hub\runs\20260614-231543-4d3784\mwstroud-mwstr-6aea1cf3.log,train_log,6,8,60960,6.096e-05,9.2249,,0.00045,6503.0
E:\CODEXRESEARCH\house_compute_hub\runs\20260614-231543-4d3784\mwstroud-mwstr-6aea1cf3.log,train_log,6,8,60960,6.096e-05,9.2184,,0.00045,1219.0
E:\CODEXRESEARCH\house_compute_hub\runs\20260614-231543-4d3784\mwstroud-mwstr-6aea1cf3.log,train_log,6,8,60960,6.096e-05,9.2146,,0.00045,485.0
E:\CODEXRESEARCH\house_compute_hub\runs\20260614-231543-4d3784\mwstroud-mwstr-6aea1cf3.log,train_log,6,8,60960,6.096e-05,9.2009,,0.00045,434.0
E:\CODEXRESEARCH\house_compute_hub\runs\20260614-231543-4d3784\mwstroud-mwstr-6aea1cf3.log,train_log,6,8,60960,6.096e-05,9.2154,,0.00045,310.0
E:\CODEXRESEARCH\house_compute_hub\runs\20260614-231543-4d3784\mwstroud-mwstr-6aea1cf3.log,eval_log,8,8,81280,8.128e-05,12.9272,13.117,,
E:\CODEXRESEARCH\house_compute_hub\runs\20260614-231543-4d3784\mwstroud-mwstr-6aea1cf3.log,eval_log,8,8,81280,8.128e-05,12.7754,12.9773,,
E:\CODEXRESEARCH\house_compute_hub\runs\20260614-231543-4d3784\mwstroud-mwstr-6aea1cf3.log,eval_log,8,8,81280,8.128e-05,12.7098,12.9083,,
E:\CODEXRESEARCH\house_compute_hub\runs\20260614-231543-4d3784\mwstroud-mwstr-6aea1cf3.log,eval_log,8,8,81280,8.128e-05,12.7046,12.9034,,
E:\CODEXRESEARCH\house_compute_hub\runs\20260614-231543-4d3784\mwstroud-mwstr-6aea1cf3.log,eval_log,8,8,81280,8.128e-05,12.7044,12.9026,,
E:\CODEXRESEARCH\house_compute_hub\runs\20260614-231543-4d3784\mwstroud-mwstr-6aea1cf3.log,eval_log,8,8,81280,8.128e-05,12.6677,12.8678,,
E:\CODEXRESEARCH\house_compute_hub\runs\20260614-231543-4d3784\mwstroud-mwstr-6aea1cf3.log,eval_log,8,8,81280,8.128e-05,12.6992,12.8993,,
E:\CODEXRESEARCH\house_compute_hub\runs\20260614-231543-4d3784\mwstroud-mwstr-6aea1cf3.log,result_history,8,,81280,8.128e-05,12.92724609375,13.1169869069978,0.0006,
E:\CODEXRESEARCH\house_compute_hub\runs\20260614-231543-4d3784\mwstroud-mwstr-6aea1cf3.log,result_history,8,,81280,8.128e-05,12.775442123413086,12.977282318355531,0.0006,
E:\CODEXRESEARCH\house_compute_hub\runs\20260614-231543-4d3784\mwstroud-mwstr-6aea1cf3.log,result_history,8,,81280,8.128e-05,12.709759712219238,12.908334903266486,0.0006,
E:\CODEXRESEARCH\house_compute_hub\runs\20260614-231543-4d3784\mwstroud-mwstr-6aea1cf3.log,result_history,8,,81280,8.128e-05,12.704581260681152,12.903437781146192,0.0006,
E:\CODEXRESEARCH\house_compute_hub\runs\20260614-231543-4d3784\mwstroud-mwstr-6aea1cf3.log,result_history,8,,81280,8.128e-05,12.704357147216797,12.902649874950018,0.0006,
E:\CODEXRESEARCH\house_compute_hub\runs\20260614-231543-4d3784\mwstroud-mwstr-6aea1cf3.log,result_history,8,,81280,8.128e-05,12.66769027709961,12.867786533626045,0.0006,
E:\CODEXRESEARCH\house_compute_hub\runs\20260614-231543-4d3784\mwstroud-mwstr-6aea1cf3.log,result_history,8,,81280,8.128e-05,12.69924259185791,12.899275724155697,0.0006,
E:\CODEXRESEARCH\house_compute_hub\runs\20260614-231543-4d3784\mwstroud-mwstr-6aea1cf3.log,train_log,8,8,81280,8.128e-05,12.9272,,0.0006,28861.0
E:\CODEXRESEARCH\house_compute_hub\runs\20260614-231543-4d3784\mwstroud-mwstr-6aea1cf3.log,train_log,8,8,81280,8.128e-05,12.7754,,0.0006,6514.0
E:\CODEXRESEARCH\house_compute_hub\runs\20260614-231543-4d3784\mwstroud-mwstr-6aea1cf3.log,train_log,8,8,81280,8.128e-05,12.7098,,0.0006,1220.0
E:\CODEXRESEARCH\house_compute_hub\runs\20260614-231543-4d3784\mwstroud-mwstr-6aea1cf3.log,train_log,8,8,81280,8.128e-05,12.7046,,0.0006,484.0
E:\CODEXRESEARCH\house_compute_hub\runs\20260614-231543-4d3784\mwstroud-mwstr-6aea1cf3.log,train_log,8,8,81280,8.128e-05,12.7044,,0.0006,345.0
E:\CODEXRESEARCH\house_compute_hub\runs\20260614-231543-4d3784\mwstroud-mwstr-6aea1cf3.log,train_log,8,8,81280,8.128e-05,12.6677,,0.0006,431.0
E:\CODEXRESEARCH\house_compute_hub\runs\20260614-231543-4d3784\mwstroud-mwstr-6aea1cf3.log,train_log,8,8,81280,8.128e-05,12.6992,,0.0006,307.0
E:\CODEXRESEARCH\house_compute_hub\runs\20260605-024617-ebeaa2\mwstroud-mwstr-6aea1cf3.log,train_log,500,295275,5080000,0.00508,6.7197,,0.00015,91777.0
E:\CODEXRESEARCH\house_compute_hub\runs\20260605-024617-ebeaa2\mwstroud-mwstr-6aea1cf3.log,train_log,1000,295275,10160000,0.01016,6.3389,,0.0003,92269.0
E:\CODEXRESEARCH\house_compute_hub\runs\20260605-024617-ebeaa2\mwstroud-mwstr-6aea1cf3.log,train_log,1500,295275,15240000,0.01524,6.338,,0.00045,92438.0
E:\CODEXRESEARCH\house_compute_hub\runs\20260605-024617-ebeaa2\mwstroud-mwstr-6aea1cf3.log,train_log,2000,295275,20320000,0.02032,5.8616,,0.0006,92527.0
E:\CODEXRESEARCH\house_compute_hub\runs\20260605-024617-ebeaa2\mwstroud-mwstr-6aea1cf3.log,train_log,2500,295275,25400000,0.0254,5.7882,,0.000599996,92587.0
E:\CODEXRESEARCH\house_compute_hub\runs\20260605-024617-ebeaa2\mwstroud-mwstr-6aea1cf3.log,train_log,3000,295275,30480000,0.03048,5.6185,,0.000599983,92610.0
E:\CODEXRESEARCH\house_compute_hub\runs\20260605-024617-ebeaa2\mwstroud-mwstr-6aea1cf3.log,train_log,3500,295275,35560000,0.03556,5.5356,,0.000599962,92642.0
E:\CODEXRESEARCH\house_compute_hub\runs\20260605-024617-ebeaa2\mwstroud-mwstr-6aea1cf3.log,train_log,4000,295275,40640000,0.04064,5.3142,,0.000599932,92666.0
E:\CODEXRESEARCH\house_compute_hub\runs\20260605-024617-ebeaa2\mwstroud-mwstr-6aea1cf3.log,train_log,4500,295275,45720000,0.04572,5.4311,,0.000599894,92672.0
E:\CODEXRESEARCH\house_compute_hub\runs\20260605-024617-ebeaa2\mwstroud-mwstr-6aea1cf3.log,train_log,5000,295275,50800000,0.0508,5.261,,0.000599848,92677.0
E:\CODEXRESEARCH\house_compute_hub\runs\20260605-024617-ebeaa2\mwstroud-mwstr-6aea1cf3.log,train_log,5500,295275,55880000,0.05588,5.2506,,0.000599793,92667.0
E:\CODEXRESEARCH\house_compute_hub\runs\20260605-024617-ebeaa2\mwstroud-mwstr-6aea1cf3.log,train_log,6000,295275,60960000,0.06096,5.1573,,0.000599729,92657.0
E:\CODEXRESEARCH\house_compute_hub\runs\20260605-024617-ebeaa2\mwstroud-mwstr-6aea1cf3.log,train_log,6500,295275,66040000,0.06604,5.3092,,0.000599657,92646.0
E:\CODEXRESEARCH\house_compute_hub\runs\20260605-024617-ebeaa2\mwstroud-mwstr-6aea1cf3.log,train_log,7000,295275,71120000,0.07112,4.8474,,0.000599577,92637.0
E:\CODEXRESEARCH\house_compute_hub\runs\20260605-024617-ebeaa2\mwstroud-mwstr-6aea1cf3.log,train_log,7500,295275,76200000,0.0762,5.3921,,0.000599488,92618.0
E:\CODEXRESEARCH\house_compute_hub\runs\20260605-024617-ebeaa2\mwstroud-mwstr-6aea1cf3.log,train_log,8000,295275,81280000,0.08128,5.1326,,0.000599391,92612.0
E:\CODEXRESEARCH\house_compute_hub\runs\20260605-024617-ebeaa2\mwstroud-mwstr-6aea1cf3.log,train_log,8500,295275,86360000,0.08636,5.1952,,0.000599285,92610.0
E:\CODEXRESEARCH\house_compute_hub\runs\20260605-024617-ebeaa2\mwstroud-mwstr-6aea1cf3.log,train_log,9000,295275,91440000,0.09144,4.6119,,0.000599171,92605.0
E:\CODEXRESEARCH\house_compute_hub\runs\20260605-024617-ebeaa2\mwstroud-mwstr-6aea1cf3.log,train_log,9500,295275,96520000,0.09652,5.1812,,0.000599048,92607.0
E:\CODEXRESEARCH\house_compute_hub\runs\20260605-024617-ebeaa2\mwstroud-mwstr-6aea1cf3.log,eval_log,9843,295275,100004880,0.10000488,5.06,5.0769,,
E:\CODEXRESEARCH\house_compute_hub\runs\20260605-024617-ebeaa2\mwstroud-mwstr-6aea1cf3.log,train_log,10000,295275,101600000,0.1016,5.0858,,0.000598917,92592.0
E:\CODEXRESEARCH\house_compute_hub\runs\20260605-024617-ebeaa2\mwstroud-mwstr-6aea1cf3.log,train_log,10500,295275,106680000,0.10668,5.1796,,0.000598778,92603.0
E:\CODEXRESEARCH\house_compute_hub\runs\20260605-024617-ebeaa2\mwstroud-mwstr-6aea1cf3.log,train_log,11000,295275,111760000,0.11176,5.1725,,0.00059863,92607.0
E:\CODEXRESEARCH\house_compute_hub\runs\20260605-024617-ebeaa2\mwstroud-mwstr-6aea1cf3.log,train_log,11500,295275,116840000,0.11684,5.0536,,0.000598474,92612.0
E:\CODEXRESEARCH\house_compute_hub\runs\20260605-024617-ebeaa2\mwstroud-mwstr-6aea1cf3.log,train_log,12000,295275,121920000,0.12192,4.9426,,0.000598309,92615.0
E:\CODEXRESEARCH\house_compute_hub\runs\20260605-024617-ebeaa2\mwstroud-mwstr-6aea1cf3.log,train_log,12500,295275,127000000,0.127,4.9206,,0.000598136,92624.0
E:\CODEXRESEARCH\house_compute_hub\runs\20260605-024617-ebeaa2\mwstroud-mwstr-6aea1cf3.log,train_log,13000,295275,132080000,0.13208,4.9874,,0.000597954,92628.0
E:\CODEXRESEARCH\house_compute_hub\runs\20260605-024617-ebeaa2\mwstroud-mwstr-6aea1cf3.log,train_log,13500,295275,137160000,0.13716,4.9914,,0.000597764,92632.0
E:\CODEXRESEARCH\house_compute_hub\runs\20260605-024617-ebeaa2\mwstroud-mwstr-6aea1cf3.log,train_log,14000,295275,142240000,0.14224,4.8969,,0.000597566,92633.0
E:\CODEXRESEARCH\house_compute_hub\runs\20260605-024617-ebeaa2\mwstroud-mwstr-6aea1cf3.log,train_log,14500,295275,147320000,0.14732,5.037,,0.000597359,92634.0
E:\CODEXRESEARCH\house_compute_hub\runs\20260605-024617-ebeaa2\mwstroud-mwstr-6aea1cf3.log,train_log,15000,295275,152400000,0.1524,5.1169,,0.000597144,92637.0
E:\CODEXRESEARCH\house_compute_hub\runs\20260605-024617-ebeaa2\mwstroud-mwstr-6aea1cf3.log,train_log,15500,295275,157480000,0.15748,4.7959,,0.000596921,92646.0
E:\CODEXRESEARCH\house_compute_hub\runs\20260605-024617-ebeaa2\mwstroud-mwstr-6aea1cf3.log,train_log,16000,295275,162560000,0.16256,4.7274,,0.000596689,92647.0
E:\CODEXRESEARCH\house_compute_hub\runs\20260605-024617-ebeaa2\mwstroud-mwstr-6aea1cf3.log,train_log,16500,295275,167640000,0.16764,4.8742,,0.000596449,92649.0
E:\CODEXRESEARCH\house_compute_hub\runs\20260605-024617-ebeaa2\mwstroud-mwstr-6aea1cf3.log,train_log,17000,295275,172720000,0.17272,4.7669,,0.0005962,92652.0
E:\CODEXRESEARCH\house_compute_hub\runs\20260605-024617-ebeaa2\mwstroud-mwstr-6aea1cf3.log,train_log,17500,295275,177800000,0.1778,4.7376,,0.000595943,92653.0
E:\CODEXRESEARCH\house_compute_hub\runs\20260605-024617-ebeaa2\mwstroud-mwstr-6aea1cf3.log,train_log,18000,295275,182880000,0.18288,4.8396,,0.000595678,92657.0
E:\CODEXRESEARCH\house_compute_hub\runs\20260605-024617-ebeaa2\mwstroud-mwstr-6aea1cf3.log,train_log,18500,295275,187960000,0.18796,4.5704,,0.000595404,92657.0
E:\CODEXRESEARCH\house_compute_hub\runs\20260605-024617-ebeaa2\mwstroud-mwstr-6aea1cf3.log,train_log,19000,295275,193040000,0.19304,4.7165,,0.000595122,92660.0
E:\CODEXRESEARCH\house_compute_hub\runs\20260605-024617-ebeaa2\mwstroud-mwstr-6aea1cf3.log,train_log,19500,295275,198120000,0.19812,5.1413,,0.000594832,92657.0
E:\CODEXRESEARCH\house_compute_hub\runs\20260605-024617-ebeaa2\mwstroud-mwstr-6aea1cf3.log,eval_log,19686,295275,200009760,0.20000976,4.8005,4.8027,,
E:\CODEXRESEARCH\house_compute_hub\runs\20260605-024617-ebeaa2\mwstroud-mwstr-6aea1cf3.log,train_log,20000,295275,203200000,0.2032,4.6199,,0.000594533,92654.0
E:\CODEXRESEARCH\house_compute_hub\runs\20260605-024617-ebeaa2\mwstroud-mwstr-6aea1cf3.log,train_log,20500,295275,208280000,0.20828,5.0782,,0.000594226,92654.0
E:\CODEXRESEARCH\house_compute_hub\runs\20260605-024617-ebeaa2\mwstroud-mwstr-6aea1cf3.log,train_log,21000,295275,213360000,0.21336,4.7948,,0.000593911,92657.0
E:\CODEXRESEARCH\house_compute_hub\runs\20260605-024617-ebeaa2\mwstroud-mwstr-6aea1cf3.log,train_log,21500,295275,218440000,0.21844,4.6877,,0.000593587,92660.0
E:\CODEXRESEARCH\house_compute_hub\runs\20260605-024617-ebeaa2\mwstroud-mwstr-6aea1cf3.log,train_log,22000,295275,223520000,0.22352,4.6961,,0.000593256,92659.0
E:\CODEXRESEARCH\house_compute_hub\runs\20260605-024617-ebeaa2\mwstroud-mwstr-6aea1cf3.log,train_log,22500,295275,228600000,0.2286,4.5966,,0.000592916,92660.0
E:\CODEXRESEARCH\house_compute_hub\runs\20260605-024617-ebeaa2\mwstroud-mwstr-6aea1cf3.log,train_log,23000,295275,233680000,0.23368,4.7406,,0.000592567,92662.0
E:\CODEXRESEARCH\house_compute_hub\runs\20260605-024617-ebeaa2\mwstroud-mwstr-6aea1cf3.log,train_log,23500,295275,238760000,0.23876,4.6756,,0.000592211,92663.0
E:\CODEXRESEARCH\house_compute_hub\runs\20260605-024617-ebeaa2\mwstroud-mwstr-6aea1cf3.log,train_log,24000,295275,243840000,0.24384,4.7265,,0.000591846,92661.0
E:\CODEXRESEARCH\house_compute_hub\runs\20260605-024617-ebeaa2\mwstroud-mwstr-6aea1cf3.log,train_log,24500,295275,248920000,0.24892,4.728,,0.000591473,92660.0
E:\CODEXRESEARCH\house_compute_hub\runs\20260605-024617-ebeaa2\mwstroud-mwstr-6aea1cf3.log,train_log,25000,295275,254000000,0.254,4.7331,,0.000591092,92662.0
E:\CODEXRESEARCH\house_compute_hub\runs\20260605-024617-ebeaa2\mwstroud-mwstr-6aea1cf3.log,train_log,25500,295275,259080000,0.25908,4.4726,,0.000590702,92663.0
E:\CODEXRESEARCH\house_compute_hub\runs\20260605-024617-ebeaa2\mwstroud-mwstr-6aea1cf3.log,train_log,26000,295275,264160000,0.26416,4.8292,,0.000590304,92664.0
E:\CODEXRESEARCH\house_compute_hub\runs\20260605-024617-ebeaa2\mwstroud-mwstr-6aea1cf3.log,train_log,26500,295275,269240000,0.26924,4.7301,,0.000589899,92664.0
E:\CODEXRESEARCH\house_compute_hub\runs\20260605-024617-ebeaa2\mwstroud-mwstr-6aea1cf3.log,train_log,27000,295275,274320000,0.27432,5.2333,,0.000589485,92665.0
E:\CODEXRESEARCH\house_compute_hub\runs\20260605-024617-ebeaa2\mwstroud-mwstr-6aea1cf3.log,train_log,27500,295275,279400000,0.2794,4.7392,,0.000589062,92665.0
E:\CODEXRESEARCH\house_compute_hub\runs\20260605-024617-ebeaa2\mwstroud-mwstr-6aea1cf3.log,train_log,28000,295275,284480000,0.28448,4.8078,,0.000588632,92667.0
E:\CODEXRESEARCH\house_compute_hub\runs\20260605-024617-ebeaa2\mwstroud-mwstr-6aea1cf3.log,train_log,28500,295275,289560000,0.28956,4.8085,,0.000588194,92666.0
E:\CODEXRESEARCH\house_compute_hub\runs\20260605-024617-ebeaa2\mwstroud-mwstr-6aea1cf3.log,train_log,29000,295275,294640000,0.29464,5.0827,,0.000587747,92667.0
E:\CODEXRESEARCH\house_compute_hub\runs\20260605-024617-ebeaa2\mwstroud-mwstr-6aea1cf3.log,train_log,29500,295275,299720000,0.29972,4.7738,,0.000587292,92671.0
E:\CODEXRESEARCH\house_compute_hub\runs\20260605-024617-ebeaa2\mwstroud-mwstr-6aea1cf3.log,eval_log,29529,295275,300014640,0.30001464,4.4614,4.6693,,
E:\CODEXRESEARCH\house_compute_hub\runs\20260605-024617-ebeaa2\mwstroud-mwstr-6aea1cf3.log,train_log,30000,295275,304800000,0.3048,4.3722,,0.00058683,92665.0
E:\CODEXRESEARCH\house_compute_hub\runs\20260605-024617-ebeaa2\mwstroud-mwstr-6aea1cf3.log,train_log,30500,295275,309880000,0.30988,4.342,,0.000586359,92664.0
E:\CODEXRESEARCH\house_compute_hub\runs\20260605-024617-ebeaa2\mwstroud-mwstr-6aea1cf3.log,train_log,31000,295275,314960000,0.31496,4.7928,,0.00058588,92663.0
E:\CODEXRESEARCH\house_compute_hub\runs\20260605-024617-ebeaa2\mwstroud-mwstr-6aea1cf3.log,train_log,31500,295275,320040000,0.32004,4.5709,,0.000585393,92664.0
E:\CODEXRESEARCH\house_compute_hub\runs\20260605-024617-ebeaa2\mwstroud-mwstr-6aea1cf3.log,train_log,32000,295275,325120000,0.32512,4.5505,,0.000584898,92663.0
E:\CODEXRESEARCH\house_compute_hub\runs\20260605-024617-ebeaa2\mwstroud-mwstr-6aea1cf3.log,train_log,32500,295275,330200000,0.3302,5.2185,,0.000584395,92660.0
E:\CODEXRESEARCH\house_compute_hub\runs\20260605-024617-ebeaa2\mwstroud-mwstr-6aea1cf3.log,train_log,33000,295275,335280000,0.33528,4.4135,,0.000583884,92660.0
E:\CODEXRESEARCH\house_compute_hub\runs\20260605-024617-ebeaa2\mwstroud-mwstr-6aea1cf3.log,train_log,33500,295275,340360000,0.34036,4.6263,,0.000583364,92658.0
E:\CODEXRESEARCH\house_compute_hub\runs\20260605-024617-ebeaa2\mwstroud-mwstr-6aea1cf3.log,train_log,34000,295275,345440000,0.34544,4.6653,,0.000582837,92658.0
E:\CODEXRESEARCH\house_compute_hub\runs\20260605-024617-ebeaa2\mwstroud-mwstr-6aea1cf3.log,train_log,34500,295275,350520000,0.35052,4.5281,,0.000582302,92658.0
E:\CODEXRESEARCH\house_compute_hub\runs\20260605-024617-ebeaa2\mwstroud-mwstr-6aea1cf3.log,train_log,35000,295275,355600000,0.3556,4.7581,,0.000581759,92658.0
E:\CODEXRESEARCH\house_compute_hub\runs\20260605-024617-ebeaa2\mwstroud-mwstr-6aea1cf3.log,train_log,35500,295275,360680000,0.36068,4.6263,,0.000581208,92657.0
E:\CODEXRESEARCH\house_compute_hub\runs\20260605-024617-ebeaa2\mwstroud-mwstr-6aea1cf3.log,train_log,36000,295275,365760000,0.36576,4.8837,,0.000580649,92656.0
E:\CODEXRESEARCH\house_compute_hub\runs\20260605-024617-ebeaa2\mwstroud-mwstr-6aea1cf3.log,train_log,36500,295275,370840000,0.37084,4.4896,,0.000580083,92655.0
E:\CODEXRESEARCH\house_compute_hub\runs\20260605-024617-ebeaa2\mwstroud-mwstr-6aea1cf3.log,train_log,37000,295275,375920000,0.37592,4.6279,,0.000579508,92655.0
E:\CODEXRESEARCH\house_compute_hub\runs\20260605-024617-ebeaa2\mwstroud-mwstr-6aea1cf3.log,train_log,37500,295275,381000000,0.381,4.5735,,0.000578925,92655.0
E:\CODEXRESEARCH\house_compute_hub\runs\20260605-024617-ebeaa2\mwstroud-mwstr-6aea1cf3.log,train_log,38000,295275,386080000,0.38608,4.6878,,0.000578335,92655.0
E:\CODEXRESEARCH\house_compute_hub\runs\20260605-024617-ebeaa2\mwstroud-mwstr-6aea1cf3.log,train_log,38500,295275,391160000,0.39116,4.5791,,0.000577737,92655.0
E:\CODEXRESEARCH\house_compute_hub\runs\20260605-024617-ebeaa2\mwstroud-mwstr-6aea1cf3.log,train_log,39000,295275,396240000,0.39624,4.8217,,0.000577131,92655.0
E:\CODEXRESEARCH\house_compute_hub\runs\20260605-024617-ebeaa2\mwstroud-mwstr-6aea1cf3.log,eval_log,39372,295275,400019520,0.40001952,4.3721,4.5772,,
E:\CODEXRESEARCH\house_compute_hub\runs\20260605-024617-ebeaa2\mwstroud-mwstr-6aea1cf3.log,train_log,39500,295275,401320000,0.40132,4.4039,,0.000576517,92651.0
E:\CODEXRESEARCH\house_compute_hub\runs\20260605-024617-ebeaa2\mwstroud-mwstr-6aea1cf3.log,train_log,40000,295275,406400000,0.4064,4.4505,,0.000575895,92648.0
E:\CODEXRESEARCH\house_compute_hub\runs\20260605-024617-ebeaa2\mwstroud-mwstr-6aea1cf3.log,train_log,40500,295275,411480000,0.41148,4.5402,,0.000575266,92649.0
E:\CODEXRESEARCH\house_compute_hub\runs\20260605-024617-ebeaa2\mwstroud-mwstr-6aea1cf3.log,train_log,41000,295275,416560000,0.41656,4.623,,0.000574629,92649.0
E:\CODEXRESEARCH\house_compute_hub\runs\20260605-024617-ebeaa2\mwstroud-mwstr-6aea1cf3.log,train_log,41500,295275,421640000,0.42164,4.4269,,0.000573984,92649.0
E:\CODEXRESEARCH\house_compute_hub\runs\20260605-024617-ebeaa2\mwstroud-mwstr-6aea1cf3.log,train_log,42000,295275,426720000,0.42672,4.5594,,0.000573331,92648.0
E:\CODEXRESEARCH\house_compute_hub\runs\20260605-024617-ebeaa2\mwstroud-mwstr-6aea1cf3.log,train_log,42500,295275,431800000,0.4318,4.1318,,0.000572671,92648.0
E:\CODEXRESEARCH\house_compute_hub\runs\20260605-024617-ebeaa2\mwstroud-mwstr-6aea1cf3.log,train_log,43000,295275,436880000,0.43688,4.3334,,0.000572003,92648.0
E:\CODEXRESEARCH\house_compute_hub\runs\20260605-024617-ebeaa2\mwstroud-mwstr-6aea1cf3.log,train_log,43500,295275,441960000,0.44196,4.638,,0.000571327,92647.0
E:\CODEXRESEARCH\house_compute_hub\runs\20260605-024617-ebeaa2\mwstroud-mwstr-6aea1cf3.log,train_log,44000,295275,447040000,0.44704,4.3882,,0.000570644,92645.0
E:\CODEXRESEARCH\house_compute_hub\runs\20260605-024617-ebeaa2\mwstroud-mwstr-6aea1cf3.log,train_log,44500,295275,452120000,0.45212,4.7378,,0.000569953,92645.0
E:\CODEXRESEARCH\house_compute_hub\runs\20260605-024617-ebeaa2\mwstroud-mwstr-6aea1cf3.log,train_log,45000,295275,457200000,0.4572,4.4441,,0.000569254,92645.0
E:\CODEXRESEARCH\house_compute_hub\runs\20260605-024617-ebeaa2\mwstroud-mwstr-6aea1cf3.log,train_log,45500,295275,462280000,0.46228,4.2938,,0.000568548,92645.0
E:\CODEXRESEARCH\house_compute_hub\runs\20260605-024617-ebeaa2\mwstroud-mwstr-6aea1cf3.log,train_log,46000,295275,467360000,0.46736,4.6066,,0.000567834,92645.0
E:\CODEXRESEARCH\house_compute_hub\runs\20260605-024617-ebeaa2\mwstroud-mwstr-6aea1cf3.log,train_log,46500,295275,472440000,0.47244,4.6216,,0.000567113,92643.0
E:\CODEXRESEARCH\house_compute_hub\runs\20260605-024617-ebeaa2\mwstroud-mwstr-6aea1cf3.log,train_log,47000,295275,477520000,0.47752,4.4397,,0.000566384,92642.0
E:\CODEXRESEARCH\house_compute_hub\runs\20260605-024617-ebeaa2\mwstroud-mwstr-6aea1cf3.log,train_log,47500,295275,482600000,0.4826,4.4277,,0.000565648,92643.0
E:\CODEXRESEARCH\house_compute_hub\runs\20260605-024617-ebeaa2\mwstroud-mwstr-6aea1cf3.log,train_log,48000,295275,487680000,0.48768,4.3972,,0.000564904,92643.0
E:\CODEXRESEARCH\house_compute_hub\runs\20260605-024617-ebeaa2\mwstroud-mwstr-6aea1cf3.log,train_log,48500,295275,492760000,0.49276,4.6712,,0.000564153,92643.0
E:\CODEXRESEARCH\house_compute_hub\runs\20260605-024617-ebeaa2\mwstroud-mwstr-6aea1cf3.log,train_log,49000,295275,497840000,0.49784,4.3363,,0.000563395,92643.0
E:\CODEXRESEARCH\house_compute_hub\runs\20260605-024617-ebeaa2\mwstroud-mwstr-6aea1cf3.log,eval_log,49215,295275,500024400,0.5000244,4.4373,4.5197,,
E:\CODEXRESEARCH\house_compute_hub\runs\20260605-024617-ebeaa2\mwstroud-mwstr-6aea1cf3.log,train_log,49500,295275,502920000,0.50292,4.3993,,0.000562629,92640.0
E:\CODEXRESEARCH\house_compute_hub\runs\20260605-024617-ebeaa2\mwstroud-mwstr-6aea1cf3.log,train_log,50000,295275,508000000,0.508,4.2037,,0.000561855,92640.0
E:\CODEXRESEARCH\house_compute_hub\runs\20260605-024617-ebeaa2\mwstroud-mwstr-6aea1cf3.log,train_log,50500,295275,513080000,0.51308,4.5786,,0.000561074,92640.0
E:\CODEXRESEARCH\house_compute_hub\runs\20260605-024617-ebeaa2\mwstroud-mwstr-6aea1cf3.log,train_log,51000,295275,518160000,0.51816,4.7404,,0.000560286,92640.0
E:\CODEXRESEARCH\house_compute_hub\runs\20260605-024617-ebeaa2\mwstroud-mwstr-6aea1cf3.log,train_log,51500,295275,523240000,0.52324,4.5256,,0.000559491,92641.0
E:\CODEXRESEARCH\house_compute_hub\runs\20260605-024617-ebeaa2\mwstroud-mwstr-6aea1cf3.log,train_log,52000,295275,528320000,0.52832,4.3552,,0.000558688,92641.0
E:\CODEXRESEARCH\house_compute_hub\runs\20260605-024617-ebeaa2\mwstroud-mwstr-6aea1cf3.log,train_log,52500,295275,533400000,0.5334,4.4569,,0.000557878,92641.0
E:\CODEXRESEARCH\house_compute_hub\runs\20260605-024617-ebeaa2\mwstroud-mwstr-6aea1cf3.log,train_log,53000,295275,538480000,0.53848,4.6288,,0.000557061,92640.0
E:\CODEXRESEARCH\house_compute_hub\runs\20260605-024617-ebeaa2\mwstroud-mwstr-6aea1cf3.log,train_log,53500,295275,543560000,0.54356,4.7287,,0.000556236,92641.0
E:\CODEXRESEARCH\house_compute_hub\runs\20260605-024617-ebeaa2\mwstroud-mwstr-6aea1cf3.log,train_log,54000,295275,548640000,0.54864,3.9565,,0.000555405,92641.0
E:\CODEXRESEARCH\house_compute_hub\runs\20260605-024617-ebeaa2\mwstroud-mwstr-6aea1cf3.log,train_log,54500,295275,553720000,0.55372,4.5241,,0.000554566,92642.0
E:\CODEXRESEARCH\house_compute_hub\runs\20260605-024617-ebeaa2\mwstroud-mwstr-6aea1cf3.log,train_log,55000,295275,558800000,0.5588,4.3472,,0.00055372,92641.0
E:\CODEXRESEARCH\house_compute_hub\runs\20260605-024617-ebeaa2\mwstroud-mwstr-6aea1cf3.log,train_log,55500,295275,563880000,0.56388,4.6539,,0.000552866,92641.0
E:\CODEXRESEARCH\house_compute_hub\runs\20260605-024617-ebeaa2\mwstroud-mwstr-6aea1cf3.log,train_log,56000,295275,568960000,0.56896,4.2602,,0.000552006,92643.0
E:\CODEXRESEARCH\house_compute_hub\runs\20260605-024617-ebeaa2\mwstroud-mwstr-6aea1cf3.log,train_log,56500,295275,574040000,0.57404,4.5422,,0.000551139,92641.0
E:\CODEXRESEARCH\house_compute_hub\runs\20260605-024617-ebeaa2\mwstroud-mwstr-6aea1cf3.log,train_log,57000,295275,579120000,0.57912,4.6577,,0.000550264,92642.0
E:\CODEXRESEARCH\house_compute_hub\runs\20260605-024617-ebeaa2\mwstroud-mwstr-6aea1cf3.log,train_log,57500,295275,584200000,0.5842,4.5598,,0.000549383,92644.0
E:\CODEXRESEARCH\house_compute_hub\runs\20260605-024617-ebeaa2\mwstroud-mwstr-6aea1cf3.log,train_log,58000,295275,589280000,0.58928,4.4469,,0.000548494,92644.0
E:\CODEXRESEARCH\house_compute_hub\runs\20260605-024617-ebeaa2\mwstroud-mwstr-6aea1cf3.log,train_log,58500,295275,594360000,0.59436,4.4366,,0.000547599,92644.0
E:\CODEXRESEARCH\house_compute_hub\runs\20260605-024617-ebeaa2\mwstroud-mwstr-6aea1cf3.log,train_log,59000,295275,599440000,0.59944,4.2611,,0.000546696,92643.0
E:\CODEXRESEARCH\house_compute_hub\runs\20260605-024617-ebeaa2\mwstroud-mwstr-6aea1cf3.log,eval_log,59058,295275,600029280,0.60002928,4.0107,4.4805,,
E:\CODEXRESEARCH\house_compute_hub\runs\20260605-024617-ebeaa2\mwstroud-mwstr-6aea1cf3.log,train_log,59500,295275,604520000,0.60452,4.249,,0.000545787,92643.0
E:\CODEXRESEARCH\house_compute_hub\runs\20260605-024617-ebeaa2\mwstroud-mwstr-6aea1cf3.log,train_log,60000,295275,609600000,0.6096,4.1949,,0.000544871,92642.0
E:\CODEXRESEARCH\house_compute_hub\runs\20260605-024617-ebeaa2\mwstroud-mwstr-6aea1cf3.log,train_log,60500,295275,614680000,0.61468,4.9473,,0.000543948,92642.0
E:\CODEXRESEARCH\house_compute_hub\runs\20260605-024617-ebeaa2\mwstroud-mwstr-6aea1cf3.log,train_log,61000,295275,619760000,0.61976,4.6009,,0.000543018,92641.0
E:\CODEXRESEARCH\house_compute_hub\runs\20260605-024617-ebeaa2\mwstroud-mwstr-6aea1cf3.log,train_log,61500,295275,624840000,0.62484,4.5839,,0.000542081,92642.0
E:\CODEXRESEARCH\house_compute_hub\runs\20260605-024617-ebeaa2\mwstroud-mwstr-6aea1cf3.log,train_log,62000,295275,629920000,0.62992,4.3946,,0.000541137,92642.0
E:\CODEXRESEARCH\house_compute_hub\runs\20260605-024617-ebeaa2\mwstroud-mwstr-6aea1cf3.log,train_log,62500,295275,635000000,0.635,4.6546,,0.000540187,92642.0
E:\CODEXRESEARCH\house_compute_hub\runs\20260605-024617-ebeaa2\mwstroud-mwstr-6aea1cf3.log,train_log,63000,295275,640080000,0.64008,4.0907,,0.000539229,92641.0
E:\CODEXRESEARCH\house_compute_hub\runs\20260605-024617-ebeaa2\mwstroud-mwstr-6aea1cf3.log,train_log,63500,295275,645160000,0.64516,4.4424,,0.000538266,92640.0
E:\CODEXRESEARCH\house_compute_hub\runs\20260605-024617-ebeaa2\mwstroud-mwstr-6aea1cf3.log,train_log,64000,295275,650240000,0.65024,4.5424,,0.000537295,92640.0
E:\CODEXRESEARCH\house_compute_hub\runs\20260605-024617-ebeaa2\mwstroud-mwstr-6aea1cf3.log,train_log,64500,295275,655320000,0.65532,4.4266,,0.000536318,92640.0
E:\CODEXRESEARCH\house_compute_hub\runs\20260605-024617-ebeaa2\mwstroud-mwstr-6aea1cf3.log,train_log,65000,295275,660400000,0.6604,4.5177,,0.000535334,92639.0
E:\CODEXRESEARCH\house_compute_hub\runs\20260605-024617-ebeaa2\mwstroud-mwstr-6aea1cf3.log,train_log,65500,295275,665480000,0.66548,4.3001,,0.000534343,92640.0
E:\CODEXRESEARCH\house_compute_hub\runs\20260605-024617-ebeaa2\mwstroud-mwstr-6aea1cf3.log,train_log,66000,295275,670560000,0.67056,4.8602,,0.000533346,92639.0
E:\CODEXRESEARCH\house_compute_hub\runs\20260605-024617-ebeaa2\mwstroud-mwstr-6aea1cf3.log,train_log,66500,295275,675640000,0.67564,4.3913,,0.000532343,92639.0
E:\CODEXRESEARCH\house_compute_hub\runs\20260605-024617-ebeaa2\mwstroud-mwstr-6aea1cf3.log,train_log,67000,295275,680720000,0.68072,4.518,,0.000531333,92639.0
E:\CODEXRESEARCH\house_compute_hub\runs\20260605-024617-ebeaa2\mwstroud-mwstr-6aea1cf3.log,train_log,67500,295275,685800000,0.6858,4.515,,0.000530316,92639.0
E:\CODEXRESEARCH\house_compute_hub\runs\20260605-024617-ebeaa2\mwstroud-mwstr-6aea1cf3.log,train_log,68000,295275,690880000,0.69088,4.4644,,0.000529293,92639.0
E:\CODEXRESEARCH\house_compute_hub\runs\20260605-024617-ebeaa2\mwstroud-mwstr-6aea1cf3.log,train_log,68500,295275,695960000,0.69596,4.532,,0.000528263,92639.0
E:\CODEXRESEARCH\house_compute_hub\runs\20260605-024617-ebeaa2\mwstroud-mwstr-6aea1cf3.log,eval_log,68901,295275,700034160,0.70003416,4.4998,4.4476,,
E:\CODEXRESEARCH\house_compute_hub\runs\20260605-024617-ebeaa2\mwstroud-mwstr-6aea1cf3.log,train_log,69000,295275,701040000,0.70104,4.5278,,0.000527227,92637.0
E:\CODEXRESEARCH\house_compute_hub\runs\20260605-024617-ebeaa2\mwstroud-mwstr-6aea1cf3.log,train_log,69500,295275,706120000,0.70612,4.4314,,0.000526185,92637.0
E:\CODEXRESEARCH\house_compute_hub\runs\20260605-024617-ebeaa2\mwstroud-mwstr-6aea1cf3.log,train_log,70000,295275,711200000,0.7112,4.3672,,0.000525136,92637.0
E:\CODEXRESEARCH\house_compute_hub\runs\20260605-024617-ebeaa2\mwstroud-mwstr-6aea1cf3.log,train_log,70500,295275,716280000,0.71628,4.2569,,0.000524081,92637.0
E:\CODEXRESEARCH\house_compute_hub\runs\20260605-024617-ebeaa2\mwstroud-mwstr-6aea1cf3.log,train_log,71000,295275,721360000,0.72136,5.1042,,0.00052302,92637.0
E:\CODEXRESEARCH\house_compute_hub\runs\20260605-024617-ebeaa2\mwstroud-mwstr-6aea1cf3.log,train_log,71500,295275,726440000,0.72644,4.4084,,0.000521953,92637.0
E:\CODEXRESEARCH\house_compute_hub\runs\20260605-024617-ebeaa2\mwstroud-mwstr-6aea1cf3.log,train_log,72000,295275,731520000,0.73152,4.1758,,0.000520879,92637.0
E:\CODEXRESEARCH\house_compute_hub\runs\20260605-024617-ebeaa2\mwstroud-mwstr-6aea1cf3.log,train_log,72500,295275,736600000,0.7366,4.4461,,0.000519799,92636.0
E:\CODEXRESEARCH\house_compute_hub\runs\20260605-024617-ebeaa2\mwstroud-mwstr-6aea1cf3.log,train_log,73000,295275,741680000,0.74168,4.2011,,0.000518713,92636.0
E:\CODEXRESEARCH\house_compute_hub\runs\20260605-024617-ebeaa2\mwstroud-mwstr-6aea1cf3.log,train_log,73500,295275,746760000,0.74676,4.4469,,0.000517621,92636.0
E:\CODEXRESEARCH\house_compute_hub\runs\20260605-024617-ebeaa2\mwstroud-mwstr-6aea1cf3.log,train_log,74000,295275,751840000,0.75184,4.4686,,0.000516522,92635.0
E:\CODEXRESEARCH\house_compute_hub\runs\20260605-024617-ebeaa2\mwstroud-mwstr-6aea1cf3.log,train_log,74500,295275,756920000,0.75692,4.2579,,0.000515418,92636.0
E:\CODEXRESEARCH\house_compute_hub\runs\20260605-024617-ebeaa2\mwstroud-mwstr-6aea1cf3.log,train_log,75000,295275,762000000,0.762,4.2927,,0.000514308,92636.0
E:\CODEXRESEARCH\house_compute_hub\runs\20260605-024617-ebeaa2\mwstroud-mwstr-6aea1cf3.log,train_log,75500,295275,767080000,0.76708,4.5379,,0.000513191,92636.0
E:\CODEXRESEARCH\house_compute_hub\runs\20260605-024617-ebeaa2\mwstroud-mwstr-6aea1cf3.log,train_log,76000,295275,772160000,0.77216,4.4769,,0.000512069,92636.0
E:\CODEXRESEARCH\house_compute_hub\runs\20260605-024617-ebeaa2\mwstroud-mwstr-6aea1cf3.log,train_log,76500,295275,777240000,0.77724,4.728,,0.00051094,92636.0
E:\CODEXRESEARCH\house_compute_hub\runs\20260605-024617-ebeaa2\mwstroud-mwstr-6aea1cf3.log,train_log,77000,295275,782320000,0.78232,4.3175,,0.000509806,92636.0
E:\CODEXRESEARCH\house_compute_hub\runs\20260605-024617-ebeaa2\mwstroud-mwstr-6aea1cf3.log,train_log,77500,295275,787400000,0.7874,4.4967,,0.000508666,92636.0
E:\CODEXRESEARCH\house_compute_hub\runs\20260605-024617-ebeaa2\mwstroud-mwstr-6aea1cf3.log,train_log,78000,295275,792480000,0.79248,4.2334,,0.00050752,92636.0
E:\CODEXRESEARCH\house_compute_hub\runs\20260605-024617-ebeaa2\mwstroud-mwstr-6aea1cf3.log,train_log,78500,295275,797560000,0.79756,4.519,,0.000506368,92636.0
E:\CODEXRESEARCH\house_compute_hub\runs\20260605-024617-ebeaa2\mwstroud-mwstr-6aea1cf3.log,eval_log,78744,295275,800039040,0.80003904,4.2496,4.3985,,
E:\CODEXRESEARCH\house_compute_hub\runs\20260605-024617-ebeaa2\mwstroud-mwstr-6aea1cf3.log,train_log,79000,295275,802640000,0.80264,3.9479,,0.000505211,92633.0
E:\CODEXRESEARCH\house_compute_hub\runs\20260605-024617-ebeaa2\mwstroud-mwstr-6aea1cf3.log,train_log,79500,295275,807720000,0.80772,4.559,,0.000504047,92634.0
E:\CODEXRESEARCH\house_compute_hub\runs\20260605-024617-ebeaa2\mwstroud-mwstr-6aea1cf3.log,train_log,80000,295275,812800000,0.8128,4.5047,,0.000502878,92635.0
E:\CODEXRESEARCH\house_compute_hub\runs\20260605-024617-ebeaa2\mwstroud-mwstr-6aea1cf3.log,train_log,80500,295275,817880000,0.81788,4.2319,,0.000501704,92634.0
E:\CODEXRESEARCH\house_compute_hub\runs\20260605-024617-ebeaa2\mwstroud-mwstr-6aea1cf3.log,train_log,81000,295275,822960000,0.82296,3.6417,,0.000500523,92634.0
E:\CODEXRESEARCH\house_compute_hub\runs\20260605-024617-ebeaa2\mwstroud-mwstr-6aea1cf3.log,train_log,81500,295275,828040000,0.82804,4.3065,,0.000499337,92634.0
E:\CODEXRESEARCH\house_compute_hub\runs\20260605-024617-ebeaa2\mwstroud-mwstr-6aea1cf3.log,train_log,82000,295275,833120000,0.83312,4.3947,,0.000498146,92634.0
E:\CODEXRESEARCH\house_compute_hub\runs\20260605-024617-ebeaa2\mwstroud-mwstr-6aea1cf3.log,train_log,82500,295275,838200000,0.8382,4.2085,,0.000496949,92634.0
E:\CODEXRESEARCH\house_compute_hub\runs\20260605-024617-ebeaa2\mwstroud-mwstr-6aea1cf3.log,train_log,83000,295275,843280000,0.84328,4.398,,0.000495746,92635.0
E:\CODEXRESEARCH\house_compute_hub\runs\20260605-024617-ebeaa2\mwstroud-mwstr-6aea1cf3.log,train_log,83500,295275,848360000,0.84836,4.4347,,0.000494538,92635.0
E:\CODEXRESEARCH\house_compute_hub\runs\20260605-024617-ebeaa2\mwstroud-mwstr-6aea1cf3.log,train_log,84000,295275,853440000,0.85344,4.5718,,0.000493325,92635.0
E:\CODEXRESEARCH\house_compute_hub\runs\20260605-024617-ebeaa2\mwstroud-mwstr-6aea1cf3.log,train_log,84500,295275,858520000,0.85852,4.5019,,0.000492106,92635.0
E:\CODEXRESEARCH\house_compute_hub\runs\20260605-024617-ebeaa2\mwstroud-mwstr-6aea1cf3.log,train_log,85000,295275,863600000,0.8636,4.476,,0.000490882,92635.0
E:\CODEXRESEARCH\house_compute_hub\runs\20260605-024617-ebeaa2\mwstroud-mwstr-6aea1cf3.log,train_log,85500,295275,868680000,0.86868,4.4034,,0.000489652,92635.0
E:\CODEXRESEARCH\house_compute_hub\runs\20260605-024617-ebeaa2\mwstroud-mwstr-6aea1cf3.log,train_log,86000,295275,873760000,0.87376,4.4842,,0.000488417,92635.0
E:\CODEXRESEARCH\house_compute_hub\runs\20260605-024617-ebeaa2\mwstroud-mwstr-6aea1cf3.log,train_log,86500,295275,878840000,0.87884,4.3132,,0.000487177,92635.0
E:\CODEXRESEARCH\house_compute_hub\runs\20260605-024617-ebeaa2\mwstroud-mwstr-6aea1cf3.log,train_log,87000,295275,883920000,0.88392,4.1143,,0.000485932,92635.0
E:\CODEXRESEARCH\house_compute_hub\runs\20260605-024617-ebeaa2\mwstroud-mwstr-6aea1cf3.log,train_log,87500,295275,889000000,0.889,4.3073,,0.000484681,92635.0
E:\CODEXRESEARCH\house_compute_hub\runs\20260605-024617-ebeaa2\mwstroud-mwstr-6aea1cf3.log,train_log,88000,295275,894080000,0.89408,4.3114,,0.000483426,92635.0
E:\CODEXRESEARCH\house_compute_hub\runs\20260605-024617-ebeaa2\mwstroud-mwstr-6aea1cf3.log,train_log,88500,295275,899160000,0.89916,4.3216,,0.000482165,92635.0
E:\CODEXRESEARCH\house_compute_hub\runs\20260605-024617-ebeaa2\mwstroud-mwstr-6aea1cf3.log,eval_log,88587,295275,900043920,0.90004392,4.2814,4.3741,,
E:\CODEXRESEARCH\house_compute_hub\runs\20260605-024617-ebeaa2\mwstroud-mwstr-6aea1cf3.log,train_log,89000,295275,904240000,0.90424,4.0271,,0.000480899,92633.0
E:\CODEXRESEARCH\house_compute_hub\runs\20260605-024617-ebeaa2\mwstroud-mwstr-6aea1cf3.log,train_log,89500,295275,909320000,0.90932,4.2027,,0.000479628,92633.0
E:\CODEXRESEARCH\house_compute_hub\runs\20260605-024617-ebeaa2\mwstroud-mwstr-6aea1cf3.log,train_log,90000,295275,914400000,0.9144,5.1098,,0.000478352,92633.0
E:\CODEXRESEARCH\house_compute_hub\runs\20260605-024617-ebeaa2\mwstroud-mwstr-6aea1cf3.log,train_log,90500,295275,919480000,0.91948,4.4483,,0.000477071,92634.0
E:\CODEXRESEARCH\house_compute_hub\runs\20260605-024617-ebeaa2\mwstroud-mwstr-6aea1cf3.log,train_log,91000,295275,924560000,0.92456,4.4128,,0.000475785,92633.0
E:\CODEXRESEARCH\house_compute_hub\runs\20260605-024617-ebeaa2\mwstroud-mwstr-6aea1cf3.log,train_log,91500,295275,929640000,0.92964,4.2586,,0.000474494,92633.0
E:\CODEXRESEARCH\house_compute_hub\runs\20260605-024617-ebeaa2\mwstroud-mwstr-6aea1cf3.log,train_log,92000,295275,934720000,0.93472,4.272,,0.000473199,92633.0
E:\CODEXRESEARCH\house_compute_hub\runs\20260605-024617-ebeaa2\mwstroud-mwstr-6aea1cf3.log,train_log,92500,295275,939800000,0.9398,4.1256,,0.000471898,92633.0
E:\CODEXRESEARCH\house_compute_hub\runs\20260605-024617-ebeaa2\mwstroud-mwstr-6aea1cf3.log,train_log,93000,295275,944880000,0.94488,4.1331,,0.000470593,92633.0
E:\CODEXRESEARCH\house_compute_hub\runs\20260605-024617-ebeaa2\mwstroud-mwstr-6aea1cf3.log,train_log,93500,295275,949960000,0.94996,4.3615,,0.000469283,92633.0
E:\CODEXRESEARCH\house_compute_hub\runs\20260605-024617-ebeaa2\mwstroud-mwstr-6aea1cf3.log,train_log,94000,295275,955040000,0.95504,4.375,,0.000467968,92633.0
E:\CODEXRESEARCH\house_compute_hub\runs\20260605-024617-ebeaa2\mwstroud-mwstr-6aea1cf3.log,train_log,94500,295275,960120000,0.96012,4.3586,,0.000466649,92632.0
E:\CODEXRESEARCH\house_compute_hub\runs\20260605-024617-ebeaa2\mwstroud-mwstr-6aea1cf3.log,train_log,95000,295275,965200000,0.9652,4.7345,,0.000465325,92632.0
E:\CODEXRESEARCH\house_compute_hub\runs\20260605-024617-ebeaa2\mwstroud-mwstr-6aea1cf3.log,train_log,95500,295275,970280000,0.97028,4.4245,,0.000463996,92633.0
E:\CODEXRESEARCH\house_compute_hub\runs\20260605-024617-ebeaa2\mwstroud-mwstr-6aea1cf3.log,train_log,96000,295275,975360000,0.97536,4.225,,0.000462663,92633.0
E:\CODEXRESEARCH\house_compute_hub\runs\20260605-024617-ebeaa2\mwstroud-mwstr-6aea1cf3.log,train_log,96500,295275,980440000,0.98044,4.3141,,0.000461325,92633.0
E:\CODEXRESEARCH\house_compute_hub\runs\20260605-024617-ebeaa2\mwstroud-mwstr-6aea1cf3.log,train_log,97000,295275,985520000,0.98552,4.3194,,0.000459983,92633.0
E:\CODEXRESEARCH\house_compute_hub\runs\20260605-024617-ebeaa2\mwstroud-mwstr-6aea1cf3.log,train_log,97500,295275,990600000,0.9906,4.338,,0.000458637,92633.0
E:\CODEXRESEARCH\house_compute_hub\runs\20260605-024617-ebeaa2\mwstroud-mwstr-6aea1cf3.log,train_log,98000,295275,995680000,0.99568,4.1655,,0.000457286,92633.0
E:\CODEXRESEARCH\house_compute_hub\runs\20260605-024617-ebeaa2\mwstroud-mwstr-6aea1cf3.log,eval_log,98430,295275,1000048800,1.0000488,4.2152,4.3538,,
E:\CODEXRESEARCH\house_compute_hub\runs\20260605-024617-ebeaa2\mwstroud-mwstr-6aea1cf3.log,train_log,98500,295275,1000760000,1.00076,4.4782,,0.00045593,92631.0
E:\CODEXRESEARCH\house_compute_hub\runs\20260605-024617-ebeaa2\mwstroud-mwstr-6aea1cf3.log,train_log,99000,295275,1005840000,1.00584,4.3746,,0.00045457,92631.0
E:\CODEXRESEARCH\house_compute_hub\runs\20260605-024617-ebeaa2\mwstroud-mwstr-6aea1cf3.log,train_log,99500,295275,1010920000,1.01092,4.3134,,0.000453206,92631.0
E:\CODEXRESEARCH\house_compute_hub\runs\20260605-024617-ebeaa2\mwstroud-mwstr-6aea1cf3.log,train_log,100000,295275,1016000000,1.016,4.1696,,0.000451838,92631.0
E:\CODEXRESEARCH\house_compute_hub\runs\20260605-024617-ebeaa2\mwstroud-mwstr-6aea1cf3.log,train_log,100500,295275,1021080000,1.02108,4.2853,,0.000450466,92630.0
E:\CODEXRESEARCH\house_compute_hub\runs\20260605-024617-ebeaa2\mwstroud-mwstr-6aea1cf3.log,train_log,101000,295275,1026160000,1.02616,4.1683,,0.000449089,92630.0
E:\CODEXRESEARCH\house_compute_hub\runs\20260605-024617-ebeaa2\mwstroud-mwstr-6aea1cf3.log,train_log,101500,295275,1031240000,1.03124,4.5805,,0.000447708,92629.0
E:\CODEXRESEARCH\house_compute_hub\runs\20260605-024617-ebeaa2\mwstroud-mwstr-6aea1cf3.log,train_log,102000,295275,1036320000,1.03632,4.1624,,0.000446323,92629.0
E:\CODEXRESEARCH\house_compute_hub\runs\20260605-024617-ebeaa2\mwstroud-mwstr-6aea1cf3.log,train_log,102500,295275,1041400000,1.0414,4.448,,0.000444934,92629.0
E:\CODEXRESEARCH\house_compute_hub\runs\20260605-024617-ebeaa2\mwstroud-mwstr-6aea1cf3.log,train_log,103000,295275,1046480000,1.04648,4.0574,,0.000443541,92629.0
E:\CODEXRESEARCH\house_compute_hub\runs\20260605-024617-ebeaa2\mwstroud-mwstr-6aea1cf3.log,train_log,103500,295275,1051560000,1.05156,4.4669,,0.000442144,92629.0
E:\CODEXRESEARCH\house_compute_hub\runs\20260605-024617-ebeaa2\mwstroud-mwstr-6aea1cf3.log,train_log,104000,295275,1056640000,1.05664,4.3306,,0.000440744,92628.0
E:\CODEXRESEARCH\house_compute_hub\runs\20260605-024617-ebeaa2\mwstroud-mwstr-6aea1cf3.log,train_log,104500,295275,1061720000,1.06172,4.1773,,0.000439339,92628.0
E:\CODEXRESEARCH\house_compute_hub\runs\20260605-024617-ebeaa2\mwstroud-mwstr-6aea1cf3.log,train_log,105000,295275,1066800000,1.0668,4.5958,,0.00043793,92627.0
E:\CODEXRESEARCH\house_compute_hub\runs\20260605-024617-ebeaa2\mwstroud-mwstr-6aea1cf3.log,train_log,105500,295275,1071880000,1.07188,4.8903,,0.000436518,92627.0
E:\CODEXRESEARCH\house_compute_hub\runs\20260605-024617-ebeaa2\mwstroud-mwstr-6aea1cf3.log,train_log,106000,295275,1076960000,1.07696,4.1944,,0.000435102,92626.0
E:\CODEXRESEARCH\house_compute_hub\runs\20260605-024617-ebeaa2\mwstroud-mwstr-6aea1cf3.log,train_log,106500,295275,1082040000,1.08204,4.3211,,0.000433682,92626.0
E:\CODEXRESEARCH\house_compute_hub\runs\20260605-024617-ebeaa2\mwstroud-mwstr-6aea1cf3.log,train_log,107000,295275,1087120000,1.08712,4.383,,0.000432258,92626.0
E:\CODEXRESEARCH\house_compute_hub\runs\20260605-024617-ebeaa2\mwstroud-mwstr-6aea1cf3.log,train_log,107500,295275,1092200000,1.0922,3.9276,,0.000430831,92626.0
E:\CODEXRESEARCH\house_compute_hub\runs\20260605-024617-ebeaa2\mwstroud-mwstr-6aea1cf3.log,train_log,108000,295275,1097280000,1.09728,4.285,,0.0004294,92626.0
E:\CODEXRESEARCH\house_compute_hub\runs\20260605-024617-ebeaa2\mwstroud-mwstr-6aea1cf3.log,eval_log,108273,295275,1100053680,1.10005368,3.9974,4.3412,,
E:\CODEXRESEARCH\house_compute_hub\runs\20260605-024617-ebeaa2\mwstroud-mwstr-6aea1cf3.log,train_log,108500,295275,1102360000,1.10236,4.5571,,0.000427965,92625.0
E:\CODEXRESEARCH\house_compute_hub\runs\20260605-024617-ebeaa2\mwstroud-mwstr-6aea1cf3.log,train_log,109000,295275,1107440000,1.10744,4.4801,,0.000426527,92625.0
E:\CODEXRESEARCH\house_compute_hub\runs\20260605-024617-ebeaa2\mwstroud-mwstr-6aea1cf3.log,train_log,109500,295275,1112520000,1.11252,4.2219,,0.000425086,92625.0
E:\CODEXRESEARCH\house_compute_hub\runs\20260605-024617-ebeaa2\mwstroud-mwstr-6aea1cf3.log,train_log,110000,295275,1117600000,1.1176,4.1639,,0.000423641,92625.0
E:\CODEXRESEARCH\house_compute_hub\runs\20260605-024617-ebeaa2\mwstroud-mwstr-6aea1cf3.log,train_log,110500,295275,1122680000,1.12268,4.3794,,0.000422193,92625.0
E:\CODEXRESEARCH\house_compute_hub\runs\20260605-024617-ebeaa2\mwstroud-mwstr-6aea1cf3.log,train_log,111000,295275,1127760000,1.12776,4.062,,0.000420741,92625.0
E:\CODEXRESEARCH\house_compute_hub\runs\20260605-024617-ebeaa2\mwstroud-mwstr-6aea1cf3.log,train_log,111500,295275,1132840000,1.13284,4.5853,,0.000419286,92625.0
E:\CODEXRESEARCH\house_compute_hub\runs\20260605-024617-ebeaa2\mwstroud-mwstr-6aea1cf3.log,train_log,112000,295275,1137920000,1.13792,4.2348,,0.000417828,92625.0
E:\CODEXRESEARCH\house_compute_hub\runs\20260605-024617-ebeaa2\mwstroud-mwstr-6aea1cf3.log,train_log,112500,295275,1143000000,1.143,4.2465,,0.000416366,92625.0
E:\CODEXRESEARCH\house_compute_hub\runs\20260605-024617-ebeaa2\mwstroud-mwstr-6aea1cf3.log,train_log,113000,295275,1148080000,1.14808,4.0465,,0.000414902,92625.0
E:\CODEXRESEARCH\house_compute_hub\runs\20260605-024617-ebeaa2\mwstroud-mwstr-6aea1cf3.log,train_log,113500,295275,1153160000,1.15316,4.4406,,0.000413434,92625.0
E:\CODEXRESEARCH\house_compute_hub\runs\20260605-024617-ebeaa2\mwstroud-mwstr-6aea1cf3.log,train_log,114000,295275,1158240000,1.15824,4.304,,0.000411963,92626.0
E:\CODEXRESEARCH\house_compute_hub\runs\20260605-024617-ebeaa2\mwstroud-mwstr-6aea1cf3.log,train_log,114500,295275,1163320000,1.16332,4.2845,,0.000410489,92626.0
E:\CODEXRESEARCH\house_compute_hub\runs\20260605-024617-ebeaa2\mwstroud-mwstr-6aea1cf3.log,train_log,115000,295275,1168400000,1.1684,4.4195,,0.000409012,92626.0
E:\CODEXRESEARCH\house_compute_hub\runs\20260605-024617-ebeaa2\mwstroud-mwstr-6aea1cf3.log,train_log,115500,295275,1173480000,1.17348,4.3553,,0.000407532,92625.0
E:\CODEXRESEARCH\house_compute_hub\runs\20260605-024617-ebeaa2\mwstroud-mwstr-6aea1cf3.log,train_log,116000,295275,1178560000,1.17856,4.2175,,0.000406049,92625.0
E:\CODEXRESEARCH\house_compute_hub\runs\20260605-024617-ebeaa2\mwstroud-mwstr-6aea1cf3.log,train_log,116500,295275,1183640000,1.18364,4.1906,,0.000404563,92625.0
E:\CODEXRESEARCH\house_compute_hub\runs\20260605-024617-ebeaa2\mwstroud-mwstr-6aea1cf3.log,train_log,117000,295275,1188720000,1.18872,4.2804,,0.000403074,92626.0
E:\CODEXRESEARCH\house_compute_hub\runs\20260605-024617-ebeaa2\mwstroud-mwstr-6aea1cf3.log,train_log,117500,295275,1193800000,1.1938,4.236,,0.000401582,92626.0
E:\CODEXRESEARCH\house_compute_hub\runs\20260605-024617-ebeaa2\mwstroud-mwstr-6aea1cf3.log,train_log,118000,295275,1198880000,1.19888,4.1478,,0.000400088,92626.0
E:\CODEXRESEARCH\house_compute_hub\runs\20260605-024617-ebeaa2\mwstroud-mwstr-6aea1cf3.log,eval_log,118116,295275,1200058560,1.20005856,4.2498,4.2995,,
E:\CODEXRESEARCH\house_compute_hub\runs\20260605-024617-ebeaa2\mwstroud-mwstr-6aea1cf3.log,train_log,118500,295275,1203960000,1.20396,4.5423,,0.000398591,92625.0
E:\CODEXRESEARCH\house_compute_hub\runs\20260605-024617-ebeaa2\mwstroud-mwstr-6aea1cf3.log,train_log,119000,295275,1209040000,1.20904,4.4099,,0.000397091,92624.0
E:\CODEXRESEARCH\house_compute_hub\runs\20260605-024617-ebeaa2\mwstroud-mwstr-6aea1cf3.log,train_log,119500,295275,1214120000,1.21412,4.1626,,0.000395589,92624.0
E:\CODEXRESEARCH\house_compute_hub\runs\20260605-024617-ebeaa2\mwstroud-mwstr-6aea1cf3.log,train_log,120000,295275,1219200000,1.2192,3.866,,0.000394084,92624.0
E:\CODEXRESEARCH\house_compute_hub\runs\20260605-024617-ebeaa2\mwstroud-mwstr-6aea1cf3.log,train_log,120500,295275,1224280000,1.22428,4.1069,,0.000392576,92624.0
E:\CODEXRESEARCH\house_compute_hub\runs\20260605-024617-ebeaa2\mwstroud-mwstr-6aea1cf3.log,train_log,121000,295275,1229360000,1.22936,4.3131,,0.000391066,92623.0
E:\CODEXRESEARCH\house_compute_hub\runs\20260605-024617-ebeaa2\mwstroud-mwstr-6aea1cf3.log,train_log,121500,295275,1234440000,1.23444,4.0698,,0.000389554,92623.0
E:\CODEXRESEARCH\house_compute_hub\runs\20260605-024617-ebeaa2\mwstroud-mwstr-6aea1cf3.log,train_log,122000,295275,1239520000,1.23952,4.0977,,0.000388039,92623.0
E:\CODEXRESEARCH\house_compute_hub\runs\20260605-024617-ebeaa2\mwstroud-mwstr-6aea1cf3.log,train_log,122500,295275,1244600000,1.2446,4.4056,,0.000386521,92623.0
E:\CODEXRESEARCH\house_compute_hub\runs\20260605-024617-ebeaa2\mwstroud-mwstr-6aea1cf3.log,train_log,123000,295275,1249680000,1.24968,4.1931,,0.000385002,92623.0
E:\CODEXRESEARCH\house_compute_hub\runs\20260605-024617-ebeaa2\mwstroud-mwstr-6aea1cf3.log,train_log,123500,295275,1254760000,1.25476,4.7745,,0.00038348,92623.0
E:\CODEXRESEARCH\house_compute_hub\runs\20260605-024617-ebeaa2\mwstroud-mwstr-6aea1cf3.log,train_log,124000,295275,1259840000,1.25984,4.2381,,0.000381956,92624.0
E:\CODEXRESEARCH\house_compute_hub\runs\20260605-024617-ebeaa2\mwstroud-mwstr-6aea1cf3.log,train_log,124500,295275,1264920000,1.26492,4.1827,,0.000380429,92623.0
E:\CODEXRESEARCH\house_compute_hub\runs\20260605-024617-ebeaa2\mwstroud-mwstr-6aea1cf3.log,train_log,125000,295275,1270000000,1.27,4.0964,,0.000378901,92623.0
E:\CODEXRESEARCH\house_compute_hub\runs\20260605-024617-ebeaa2\mwstroud-mwstr-6aea1cf3.log,train_log,125500,295275,1275080000,1.27508,4.4237,,0.00037737,92623.0
E:\CODEXRESEARCH\house_compute_hub\runs\20260605-024617-ebeaa2\mwstroud-mwstr-6aea1cf3.log,train_log,126000,295275,1280160000,1.28016,4.0947,,0.000375837,92623.0
E:\CODEXRESEARCH\house_compute_hub\runs\20260605-024617-ebeaa2\mwstroud-mwstr-6aea1cf3.log,train_log,126500,295275,1285240000,1.28524,4.2351,,0.000374302,92623.0
E:\CODEXRESEARCH\house_compute_hub\runs\20260605-024617-ebeaa2\mwstroud-mwstr-6aea1cf3.log,train_log,127000,295275,1290320000,1.29032,3.9627,,0.000372765,92623.0
E:\CODEXRESEARCH\house_compute_hub\runs\20260605-024617-ebeaa2\mwstroud-mwstr-6aea1cf3.log,train_log,127500,295275,1295400000,1.2954,4.6062,,0.000371227,92623.0
E:\CODEXRESEARCH\house_compute_hub\runs\20260605-024617-ebeaa2\mwstroud-mwstr-6aea1cf3.log,eval_log,127959,295275,1300063440,1.30006344,4.4265,4.2817,,
E:\CODEXRESEARCH\house_compute_hub\runs\20260605-024617-ebeaa2\mwstroud-mwstr-6aea1cf3.log,train_log,128000,295275,1300480000,1.30048,4.0429,,0.000369686,92621.0
E:\CODEXRESEARCH\house_compute_hub\runs\20260605-024617-ebeaa2\mwstroud-mwstr-6aea1cf3.log,train_log,128500,295275,1305560000,1.30556,4.2089,,0.000368144,92622.0
E:\CODEXRESEARCH\house_compute_hub\runs\20260605-024617-ebeaa2\mwstroud-mwstr-6aea1cf3.log,train_log,129000,295275,1310640000,1.31064,4.0502,,0.000366599,92622.0
E:\CODEXRESEARCH\house_compute_hub\runs\20260605-024617-ebeaa2\mwstroud-mwstr-6aea1cf3.log,train_log,129500,295275,1315720000,1.31572,4.2658,,0.000365053,92622.0
E:\CODEXRESEARCH\house_compute_hub\runs\20260605-024617-ebeaa2\mwstroud-mwstr-6aea1cf3.log,train_log,130000,295275,1320800000,1.3208,4.1179,,0.000363505,92622.0
E:\CODEXRESEARCH\house_compute_hub\runs\20260605-024617-ebeaa2\mwstroud-mwstr-6aea1cf3.log,train_log,130500,295275,1325880000,1.32588,3.9118,,0.000361956,92623.0
E:\CODEXRESEARCH\house_compute_hub\runs\20260605-024617-ebeaa2\mwstroud-mwstr-6aea1cf3.log,train_log,131000,295275,1330960000,1.33096,4.2822,,0.000360405,92623.0
E:\CODEXRESEARCH\house_compute_hub\runs\20260605-024617-ebeaa2\mwstroud-mwstr-6aea1cf3.log,train_log,131500,295275,1336040000,1.33604,3.9895,,0.000358852,92623.0
E:\CODEXRESEARCH\house_compute_hub\runs\20260605-024617-ebeaa2\mwstroud-mwstr-6aea1cf3.log,train_log,132000,295275,1341120000,1.34112,4.2589,,0.000357298,92623.0
E:\CODEXRESEARCH\house_compute_hub\runs\20260605-024617-ebeaa2\mwstroud-mwstr-6aea1cf3.log,train_log,132500,295275,1346200000,1.3462,4.1638,,0.000355742,92623.0
E:\CODEXRESEARCH\house_compute_hub\runs\20260605-024617-ebeaa2\mwstroud-mwstr-6aea1cf3.log,train_log,133000,295275,1351280000,1.35128,4.2837,,0.000354185,92622.0
E:\CODEXRESEARCH\house_compute_hub\runs\20260605-024617-ebeaa2\mwstroud-mwstr-6aea1cf3.log,train_log,133500,295275,1356360000,1.35636,4.3102,,0.000352626,92622.0
E:\CODEXRESEARCH\house_compute_hub\runs\20260605-024617-ebeaa2\mwstroud-mwstr-6aea1cf3.log,train_log,134000,295275,1361440000,1.36144,3.9379,,0.000351066,92623.0
E:\CODEXRESEARCH\house_compute_hub\runs\20260605-024617-ebeaa2\mwstroud-mwstr-6aea1cf3.log,train_log,134500,295275,1366520000,1.36652,4.0991,,0.000349505,92623.0
E:\CODEXRESEARCH\house_compute_hub\runs\20260605-024617-ebeaa2\mwstroud-mwstr-6aea1cf3.log,train_log,135000,295275,1371600000,1.3716,4.5988,,0.000347942,92623.0
E:\CODEXRESEARCH\house_compute_hub\runs\20260605-024617-ebeaa2\mwstroud-mwstr-6aea1cf3.log,train_log,135500,295275,1376680000,1.37668,4.256,,0.000346379,92623.0
E:\CODEXRESEARCH\house_compute_hub\runs\20260605-024617-ebeaa2\mwstroud-mwstr-6aea1cf3.log,train_log,136000,295275,1381760000,1.38176,4.2309,,0.000344814,92623.0
E:\CODEXRESEARCH\house_compute_hub\runs\20260605-024617-ebeaa2\mwstroud-mwstr-6aea1cf3.log,train_log,136500,295275,1386840000,1.38684,4.3526,,0.000343247,92623.0
E:\CODEXRESEARCH\house_compute_hub\runs\20260605-024617-ebeaa2\mwstroud-mwstr-6aea1cf3.log,train_log,137000,295275,1391920000,1.39192,4.2695,,0.00034168,92622.0
E:\CODEXRESEARCH\house_compute_hub\runs\20260605-024617-ebeaa2\mwstroud-mwstr-6aea1cf3.log,train_log,137500,295275,1397000000,1.397,4.3046,,0.000340112,92622.0
E:\CODEXRESEARCH\house_compute_hub\runs\20260605-024617-ebeaa2\mwstroud-mwstr-6aea1cf3.log,eval_log,137802,295275,1400068320,1.40006832,4.5859,4.2647,,
E:\CODEXRESEARCH\house_compute_hub\runs\20260605-024617-ebeaa2\mwstroud-mwstr-6aea1cf3.log,train_log,138000,295275,1402080000,1.40208,4.3339,,0.000338543,92621.0
E:\CODEXRESEARCH\house_compute_hub\runs\20260605-024617-ebeaa2\mwstroud-mwstr-6aea1cf3.log,train_log,138500,295275,1407160000,1.40716,4.4583,,0.000336972,92621.0
E:\CODEXRESEARCH\house_compute_hub\runs\20260605-024617-ebeaa2\mwstroud-mwstr-6aea1cf3.log,train_log,139000,295275,1412240000,1.41224,4.3434,,0.000335401,92621.0
E:\CODEXRESEARCH\house_compute_hub\runs\20260605-024617-ebeaa2\mwstroud-mwstr-6aea1cf3.log,train_log,139500,295275,1417320000,1.41732,4.2333,,0.000333829,92621.0
E:\CODEXRESEARCH\house_compute_hub\runs\20260605-024617-ebeaa2\mwstroud-mwstr-6aea1cf3.log,train_log,140000,295275,1422400000,1.4224,4.2962,,0.000332256,92621.0
E:\CODEXRESEARCH\house_compute_hub\runs\20260605-024617-ebeaa2\mwstroud-mwstr-6aea1cf3.log,train_log,140500,295275,1427480000,1.42748,4.1698,,0.000330683,92621.0
E:\CODEXRESEARCH\house_compute_hub\runs\20260605-024617-ebeaa2\mwstroud-mwstr-6aea1cf3.log,train_log,141000,295275,1432560000,1.43256,4.1251,,0.000329108,92621.0
E:\CODEXRESEARCH\house_compute_hub\runs\20260605-024617-ebeaa2\mwstroud-mwstr-6aea1cf3.log,train_log,141500,295275,1437640000,1.43764,4.1438,,0.000327533,92621.0
E:\CODEXRESEARCH\house_compute_hub\runs\20260605-024617-ebeaa2\mwstroud-mwstr-6aea1cf3.log,train_log,142000,295275,1442720000,1.44272,3.9811,,0.000325957,92622.0
E:\CODEXRESEARCH\house_compute_hub\runs\20260605-024617-ebeaa2\mwstroud-mwstr-6aea1cf3.log,train_log,142500,295275,1447800000,1.4478,4.3565,,0.000324381,92622.0
E:\CODEXRESEARCH\house_compute_hub\runs\20260605-024617-ebeaa2\mwstroud-mwstr-6aea1cf3.log,train_log,143000,295275,1452880000,1.45288,4.1627,,0.000322804,92622.0
E:\CODEXRESEARCH\house_compute_hub\runs\20260605-024617-ebeaa2\mwstroud-mwstr-6aea1cf3.log,train_log,143500,295275,1457960000,1.45796,4.3778,,0.000321227,92622.0
E:\CODEXRESEARCH\house_compute_hub\runs\20260605-024617-ebeaa2\mwstroud-mwstr-6aea1cf3.log,train_log,144000,295275,1463040000,1.46304,4.2032,,0.000319649,92622.0
E:\CODEXRESEARCH\house_compute_hub\runs\20260605-024617-ebeaa2\mwstroud-mwstr-6aea1cf3.log,train_log,144500,295275,1468120000,1.46812,4.2391,,0.000318071,92622.0
E:\CODEXRESEARCH\house_compute_hub\runs\20260605-024617-ebeaa2\mwstroud-mwstr-6aea1cf3.log,train_log,145000,295275,1473200000,1.4732,4.5027,,0.000316492,92622.0
E:\CODEXRESEARCH\house_compute_hub\runs\20260605-024617-ebeaa2\mwstroud-mwstr-6aea1cf3.log,train_log,145500,295275,1478280000,1.47828,4.0058,,0.000314913,92622.0
E:\CODEXRESEARCH\house_compute_hub\runs\20260605-024617-ebeaa2\mwstroud-mwstr-6aea1cf3.log,train_log,146000,295275,1483360000,1.48336,4.2914,,0.000313334,92622.0
E:\CODEXRESEARCH\house_compute_hub\runs\20260605-024617-ebeaa2\mwstroud-mwstr-6aea1cf3.log,train_log,146500,295275,1488440000,1.48844,4.5502,,0.000311754,92622.0
E:\CODEXRESEARCH\house_compute_hub\runs\20260605-024617-ebeaa2\mwstroud-mwstr-6aea1cf3.log,train_log,147000,295275,1493520000,1.49352,4.297,,0.000310174,92622.0
E:\CODEXRESEARCH\house_compute_hub\runs\20260605-024617-ebeaa2\mwstroud-mwstr-6aea1cf3.log,train_log,147500,295275,1498600000,1.4986,4.1964,,0.000308594,92622.0
E:\CODEXRESEARCH\house_compute_hub\runs\20260605-024617-ebeaa2\mwstroud-mwstr-6aea1cf3.log,eval_log,147645,295275,1500073200,1.5000732,4.3206,4.25,,
E:\CODEXRESEARCH\house_compute_hub\runs\20260605-024617-ebeaa2\mwstroud-mwstr-6aea1cf3.log,train_log,148000,295275,1503680000,1.50368,4.0388,,0.000307015,92621.0
E:\CODEXRESEARCH\house_compute_hub\runs\20260605-024617-ebeaa2\mwstroud-mwstr-6aea1cf3.log,train_log,148500,295275,1508760000,1.50876,4.1892,,0.000305435,92622.0
E:\CODEXRESEARCH\house_compute_hub\runs\20260605-024617-ebeaa2\mwstroud-mwstr-6aea1cf3.log,train_log,149000,295275,1513840000,1.51384,4.2699,,0.000303854,92622.0
E:\CODEXRESEARCH\house_compute_hub\runs\20260605-024617-ebeaa2\mwstroud-mwstr-6aea1cf3.log,train_log,149500,295275,1518920000,1.51892,4.284,,0.000302274,92622.0
E:\CODEXRESEARCH\house_compute_hub\runs\20260605-024617-ebeaa2\mwstroud-mwstr-6aea1cf3.log,train_log,150000,295275,1524000000,1.524,4.1308,,0.000300695,92622.0
E:\CODEXRESEARCH\house_compute_hub\runs\20260605-024617-ebeaa2\mwstroud-mwstr-6aea1cf3.log,train_log,150500,295275,1529080000,1.52908,4.1897,,0.000299115,92622.0
E:\CODEXRESEARCH\house_compute_hub\runs\20260605-024617-ebeaa2\mwstroud-mwstr-6aea1cf3.log,train_log,151000,295275,1534160000,1.53416,4.7031,,0.000297535,92622.0
E:\CODEXRESEARCH\house_compute_hub\runs\20260605-024617-ebeaa2\mwstroud-mwstr-6aea1cf3.log,train_log,151500,295275,1539240000,1.53924,4.4743,,0.000295956,92623.0
E:\CODEXRESEARCH\house_compute_hub\runs\20260605-024617-ebeaa2\mwstroud-mwstr-6aea1cf3.log,train_log,152000,295275,1544320000,1.54432,4.3767,,0.000294377,92623.0
E:\CODEXRESEARCH\house_compute_hub\runs\20260605-024617-ebeaa2\mwstroud-mwstr-6aea1cf3.log,train_log,152500,295275,1549400000,1.5494,4.1364,,0.000292798,92623.0
E:\CODEXRESEARCH\house_compute_hub\runs\20260605-024617-ebeaa2\mwstroud-mwstr-6aea1cf3.log,train_log,153000,295275,1554480000,1.55448,4.1706,,0.000291219,92622.0
E:\CODEXRESEARCH\house_compute_hub\runs\20260605-024617-ebeaa2\mwstroud-mwstr-6aea1cf3.log,train_log,153500,295275,1559560000,1.55956,4.2751,,0.000289641,92622.0
E:\CODEXRESEARCH\house_compute_hub\runs\20260605-024617-ebeaa2\mwstroud-mwstr-6aea1cf3.log,train_log,154000,295275,1564640000,1.56464,4.1767,,0.000288063,92622.0
E:\CODEXRESEARCH\house_compute_hub\runs\20260605-024617-ebeaa2\mwstroud-mwstr-6aea1cf3.log,train_log,154500,295275,1569720000,1.56972,4.3171,,0.000286486,92622.0
E:\CODEXRESEARCH\house_compute_hub\runs\20260605-024617-ebeaa2\mwstroud-mwstr-6aea1cf3.log,train_log,155000,295275,1574800000,1.5748,4.2208,,0.00028491,92622.0
E:\CODEXRESEARCH\house_compute_hub\runs\20260605-024617-ebeaa2\mwstroud-mwstr-6aea1cf3.log,train_log,155500,295275,1579880000,1.57988,4.3564,,0.000283334,92622.0
E:\CODEXRESEARCH\house_compute_hub\runs\20260605-024617-ebeaa2\mwstroud-mwstr-6aea1cf3.log,train_log,156000,295275,1584960000,1.58496,4.1479,,0.000281758,92622.0
E:\CODEXRESEARCH\house_compute_hub\runs\20260605-024617-ebeaa2\mwstroud-mwstr-6aea1cf3.log,train_log,156500,295275,1590040000,1.59004,3.8884,,0.000280183,92622.0
E:\CODEXRESEARCH\house_compute_hub\runs\20260605-024617-ebeaa2\mwstroud-mwstr-6aea1cf3.log,train_log,157000,295275,1595120000,1.59512,3.9904,,0.000278609,92622.0
E:\CODEXRESEARCH\house_compute_hub\runs\20260605-024617-ebeaa2\mwstroud-mwstr-6aea1cf3.log,eval_log,157488,295275,1600078080,1.60007808,4.2565,4.2352,,
E:\CODEXRESEARCH\house_compute_hub\runs\20260605-024617-ebeaa2\mwstroud-mwstr-6aea1cf3.log,train_log,157500,295275,1600200000,1.6002,4.1283,,0.000277036,92621.0
E:\CODEXRESEARCH\house_compute_hub\runs\20260605-024617-ebeaa2\mwstroud-mwstr-6aea1cf3.log,train_log,158000,295275,1605280000,1.60528,3.9889,,0.000275463,92621.0
E:\CODEXRESEARCH\house_compute_hub\runs\20260605-024617-ebeaa2\mwstroud-mwstr-6aea1cf3.log,train_log,158500,295275,1610360000,1.61036,3.9063,,0.000273892,92621.0
E:\CODEXRESEARCH\house_compute_hub\runs\20260605-024617-ebeaa2\mwstroud-mwstr-6aea1cf3.log,train_log,159000,295275,1615440000,1.61544,4.1504,,0.000272321,92622.0
E:\CODEXRESEARCH\house_compute_hub\runs\20260605-024617-ebeaa2\mwstroud-mwstr-6aea1cf3.log,train_log,159500,295275,1620520000,1.62052,4.1103,,0.000270751,92622.0
E:\CODEXRESEARCH\house_compute_hub\runs\20260605-024617-ebeaa2\mwstroud-mwstr-6aea1cf3.log,train_log,160000,295275,1625600000,1.6256,4.2931,,0.000269182,92622.0
E:\CODEXRESEARCH\house_compute_hub\runs\20260605-024617-ebeaa2\mwstroud-mwstr-6aea1cf3.log,train_log,160500,295275,1630680000,1.63068,4.1604,,0.000267614,92622.0
E:\CODEXRESEARCH\house_compute_hub\runs\20260605-024617-ebeaa2\mwstroud-mwstr-6aea1cf3.log,train_log,161000,295275,1635760000,1.63576,4.1316,,0.000266048,92622.0
E:\CODEXRESEARCH\house_compute_hub\runs\20260605-024617-ebeaa2\mwstroud-mwstr-6aea1cf3.log,train_log,161500,295275,1640840000,1.64084,4.1521,,0.000264482,92623.0
E:\CODEXRESEARCH\house_compute_hub\runs\20260605-024617-ebeaa2\mwstroud-mwstr-6aea1cf3.log,train_log,162000,295275,1645920000,1.64592,3.8138,,0.000262918,92623.0
E:\CODEXRESEARCH\house_compute_hub\runs\20260605-024617-ebeaa2\mwstroud-mwstr-6aea1cf3.log,train_log,162500,295275,1651000000,1.651,3.9984,,0.000261354,92623.0
E:\CODEXRESEARCH\house_compute_hub\runs\20260605-024617-ebeaa2\mwstroud-mwstr-6aea1cf3.log,train_log,163000,295275,1656080000,1.65608,4.1418,,0.000259792,92623.0
E:\CODEXRESEARCH\house_compute_hub\runs\20260605-024617-ebeaa2\mwstroud-mwstr-6aea1cf3.log,train_log,163500,295275,1661160000,1.66116,4.6641,,0.000258232,92623.0
E:\CODEXRESEARCH\house_compute_hub\runs\20260605-024617-ebeaa2\mwstroud-mwstr-6aea1cf3.log,train_log,164000,295275,1666240000,1.66624,4.2847,,0.000256672,92623.0
E:\CODEXRESEARCH\house_compute_hub\runs\20260605-024617-ebeaa2\mwstroud-mwstr-6aea1cf3.log,train_log,164500,295275,1671320000,1.67132,4.3449,,0.000255114,92623.0
E:\CODEXRESEARCH\house_compute_hub\runs\20260605-024617-ebeaa2\mwstroud-mwstr-6aea1cf3.log,train_log,165000,295275,1676400000,1.6764,4.2776,,0.000253558,92623.0
E:\CODEXRESEARCH\house_compute_hub\runs\20260605-024617-ebeaa2\mwstroud-mwstr-6aea1cf3.log,train_log,165500,295275,1681480000,1.68148,3.9269,,0.000252003,92623.0
E:\CODEXRESEARCH\house_compute_hub\runs\20260605-024617-ebeaa2\mwstroud-mwstr-6aea1cf3.log,train_log,166000,295275,1686560000,1.68656,4.3145,,0.000250449,92623.0
E:\CODEXRESEARCH\house_compute_hub\runs\20260605-024617-ebeaa2\mwstroud-mwstr-6aea1cf3.log,train_log,166500,295275,1691640000,1.69164,4.277,,0.000248897,92623.0
E:\CODEXRESEARCH\house_compute_hub\runs\20260605-024617-ebeaa2\mwstroud-mwstr-6aea1cf3.log,train_log,167000,295275,1696720000,1.69672,4.1151,,0.000247347,92623.0
E:\CODEXRESEARCH\house_compute_hub\runs\20260605-024617-ebeaa2\mwstroud-mwstr-6aea1cf3.log,eval_log,167331,295275,1700082960,1.70008296,3.9169,4.216,,
E:\CODEXRESEARCH\house_compute_hub\runs\20260605-024617-ebeaa2\mwstroud-mwstr-6aea1cf3.log,train_log,167500,295275,1701800000,1.7018,3.9589,,0.000245798,92623.0
E:\CODEXRESEARCH\house_compute_hub\runs\20260605-024617-ebeaa2\mwstroud-mwstr-6aea1cf3.log,train_log,168000,295275,1706880000,1.70688,4.0213,,0.000244251,92623.0
E:\CODEXRESEARCH\house_compute_hub\runs\20260605-024617-ebeaa2\mwstroud-mwstr-6aea1cf3.log,train_log,168500,295275,1711960000,1.71196,4.0601,,0.000242706,92623.0
E:\CODEXRESEARCH\house_compute_hub\runs\20260605-024617-ebeaa2\mwstroud-mwstr-6aea1cf3.log,train_log,169000,295275,1717040000,1.71704,4.0633,,0.000241162,92623.0
E:\CODEXRESEARCH\house_compute_hub\runs\20260605-024617-ebeaa2\mwstroud-mwstr-6aea1cf3.log,train_log,169500,295275,1722120000,1.72212,4.1982,,0.00023962,92623.0
E:\CODEXRESEARCH\house_compute_hub\runs\20260605-024617-ebeaa2\mwstroud-mwstr-6aea1cf3.log,train_log,170000,295275,1727200000,1.7272,4.3938,,0.000238081,92623.0
E:\CODEXRESEARCH\house_compute_hub\runs\20260605-024617-ebeaa2\mwstroud-mwstr-6aea1cf3.log,train_log,170500,295275,1732280000,1.73228,4.1545,,0.000236543,92624.0
E:\CODEXRESEARCH\house_compute_hub\runs\20260605-024617-ebeaa2\mwstroud-mwstr-6aea1cf3.log,train_log,171000,295275,1737360000,1.73736,3.9738,,0.000235007,92624.0
E:\CODEXRESEARCH\house_compute_hub\runs\20260605-024617-ebeaa2\mwstroud-mwstr-6aea1cf3.log,train_log,171500,295275,1742440000,1.74244,4.1218,,0.000233473,92624.0
E:\CODEXRESEARCH\house_compute_hub\runs\20260605-024617-ebeaa2\mwstroud-mwstr-6aea1cf3.log,train_log,172000,295275,1747520000,1.74752,4.1976,,0.000231941,92624.0
E:\CODEXRESEARCH\house_compute_hub\runs\20260605-024617-ebeaa2\mwstroud-mwstr-6aea1cf3.log,train_log,172500,295275,1752600000,1.7526,4.5132,,0.000230411,92624.0
E:\CODEXRESEARCH\house_compute_hub\runs\20260605-024617-ebeaa2\mwstroud-mwstr-6aea1cf3.log,train_log,173000,295275,1757680000,1.75768,4.2102,,0.000228884,92625.0
E:\CODEXRESEARCH\house_compute_hub\runs\20260605-024617-ebeaa2\mwstroud-mwstr-6aea1cf3.log,train_log,173500,295275,1762760000,1.76276,4.4153,,0.000227358,92625.0
E:\CODEXRESEARCH\house_compute_hub\runs\20260605-024617-ebeaa2\mwstroud-mwstr-6aea1cf3.log,train_log,174000,295275,1767840000,1.76784,3.7969,,0.000225835,92625.0
E:\CODEXRESEARCH\house_compute_hub\runs\20260605-024617-ebeaa2\mwstroud-mwstr-6aea1cf3.log,train_log,174500,295275,1772920000,1.77292,4.6317,,0.000224314,92625.0
E:\CODEXRESEARCH\house_compute_hub\runs\20260605-024617-ebeaa2\mwstroud-mwstr-6aea1cf3.log,train_log,175000,295275,1778000000,1.778,4.2099,,0.000222795,92625.0
E:\CODEXRESEARCH\house_compute_hub\runs\20260605-024617-ebeaa2\mwstroud-mwstr-6aea1cf3.log,train_log,175500,295275,1783080000,1.78308,4.2279,,0.000221279,92625.0
E:\CODEXRESEARCH\house_compute_hub\runs\20260605-024617-ebeaa2\mwstroud-mwstr-6aea1cf3.log,train_log,176000,295275,1788160000,1.78816,4.0323,,0.000219765,92625.0
E:\CODEXRESEARCH\house_compute_hub\runs\20260605-024617-ebeaa2\mwstroud-mwstr-6aea1cf3.log,train_log,176500,295275,1793240000,1.79324,4.144,,0.000218254,92625.0
E:\CODEXRESEARCH\house_compute_hub\runs\20260605-024617-ebeaa2\mwstroud-mwstr-6aea1cf3.log,train_log,177000,295275,1798320000,1.79832,4.1461,,0.000216745,92625.0
E:\CODEXRESEARCH\house_compute_hub\runs\20260605-024617-ebeaa2\mwstroud-mwstr-6aea1cf3.log,eval_log,177174,295275,1800087840,1.80008784,3.9833,4.1982,,
E:\CODEXRESEARCH\house_compute_hub\runs\20260605-024617-ebeaa2\mwstroud-mwstr-6aea1cf3.log,train_log,177500,295275,1803400000,1.8034,4.2493,,0.000215239,92624.0
E:\CODEXRESEARCH\house_compute_hub\runs\20260605-024617-ebeaa2\mwstroud-mwstr-6aea1cf3.log,train_log,178000,295275,1808480000,1.80848,4.1656,,0.000213735,92625.0
E:\CODEXRESEARCH\house_compute_hub\runs\20260605-024617-ebeaa2\mwstroud-mwstr-6aea1cf3.log,train_log,178500,295275,1813560000,1.81356,4.2265,,0.000212234,92625.0
E:\CODEXRESEARCH\house_compute_hub\runs\20260605-024617-ebeaa2\mwstroud-mwstr-6aea1cf3.log,train_log,179000,295275,1818640000,1.81864,4.3645,,0.000210735,92625.0
E:\CODEXRESEARCH\house_compute_hub\runs\20260605-024617-ebeaa2\mwstroud-mwstr-6aea1cf3.log,train_log,179500,295275,1823720000,1.82372,3.9397,,0.000209239,92625.0
E:\CODEXRESEARCH\house_compute_hub\runs\20260605-024617-ebeaa2\mwstroud-mwstr-6aea1cf3.log,train_log,180000,295275,1828800000,1.8288,4.3787,,0.000207746,92625.0
E:\CODEXRESEARCH\house_compute_hub\runs\20260605-024617-ebeaa2\mwstroud-mwstr-6aea1cf3.log,train_log,180500,295275,1833880000,1.83388,4.1723,,0.000206256,92625.0
E:\CODEXRESEARCH\house_compute_hub\runs\20260605-024617-ebeaa2\mwstroud-mwstr-6aea1cf3.log,train_log,181000,295275,1838960000,1.83896,3.8892,,0.000204768,92625.0
E:\CODEXRESEARCH\house_compute_hub\runs\20260605-024617-ebeaa2\mwstroud-mwstr-6aea1cf3.log,train_log,181500,295275,1844040000,1.84404,4.2808,,0.000203284,92625.0
E:\CODEXRESEARCH\house_compute_hub\runs\20260605-024617-ebeaa2\mwstroud-mwstr-6aea1cf3.log,train_log,182000,295275,1849120000,1.84912,4.323,,0.000201802,92626.0
E:\CODEXRESEARCH\house_compute_hub\runs\20260605-024617-ebeaa2\mwstroud-mwstr-6aea1cf3.log,train_log,182500,295275,1854200000,1.8542,4.2555,,0.000200323,92626.0
E:\CODEXRESEARCH\house_compute_hub\runs\20260605-024617-ebeaa2\mwstroud-mwstr-6aea1cf3.log,train_log,183000,295275,1859280000,1.85928,4.2146,,0.000198848,92626.0
E:\CODEXRESEARCH\house_compute_hub\runs\20260605-024617-ebeaa2\mwstroud-mwstr-6aea1cf3.log,train_log,183500,295275,1864360000,1.86436,3.9919,,0.000197375,92626.0
E:\CODEXRESEARCH\house_compute_hub\runs\20260605-024617-ebeaa2\mwstroud-mwstr-6aea1cf3.log,train_log,184000,295275,1869440000,1.86944,4.2517,,0.000195905,92626.0
E:\CODEXRESEARCH\house_compute_hub\runs\20260605-024617-ebeaa2\mwstroud-mwstr-6aea1cf3.log,train_log,184500,295275,1874520000,1.87452,4.4383,,0.000194439,92626.0
E:\CODEXRESEARCH\house_compute_hub\runs\20260605-024617-ebeaa2\mwstroud-mwstr-6aea1cf3.log,train_log,185000,295275,1879600000,1.8796,4.1422,,0.000192976,92626.0
E:\CODEXRESEARCH\house_compute_hub\runs\20260605-024617-ebeaa2\mwstroud-mwstr-6aea1cf3.log,train_log,185500,295275,1884680000,1.88468,4.3377,,0.000191516,92626.0
E:\CODEXRESEARCH\house_compute_hub\runs\20260605-024617-ebeaa2\mwstroud-mwstr-6aea1cf3.log,train_log,186000,295275,1889760000,1.88976,4.1693,,0.000190059,92626.0
E:\CODEXRESEARCH\house_compute_hub\runs\20260605-024617-ebeaa2\mwstroud-mwstr-6aea1cf3.log,train_log,186500,295275,1894840000,1.89484,4.2525,,0.000188605,92626.0
E:\CODEXRESEARCH\house_compute_hub\runs\20260605-024617-ebeaa2\mwstroud-mwstr-6aea1cf3.log,train_log,187000,295275,1899920000,1.89992,4.5151,,0.000187155,92626.0
E:\CODEXRESEARCH\house_compute_hub\runs\20260605-024617-ebeaa2\mwstroud-mwstr-6aea1cf3.log,eval_log,187017,295275,1900092720,1.90009272,4.1486,4.1861,,
E:\CODEXRESEARCH\house_compute_hub\runs\20260605-024617-ebeaa2\mwstroud-mwstr-6aea1cf3.log,train_log,187500,295275,1905000000,1.905,4.266,,0.000185708,92625.0
E:\CODEXRESEARCH\house_compute_hub\runs\20260605-024617-ebeaa2\mwstroud-mwstr-6aea1cf3.log,train_log,188000,295275,1910080000,1.91008,4.0174,,0.000184265,92625.0
E:\CODEXRESEARCH\house_compute_hub\runs\20260605-024617-ebeaa2\mwstroud-mwstr-6aea1cf3.log,train_log,188500,295275,1915160000,1.91516,3.7074,,0.000182825,92625.0
E:\CODEXRESEARCH\house_compute_hub\runs\20260605-024617-ebeaa2\mwstroud-mwstr-6aea1cf3.log,train_log,189000,295275,1920240000,1.92024,3.8367,,0.000181389,92625.0
E:\CODEXRESEARCH\house_compute_hub\runs\20260605-024617-ebeaa2\mwstroud-mwstr-6aea1cf3.log,train_log,189500,295275,1925320000,1.92532,4.2145,,0.000179956,92625.0
E:\CODEXRESEARCH\house_compute_hub\runs\20260605-024617-ebeaa2\mwstroud-mwstr-6aea1cf3.log,train_log,190000,295275,1930400000,1.9304,4.3035,,0.000178527,92625.0
E:\CODEXRESEARCH\house_compute_hub\runs\20260605-024617-ebeaa2\mwstroud-mwstr-6aea1cf3.log,train_log,190500,295275,1935480000,1.93548,4.2693,,0.000177101,92626.0
E:\CODEXRESEARCH\house_compute_hub\runs\20260605-024617-ebeaa2\mwstroud-mwstr-6aea1cf3.log,train_log,191000,295275,1940560000,1.94056,4.3275,,0.000175679,92626.0
E:\CODEXRESEARCH\house_compute_hub\runs\20260605-024617-ebeaa2\mwstroud-mwstr-6aea1cf3.log,train_log,191500,295275,1945640000,1.94564,3.9313,,0.000174261,92626.0
E:\CODEXRESEARCH\house_compute_hub\runs\20260605-024617-ebeaa2\mwstroud-mwstr-6aea1cf3.log,train_log,192000,295275,1950720000,1.95072,4.2244,,0.000172846,92626.0
E:\CODEXRESEARCH\house_compute_hub\runs\20260605-024617-ebeaa2\mwstroud-mwstr-6aea1cf3.log,train_log,192500,295275,1955800000,1.9558,4.3991,,0.000171435,92626.0
E:\CODEXRESEARCH\house_compute_hub\runs\20260605-024617-ebeaa2\mwstroud-mwstr-6aea1cf3.log,train_log,193000,295275,1960880000,1.96088,4.1542,,0.000170029,92626.0
E:\CODEXRESEARCH\house_compute_hub\runs\20260605-024617-ebeaa2\mwstroud-mwstr-6aea1cf3.log,train_log,193500,295275,1965960000,1.96596,4.1448,,0.000168626,92626.0
E:\CODEXRESEARCH\house_compute_hub\runs\20260605-024617-ebeaa2\mwstroud-mwstr-6aea1cf3.log,train_log,194000,295275,1971040000,1.97104,4.2155,,0.000167226,92626.0
E:\CODEXRESEARCH\house_compute_hub\runs\20260605-024617-ebeaa2\mwstroud-mwstr-6aea1cf3.log,train_log,194500,295275,1976120000,1.97612,4.1539,,0.000165831,92626.0
E:\CODEXRESEARCH\house_compute_hub\runs\20260605-024617-ebeaa2\mwstroud-mwstr-6aea1cf3.log,train_log,195000,295275,1981200000,1.9812,4.3598,,0.00016444,92626.0
E:\CODEXRESEARCH\house_compute_hub\runs\20260605-024617-ebeaa2\mwstroud-mwstr-6aea1cf3.log,train_log,195500,295275,1986280000,1.98628,4.1889,,0.000163053,92626.0
E:\CODEXRESEARCH\house_compute_hub\runs\20260605-024617-ebeaa2\mwstroud-mwstr-6aea1cf3.log,train_log,196000,295275,1991360000,1.99136,4.1426,,0.00016167,92627.0
E:\CODEXRESEARCH\house_compute_hub\runs\20260605-024617-ebeaa2\mwstroud-mwstr-6aea1cf3.log,train_log,196500,295275,1996440000,1.99644,4.0464,,0.000160291,92627.0
E:\CODEXRESEARCH\house_compute_hub\runs\20260605-024617-ebeaa2\mwstroud-mwstr-6aea1cf3.log,eval_log,196860,295275,2000097600,2.0000976,3.8927,4.1783,,
E:\CODEXRESEARCH\house_compute_hub\runs\20260605-024617-ebeaa2\mwstroud-mwstr-6aea1cf3.log,train_log,197000,295275,2001520000,2.00152,4.3069,,0.000158916,92626.0
E:\CODEXRESEARCH\house_compute_hub\runs\20260605-024617-ebeaa2\mwstroud-mwstr-6aea1cf3.log,train_log,197500,295275,2006600000,2.0066,4.0265,,0.000157546,92626.0
E:\CODEXRESEARCH\house_compute_hub\runs\20260605-024617-ebeaa2\mwstroud-mwstr-6aea1cf3.log,train_log,198000,295275,2011680000,2.01168,4.1573,,0.000156179,92626.0
E:\CODEXRESEARCH\house_compute_hub\runs\20260605-024617-ebeaa2\mwstroud-mwstr-6aea1cf3.log,train_log,198500,295275,2016760000,2.01676,4.2792,,0.000154817,92626.0
E:\CODEXRESEARCH\house_compute_hub\runs\20260605-024617-ebeaa2\mwstroud-mwstr-6aea1cf3.log,train_log,199000,295275,2021840000,2.02184,4.2895,,0.000153459,92626.0
E:\CODEXRESEARCH\house_compute_hub\runs\20260605-024617-ebeaa2\mwstroud-mwstr-6aea1cf3.log,train_log,199500,295275,2026920000,2.02692,4.0304,,0.000152106,92626.0
E:\CODEXRESEARCH\house_compute_hub\runs\20260605-024617-ebeaa2\mwstroud-mwstr-6aea1cf3.log,train_log,200000,295275,2032000000,2.032,4.1932,,0.000150757,92625.0
E:\CODEXRESEARCH\house_compute_hub\runs\20260605-024617-ebeaa2\mwstroud-mwstr-6aea1cf3.log,train_log,200500,295275,2037080000,2.03708,3.9462,,0.000149412,92625.0
E:\CODEXRESEARCH\house_compute_hub\runs\20260605-024617-ebeaa2\mwstroud-mwstr-6aea1cf3.log,train_log,201000,295275,2042160000,2.04216,4.2152,,0.000148072,92625.0
E:\CODEXRESEARCH\house_compute_hub\runs\20260605-024617-ebeaa2\mwstroud-mwstr-6aea1cf3.log,train_log,201500,295275,2047240000,2.04724,4.2285,,0.000146736,92625.0
E:\CODEXRESEARCH\house_compute_hub\runs\20260605-024617-ebeaa2\mwstroud-mwstr-6aea1cf3.log,train_log,202000,295275,2052320000,2.05232,4.5639,,0.000145405,92625.0
E:\CODEXRESEARCH\house_compute_hub\runs\20260605-024617-ebeaa2\mwstroud-mwstr-6aea1cf3.log,train_log,202500,295275,2057400000,2.0574,3.8472,,0.000144079,92624.0
E:\CODEXRESEARCH\house_compute_hub\runs\20260605-024617-ebeaa2\mwstroud-mwstr-6aea1cf3.log,train_log,203000,295275,2062480000,2.06248,4.2272,,0.000142757,92624.0
E:\CODEXRESEARCH\house_compute_hub\runs\20260605-024617-ebeaa2\mwstroud-mwstr-6aea1cf3.log,train_log,203500,295275,2067560000,2.06756,4.4625,,0.000141439,92624.0
E:\CODEXRESEARCH\house_compute_hub\runs\20260605-024617-ebeaa2\mwstroud-mwstr-6aea1cf3.log,train_log,204000,295275,2072640000,2.07264,3.9706,,0.000140127,92624.0
E:\CODEXRESEARCH\house_compute_hub\runs\20260605-024617-ebeaa2\mwstroud-mwstr-6aea1cf3.log,train_log,204500,295275,2077720000,2.07772,4.3661,,0.000138819,92624.0
E:\CODEXRESEARCH\house_compute_hub\runs\20260605-024617-ebeaa2\mwstroud-mwstr-6aea1cf3.log,train_log,205000,295275,2082800000,2.0828,4.1879,,0.000137516,92624.0
E:\CODEXRESEARCH\house_compute_hub\runs\20260605-024617-ebeaa2\mwstroud-mwstr-6aea1cf3.log,train_log,205500,295275,2087880000,2.08788,4.1849,,0.000136218,92624.0
E:\CODEXRESEARCH\house_compute_hub\runs\20260605-024617-ebeaa2\mwstroud-mwstr-6aea1cf3.log,train_log,206000,295275,2092960000,2.09296,4.3134,,0.000134924,92624.0
E:\CODEXRESEARCH\house_compute_hub\runs\20260605-024617-ebeaa2\mwstroud-mwstr-6aea1cf3.log,train_log,206500,295275,2098040000,2.09804,4.1542,,0.000133636,92623.0
E:\CODEXRESEARCH\house_compute_hub\runs\20260605-024617-ebeaa2\mwstroud-mwstr-6aea1cf3.log,eval_log,206703,295275,2100102480,2.10010248,4.0412,4.1628,,
E:\CODEXRESEARCH\house_compute_hub\runs\20260605-024617-ebeaa2\mwstroud-mwstr-6aea1cf3.log,train_log,207000,295275,2103120000,2.10312,4.052,,0.000132352,92622.0
E:\CODEXRESEARCH\house_compute_hub\runs\20260605-024617-ebeaa2\mwstroud-mwstr-6aea1cf3.log,train_log,207500,295275,2108200000,2.1082,3.9772,,0.000131073,92622.0
E:\CODEXRESEARCH\house_compute_hub\runs\20260605-024617-ebeaa2\mwstroud-mwstr-6aea1cf3.log,train_log,208000,295275,2113280000,2.11328,4.2772,,0.0001298,92622.0
E:\CODEXRESEARCH\house_compute_hub\runs\20260605-024617-ebeaa2\mwstroud-mwstr-6aea1cf3.log,train_log,208500,295275,2118360000,2.11836,4.0981,,0.000128531,92622.0
E:\CODEXRESEARCH\house_compute_hub\runs\20260605-024617-ebeaa2\mwstroud-mwstr-6aea1cf3.log,train_log,209000,295275,2123440000,2.12344,3.7581,,0.000127267,92622.0
E:\CODEXRESEARCH\house_compute_hub\runs\20260605-024617-ebeaa2\mwstroud-mwstr-6aea1cf3.log,train_log,209500,295275,2128520000,2.12852,4.1484,,0.000126009,92622.0
E:\CODEXRESEARCH\house_compute_hub\runs\20260605-024617-ebeaa2\mwstroud-mwstr-6aea1cf3.log,train_log,210000,295275,2133600000,2.1336,4.2558,,0.000124755,92622.0
E:\CODEXRESEARCH\house_compute_hub\runs\20260605-024617-ebeaa2\mwstroud-mwstr-6aea1cf3.log,train_log,210500,295275,2138680000,2.13868,3.8825,,0.000123507,92622.0
E:\CODEXRESEARCH\house_compute_hub\runs\20260605-024617-ebeaa2\mwstroud-mwstr-6aea1cf3.log,train_log,211000,295275,2143760000,2.14376,4.29,,0.000122264,92622.0
E:\CODEXRESEARCH\house_compute_hub\runs\20260605-024617-ebeaa2\mwstroud-mwstr-6aea1cf3.log,train_log,211500,295275,2148840000,2.14884,4.2344,,0.000121026,92622.0
E:\CODEXRESEARCH\house_compute_hub\runs\20260605-024617-ebeaa2\mwstroud-mwstr-6aea1cf3.log,train_log,212000,295275,2153920000,2.15392,4.4443,,0.000119794,92622.0
E:\CODEXRESEARCH\house_compute_hub\runs\20260605-024617-ebeaa2\mwstroud-mwstr-6aea1cf3.log,train_log,212500,295275,2159000000,2.159,4.0057,,0.000118567,92623.0
E:\CODEXRESEARCH\house_compute_hub\runs\20260605-024617-ebeaa2\mwstroud-mwstr-6aea1cf3.log,train_log,213000,295275,2164080000,2.16408,4.4731,,0.000117345,92623.0
E:\CODEXRESEARCH\house_compute_hub\runs\20260605-024617-ebeaa2\mwstroud-mwstr-6aea1cf3.log,train_log,213500,295275,2169160000,2.16916,4.1151,,0.000116128,92623.0
E:\CODEXRESEARCH\house_compute_hub\runs\20260605-024617-ebeaa2\mwstroud-mwstr-6aea1cf3.log,train_log,214000,295275,2174240000,2.17424,4.0493,,0.000114917,92623.0
E:\CODEXRESEARCH\house_compute_hub\runs\20260605-024617-ebeaa2\mwstroud-mwstr-6aea1cf3.log,train_log,214500,295275,2179320000,2.17932,4.242,,0.000113712,92623.0
E:\CODEXRESEARCH\house_compute_hub\runs\20260605-024617-ebeaa2\mwstroud-mwstr-6aea1cf3.log,train_log,215000,295275,2184400000,2.1844,4.5109,,0.000112512,92623.0
E:\CODEXRESEARCH\house_compute_hub\runs\20260605-024617-ebeaa2\mwstroud-mwstr-6aea1cf3.log,train_log,215500,295275,2189480000,2.18948,3.6822,,0.000111317,92624.0
E:\CODEXRESEARCH\house_compute_hub\runs\20260605-024617-ebeaa2\mwstroud-mwstr-6aea1cf3.log,train_log,216000,295275,2194560000,2.19456,4.0398,,0.000110128,92624.0
E:\CODEXRESEARCH\house_compute_hub\runs\20260605-024617-ebeaa2\mwstroud-mwstr-6aea1cf3.log,train_log,216500,295275,2199640000,2.19964,3.9901,,0.000108945,92624.0
E:\CODEXRESEARCH\house_compute_hub\runs\20260605-024617-ebeaa2\mwstroud-mwstr-6aea1cf3.log,eval_log,216546,295275,2200107360,2.20010736,4.2949,4.1517,,
E:\CODEXRESEARCH\house_compute_hub\runs\20260605-024617-ebeaa2\mwstroud-mwstr-6aea1cf3.log,train_log,217000,295275,2204720000,2.20472,4.1143,,0.000107767,92623.0
E:\CODEXRESEARCH\house_compute_hub\runs\20260614-223723-f1c35a\mwstroud-mwstr-6aea1cf3.log,train_log,217000,492126,2204720000,2.20472,4.1618,,0.000361494,92620.0
E:\CODEXRESEARCH\house_compute_hub\runs\20260614-235439-ba54d5\mwstroud-mwstr-6aea1cf3.log,train_log,217000,492126,2204720000,2.20472,4.1252,,0.000182768,92619.0
E:\CODEXRESEARCH\house_compute_hub\runs\20260605-024617-ebeaa2\mwstroud-mwstr-6aea1cf3.log,train_log,217500,295275,2209800000,2.2098,4.2264,,0.000106595,92623.0
E:\CODEXRESEARCH\house_compute_hub\runs\20260614-235439-ba54d5\mwstroud-mwstr-6aea1cf3.log,train_log,217500,492126,2209800000,2.2098,4.2405,,0.000182312,92619.0
E:\CODEXRESEARCH\house_compute_hub\runs\20260605-024617-ebeaa2\mwstroud-mwstr-6aea1cf3.log,train_log,218000,295275,2214880000,2.21488,4.1956,,0.000105428,92623.0
E:\CODEXRESEARCH\house_compute_hub\runs\20260614-235439-ba54d5\mwstroud-mwstr-6aea1cf3.log,train_log,218000,492126,2214880000,2.21488,4.2105,,0.000181856,92619.0
E:\CODEXRESEARCH\house_compute_hub\runs\20260605-024617-ebeaa2\mwstroud-mwstr-6aea1cf3.log,train_log,218500,295275,2219960000,2.21996,4.6886,,0.000104268,92623.0
E:\CODEXRESEARCH\house_compute_hub\runs\20260614-235439-ba54d5\mwstroud-mwstr-6aea1cf3.log,train_log,218500,492126,2219960000,2.21996,4.7004,,0.000181399,92619.0
E:\CODEXRESEARCH\house_compute_hub\runs\20260605-024617-ebeaa2\mwstroud-mwstr-6aea1cf3.log,train_log,219000,295275,2225040000,2.22504,4.2154,,0.000103113,92623.0
E:\CODEXRESEARCH\house_compute_hub\runs\20260614-235439-ba54d5\mwstroud-mwstr-6aea1cf3.log,train_log,219000,492126,2225040000,2.22504,4.2331,,0.000180942,92619.0
E:\CODEXRESEARCH\house_compute_hub\runs\20260605-024617-ebeaa2\mwstroud-mwstr-6aea1cf3.log,train_log,219500,295275,2230120000,2.23012,3.9779,,0.000101964,92623.0
E:\CODEXRESEARCH\house_compute_hub\runs\20260614-235439-ba54d5\mwstroud-mwstr-6aea1cf3.log,train_log,219500,492126,2230120000,2.23012,3.9953,,0.000180484,92620.0
E:\CODEXRESEARCH\house_compute_hub\runs\20260614-235439-ba54d5\mwstroud-mwstr-6aea1cf3.log,eval_log,220000,492126,2235200000,2.2352,4.0455,4.1631,,
E:\CODEXRESEARCH\house_compute_hub\runs\20260614-235439-ba54d5\mwstroud-mwstr-6aea1cf3.log,train_log,220000,492126,2235200000,2.2352,4.0455,,0.000180027,92620.0
E:\CODEXRESEARCH\house_compute_hub\runs\20260614-235439-ba54d5\mwstroud-mwstr-6aea1cf3.log,train_log,220500,492126,2240280000,2.24028,4.0817,,0.000179569,92620.0
E:\CODEXRESEARCH\house_compute_hub\runs\20260614-235439-ba54d5\mwstroud-mwstr-6aea1cf3.log,train_log,221000,492126,2245360000,2.24536,4.2107,,0.000179111,92621.0
E:\CODEXRESEARCH\house_compute_hub\runs\20260614-235439-ba54d5\mwstroud-mwstr-6aea1cf3.log,train_log,221500,492126,2250440000,2.25044,4.0358,,0.000178652,92621.0
E:\CODEXRESEARCH\house_compute_hub\runs\20260614-235439-ba54d5\mwstroud-mwstr-6aea1cf3.log,train_log,222000,492126,2255520000,2.25552,4.21,,0.000178194,92621.0
E:\CODEXRESEARCH\house_compute_hub\runs\20260614-235439-ba54d5\mwstroud-mwstr-6aea1cf3.log,train_log,222500,492126,2260600000,2.2606,3.9779,,0.000177735,92621.0
E:\CODEXRESEARCH\house_compute_hub\runs\20260614-235439-ba54d5\mwstroud-mwstr-6aea1cf3.log,train_log,223000,492126,2265680000,2.26568,4.2647,,0.000177276,92621.0
E:\CODEXRESEARCH\house_compute_hub\runs\20260614-235439-ba54d5\mwstroud-mwstr-6aea1cf3.log,train_log,223500,492126,2270760000,2.27076,4.0329,,0.000176817,92621.0
E:\CODEXRESEARCH\house_compute_hub\runs\20260614-235439-ba54d5\mwstroud-mwstr-6aea1cf3.log,train_log,224000,492126,2275840000,2.27584,4.2207,,0.000176357,92622.0
E:\CODEXRESEARCH\house_compute_hub\runs\20260614-235439-ba54d5\mwstroud-mwstr-6aea1cf3.log,train_log,224500,492126,2280920000,2.28092,4.117,,0.000175897,92621.0
E:\CODEXRESEARCH\house_compute_hub\runs\20260614-235439-ba54d5\mwstroud-mwstr-6aea1cf3.log,eval_log,225000,492126,2286000000,2.286,4.0046,4.1654,,
E:\CODEXRESEARCH\house_compute_hub\runs\20260614-235439-ba54d5\mwstroud-mwstr-6aea1cf3.log,train_log,225000,492126,2286000000,2.286,4.0046,,0.000175437,92622.0
E:\CODEXRESEARCH\house_compute_hub\runs\20260614-235439-ba54d5\mwstroud-mwstr-6aea1cf3.log,train_log,225500,492126,2291080000,2.29108,3.9944,,0.000174977,92621.0
E:\CODEXRESEARCH\house_compute_hub\runs\20260614-235439-ba54d5\mwstroud-mwstr-6aea1cf3.log,train_log,226000,492126,2296160000,2.29616,4.2939,,0.000174517,92622.0
E:\CODEXRESEARCH\house_compute_hub\runs\20260614-235439-ba54d5\mwstroud-mwstr-6aea1cf3.log,train_log,226500,492126,2301240000,2.30124,3.8808,,0.000174056,92622.0
E:\CODEXRESEARCH\house_compute_hub\runs\20260614-235439-ba54d5\mwstroud-mwstr-6aea1cf3.log,train_log,227000,492126,2306320000,2.30632,4.2679,,0.000173596,92623.0
E:\CODEXRESEARCH\house_compute_hub\runs\20260614-235439-ba54d5\mwstroud-mwstr-6aea1cf3.log,train_log,227500,492126,2311400000,2.3114,4.2172,,0.000173135,92623.0
E:\CODEXRESEARCH\house_compute_hub\runs\20260614-235439-ba54d5\mwstroud-mwstr-6aea1cf3.log,train_log,228000,492126,2316480000,2.31648,4.276,,0.000172673,92624.0
E:\CODEXRESEARCH\house_compute_hub\runs\20260614-235439-ba54d5\mwstroud-mwstr-6aea1cf3.log,train_log,228500,492126,2321560000,2.32156,4.2539,,0.000172212,92624.0
E:\CODEXRESEARCH\house_compute_hub\runs\20260614-235439-ba54d5\mwstroud-mwstr-6aea1cf3.log,train_log,229000,492126,2326640000,2.32664,4.4946,,0.000171751,92625.0
E:\CODEXRESEARCH\house_compute_hub\runs\20260614-235439-ba54d5\mwstroud-mwstr-6aea1cf3.log,train_log,229500,492126,2331720000,2.33172,3.6187,,0.000171289,92625.0
E:\CODEXRESEARCH\house_compute_hub\runs\20260614-235439-ba54d5\mwstroud-mwstr-6aea1cf3.log,eval_log,230000,492126,2336800000,2.3368,3.9929,4.16,,
E:\CODEXRESEARCH\house_compute_hub\runs\20260614-235439-ba54d5\mwstroud-mwstr-6aea1cf3.log,train_log,230000,492126,2336800000,2.3368,3.9929,,0.000170827,92626.0
E:\CODEXRESEARCH\house_compute_hub\runs\20260614-235439-ba54d5\mwstroud-mwstr-6aea1cf3.log,train_log,230500,492126,2341880000,2.34188,4.2464,,0.000170365,92626.0
E:\CODEXRESEARCH\house_compute_hub\runs\20260614-235439-ba54d5\mwstroud-mwstr-6aea1cf3.log,train_log,231000,492126,2346960000,2.34696,4.271,,0.000169903,92627.0
E:\CODEXRESEARCH\house_compute_hub\runs\20260614-235439-ba54d5\mwstroud-mwstr-6aea1cf3.log,train_log,231500,492126,2352040000,2.35204,4.0017,,0.000169441,92627.0
E:\CODEXRESEARCH\house_compute_hub\runs\20260614-235439-ba54d5\mwstroud-mwstr-6aea1cf3.log,train_log,232000,492126,2357120000,2.35712,4.2302,,0.000168978,92627.0
E:\CODEXRESEARCH\house_compute_hub\runs\20260614-235439-ba54d5\mwstroud-mwstr-6aea1cf3.log,train_log,232500,492126,2362200000,2.3622,3.8302,,0.000168515,92627.0
E:\CODEXRESEARCH\house_compute_hub\runs\20260614-235439-ba54d5\mwstroud-mwstr-6aea1cf3.log,train_log,233000,492126,2367280000,2.36728,4.1371,,0.000168053,92628.0
E:\CODEXRESEARCH\house_compute_hub\runs\20260614-235439-ba54d5\mwstroud-mwstr-6aea1cf3.log,train_log,233500,492126,2372360000,2.37236,4.5589,,0.00016759,92628.0
E:\CODEXRESEARCH\house_compute_hub\runs\20260614-235439-ba54d5\mwstroud-mwstr-6aea1cf3.log,train_log,234000,492126,2377440000,2.37744,4.2558,,0.000167127,92629.0
E:\CODEXRESEARCH\house_compute_hub\runs\20260614-235439-ba54d5\mwstroud-mwstr-6aea1cf3.log,train_log,234500,492126,2382520000,2.38252,4.2436,,0.000166664,92629.0
E:\CODEXRESEARCH\house_compute_hub\runs\20260614-235439-ba54d5\mwstroud-mwstr-6aea1cf3.log,eval_log,235000,492126,2387600000,2.3876,4.1408,4.158,,
E:\CODEXRESEARCH\house_compute_hub\runs\20260614-235439-ba54d5\mwstroud-mwstr-6aea1cf3.log,train_log,235000,492126,2387600000,2.3876,4.1408,,0.0001662,92629.0
E:\CODEXRESEARCH\house_compute_hub\runs\20260614-235439-ba54d5\mwstroud-mwstr-6aea1cf3.log,train_log,235500,492126,2392680000,2.39268,3.923,,0.000165737,92629.0
E:\CODEXRESEARCH\house_compute_hub\runs\20260614-235439-ba54d5\mwstroud-mwstr-6aea1cf3.log,train_log,236000,492126,2397760000,2.39776,3.8693,,0.000165274,92630.0
E:\CODEXRESEARCH\house_compute_hub\runs\20260614-235439-ba54d5\mwstroud-mwstr-6aea1cf3.log,train_log,236500,492126,2402840000,2.40284,4.0409,,0.00016481,92630.0
E:\CODEXRESEARCH\house_compute_hub\runs\20260614-235439-ba54d5\mwstroud-mwstr-6aea1cf3.log,train_log,237000,492126,2407920000,2.40792,4.2028,,0.000164346,92630.0
E:\CODEXRESEARCH\house_compute_hub\runs\20260614-235439-ba54d5\mwstroud-mwstr-6aea1cf3.log,train_log,237500,492126,2413000000,2.413,4.0602,,0.000163882,92630.0
E:\CODEXRESEARCH\house_compute_hub\runs\20260614-235439-ba54d5\mwstroud-mwstr-6aea1cf3.log,train_log,238000,492126,2418080000,2.41808,4.1456,,0.000163419,92631.0
E:\CODEXRESEARCH\house_compute_hub\runs\20260614-235439-ba54d5\mwstroud-mwstr-6aea1cf3.log,train_log,238500,492126,2423160000,2.42316,4.0852,,0.000162955,92631.0
E:\CODEXRESEARCH\house_compute_hub\runs\20260614-235439-ba54d5\mwstroud-mwstr-6aea1cf3.log,train_log,239000,492126,2428240000,2.42824,4.3401,,0.000162491,92632.0
E:\CODEXRESEARCH\house_compute_hub\runs\20260614-235439-ba54d5\mwstroud-mwstr-6aea1cf3.log,train_log,239500,492126,2433320000,2.43332,4.0506,,0.000162026,92632.0
E:\CODEXRESEARCH\house_compute_hub\runs\20260614-235439-ba54d5\mwstroud-mwstr-6aea1cf3.log,eval_log,240000,492126,2438400000,2.4384,3.9841,4.1578,,
E:\CODEXRESEARCH\house_compute_hub\runs\20260614-235439-ba54d5\mwstroud-mwstr-6aea1cf3.log,train_log,240000,492126,2438400000,2.4384,3.9841,,0.000161562,92633.0
E:\CODEXRESEARCH\house_compute_hub\runs\20260614-235439-ba54d5\mwstroud-mwstr-6aea1cf3.log,train_log,240500,492126,2443480000,2.44348,3.955,,0.000161098,92633.0
E:\CODEXRESEARCH\house_compute_hub\runs\20260614-235439-ba54d5\mwstroud-mwstr-6aea1cf3.log,train_log,241000,492126,2448560000,2.44856,4.0279,,0.000160634,92633.0
E:\CODEXRESEARCH\house_compute_hub\runs\20260614-235439-ba54d5\mwstroud-mwstr-6aea1cf3.log,train_log,241500,492126,2453640000,2.45364,4.2716,,0.000160169,92633.0
E:\CODEXRESEARCH\house_compute_hub\runs\20260614-235439-ba54d5\mwstroud-mwstr-6aea1cf3.log,train_log,242000,492126,2458720000,2.45872,4.3104,,0.000159705,92634.0
E:\CODEXRESEARCH\house_compute_hub\runs\20260614-235439-ba54d5\mwstroud-mwstr-6aea1cf3.log,train_log,242500,492126,2463800000,2.4638,4.1727,,0.00015924,92634.0
E:\CODEXRESEARCH\house_compute_hub\runs\20260614-235439-ba54d5\mwstroud-mwstr-6aea1cf3.log,train_log,243000,492126,2468880000,2.46888,4.2615,,0.000158776,92635.0
E:\CODEXRESEARCH\house_compute_hub\runs\20260614-235439-ba54d5\mwstroud-mwstr-6aea1cf3.log,train_log,243500,492126,2473960000,2.47396,4.0754,,0.000158311,92635.0
E:\CODEXRESEARCH\house_compute_hub\runs\20260614-235439-ba54d5\mwstroud-mwstr-6aea1cf3.log,train_log,244000,492126,2479040000,2.47904,3.9369,,0.000157847,92635.0
E:\CODEXRESEARCH\house_compute_hub\runs\20260614-235439-ba54d5\mwstroud-mwstr-6aea1cf3.log,train_log,244500,492126,2484120000,2.48412,3.6707,,0.000157382,92635.0
E:\CODEXRESEARCH\house_compute_hub\runs\20260614-235439-ba54d5\mwstroud-mwstr-6aea1cf3.log,eval_log,245000,492126,2489200000,2.4892,4.6435,4.1523,,
E:\CODEXRESEARCH\house_compute_hub\runs\20260614-235439-ba54d5\mwstroud-mwstr-6aea1cf3.log,train_log,245000,492126,2489200000,2.4892,4.6435,,0.000156917,92636.0
E:\CODEXRESEARCH\house_compute_hub\runs\20260614-235439-ba54d5\mwstroud-mwstr-6aea1cf3.log,train_log,245500,492126,2494280000,2.49428,4.1067,,0.000156453,92636.0
E:\CODEXRESEARCH\house_compute_hub\runs\20260614-235439-ba54d5\mwstroud-mwstr-6aea1cf3.log,train_log,246000,492126,2499360000,2.49936,3.9606,,0.000155988,92637.0
E:\CODEXRESEARCH\house_compute_hub\runs\20260614-235439-ba54d5\mwstroud-mwstr-6aea1cf3.log,train_log,246500,492126,2504440000,2.50444,4.3424,,0.000155523,92636.0
E:\CODEXRESEARCH\house_compute_hub\runs\20260614-235439-ba54d5\mwstroud-mwstr-6aea1cf3.log,train_log,247000,492126,2509520000,2.50952,3.8551,,0.000155059,92637.0
E:\CODEXRESEARCH\house_compute_hub\runs\20260614-235439-ba54d5\mwstroud-mwstr-6aea1cf3.log,train_log,247500,492126,2514600000,2.5146,4.1904,,0.000154594,92637.0
E:\CODEXRESEARCH\house_compute_hub\runs\20260614-235439-ba54d5\mwstroud-mwstr-6aea1cf3.log,train_log,248000,492126,2519680000,2.51968,4.3634,,0.000154129,92637.0
E:\CODEXRESEARCH\house_compute_hub\runs\20260614-235439-ba54d5\mwstroud-mwstr-6aea1cf3.log,train_log,248500,492126,2524760000,2.52476,4.1687,,0.000153664,92637.0
E:\CODEXRESEARCH\house_compute_hub\runs\20260614-235439-ba54d5\mwstroud-mwstr-6aea1cf3.log,train_log,249000,492126,2529840000,2.52984,4.2804,,0.0001532,92638.0
E:\CODEXRESEARCH\house_compute_hub\runs\20260614-235439-ba54d5\mwstroud-mwstr-6aea1cf3.log,train_log,249500,492126,2534920000,2.53492,4.0672,,0.000152735,92638.0
E:\CODEXRESEARCH\house_compute_hub\runs\20260614-235439-ba54d5\mwstroud-mwstr-6aea1cf3.log,eval_log,250000,492126,2540000000,2.54,4.0858,4.1525,,
E:\CODEXRESEARCH\house_compute_hub\runs\20260614-235439-ba54d5\mwstroud-mwstr-6aea1cf3.log,train_log,250000,492126,2540000000,2.54,4.0858,,0.00015227,92638.0
E:\CODEXRESEARCH\house_compute_hub\runs\20260614-235439-ba54d5\mwstroud-mwstr-6aea1cf3.log,train_log,250500,492126,2545080000,2.54508,3.9886,,0.000151806,92638.0
E:\CODEXRESEARCH\house_compute_hub\runs\20260614-235439-ba54d5\mwstroud-mwstr-6aea1cf3.log,train_log,251000,492126,2550160000,2.55016,3.9674,,0.000151341,92639.0
E:\CODEXRESEARCH\house_compute_hub\runs\20260614-235439-ba54d5\mwstroud-mwstr-6aea1cf3.log,train_log,251500,492126,2555240000,2.55524,3.9304,,0.000150877,92639.0
E:\CODEXRESEARCH\house_compute_hub\runs\20260614-235439-ba54d5\mwstroud-mwstr-6aea1cf3.log,train_log,252000,492126,2560320000,2.56032,4.1038,,0.000150412,92640.0
E:\CODEXRESEARCH\house_compute_hub\runs\20260614-235439-ba54d5\mwstroud-mwstr-6aea1cf3.log,train_log,252500,492126,2565400000,2.5654,4.2633,,0.000149948,92639.0
E:\CODEXRESEARCH\house_compute_hub\runs\20260614-235439-ba54d5\mwstroud-mwstr-6aea1cf3.log,train_log,253000,492126,2570480000,2.57048,4.0938,,0.000149483,92640.0
E:\CODEXRESEARCH\house_compute_hub\runs\20260614-235439-ba54d5\mwstroud-mwstr-6aea1cf3.log,train_log,253500,492126,2575560000,2.57556,4.096,,0.000149019,92640.0
E:\CODEXRESEARCH\house_compute_hub\runs\20260614-235439-ba54d5\mwstroud-mwstr-6aea1cf3.log,train_log,254000,492126,2580640000,2.58064,4.0425,,0.000148555,92641.0
E:\CODEXRESEARCH\house_compute_hub\runs\20260614-235439-ba54d5\mwstroud-mwstr-6aea1cf3.log,train_log,254500,492126,2585720000,2.58572,3.8663,,0.000148091,92640.0
E:\CODEXRESEARCH\house_compute_hub\runs\20260614-235439-ba54d5\mwstroud-mwstr-6aea1cf3.log,train_log,255000,492126,2590800000,2.5908,4.2113,,0.000147626,92641.0
E:\CODEXRESEARCH\house_compute_hub\runs\20260615-141307-266267\mwstroud-mwstr-6aea1cf3.log,train_log,300500,492126,3053080000,3.05308,3.9138,,0.0001063,92661.0
E:\CODEXRESEARCH\house_compute_hub\runs\20260615-141307-266267\mwstroud-mwstr-6aea1cf3.log,train_log,301000,492126,3058160000,3.05816,4.2465,,0.000105863,92661.0
E:\CODEXRESEARCH\house_compute_hub\runs\20260615-141307-266267\mwstroud-mwstr-6aea1cf3.log,train_log,301500,492126,3063240000,3.06324,4.3518,,0.000105426,92661.0
E:\CODEXRESEARCH\house_compute_hub\runs\20260615-141307-266267\mwstroud-mwstr-6aea1cf3.log,train_log,302000,492126,3068320000,3.06832,4.2244,,0.000104989,92661.0
E:\CODEXRESEARCH\house_compute_hub\runs\20260615-141307-266267\mwstroud-mwstr-6aea1cf3.log,train_log,302500,492126,3073400000,3.0734,4.05,,0.000104553,92661.0
E:\CODEXRESEARCH\house_compute_hub\runs\20260615-141307-266267\mwstroud-mwstr-6aea1cf3.log,train_log,303000,492126,3078480000,3.07848,4.2107,,0.000104118,92661.0
E:\CODEXRESEARCH\house_compute_hub\runs\20260615-141307-266267\mwstroud-mwstr-6aea1cf3.log,train_log,303500,492126,3083560000,3.08356,4.025,,0.000103683,92661.0
E:\CODEXRESEARCH\house_compute_hub\runs\20260615-141307-266267\mwstroud-mwstr-6aea1cf3.log,train_log,304000,492126,3088640000,3.08864,4.7153,,0.000103249,92662.0
E:\CODEXRESEARCH\house_compute_hub\runs\20260615-141307-266267\mwstroud-mwstr-6aea1cf3.log,train_log,304500,492126,3093720000,3.09372,4.0896,,0.000102815,92662.0
E:\CODEXRESEARCH\house_compute_hub\runs\20260615-141307-266267\mwstroud-mwstr-6aea1cf3.log,eval_log,305000,492126,3098800000,3.0988,3.602,4.1223,,
E:\CODEXRESEARCH\house_compute_hub\runs\20260615-141307-266267\mwstroud-mwstr-6aea1cf3.log,train_log,305000,492126,3098800000,3.0988,3.602,,0.000102382,92662.0
E:\CODEXRESEARCH\house_compute_hub\runs\20260615-141307-266267\mwstroud-mwstr-6aea1cf3.log,train_log,305500,492126,3103880000,3.10388,4.2323,,0.000101949,92662.0
E:\CODEXRESEARCH\house_compute_hub\runs\20260615-141307-266267\mwstroud-mwstr-6aea1cf3.log,train_log,306000,492126,3108960000,3.10896,4.2868,,0.000101517,92663.0
E:\CODEXRESEARCH\house_compute_hub\runs\20260615-141307-266267\mwstroud-mwstr-6aea1cf3.log,train_log,306500,492126,3114040000,3.11404,4.0402,,0.000101085,92663.0
E:\CODEXRESEARCH\house_compute_hub\runs\20260615-141307-266267\mwstroud-mwstr-6aea1cf3.log,train_log,307000,492126,3119120000,3.11912,4.4653,,0.000100654,92663.0
E:\CODEXRESEARCH\house_compute_hub\runs\20260615-141307-266267\mwstroud-mwstr-6aea1cf3.log,train_log,307500,492126,3124200000,3.1242,4.0818,,0.000100223,92663.0
E:\CODEXRESEARCH\house_compute_hub\runs\20260615-141307-266267\mwstroud-mwstr-6aea1cf3.log,train_log,308000,492126,3129280000,3.12928,3.9824,,9.97933e-05,92664.0
E:\CODEXRESEARCH\house_compute_hub\runs\20260615-141307-266267\mwstroud-mwstr-6aea1cf3.log,train_log,308500,492126,3134360000,3.13436,3.7556,,9.93639e-05,92664.0
E:\CODEXRESEARCH\house_compute_hub\runs\20260615-141307-266267\mwstroud-mwstr-6aea1cf3.log,train_log,309000,492126,3139440000,3.13944,4.3377,,9.8935e-05,92665.0
E:\CODEXRESEARCH\house_compute_hub\runs\20260615-141307-266267\mwstroud-mwstr-6aea1cf3.log,train_log,309500,492126,3144520000,3.14452,3.9213,,9.85068e-05,92665.0
E:\CODEXRESEARCH\house_compute_hub\runs\20260615-141307-266267\mwstroud-mwstr-6aea1cf3.log,eval_log,310000,492126,3149600000,3.1496,4.1465,4.1222,,
E:\CODEXRESEARCH\house_compute_hub\runs\20260615-141307-266267\mwstroud-mwstr-6aea1cf3.log,train_log,310000,492126,3149600000,3.1496,4.1465,,9.80791e-05,92665.0
E:\CODEXRESEARCH\house_compute_hub\runs\20260615-141307-266267\mwstroud-mwstr-6aea1cf3.log,train_log,310500,492126,3154680000,3.15468,4.4116,,9.7652e-05,92666.0
E:\CODEXRESEARCH\house_compute_hub\runs\20260615-141307-266267\mwstroud-mwstr-6aea1cf3.log,train_log,311000,492126,3159760000,3.15976,4.3857,,9.72254e-05,92662.0
E:\CODEXRESEARCH\house_compute_hub\runs\20260615-141307-266267\mwstroud-mwstr-6aea1cf3.log,train_log,311500,492126,3164840000,3.16484,3.9705,,9.67995e-05,92662.0
E:\CODEXRESEARCH\house_compute_hub\runs\20260615-141307-266267\mwstroud-mwstr-6aea1cf3.log,train_log,312000,492126,3169920000,3.16992,4.3983,,9.63742e-05,92663.0
E:\CODEXRESEARCH\house_compute_hub\runs\20260615-141307-266267\mwstroud-mwstr-6aea1cf3.log,train_log,312500,492126,3175000000,3.175,4.3919,,9.59494e-05,92663.0
E:\CODEXRESEARCH\house_compute_hub\runs\20260615-141307-266267\mwstroud-mwstr-6aea1cf3.log,train_log,313000,492126,3180080000,3.18008,3.9654,,9.55253e-05,92663.0
E:\CODEXRESEARCH\house_compute_hub\runs\20260615-141307-266267\mwstroud-mwstr-6aea1cf3.log,train_log,313500,492126,3185160000,3.18516,3.8293,,9.51018e-05,92663.0
E:\CODEXRESEARCH\house_compute_hub\runs\20260615-141307-266267\mwstroud-mwstr-6aea1cf3.log,train_log,314000,492126,3190240000,3.19024,4.248,,9.46789e-05,92663.0
E:\CODEXRESEARCH\house_compute_hub\runs\20260615-141307-266267\mwstroud-mwstr-6aea1cf3.log,train_log,314500,492126,3195320000,3.19532,3.9019,,9.42566e-05,92663.0
E:\CODEXRESEARCH\house_compute_hub\runs\20260615-141307-266267\mwstroud-mwstr-6aea1cf3.log,eval_log,315000,492126,3200400000,3.2004,3.8277,4.1179,,
E:\CODEXRESEARCH\house_compute_hub\runs\20260615-141307-266267\mwstroud-mwstr-6aea1cf3.log,train_log,315000,492126,3200400000,3.2004,3.8277,,9.3835e-05,92663.0
E:\CODEXRESEARCH\house_compute_hub\runs\20260615-141307-266267\mwstroud-mwstr-6aea1cf3.log,train_log,315500,492126,3205480000,3.20548,4.0594,,9.3414e-05,92663.0
E:\CODEXRESEARCH\house_compute_hub\runs\20260615-141307-266267\mwstroud-mwstr-6aea1cf3.log,train_log,316000,492126,3210560000,3.21056,4.0556,,9.29936e-05,92663.0
E:\CODEXRESEARCH\house_compute_hub\runs\20260615-141307-266267\mwstroud-mwstr-6aea1cf3.log,train_log,316500,492126,3215640000,3.21564,3.8291,,9.25738e-05,92663.0
E:\CODEXRESEARCH\house_compute_hub\runs\20260615-141307-266267\mwstroud-mwstr-6aea1cf3.log,train_log,317000,492126,3220720000,3.22072,3.6943,,9.21547e-05,92664.0
E:\CODEXRESEARCH\house_compute_hub\runs\20260615-141307-266267\mwstroud-mwstr-6aea1cf3.log,train_log,317500,492126,3225800000,3.2258,4.1536,,9.17362e-05,92664.0
E:\CODEXRESEARCH\house_compute_hub\runs\20260615-141307-266267\mwstroud-mwstr-6aea1cf3.log,train_log,318000,492126,3230880000,3.23088,4.0111,,9.13184e-05,92664.0
E:\CODEXRESEARCH\house_compute_hub\runs\20260615-141307-266267\mwstroud-mwstr-6aea1cf3.log,train_log,318500,492126,3235960000,3.23596,3.8205,,9.09012e-05,92664.0
E:\CODEXRESEARCH\house_compute_hub\runs\20260615-141307-266267\mwstroud-mwstr-6aea1cf3.log,train_log,319000,492126,3241040000,3.24104,4.0948,,9.04847e-05,92664.0
E:\CODEXRESEARCH\house_compute_hub\runs\20260615-141307-266267\mwstroud-mwstr-6aea1cf3.log,train_log,319500,492126,3246120000,3.24612,3.9983,,9.00689e-05,92664.0
E:\CODEXRESEARCH\house_compute_hub\runs\20260615-141307-266267\mwstroud-mwstr-6aea1cf3.log,eval_log,320000,492126,3251200000,3.2512,4.4181,4.1169,,
E:\CODEXRESEARCH\house_compute_hub\runs\20260615-141307-266267\mwstroud-mwstr-6aea1cf3.log,train_log,320000,492126,3251200000,3.2512,4.4181,,8.96537e-05,92664.0
E:\CODEXRESEARCH\house_compute_hub\runs\20260615-141307-266267\mwstroud-mwstr-6aea1cf3.log,train_log,320500,492126,3256280000,3.25628,4.0681,,8.92392e-05,92664.0
E:\CODEXRESEARCH\house_compute_hub\runs\20260615-141307-266267\mwstroud-mwstr-6aea1cf3.log,train_log,321000,492126,3261360000,3.26136,4.0522,,8.88254e-05,92664.0
E:\CODEXRESEARCH\house_compute_hub\runs\20260615-141307-266267\mwstroud-mwstr-6aea1cf3.log,train_log,321500,492126,3266440000,3.26644,4.1699,,8.84122e-05,92664.0
E:\CODEXRESEARCH\house_compute_hub\runs\20260615-141307-266267\mwstroud-mwstr-6aea1cf3.log,train_log,322000,492126,3271520000,3.27152,3.8486,,8.79998e-05,92664.0
E:\CODEXRESEARCH\house_compute_hub\runs\20260615-141307-266267\mwstroud-mwstr-6aea1cf3.log,train_log,322500,492126,3276600000,3.2766,3.9497,,8.7588e-05,92664.0
E:\CODEXRESEARCH\house_compute_hub\runs\20260615-141307-266267\mwstroud-mwstr-6aea1cf3.log,train_log,323000,492126,3281680000,3.28168,4.1399,,8.71769e-05,92664.0
E:\CODEXRESEARCH\house_compute_hub\runs\20260615-141307-266267\mwstroud-mwstr-6aea1cf3.log,train_log,323500,492126,3286760000,3.28676,4.2344,,8.67665e-05,92664.0
E:\CODEXRESEARCH\house_compute_hub\runs\20260615-141307-266267\mwstroud-mwstr-6aea1cf3.log,train_log,324000,492126,3291840000,3.29184,4.0291,,8.63568e-05,92665.0
E:\CODEXRESEARCH\house_compute_hub\runs\20260615-141307-266267\mwstroud-mwstr-6aea1cf3.log,train_log,324500,492126,3296920000,3.29692,4.5974,,8.59478e-05,92665.0
E:\CODEXRESEARCH\house_compute_hub\runs\20260615-141307-266267\mwstroud-mwstr-6aea1cf3.log,eval_log,325000,492126,3302000000,3.302,4.1445,4.1124,,
E:\CODEXRESEARCH\house_compute_hub\runs\20260615-141307-266267\mwstroud-mwstr-6aea1cf3.log,train_log,325000,492126,3302000000,3.302,4.1445,,8.55396e-05,92665.0
E:\CODEXRESEARCH\house_compute_hub\runs\20260615-141307-266267\mwstroud-mwstr-6aea1cf3.log,train_log,325500,492126,3307080000,3.30708,4.1559,,8.5132e-05,92665.0
E:\CODEXRESEARCH\house_compute_hub\runs\20260615-141307-266267\mwstroud-mwstr-6aea1cf3.log,train_log,326000,492126,3312160000,3.31216,4.5256,,8.47252e-05,92665.0
E:\CODEXRESEARCH\house_compute_hub\runs\20260615-141307-266267\mwstroud-mwstr-6aea1cf3.log,train_log,326500,492126,3317240000,3.31724,3.8821,,8.4319e-05,92665.0
E:\CODEXRESEARCH\house_compute_hub\runs\20260615-141307-266267\mwstroud-mwstr-6aea1cf3.log,train_log,327000,492126,3322320000,3.32232,4.4353,,8.39136e-05,92665.0
E:\CODEXRESEARCH\house_compute_hub\runs\20260615-141307-266267\mwstroud-mwstr-6aea1cf3.log,train_log,327500,492126,3327400000,3.3274,4.0163,,8.3509e-05,92665.0
E:\CODEXRESEARCH\house_compute_hub\runs\20260615-141307-266267\mwstroud-mwstr-6aea1cf3.log,train_log,328000,492126,3332480000,3.33248,3.6401,,8.3105e-05,92664.0
E:\CODEXRESEARCH\house_compute_hub\runs\20260615-141307-266267\mwstroud-mwstr-6aea1cf3.log,train_log,328500,492126,3337560000,3.33756,4.2792,,8.27019e-05,92662.0
E:\CODEXRESEARCH\house_compute_hub\runs\20260615-141307-266267\mwstroud-mwstr-6aea1cf3.log,train_log,329000,492126,3342640000,3.34264,4.1064,,8.22994e-05,92656.0
E:\CODEXRESEARCH\house_compute_hub\runs\20260615-141307-266267\mwstroud-mwstr-6aea1cf3.log,train_log,329500,492126,3347720000,3.34772,4.0136,,8.18977e-05,92649.0
E:\CODEXRESEARCH\house_compute_hub\runs\20260615-141307-266267\mwstroud-mwstr-6aea1cf3.log,eval_log,330000,492126,3352800000,3.3528,3.8637,4.1116,,
E:\CODEXRESEARCH\house_compute_hub\runs\20260615-141307-266267\mwstroud-mwstr-6aea1cf3.log,train_log,330000,492126,3352800000,3.3528,3.8637,,8.14967e-05,92649.0
E:\CODEXRESEARCH\house_compute_hub\runs\20260615-141307-266267\mwstroud-mwstr-6aea1cf3.log,train_log,330500,492126,3357880000,3.35788,4.16,,8.10966e-05,92641.0
E:\CODEXRESEARCH\house_compute_hub\runs\20260615-141307-266267\mwstroud-mwstr-6aea1cf3.log,train_log,331000,492126,3362960000,3.36296,3.9863,,8.06971e-05,92641.0
E:\CODEXRESEARCH\house_compute_hub\runs\20260615-141307-266267\mwstroud-mwstr-6aea1cf3.log,train_log,331500,492126,3368040000,3.36804,4.1523,,8.02984e-05,92637.0
E:\CODEXRESEARCH\house_compute_hub\runs\20260615-141307-266267\mwstroud-mwstr-6aea1cf3.log,train_log,332000,492126,3373120000,3.37312,4.0056,,7.99005e-05,92637.0
E:\CODEXRESEARCH\house_compute_hub\runs\20260615-141307-266267\mwstroud-mwstr-6aea1cf3.log,train_log,332500,492126,3378200000,3.3782,3.876,,7.95034e-05,92633.0
E:\CODEXRESEARCH\house_compute_hub\runs\20260615-141307-266267\mwstroud-mwstr-6aea1cf3.log,train_log,333000,492126,3383280000,3.38328,3.8782,,7.9107e-05,92634.0
E:\CODEXRESEARCH\house_compute_hub\runs\20260615-141307-266267\mwstroud-mwstr-6aea1cf3.log,train_log,333500,492126,3388360000,3.38836,4.095,,7.87115e-05,92630.0
E:\CODEXRESEARCH\house_compute_hub\runs\20260615-141307-266267\mwstroud-mwstr-6aea1cf3.log,train_log,334000,492126,3393440000,3.39344,4.1309,,7.83167e-05,92630.0
E:\CODEXRESEARCH\house_compute_hub\runs\20260615-141307-266267\mwstroud-mwstr-6aea1cf3.log,train_log,334500,492126,3398520000,3.39852,3.9758,,7.79226e-05,92626.0
E:\CODEXRESEARCH\house_compute_hub\runs\20260615-141307-266267\mwstroud-mwstr-6aea1cf3.log,eval_log,335000,492126,3403600000,3.4036,4.0349,4.1091,,
E:\CODEXRESEARCH\house_compute_hub\runs\20260615-141307-266267\mwstroud-mwstr-6aea1cf3.log,train_log,335000,492126,3403600000,3.4036,4.0349,,7.75294e-05,92626.0
E:\CODEXRESEARCH\house_compute_hub\runs\20260615-141307-266267\mwstroud-mwstr-6aea1cf3.log,train_log,335500,492126,3408680000,3.40868,4.0755,,7.7137e-05,92621.0
E:\CODEXRESEARCH\house_compute_hub\runs\20260615-141307-266267\mwstroud-mwstr-6aea1cf3.log,train_log,336000,492126,3413760000,3.41376,3.957,,7.67454e-05,92622.0
E:\CODEXRESEARCH\house_compute_hub\runs\20260615-141307-266267\mwstroud-mwstr-6aea1cf3.log,train_log,336500,492126,3418840000,3.41884,4.2412,,7.63546e-05,92618.0
E:\CODEXRESEARCH\house_compute_hub\runs\20260615-141307-266267\mwstroud-mwstr-6aea1cf3.log,train_log,337000,492126,3423920000,3.42392,4.6048,,7.59646e-05,92618.0
E:\CODEXRESEARCH\house_compute_hub\runs\20260615-141307-266267\mwstroud-mwstr-6aea1cf3.log,train_log,337500,492126,3429000000,3.429,3.8855,,7.55754e-05,92615.0
E:\CODEXRESEARCH\house_compute_hub\runs\20260615-141307-266267\mwstroud-mwstr-6aea1cf3.log,train_log,338000,492126,3434080000,3.43408,4.2746,,7.5187e-05,92615.0
E:\CODEXRESEARCH\house_compute_hub\runs\20260615-141307-266267\mwstroud-mwstr-6aea1cf3.log,train_log,338500,492126,3439160000,3.43916,4.247,,7.47994e-05,92611.0
E:\CODEXRESEARCH\house_compute_hub\runs\20260615-141307-266267\mwstroud-mwstr-6aea1cf3.log,train_log,339000,492126,3444240000,3.44424,4.052,,7.44127e-05,92611.0
E:\CODEXRESEARCH\house_compute_hub\runs\20260615-141307-266267\mwstroud-mwstr-6aea1cf3.log,train_log,339500,492126,3449320000,3.44932,4.0834,,7.40268e-05,92607.0
E:\CODEXRESEARCH\house_compute_hub\runs\20260615-141307-266267\mwstroud-mwstr-6aea1cf3.log,eval_log,340000,492126,3454400000,3.4544,4.0099,4.1091,,
E:\CODEXRESEARCH\house_compute_hub\runs\20260615-141307-266267\mwstroud-mwstr-6aea1cf3.log,train_log,340000,492126,3454400000,3.4544,4.0099,,7.36417e-05,92607.0
E:\CODEXRESEARCH\house_compute_hub\runs\20260615-141307-266267\mwstroud-mwstr-6aea1cf3.log,train_log,340500,492126,3459480000,3.45948,4.1866,,7.32574e-05,92604.0
E:\CODEXRESEARCH\house_compute_hub\runs\20260615-141307-266267\mwstroud-mwstr-6aea1cf3.log,train_log,341000,492126,3464560000,3.46456,4.1907,,7.2874e-05,92604.0
E:\CODEXRESEARCH\house_compute_hub\runs\20260615-141307-266267\mwstroud-mwstr-6aea1cf3.log,train_log,341500,492126,3469640000,3.46964,4.12,,7.24915e-05,92600.0
E:\CODEXRESEARCH\house_compute_hub\runs\20260615-141307-266267\mwstroud-mwstr-6aea1cf3.log,train_log,342000,492126,3474720000,3.47472,4.1821,,7.21097e-05,92600.0
E:\CODEXRESEARCH\house_compute_hub\runs\20260615-141307-266267\mwstroud-mwstr-6aea1cf3.log,train_log,342500,492126,3479800000,3.4798,3.6744,,7.17289e-05,92597.0
E:\CODEXRESEARCH\house_compute_hub\runs\20260615-141307-266267\mwstroud-mwstr-6aea1cf3.log,train_log,343000,492126,3484880000,3.48488,4.2602,,7.13489e-05,92597.0
E:\CODEXRESEARCH\house_compute_hub\runs\20260615-141307-266267\mwstroud-mwstr-6aea1cf3.log,train_log,343500,492126,3489960000,3.48996,4.0403,,7.09697e-05,92593.0
E:\CODEXRESEARCH\house_compute_hub\runs\20260615-141307-266267\mwstroud-mwstr-6aea1cf3.log,train_log,344000,492126,3495040000,3.49504,4.3795,,7.05914e-05,92593.0
E:\CODEXRESEARCH\house_compute_hub\runs\20260615-141307-266267\mwstroud-mwstr-6aea1cf3.log,train_log,344500,492126,3500120000,3.50012,4.3003,,7.0214e-05,92589.0
E:\CODEXRESEARCH\house_compute_hub\runs\20260615-141307-266267\mwstroud-mwstr-6aea1cf3.log,eval_log,345000,492126,3505200000,3.5052,3.8804,4.1063,,
E:\CODEXRESEARCH\house_compute_hub\runs\20260615-141307-266267\mwstroud-mwstr-6aea1cf3.log,train_log,345000,492126,3505200000,3.5052,3.8804,,6.98375e-05,92589.0
E:\CODEXRESEARCH\house_compute_hub\runs\20260615-141307-266267\mwstroud-mwstr-6aea1cf3.log,train_log,345500,492126,3510280000,3.51028,4.3679,,6.94618e-05,92585.0
E:\CODEXRESEARCH\house_compute_hub\runs\20260615-141307-266267\mwstroud-mwstr-6aea1cf3.log,train_log,346000,492126,3515360000,3.51536,4.008,,6.9087e-05,92585.0
E:\CODEXRESEARCH\house_compute_hub\runs\20260615-141307-266267\mwstroud-mwstr-6aea1cf3.log,train_log,346500,492126,3520440000,3.52044,4.0753,,6.87131e-05,92582.0
E:\CODEXRESEARCH\house_compute_hub\runs\20260615-141307-266267\mwstroud-mwstr-6aea1cf3.log,train_log,347000,492126,3525520000,3.52552,4.0662,,6.83401e-05,92582.0
E:\CODEXRESEARCH\house_compute_hub\runs\20260615-141307-266267\mwstroud-mwstr-6aea1cf3.log,train_log,347500,492126,3530600000,3.5306,4.2124,,6.79679e-05,92578.0
E:\CODEXRESEARCH\house_compute_hub\runs\20260615-141307-266267\mwstroud-mwstr-6aea1cf3.log,train_log,348000,492126,3535680000,3.53568,4.1864,,6.75967e-05,92578.0
E:\CODEXRESEARCH\house_compute_hub\runs\20260615-141307-266267\mwstroud-mwstr-6aea1cf3.log,train_log,348500,492126,3540760000,3.54076,3.7606,,6.72263e-05,92574.0
E:\CODEXRESEARCH\house_compute_hub\runs\20260615-141307-266267\mwstroud-mwstr-6aea1cf3.log,train_log,349000,492126,3545840000,3.54584,4.1409,,6.68569e-05,92571.0
E:\CODEXRESEARCH\house_compute_hub\runs\20260615-141307-266267\mwstroud-mwstr-6aea1cf3.log,train_log,349500,492126,3550920000,3.55092,4.0235,,6.64884e-05,92567.0
E:\CODEXRESEARCH\house_compute_hub\runs\20260615-141307-266267\mwstroud-mwstr-6aea1cf3.log,eval_log,350000,492126,3556000000,3.556,3.8875,4.1056,,
E:\CODEXRESEARCH\house_compute_hub\runs\20260615-141307-266267\mwstroud-mwstr-6aea1cf3.log,train_log,350000,492126,3556000000,3.556,3.8875,,6.61207e-05,92568.0
E:\CODEXRESEARCH\house_compute_hub\runs\20260615-141307-266267\mwstroud-mwstr-6aea1cf3.log,train_log,350500,492126,3561080000,3.56108,4.1913,,6.5754e-05,92564.0
E:\CODEXRESEARCH\house_compute_hub\runs\20260615-141307-266267\mwstroud-mwstr-6aea1cf3.log,train_log,351000,492126,3566160000,3.56616,4.1576,,6.53882e-05,92564.0
E:\CODEXRESEARCH\house_compute_hub\runs\20260615-141307-266267\mwstroud-mwstr-6aea1cf3.log,train_log,351500,492126,3571240000,3.57124,4.2062,,6.50233e-05,92560.0
E:\CODEXRESEARCH\house_compute_hub\runs\20260615-141307-266267\mwstroud-mwstr-6aea1cf3.log,train_log,352000,492126,3576320000,3.57632,4.0421,,6.46594e-05,92561.0
E:\CODEXRESEARCH\house_compute_hub\runs\20260615-141307-266267\mwstroud-mwstr-6aea1cf3.log,train_log,352500,492126,3581400000,3.5814,4.0815,,6.42964e-05,92557.0
E:\CODEXRESEARCH\house_compute_hub\runs\20260615-141307-266267\mwstroud-mwstr-6aea1cf3.log,train_log,353000,492126,3586480000,3.58648,4.2219,,6.39343e-05,92557.0
E:\CODEXRESEARCH\house_compute_hub\runs\20260615-141307-266267\mwstroud-mwstr-6aea1cf3.log,train_log,353500,492126,3591560000,3.59156,4.0656,,6.35731e-05,92553.0
E:\CODEXRESEARCH\house_compute_hub\runs\20260615-141307-266267\mwstroud-mwstr-6aea1cf3.log,train_log,354000,492126,3596640000,3.59664,3.9467,,6.32129e-05,92553.0
E:\CODEXRESEARCH\house_compute_hub\runs\20260615-141307-266267\mwstroud-mwstr-6aea1cf3.log,train_log,354500,492126,3601720000,3.60172,3.8206,,6.28536e-05,92549.0
E:\CODEXRESEARCH\house_compute_hub\runs\20260615-141307-266267\mwstroud-mwstr-6aea1cf3.log,eval_log,355000,492126,3606800000,3.6068,3.8827,4.103,,
E:\CODEXRESEARCH\house_compute_hub\runs\20260615-141307-266267\mwstroud-mwstr-6aea1cf3.log,train_log,355000,492126,3606800000,3.6068,3.8827,,6.24953e-05,92550.0
E:\CODEXRESEARCH\house_compute_hub\runs\20260615-141307-266267\mwstroud-mwstr-6aea1cf3.log,train_log,355500,492126,3611880000,3.61188,4.2307,,6.21379e-05,92546.0
E:\CODEXRESEARCH\house_compute_hub\runs\20260615-141307-266267\mwstroud-mwstr-6aea1cf3.log,train_log,356000,492126,3616960000,3.61696,3.8986,,6.17815e-05,92547.0
E:\CODEXRESEARCH\house_compute_hub\runs\20260615-141307-266267\mwstroud-mwstr-6aea1cf3.log,train_log,356500,492126,3622040000,3.62204,4.0269,,6.1426e-05,92543.0
E:\CODEXRESEARCH\house_compute_hub\runs\20260615-141307-266267\mwstroud-mwstr-6aea1cf3.log,train_log,357000,492126,3627120000,3.62712,4.2118,,6.10715e-05,92543.0
E:\CODEXRESEARCH\house_compute_hub\runs\20260615-141307-266267\mwstroud-mwstr-6aea1cf3.log,train_log,357500,492126,3632200000,3.6322,4.3906,,6.0718e-05,92539.0
E:\CODEXRESEARCH\house_compute_hub\runs\20260615-141307-266267\mwstroud-mwstr-6aea1cf3.log,train_log,358000,492126,3637280000,3.63728,3.6455,,6.03654e-05,92540.0
E:\CODEXRESEARCH\house_compute_hub\runs\20260615-141307-266267\mwstroud-mwstr-6aea1cf3.log,train_log,358500,492126,3642360000,3.64236,3.9662,,6.00138e-05,92536.0
E:\CODEXRESEARCH\house_compute_hub\runs\20260615-141307-266267\mwstroud-mwstr-6aea1cf3.log,train_log,359000,492126,3647440000,3.64744,3.8993,,5.96632e-05,92536.0
E:\CODEXRESEARCH\house_compute_hub\runs\20260615-141307-266267\mwstroud-mwstr-6aea1cf3.log,train_log,359500,492126,3652520000,3.65252,4.1314,,5.93135e-05,92533.0
E:\CODEXRESEARCH\house_compute_hub\runs\20260615-141307-266267\mwstroud-mwstr-6aea1cf3.log,eval_log,360000,492126,3657600000,3.6576,4.258,4.1032,,
E:\CODEXRESEARCH\house_compute_hub\runs\20260615-141307-266267\mwstroud-mwstr-6aea1cf3.log,train_log,360000,492126,3657600000,3.6576,4.258,,5.89648e-05,92533.0
E:\CODEXRESEARCH\house_compute_hub\runs\20260615-141307-266267\mwstroud-mwstr-6aea1cf3.log,train_log,360500,492126,3662680000,3.66268,4.1988,,5.86172e-05,92529.0
E:\CODEXRESEARCH\house_compute_hub\runs\20260615-141307-266267\mwstroud-mwstr-6aea1cf3.log,train_log,361000,492126,3667760000,3.66776,3.9,,5.82705e-05,92529.0
E:\CODEXRESEARCH\house_compute_hub\runs\20260615-141307-266267\mwstroud-mwstr-6aea1cf3.log,train_log,361500,492126,3672840000,3.67284,3.8064,,5.79248e-05,92526.0
E:\CODEXRESEARCH\house_compute_hub\runs\20260615-141307-266267\mwstroud-mwstr-6aea1cf3.log,train_log,362000,492126,3677920000,3.67792,3.8853,,5.75801e-05,92527.0
E:\CODEXRESEARCH\house_compute_hub\runs\20260615-141307-266267\mwstroud-mwstr-6aea1cf3.log,train_log,362500,492126,3683000000,3.683,3.3827,,5.72364e-05,92523.0
E:\CODEXRESEARCH\house_compute_hub\runs\20260615-141307-266267\mwstroud-mwstr-6aea1cf3.log,train_log,363000,492126,3688080000,3.68808,4.3861,,5.68937e-05,92524.0
E:\CODEXRESEARCH\house_compute_hub\runs\20260615-141307-266267\mwstroud-mwstr-6aea1cf3.log,train_log,363500,492126,3693160000,3.69316,4.9054,,5.6552e-05,92520.0
E:\CODEXRESEARCH\house_compute_hub\runs\20260615-141307-266267\mwstroud-mwstr-6aea1cf3.log,train_log,364000,492126,3698240000,3.69824,3.8898,,5.62113e-05,92521.0
E:\CODEXRESEARCH\house_compute_hub\runs\20260615-141307-266267\mwstroud-mwstr-6aea1cf3.log,train_log,364500,492126,3703320000,3.70332,3.7217,,5.58717e-05,92517.0
E:\CODEXRESEARCH\house_compute_hub\runs\20260615-141307-266267\mwstroud-mwstr-6aea1cf3.log,eval_log,365000,492126,3708400000,3.7084,4.1515,4.0984,,
E:\CODEXRESEARCH\house_compute_hub\runs\20260615-141307-266267\mwstroud-mwstr-6aea1cf3.log,train_log,365000,492126,3708400000,3.7084,4.1515,,5.5533e-05,92518.0
E:\CODEXRESEARCH\house_compute_hub\runs\20260615-141307-266267\mwstroud-mwstr-6aea1cf3.log,train_log,365500,492126,3713480000,3.71348,4.1178,,5.51954e-05,92514.0
E:\CODEXRESEARCH\house_compute_hub\runs\20260615-141307-266267\mwstroud-mwstr-6aea1cf3.log,train_log,366000,492126,3718560000,3.71856,4.2499,,5.48588e-05,92515.0
E:\CODEXRESEARCH\house_compute_hub\runs\20260615-141307-266267\mwstroud-mwstr-6aea1cf3.log,train_log,366500,492126,3723640000,3.72364,4.0034,,5.45232e-05,92511.0
E:\CODEXRESEARCH\house_compute_hub\runs\20260615-141307-266267\mwstroud-mwstr-6aea1cf3.log,train_log,367000,492126,3728720000,3.72872,4.1047,,5.41887e-05,92511.0
E:\CODEXRESEARCH\house_compute_hub\runs\20260615-141307-266267\mwstroud-mwstr-6aea1cf3.log,train_log,367500,492126,3733800000,3.7338,4.2321,,5.38552e-05,92507.0
E:\CODEXRESEARCH\house_compute_hub\runs\20260615-141307-266267\mwstroud-mwstr-6aea1cf3.log,train_log,368000,492126,3738880000,3.73888,4.1484,,5.35228e-05,92507.0
E:\CODEXRESEARCH\house_compute_hub\runs\20260615-141307-266267\mwstroud-mwstr-6aea1cf3.log,train_log,368500,492126,3743960000,3.74396,4.1753,,5.31913e-05,92504.0
E:\CODEXRESEARCH\house_compute_hub\runs\20260615-141307-266267\mwstroud-mwstr-6aea1cf3.log,train_log,369000,492126,3749040000,3.74904,4.1874,,5.2861e-05,92500.0
E:\CODEXRESEARCH\house_compute_hub\runs\20260615-141307-266267\mwstroud-mwstr-6aea1cf3.log,train_log,369500,492126,3754120000,3.75412,3.9965,,5.25316e-05,92497.0
E:\CODEXRESEARCH\house_compute_hub\runs\20260615-141307-266267\mwstroud-mwstr-6aea1cf3.log,eval_log,370000,492126,3759200000,3.7592,3.7384,4.0962,,
E:\CODEXRESEARCH\house_compute_hub\runs\20260615-141307-266267\mwstroud-mwstr-6aea1cf3.log,train_log,370000,492126,3759200000,3.7592,3.7384,,5.22034e-05,92497.0
E:\CODEXRESEARCH\house_compute_hub\runs\20260615-141307-266267\mwstroud-mwstr-6aea1cf3.log,train_log,370500,492126,3764280000,3.76428,4.3116,,5.18762e-05,92494.0
E:\CODEXRESEARCH\house_compute_hub\runs\20260615-141307-266267\mwstroud-mwstr-6aea1cf3.log,train_log,371000,492126,3769360000,3.76936,3.8346,,5.155e-05,92494.0
E:\CODEXRESEARCH\house_compute_hub\runs\20260615-141307-266267\mwstroud-mwstr-6aea1cf3.log,train_log,371500,492126,3774440000,3.77444,4.5313,,5.12249e-05,92491.0
E:\CODEXRESEARCH\house_compute_hub\runs\20260615-141307-266267\mwstroud-mwstr-6aea1cf3.log,train_log,372000,492126,3779520000,3.77952,4.0462,,5.09009e-05,92492.0
E:\CODEXRESEARCH\house_compute_hub\runs\20260615-141307-266267\mwstroud-mwstr-6aea1cf3.log,train_log,372500,492126,3784600000,3.7846,4.1224,,5.05779e-05,92488.0
E:\CODEXRESEARCH\house_compute_hub\runs\20260615-141307-266267\mwstroud-mwstr-6aea1cf3.log,train_log,373000,492126,3789680000,3.78968,3.8625,,5.0256e-05,92489.0
E:\CODEXRESEARCH\house_compute_hub\runs\20260615-141307-266267\mwstroud-mwstr-6aea1cf3.log,train_log,373500,492126,3794760000,3.79476,4.3607,,4.99352e-05,92485.0
E:\CODEXRESEARCH\house_compute_hub\runs\20260615-141307-266267\mwstroud-mwstr-6aea1cf3.log,train_log,374000,492126,3799840000,3.79984,4.2497,,4.96155e-05,92485.0
E:\CODEXRESEARCH\house_compute_hub\runs\20260615-141307-266267\mwstroud-mwstr-6aea1cf3.log,train_log,374500,492126,3804920000,3.80492,4.0126,,4.92969e-05,92482.0
E:\CODEXRESEARCH\house_compute_hub\runs\20260615-141307-266267\mwstroud-mwstr-6aea1cf3.log,eval_log,375000,492126,3810000000,3.81,4.0355,4.0937,,
E:\CODEXRESEARCH\house_compute_hub\runs\20260615-141307-266267\mwstroud-mwstr-6aea1cf3.log,train_log,375000,492126,3810000000,3.81,4.0355,,4.89793e-05,92482.0
E:\CODEXRESEARCH\house_compute_hub\runs\20260615-141307-266267\mwstroud-mwstr-6aea1cf3.log,train_log,375500,492126,3815080000,3.81508,4.1217,,4.86628e-05,92479.0
E:\CODEXRESEARCH\house_compute_hub\runs\20260615-141307-266267\mwstroud-mwstr-6aea1cf3.log,train_log,376000,492126,3820160000,3.82016,4.3888,,4.83474e-05,92479.0
E:\CODEXRESEARCH\house_compute_hub\runs\20260615-141307-266267\mwstroud-mwstr-6aea1cf3.log,train_log,376500,492126,3825240000,3.82524,3.9423,,4.80332e-05,92475.0
E:\CODEXRESEARCH\house_compute_hub\runs\20260615-141307-266267\mwstroud-mwstr-6aea1cf3.log,train_log,377000,492126,3830320000,3.83032,3.9038,,4.772e-05,92476.0
E:\CODEXRESEARCH\house_compute_hub\runs\20260615-141307-266267\mwstroud-mwstr-6aea1cf3.log,train_log,377500,492126,3835400000,3.8354,4.3317,,4.74079e-05,92472.0
E:\CODEXRESEARCH\house_compute_hub\runs\20260615-141307-266267\mwstroud-mwstr-6aea1cf3.log,train_log,378000,492126,3840480000,3.84048,4.4996,,4.70969e-05,92473.0
E:\CODEXRESEARCH\house_compute_hub\runs\20260615-141307-266267\mwstroud-mwstr-6aea1cf3.log,train_log,378500,492126,3845560000,3.84556,4.1691,,4.6787e-05,92470.0
E:\CODEXRESEARCH\house_compute_hub\runs\20260615-141307-266267\mwstroud-mwstr-6aea1cf3.log,train_log,379000,492126,3850640000,3.85064,4.0921,,4.64783e-05,92470.0
E:\CODEXRESEARCH\house_compute_hub\runs\20260615-141307-266267\mwstroud-mwstr-6aea1cf3.log,train_log,379500,492126,3855720000,3.85572,4.0851,,4.61706e-05,92467.0
E:\CODEXRESEARCH\house_compute_hub\runs\20260615-141307-266267\mwstroud-mwstr-6aea1cf3.log,eval_log,380000,492126,3860800000,3.8608,3.9406,4.0939,,
E:\CODEXRESEARCH\house_compute_hub\runs\20260615-141307-266267\mwstroud-mwstr-6aea1cf3.log,train_log,380000,492126,3860800000,3.8608,3.9406,,4.58641e-05,92468.0
E:\CODEXRESEARCH\house_compute_hub\runs\20260615-141307-266267\mwstroud-mwstr-6aea1cf3.log,train_log,380500,492126,3865880000,3.86588,3.8574,,4.55587e-05,92464.0
E:\CODEXRESEARCH\house_compute_hub\runs\20260615-141307-266267\mwstroud-mwstr-6aea1cf3.log,train_log,381000,492126,3870960000,3.87096,4.1043,,4.52544e-05,92464.0
E:\CODEXRESEARCH\house_compute_hub\runs\20260615-141307-266267\mwstroud-mwstr-6aea1cf3.log,train_log,381500,492126,3876040000,3.87604,3.7674,,4.49513e-05,92461.0
E:\CODEXRESEARCH\house_compute_hub\runs\20260615-141307-266267\mwstroud-mwstr-6aea1cf3.log,train_log,382000,492126,3881120000,3.88112,4.3681,,4.46492e-05,92461.0
E:\CODEXRESEARCH\house_compute_hub\runs\20260615-141307-266267\mwstroud-mwstr-6aea1cf3.log,train_log,382500,492126,3886200000,3.8862,4.4954,,4.43483e-05,92458.0
E:\CODEXRESEARCH\house_compute_hub\runs\20260615-141307-266267\mwstroud-mwstr-6aea1cf3.log,train_log,383000,492126,3891280000,3.89128,3.7994,,4.40486e-05,92458.0
E:\CODEXRESEARCH\house_compute_hub\runs\20260615-141307-266267\mwstroud-mwstr-6aea1cf3.log,train_log,383500,492126,3896360000,3.89636,3.8971,,4.375e-05,92455.0
E:\CODEXRESEARCH\house_compute_hub\runs\20260615-141307-266267\mwstroud-mwstr-6aea1cf3.log,train_log,384000,492126,3901440000,3.90144,4.3392,,4.34525e-05,92456.0
E:\CODEXRESEARCH\house_compute_hub\runs\20260615-141307-266267\mwstroud-mwstr-6aea1cf3.log,train_log,384500,492126,3906520000,3.90652,4.0024,,4.31562e-05,92452.0
E:\CODEXRESEARCH\house_compute_hub\runs\20260615-141307-266267\mwstroud-mwstr-6aea1cf3.log,eval_log,385000,492126,3911600000,3.9116,3.7583,4.0916,,
E:\CODEXRESEARCH\house_compute_hub\runs\20260615-141307-266267\mwstroud-mwstr-6aea1cf3.log,train_log,385000,492126,3911600000,3.9116,3.7583,,4.2861e-05,92453.0
E:\CODEXRESEARCH\house_compute_hub\runs\20260615-141307-266267\mwstroud-mwstr-6aea1cf3.log,train_log,385500,492126,3916680000,3.91668,4.2552,,4.2567e-05,92449.0
E:\CODEXRESEARCH\house_compute_hub\runs\20260615-141307-266267\mwstroud-mwstr-6aea1cf3.log,train_log,386000,492126,3921760000,3.92176,3.9199,,4.22741e-05,92450.0
E:\CODEXRESEARCH\house_compute_hub\runs\20260615-141307-266267\mwstroud-mwstr-6aea1cf3.log,train_log,386500,492126,3926840000,3.92684,3.9344,,4.19824e-05,92446.0
E:\CODEXRESEARCH\house_compute_hub\runs\20260615-141307-266267\mwstroud-mwstr-6aea1cf3.log,train_log,387000,492126,3931920000,3.93192,3.8835,,4.16918e-05,92447.0
E:\CODEXRESEARCH\house_compute_hub\runs\20260615-141307-266267\mwstroud-mwstr-6aea1cf3.log,train_log,387500,492126,3937000000,3.937,4.0541,,4.14024e-05,92443.0
E:\CODEXRESEARCH\house_compute_hub\runs\20260615-141307-266267\mwstroud-mwstr-6aea1cf3.log,train_log,388000,492126,3942080000,3.94208,4.0829,,4.11142e-05,92444.0
E:\CODEXRESEARCH\house_compute_hub\runs\20260615-141307-266267\mwstroud-mwstr-6aea1cf3.log,train_log,388500,492126,3947160000,3.94716,4.0421,,4.08272e-05,92440.0
E:\CODEXRESEARCH\house_compute_hub\runs\20260615-141307-266267\mwstroud-mwstr-6aea1cf3.log,train_log,389000,492126,3952240000,3.95224,3.9807,,4.05413e-05,92441.0
E:\CODEXRESEARCH\house_compute_hub\runs\20260615-141307-266267\mwstroud-mwstr-6aea1cf3.log,train_log,389500,492126,3957320000,3.95732,4.1703,,4.02566e-05,92437.0
E:\CODEXRESEARCH\house_compute_hub\runs\20260615-141307-266267\mwstroud-mwstr-6aea1cf3.log,eval_log,390000,492126,3962400000,3.9624,3.8756,4.092,,
E:\CODEXRESEARCH\house_compute_hub\runs\20260615-141307-266267\mwstroud-mwstr-6aea1cf3.log,train_log,390000,492126,3962400000,3.9624,3.8756,,3.99731e-05,92438.0
E:\CODEXRESEARCH\house_compute_hub\runs\20260615-141307-266267\mwstroud-mwstr-6aea1cf3.log,train_log,390500,492126,3967480000,3.96748,3.8504,,3.96907e-05,92434.0
E:\CODEXRESEARCH\house_compute_hub\runs\20260615-141307-266267\mwstroud-mwstr-6aea1cf3.log,train_log,391000,492126,3972560000,3.97256,4.3485,,3.94096e-05,92435.0
E:\CODEXRESEARCH\house_compute_hub\runs\20260615-141307-266267\mwstroud-mwstr-6aea1cf3.log,train_log,391500,492126,3977640000,3.97764,4.1488,,3.91296e-05,92432.0
E:\CODEXRESEARCH\house_compute_hub\runs\20260615-141307-266267\mwstroud-mwstr-6aea1cf3.log,train_log,392000,492126,3982720000,3.98272,4.0233,,3.88508e-05,92432.0
E:\CODEXRESEARCH\house_compute_hub\runs\20260615-141307-266267\mwstroud-mwstr-6aea1cf3.log,train_log,392500,492126,3987800000,3.9878,3.9979,,3.85732e-05,92429.0
E:\CODEXRESEARCH\house_compute_hub\runs\20260615-141307-266267\mwstroud-mwstr-6aea1cf3.log,train_log,393000,492126,3992880000,3.99288,3.8292,,3.82968e-05,92430.0
E:\CODEXRESEARCH\house_compute_hub\runs\20260615-141307-266267\mwstroud-mwstr-6aea1cf3.log,train_log,393500,492126,3997960000,3.99796,3.8409,,3.80216e-05,92427.0
E:\CODEXRESEARCH\house_compute_hub\runs\20260615-141307-266267\mwstroud-mwstr-6aea1cf3.log,train_log,394000,492126,4003040000,4.00304,4.1559,,3.77476e-05,92427.0
E:\CODEXRESEARCH\house_compute_hub\runs\20260615-141307-266267\mwstroud-mwstr-6aea1cf3.log,train_log,394500,492126,4008120000,4.00812,4.0563,,3.74748e-05,92423.0
E:\CODEXRESEARCH\house_compute_hub\runs\20260615-141307-266267\mwstroud-mwstr-6aea1cf3.log,eval_log,395000,492126,4013200000,4.0132,3.966,4.0899,,
E:\CODEXRESEARCH\house_compute_hub\runs\20260615-141307-266267\mwstroud-mwstr-6aea1cf3.log,train_log,395000,492126,4013200000,4.0132,3.966,,3.72033e-05,92424.0
E:\CODEXRESEARCH\house_compute_hub\runs\20260615-141307-266267\mwstroud-mwstr-6aea1cf3.log,train_log,395500,492126,4018280000,4.01828,4.7384,,3.69329e-05,92420.0
